google/gemma-2-2b-it,37,4
google/gemma-2-2b-it,37,4
google/gemma-2-2b-it,37,4
google/gemma-2-2b-it,38,4
google/gemma-2-2b-it,37,4
google/gemma-2-2b-it,38,4
google/gemma-2-2b-it,38,4
google/gemma-2-2b-it,38,4
google/gemma-2-2b-it,38,4
google/gemma-2-2b-it,38,4
google/gemma-2-2b-it,38,4
google/gemma-2-2b-it,37,4
google/gemma-2-2b-it,38,4
google/gemma-2-2b-it,37,4
google/gemma-2-2b-it,37,4
google/gemma-2-2b-it,37,4
google/gemma-2-2b-it,37,4
google/gemma-2-2b-it,37,4
google/gemma-2-2b-it,37,4
google/gemma-2-2b-it,37,4
google/gemma-2-2b-it,37,4
google/gemma-2-2b-it,37,4
google/gemma-2-2b-it,37,4
google/gemma-2-2b-it,37,4
google/gemma-2-2b-it,38,4
google/gemma-2-2b-it,38,4
google/gemma-2-2b-it,38,4
google/gemma-2-2b-it,35,4
google/gemma-2-2b-it,38,4
google/gemma-2-2b-it,35,4
google/gemma-2-2b-it,35,4
google/gemma-2-2b-it,35,4
google/gemma-2-2b-it,36,4
google/gemma-2-2b-it,36,4
google/gemma-2-2b-it,36,4
google/gemma-2-2b-it,36,4
google/gemma-2-2b-it,36,4
google/gemma-2-2b-it,36,4
google/gemma-2-2b-it,36,4
google/gemma-2-2b-it,36,4
google/gemma-2-2b-it,35,4
google/gemma-2-2b-it,35,4
google/gemma-2-2b-it,35,4
google/gemma-2-2b-it,35,4
google/gemma-2-2b-it,35,4
google/gemma-2-2b-it,35,4
google/gemma-2-2b-it,35,4
google/gemma-2-2b-it,35,4
google/gemma-2-2b-it,32,4
google/gemma-2-2b-it,32,4
google/gemma-2-2b-it,32,4
google/gemma-2-2b-it,32,4
google/gemma-2-2b-it,33,4
google/gemma-2-2b-it,33,4
google/gemma-2-2b-it,35,13
google/gemma-2-2b-it,33,4
google/gemma-2-2b-it,35,13
google/gemma-2-2b-it,33,4
google/gemma-2-2b-it,33,4
google/gemma-2-2b-it,33,4
google/gemma-2-2b-it,33,4
google/gemma-2-2b-it,33,4
google/gemma-2-2b-it,32,4
google/gemma-2-2b-it,32,4
google/gemma-2-2b-it,32,4
google/gemma-2-2b-it,32,4
google/gemma-2-2b-it,32,4
google/gemma-2-2b-it,32,4
google/gemma-2-2b-it,32,4
google/gemma-2-2b-it,32,4
google/gemma-2-2b-it,32,4
google/gemma-2-2b-it,32,4
google/gemma-2-2b-it,32,4
google/gemma-2-2b-it,32,4
google/gemma-2-2b-it,33,4
google/gemma-2-2b-it,36,21
google/gemma-2-2b-it,33,4
google/gemma-2-2b-it,33,4
google/gemma-2-2b-it,33,4
google/gemma-2-2b-it,36,25
google/gemma-2-2b-it,33,4
google/gemma-2-2b-it,33,4
google/gemma-2-2b-it,33,4
google/gemma-2-2b-it,33,4
google/gemma-2-2b-it,36,30
google/gemma-2-2b-it,33,4
google/gemma-2-2b-it,33,4
google/gemma-2-2b-it,33,4
google/gemma-2-2b-it,32,4
google/gemma-2-2b-it,32,4
google/gemma-2-2b-it,32,4
google/gemma-2-2b-it,32,4
google/gemma-2-2b-it,33,16
google/gemma-2-2b-it,36,39
google/gemma-2-2b-it,32,19
google/gemma-2-2b-it,32,21
google/gemma-2-2b-it,30,4
google/gemma-2-2b-it,30,4
google/gemma-2-2b-it,30,4
google/gemma-2-2b-it,32,24
google/gemma-2-2b-it,31,4
google/gemma-2-2b-it,30,4
google/gemma-2-2b-it,31,4
google/gemma-2-2b-it,31,4
google/gemma-2-2b-it,31,4
google/gemma-2-2b-it,33,11
google/gemma-2-2b-it,32,18
google/gemma-2-2b-it,30,4
google/gemma-2-2b-it,30,4
google/gemma-2-2b-it,30,4
google/gemma-2-2b-it,32,30
google/gemma-2-2b-it,32,13
google/gemma-2-2b-it,30,4
google/gemma-2-2b-it,31,4
google/gemma-2-2b-it,31,4
google/gemma-2-2b-it,31,4
google/gemma-2-2b-it,32,25
google/gemma-2-2b-it,31,4
google/gemma-2-2b-it,32,17
google/gemma-2-2b-it,30,4
google/gemma-2-2b-it,30,4
google/gemma-2-2b-it,30,4
google/gemma-2-2b-it,30,4
google/gemma-2-2b-it,32,26
google/gemma-2-2b-it,31,4
google/gemma-2-2b-it,31,4
google/gemma-2-2b-it,32,22
google/gemma-2-2b-it,31,4
google/gemma-2-2b-it,31,4
google/gemma-2-2b-it,30,4
google/gemma-2-2b-it,30,4
google/gemma-2-2b-it,30,4
google/gemma-2-2b-it,30,4
google/gemma-2-2b-it,33,23
google/gemma-2-2b-it,38,4
google/gemma-2-2b-it,38,4
google/gemma-2-2b-it,38,4
google/gemma-2-2b-it,33,24
google/gemma-2-2b-it,32,28
google/gemma-2-2b-it,33,25
google/gemma-2-2b-it,38,4
google/gemma-2-2b-it,38,4
google/gemma-2-2b-it,38,4
google/gemma-2-2b-it,38,4
google/gemma-2-2b-it,38,4
google/gemma-2-2b-it,38,4
google/gemma-2-2b-it,38,4
google/gemma-2-2b-it,38,4
google/gemma-2-2b-it,38,4
google/gemma-2-2b-it,38,4
google/gemma-2-2b-it,38,4
google/gemma-2-2b-it,38,4
google/gemma-2-2b-it,38,4
google/gemma-2-2b-it,37,4
google/gemma-2-2b-it,37,4
google/gemma-2-2b-it,38,4
google/gemma-2-2b-it,38,4
google/gemma-2-2b-it,31,4
google/gemma-2-2b-it,31,4
google/gemma-2-2b-it,31,4
google/gemma-2-2b-it,31,4
google/gemma-2-2b-it,32,4
google/gemma-2-2b-it,32,4
google/gemma-2-2b-it,32,4
google/gemma-2-2b-it,32,4
google/gemma-2-2b-it,31,4
google/gemma-2-2b-it,31,4
google/gemma-2-2b-it,31,4
google/gemma-2-2b-it,32,4
google/gemma-2-2b-it,31,4
google/gemma-2-2b-it,32,4
google/gemma-2-2b-it,32,4
google/gemma-2-2b-it,39,17
google/gemma-2-2b-it,32,4
google/gemma-2-2b-it,31,4
google/gemma-2-2b-it,31,4
google/gemma-2-2b-it,31,4
google/gemma-2-2b-it,31,4
google/gemma-2-2b-it,32,4
google/gemma-2-2b-it,32,4
google/gemma-2-2b-it,32,4
google/gemma-2-2b-it,32,4
google/gemma-2-2b-it,31,4
google/gemma-2-2b-it,31,4
google/gemma-2-2b-it,39,23
google/gemma-2-2b-it,31,4
google/gemma-2-2b-it,31,4
google/gemma-2-2b-it,29,4
google/gemma-2-2b-it,29,5
google/gemma-2-2b-it,29,4
google/gemma-2-2b-it,35,98
google/gemma-2-2b-it,29,4
google/gemma-2-2b-it,39,28
google/gemma-2-2b-it,29,4
google/gemma-2-2b-it,29,4
google/gemma-2-2b-it,38,30
google/gemma-2-2b-it,29,4
google/gemma-2-2b-it,35,104
google/gemma-2-2b-it,29,4
google/gemma-2-2b-it,30,16
google/gemma-2-2b-it,30,16
google/gemma-2-2b-it,30,13
google/gemma-2-2b-it,30,12
google/gemma-2-2b-it,38,4
google/gemma-2-2b-it,30,18
google/gemma-2-2b-it,39,4
google/gemma-2-2b-it,39,4
google/gemma-2-2b-it,39,4
google/gemma-2-2b-it,39,4
google/gemma-2-2b-it,39,4
google/gemma-2-2b-it,39,4
google/gemma-2-2b-it,39,4
google/gemma-2-2b-it,38,4
google/gemma-2-2b-it,38,4
google/gemma-2-2b-it,38,4
google/gemma-2-2b-it,31,17
google/gemma-2-2b-it,38,4
google/gemma-2-2b-it,38,4
google/gemma-2-2b-it,38,4
google/gemma-2-2b-it,38,4
google/gemma-2-2b-it,38,4
google/gemma-2-2b-it,38,4
google/gemma-2-2b-it,38,4
google/gemma-2-2b-it,40,4
google/gemma-2-2b-it,40,4
google/gemma-2-2b-it,40,4
google/gemma-2-2b-it,40,4
google/gemma-2-2b-it,31,26
google/gemma-2-2b-it,30,39
google/gemma-2-2b-it,37,4
google/gemma-2-2b-it,30,26
google/gemma-2-2b-it,37,4
google/gemma-2-2b-it,37,4
google/gemma-2-2b-it,37,4
google/gemma-2-2b-it,37,4
google/gemma-2-2b-it,37,4
google/gemma-2-2b-it,37,4
google/gemma-2-2b-it,36,4
google/gemma-2-2b-it,36,6
google/gemma-2-2b-it,36,4
google/gemma-2-2b-it,36,4
google/gemma-2-2b-it,36,4
google/gemma-2-2b-it,36,4
google/gemma-2-2b-it,36,4
google/gemma-2-2b-it,36,4
google/gemma-2-2b-it,33,4
google/gemma-2-2b-it,33,4
google/gemma-2-2b-it,33,4
google/gemma-2-2b-it,37,81
google/gemma-2-2b-it,33,4
google/gemma-2-2b-it,34,4
google/gemma-2-2b-it,34,4
google/gemma-2-2b-it,34,4
google/gemma-2-2b-it,38,42
google/gemma-2-2b-it,34,4
google/gemma-2-2b-it,34,4
google/gemma-2-2b-it,34,4
google/gemma-2-2b-it,38,44
google/gemma-2-2b-it,34,4
google/gemma-2-2b-it,32,127
google/gemma-2-2b-it,33,4
google/gemma-2-2b-it,34,4
google/gemma-2-2b-it,33,4
google/gemma-2-2b-it,33,4
google/gemma-2-2b-it,33,4
google/gemma-2-2b-it,36,17
google/gemma-2-2b-it,33,4
google/gemma-2-2b-it,33,4
google/gemma-2-2b-it,33,4
google/gemma-2-2b-it,33,4
google/gemma-2-2b-it,33,4
google/gemma-2-2b-it,36,21
google/gemma-2-2b-it,33,4
google/gemma-2-2b-it,33,4
google/gemma-2-2b-it,33,4
google/gemma-2-2b-it,35,4
google/gemma-2-2b-it,35,4
google/gemma-2-2b-it,35,4
google/gemma-2-2b-it,30,64
google/gemma-2-2b-it,35,4
google/gemma-2-2b-it,36,24
google/gemma-2-2b-it,39,95
google/gemma-2-2b-it,39,51
google/gemma-2-2b-it,38,44
google/gemma-2-2b-it,38,58
google/gemma-2-2b-it,38,48
google/gemma-2-2b-it,33,4
google/gemma-2-2b-it,33,16
google/gemma-2-2b-it,38,105
google/gemma-2-2b-it,30,83
google/gemma-2-2b-it,29,4
google/gemma-2-2b-it,29,4
google/gemma-2-2b-it,29,4
google/gemma-2-2b-it,29,4
google/gemma-2-2b-it,36,45
google/gemma-2-2b-it,30,4
google/gemma-2-2b-it,30,4
google/gemma-2-2b-it,30,4
google/gemma-2-2b-it,30,4
google/gemma-2-2b-it,29,4
google/gemma-2-2b-it,33,17
google/gemma-2-2b-it,33,14
google/gemma-2-2b-it,29,4
google/gemma-2-2b-it,29,4
google/gemma-2-2b-it,33,29
google/gemma-2-2b-it,29,4
google/gemma-2-2b-it,30,4
google/gemma-2-2b-it,30,4
google/gemma-2-2b-it,30,4
google/gemma-2-2b-it,33,30
google/gemma-2-2b-it,30,4
google/gemma-2-2b-it,35,17
google/gemma-2-2b-it,35,16
google/gemma-2-2b-it,29,4
google/gemma-2-2b-it,35,16
google/gemma-2-2b-it,33,18
google/gemma-2-2b-it,29,4
google/gemma-2-2b-it,35,16
google/gemma-2-2b-it,29,4
google/gemma-2-2b-it,31,4
google/gemma-2-2b-it,33,20
google/gemma-2-2b-it,36,68
google/gemma-2-2b-it,31,4
google/gemma-2-2b-it,31,4
google/gemma-2-2b-it,33,27
google/gemma-2-2b-it,31,4
google/gemma-2-2b-it,29,4
google/gemma-2-2b-it,29,4
google/gemma-2-2b-it,29,4
google/gemma-2-2b-it,29,4
google/gemma-2-2b-it,37,4
google/gemma-2-2b-it,37,4
google/gemma-2-2b-it,37,4
google/gemma-2-2b-it,37,4
google/gemma-2-2b-it,37,5
google/gemma-2-2b-it,29,102
google/gemma-2-2b-it,37,4
google/gemma-2-2b-it,37,4
google/gemma-2-2b-it,37,137
google/gemma-2-2b-it,37,4
google/gemma-2-2b-it,37,4
google/gemma-2-2b-it,37,4
google/gemma-2-2b-it,37,4
google/gemma-2-2b-it,37,4
google/gemma-2-2b-it,37,4
google/gemma-2-2b-it,37,4
google/gemma-2-2b-it,37,4
google/gemma-2-2b-it,37,4
google/gemma-2-2b-it,29,109
google/gemma-2-2b-it,29,114
google/gemma-2-2b-it,30,4
google/gemma-2-2b-it,30,4
google/gemma-2-2b-it,30,4
google/gemma-2-2b-it,30,4
google/gemma-2-2b-it,31,4
google/gemma-2-2b-it,31,4
google/gemma-2-2b-it,31,4
google/gemma-2-2b-it,31,4
google/gemma-2-2b-it,30,4
google/gemma-2-2b-it,30,115
google/gemma-2-2b-it,29,34
google/gemma-2-2b-it,30,4
google/gemma-2-2b-it,30,4
google/gemma-2-2b-it,30,4
google/gemma-2-2b-it,31,4
google/gemma-2-2b-it,31,4
google/gemma-2-2b-it,36,18
google/gemma-2-2b-it,31,4
google/gemma-2-2b-it,33,58
google/gemma-2-2b-it,30,4
google/gemma-2-2b-it,31,4
google/gemma-2-2b-it,29,126
google/gemma-2-2b-it,30,4
google/gemma-2-2b-it,32,4
google/gemma-2-2b-it,36,23
google/gemma-2-2b-it,30,4
google/gemma-2-2b-it,30,4
google/gemma-2-2b-it,32,4
google/gemma-2-2b-it,32,4
google/gemma-2-2b-it,32,4
google/gemma-2-2b-it,30,4
google/gemma-2-2b-it,30,4
google/gemma-2-2b-it,30,4
google/gemma-2-2b-it,30,4
google/gemma-2-2b-it,37,24
google/gemma-2-2b-it,29,4
google/gemma-2-2b-it,29,4
google/gemma-2-2b-it,29,4
google/gemma-2-2b-it,29,4
google/gemma-2-2b-it,29,4
google/gemma-2-2b-it,37,34
google/gemma-2-2b-it,30,142
google/gemma-2-2b-it,38,107
google/gemma-2-2b-it,30,143
google/gemma-2-2b-it,37,4
google/gemma-2-2b-it,37,4
google/gemma-2-2b-it,38,111
google/gemma-2-2b-it,31,150
google/gemma-2-2b-it,29,15
google/gemma-2-2b-it,37,4
google/gemma-2-2b-it,31,150
google/gemma-2-2b-it,37,4
google/gemma-2-2b-it,38,4
google/gemma-2-2b-it,33,93
google/gemma-2-2b-it,38,4
google/gemma-2-2b-it,38,4
google/gemma-2-2b-it,38,4
google/gemma-2-2b-it,38,4
google/gemma-2-2b-it,38,4
google/gemma-2-2b-it,38,4
google/gemma-2-2b-it,28,18
google/gemma-2-2b-it,38,4
google/gemma-2-2b-it,37,4
google/gemma-2-2b-it,37,4
google/gemma-2-2b-it,38,119
google/gemma-2-2b-it,37,4
google/gemma-2-2b-it,37,4
google/gemma-2-2b-it,37,4
google/gemma-2-2b-it,37,4
google/gemma-2-2b-it,37,4
google/gemma-2-2b-it,37,4
google/gemma-2-2b-it,37,4
google/gemma-2-2b-it,28,24
google/gemma-2-2b-it,37,4
google/gemma-2-2b-it,37,4
google/gemma-2-2b-it,37,4
google/gemma-2-2b-it,38,4
google/gemma-2-2b-it,36,140
google/gemma-2-2b-it,38,4
google/gemma-2-2b-it,38,4
google/gemma-2-2b-it,38,129
google/gemma-2-2b-it,35,4
google/gemma-2-2b-it,38,4
google/gemma-2-2b-it,35,4
google/gemma-2-2b-it,35,4
google/gemma-2-2b-it,35,4
google/gemma-2-2b-it,36,4
google/gemma-2-2b-it,36,4
google/gemma-2-2b-it,36,4
google/gemma-2-2b-it,36,4
google/gemma-2-2b-it,36,4
google/gemma-2-2b-it,36,4
google/gemma-2-2b-it,36,4
google/gemma-2-2b-it,36,150
google/gemma-2-2b-it,36,150
google/gemma-2-2b-it,36,4
google/gemma-2-2b-it,35,4
google/gemma-2-2b-it,35,4
google/gemma-2-2b-it,35,4
google/gemma-2-2b-it,35,4
google/gemma-2-2b-it,37,150
google/gemma-2-2b-it,35,4
google/gemma-2-2b-it,29,33
google/gemma-2-2b-it,35,4
google/gemma-2-2b-it,35,4
google/gemma-2-2b-it,35,4
google/gemma-2-2b-it,36,4
google/gemma-2-2b-it,36,4
google/gemma-2-2b-it,36,4
google/gemma-2-2b-it,32,4
google/gemma-2-2b-it,36,4
google/gemma-2-2b-it,32,4
google/gemma-2-2b-it,32,4
google/gemma-2-2b-it,32,4
google/gemma-2-2b-it,34,123
google/gemma-2-2b-it,33,4
google/gemma-2-2b-it,33,4
google/gemma-2-2b-it,33,4
google/gemma-2-2b-it,33,4
google/gemma-2-2b-it,34,126
google/gemma-2-2b-it,33,4
google/gemma-2-2b-it,33,4
google/gemma-2-2b-it,33,4
google/gemma-2-2b-it,35,14
google/gemma-2-2b-it,35,16
google/gemma-2-2b-it,33,4
google/gemma-2-2b-it,32,4
google/gemma-2-2b-it,37,84
google/gemma-2-2b-it,32,4
google/gemma-2-2b-it,32,4
google/gemma-2-2b-it,35,18
google/gemma-2-2b-it,35,17
google/gemma-2-2b-it,32,4
google/gemma-2-2b-it,32,4
google/gemma-2-2b-it,32,4
google/gemma-2-2b-it,32,4
google/gemma-2-2b-it,32,4
google/gemma-2-2b-it,32,4
google/gemma-2-2b-it,32,4
google/gemma-2-2b-it,32,4
google/gemma-2-2b-it,32,4
google/gemma-2-2b-it,33,4
google/gemma-2-2b-it,33,4
google/gemma-2-2b-it,33,4
google/gemma-2-2b-it,33,4
google/gemma-2-2b-it,33,4
google/gemma-2-2b-it,33,137
google/gemma-2-2b-it,33,4
google/gemma-2-2b-it,33,4
google/gemma-2-2b-it,33,4
google/gemma-2-2b-it,34,145
google/gemma-2-2b-it,34,150
google/gemma-2-2b-it,33,4
google/gemma-2-2b-it,33,4
google/gemma-2-2b-it,34,150
google/gemma-2-2b-it,34,150
google/gemma-2-2b-it,33,4
google/gemma-2-2b-it,39,105
google/gemma-2-2b-it,33,4
google/gemma-2-2b-it,32,14
google/gemma-2-2b-it,34,150
google/gemma-2-2b-it,34,150
google/gemma-2-2b-it,39,109
google/gemma-2-2b-it,33,150
google/gemma-2-2b-it,32,15
google/gemma-2-2b-it,33,150
google/gemma-2-2b-it,33,150
google/gemma-2-2b-it,33,150
google/gemma-2-2b-it,28,4
google/gemma-2-2b-it,28,4
google/gemma-2-2b-it,28,4
google/gemma-2-2b-it,28,4
google/gemma-2-2b-it,32,25
google/gemma-2-2b-it,29,4
google/gemma-2-2b-it,29,4
google/gemma-2-2b-it,29,4
google/gemma-2-2b-it,29,4
google/gemma-2-2b-it,32,15
google/gemma-2-2b-it,32,11
google/gemma-2-2b-it,32,16
google/gemma-2-2b-it,28,4
google/gemma-2-2b-it,32,27
google/gemma-2-2b-it,32,16
google/gemma-2-2b-it,28,4
google/gemma-2-2b-it,28,4
google/gemma-2-2b-it,29,92
google/gemma-2-2b-it,28,92
google/gemma-2-2b-it,28,4
google/gemma-2-2b-it,29,4
google/gemma-2-2b-it,32,20
google/gemma-2-2b-it,29,4
google/gemma-2-2b-it,28,4
google/gemma-2-2b-it,29,4
google/gemma-2-2b-it,32,17
google/gemma-2-2b-it,29,4
google/gemma-2-2b-it,28,4
google/gemma-2-2b-it,28,4
google/gemma-2-2b-it,28,4
google/gemma-2-2b-it,29,4
google/gemma-2-2b-it,29,4
google/gemma-2-2b-it,29,4
google/gemma-2-2b-it,32,27
google/gemma-2-2b-it,32,28
google/gemma-2-2b-it,29,4
google/gemma-2-2b-it,32,29
google/gemma-2-2b-it,32,24
google/gemma-2-2b-it,28,4
google/gemma-2-2b-it,28,4
google/gemma-2-2b-it,28,4
google/gemma-2-2b-it,28,4
google/gemma-2-2b-it,36,4
google/gemma-2-2b-it,36,4
google/gemma-2-2b-it,36,5
google/gemma-2-2b-it,32,27
google/gemma-2-2b-it,36,4
google/gemma-2-2b-it,36,4
google/gemma-2-2b-it,36,4
google/gemma-2-2b-it,36,4
google/gemma-2-2b-it,36,4
google/gemma-2-2b-it,36,4
google/gemma-2-2b-it,36,4
google/gemma-2-2b-it,36,4
google/gemma-2-2b-it,36,4
google/gemma-2-2b-it,36,4
google/gemma-2-2b-it,36,4
google/gemma-2-2b-it,36,4
google/gemma-2-2b-it,36,4
google/gemma-2-2b-it,28,111
google/gemma-2-2b-it,35,4
google/gemma-2-2b-it,35,4
google/gemma-2-2b-it,35,4
google/gemma-2-2b-it,36,150
google/gemma-2-2b-it,36,150
google/gemma-2-2b-it,39,150
google/gemma-2-2b-it,39,150
google/gemma-2-2b-it,37,150
google/gemma-2-2b-it,29,4
google/gemma-2-2b-it,28,131
google/gemma-2-2b-it,29,5
google/gemma-2-2b-it,30,4
google/gemma-2-2b-it,29,4
google/gemma-2-2b-it,29,5
google/gemma-2-2b-it,30,4
google/gemma-2-2b-it,30,4
google/gemma-2-2b-it,30,4
google/gemma-2-2b-it,29,4
google/gemma-2-2b-it,29,4
google/gemma-2-2b-it,35,18
google/gemma-2-2b-it,29,4
google/gemma-2-2b-it,29,4
google/gemma-2-2b-it,31,125
google/gemma-2-2b-it,30,4
google/gemma-2-2b-it,30,4
google/gemma-2-2b-it,36,16
google/gemma-2-2b-it,29,4
google/gemma-2-2b-it,29,4
google/gemma-2-2b-it,28,135
google/gemma-2-2b-it,30,6
google/gemma-2-2b-it,30,6
google/gemma-2-2b-it,29,4
google/gemma-2-2b-it,36,17
google/gemma-2-2b-it,29,4
google/gemma-2-2b-it,28,142
google/gemma-2-2b-it,30,4
google/gemma-2-2b-it,36,17
google/gemma-2-2b-it,30,4
google/gemma-2-2b-it,30,4
google/gemma-2-2b-it,29,4
google/gemma-2-2b-it,29,4
google/gemma-2-2b-it,30,5
google/gemma-2-2b-it,29,4
google/gemma-2-2b-it,29,4
google/gemma-2-2b-it,28,4
google/gemma-2-2b-it,28,4
google/gemma-2-2b-it,28,4
google/gemma-2-2b-it,28,150
google/gemma-2-2b-it,28,5
google/gemma-2-2b-it,28,4
google/gemma-2-2b-it,28,4
google/gemma-2-2b-it,28,4
google/gemma-2-2b-it,28,150
google/gemma-2-2b-it,28,4
google/gemma-2-2b-it,28,4
google/gemma-2-2b-it,28,4
google/gemma-2-2b-it,28,4
google/gemma-2-2b-it,28,150
google/gemma-2-2b-it,28,4
google/gemma-2-2b-it,28,150
google/gemma-2-2b-it,28,150
google/gemma-2-2b-it,29,142
google/gemma-2-2b-it,29,142
google/gemma-2-2b-it,29,150
google/gemma-2-2b-it,33,71
google/gemma-2-2b-it,31,150
google/gemma-2-2b-it,31,150
google/gemma-2-2b-it,29,150
google/gemma-2-2b-it,33,75
google/gemma-2-2b-it,31,150
google/gemma-2-2b-it,37,4
google/gemma-2-2b-it,37,4
google/gemma-2-2b-it,37,4
google/gemma-2-2b-it,37,4
google/gemma-2-2b-it,38,4
google/gemma-2-2b-it,28,15
google/gemma-2-2b-it,38,4
google/gemma-2-2b-it,38,4
google/gemma-2-2b-it,38,4
google/gemma-2-2b-it,38,4
google/gemma-2-2b-it,38,4
google/gemma-2-2b-it,27,18
google/gemma-2-2b-it,38,4
google/gemma-2-2b-it,38,4
google/gemma-2-2b-it,37,4
google/gemma-2-2b-it,37,4
google/gemma-2-2b-it,33,85
google/gemma-2-2b-it,37,4
google/gemma-2-2b-it,37,4
google/gemma-2-2b-it,37,4
google/gemma-2-2b-it,27,21
google/gemma-2-2b-it,37,4
google/gemma-2-2b-it,27,23
google/gemma-2-2b-it,37,4
google/gemma-2-2b-it,36,55
google/gemma-2-2b-it,37,4
google/gemma-2-2b-it,37,4
google/gemma-2-2b-it,37,4
google/gemma-2-2b-it,37,4
google/gemma-2-2b-it,37,4
google/gemma-2-2b-it,39,4
google/gemma-2-2b-it,39,4
google/gemma-2-2b-it,39,4
google/gemma-2-2b-it,39,4
google/gemma-2-2b-it,35,4
google/gemma-2-2b-it,35,4
google/gemma-2-2b-it,35,4
google/gemma-2-2b-it,35,4
google/gemma-2-2b-it,36,4
google/gemma-2-2b-it,29,30
google/gemma-2-2b-it,36,4
google/gemma-2-2b-it,36,4
google/gemma-2-2b-it,28,30
google/gemma-2-2b-it,36,4
google/gemma-2-2b-it,36,4
google/gemma-2-2b-it,35,4
google/gemma-2-2b-it,35,4
google/gemma-2-2b-it,35,4
google/gemma-2-2b-it,29,32
google/gemma-2-2b-it,35,4
google/gemma-2-2b-it,35,4
google/gemma-2-2b-it,35,4
google/gemma-2-2b-it,32,113
google/gemma-2-2b-it,35,4
google/gemma-2-2b-it,35,4
google/gemma-2-2b-it,37,4
google/gemma-2-2b-it,37,4
google/gemma-2-2b-it,37,4
google/gemma-2-2b-it,37,4
google/gemma-2-2b-it,32,4
google/gemma-2-2b-it,32,4
google/gemma-2-2b-it,32,4
google/gemma-2-2b-it,32,4
google/gemma-2-2b-it,33,4
google/gemma-2-2b-it,33,4
google/gemma-2-2b-it,33,4
google/gemma-2-2b-it,33,120
google/gemma-2-2b-it,33,4
google/gemma-2-2b-it,33,4
google/gemma-2-2b-it,37,89
google/gemma-2-2b-it,33,4
google/gemma-2-2b-it,33,4
google/gemma-2-2b-it,33,4
google/gemma-2-2b-it,32,4
google/gemma-2-2b-it,32,4
google/gemma-2-2b-it,35,17
google/gemma-2-2b-it,32,4
google/gemma-2-2b-it,32,4
google/gemma-2-2b-it,32,4
google/gemma-2-2b-it,32,4
google/gemma-2-2b-it,32,4
google/gemma-2-2b-it,32,4
google/gemma-2-2b-it,32,4
google/gemma-2-2b-it,32,2
google/gemma-2-2b-it,32,4
google/gemma-2-2b-it,32,4
google/gemma-2-2b-it,34,4
google/gemma-2-2b-it,34,4
google/gemma-2-2b-it,34,4
google/gemma-2-2b-it,34,4
google/gemma-2-2b-it,37,101
google/gemma-2-2b-it,33,4
google/gemma-2-2b-it,33,4
google/gemma-2-2b-it,33,4
google/gemma-2-2b-it,33,4
google/gemma-2-2b-it,33,4
google/gemma-2-2b-it,33,4
google/gemma-2-2b-it,37,105
google/gemma-2-2b-it,33,4
google/gemma-2-2b-it,33,4
google/gemma-2-2b-it,32,4
google/gemma-2-2b-it,32,4
google/gemma-2-2b-it,32,4
google/gemma-2-2b-it,28,4
google/gemma-2-2b-it,28,4
google/gemma-2-2b-it,28,4
google/gemma-2-2b-it,28,4
google/gemma-2-2b-it,36,56
google/gemma-2-2b-it,29,4
google/gemma-2-2b-it,32,24
google/gemma-2-2b-it,29,4
google/gemma-2-2b-it,29,4
google/gemma-2-2b-it,28,83
google/gemma-2-2b-it,29,4
google/gemma-2-2b-it,28,4
google/gemma-2-2b-it,32,15
google/gemma-2-2b-it,28,4
google/gemma-2-2b-it,28,4
google/gemma-2-2b-it,28,4
google/gemma-2-2b-it,32,15
google/gemma-2-2b-it,29,4
google/gemma-2-2b-it,29,4
google/gemma-2-2b-it,29,4
google/gemma-2-2b-it,29,4
google/gemma-2-2b-it,28,4
google/gemma-2-2b-it,28,4
google/gemma-2-2b-it,28,4
google/gemma-2-2b-it,32,33
google/gemma-2-2b-it,32,4
google/gemma-2-2b-it,28,4
google/gemma-2-2b-it,32,4
google/gemma-2-2b-it,28,93
google/gemma-2-2b-it,32,4
google/gemma-2-2b-it,32,4
google/gemma-2-2b-it,28,4
google/gemma-2-2b-it,28,4
google/gemma-2-2b-it,28,4
google/gemma-2-2b-it,36,4
google/gemma-2-2b-it,28,4
google/gemma-2-2b-it,36,4
google/gemma-2-2b-it,36,4
google/gemma-2-2b-it,36,4
google/gemma-2-2b-it,28,109
google/gemma-2-2b-it,36,4
google/gemma-2-2b-it,36,4
google/gemma-2-2b-it,36,4
google/gemma-2-2b-it,36,4
google/gemma-2-2b-it,36,4
google/gemma-2-2b-it,32,31
google/gemma-2-2b-it,36,4
google/gemma-2-2b-it,36,4
google/gemma-2-2b-it,36,4
google/gemma-2-2b-it,36,4
google/gemma-2-2b-it,36,4
google/gemma-2-2b-it,36,4
google/gemma-2-2b-it,36,4
google/gemma-2-2b-it,35,4
google/gemma-2-2b-it,35,4
google/gemma-2-2b-it,37,150
google/gemma-2-2b-it,36,4
google/gemma-2-2b-it,36,4
google/gemma-2-2b-it,29,116
google/gemma-2-2b-it,28,123
google/gemma-2-2b-it,36,4
google/gemma-2-2b-it,36,4
google/gemma-2-2b-it,28,123
google/gemma-2-2b-it,29,4
google/gemma-2-2b-it,29,4
google/gemma-2-2b-it,29,4
google/gemma-2-2b-it,29,4
google/gemma-2-2b-it,30,4
google/gemma-2-2b-it,30,4
google/gemma-2-2b-it,30,4
google/gemma-2-2b-it,30,4
google/gemma-2-2b-it,29,4
google/gemma-2-2b-it,29,4
google/gemma-2-2b-it,29,4
google/gemma-2-2b-it,27,127
google/gemma-2-2b-it,29,4
google/gemma-2-2b-it,28,123
google/gemma-2-2b-it,30,4
google/gemma-2-2b-it,30,4
google/gemma-2-2b-it,30,4
google/gemma-2-2b-it,29,4
google/gemma-2-2b-it,29,4
google/gemma-2-2b-it,29,4
google/gemma-2-2b-it,30,6
google/gemma-2-2b-it,29,4
google/gemma-2-2b-it,33,4
google/gemma-2-2b-it,33,4
google/gemma-2-2b-it,32,61
google/gemma-2-2b-it,33,4
google/gemma-2-2b-it,29,4
google/gemma-2-2b-it,33,6
google/gemma-2-2b-it,29,4
google/gemma-2-2b-it,29,4
google/gemma-2-2b-it,29,4
google/gemma-2-2b-it,28,4
google/gemma-2-2b-it,35,28
google/gemma-2-2b-it,28,4
google/gemma-2-2b-it,28,4
google/gemma-2-2b-it,28,4
google/gemma-2-2b-it,29,4
google/gemma-2-2b-it,29,4
google/gemma-2-2b-it,29,4
google/gemma-2-2b-it,35,112
google/gemma-2-2b-it,32,91
google/gemma-2-2b-it,28,4
google/gemma-2-2b-it,29,150
google/gemma-2-2b-it,38,4
google/gemma-2-2b-it,38,4
google/gemma-2-2b-it,38,4
google/gemma-2-2b-it,32,93
google/gemma-2-2b-it,38,4
google/gemma-2-2b-it,39,4
google/gemma-2-2b-it,39,4
google/gemma-2-2b-it,29,17
google/gemma-2-2b-it,28,15
google/gemma-2-2b-it,39,4
google/gemma-2-2b-it,39,4
google/gemma-2-2b-it,32,14
google/gemma-2-2b-it,39,4
google/gemma-2-2b-it,36,132
google/gemma-2-2b-it,39,4
google/gemma-2-2b-it,39,4
google/gemma-2-2b-it,39,4
google/gemma-2-2b-it,29,25
google/gemma-2-2b-it,38,4
google/gemma-2-2b-it,38,4
google/gemma-2-2b-it,38,4
google/gemma-2-2b-it,38,4
google/gemma-2-2b-it,38,4
google/gemma-2-2b-it,38,4
google/gemma-2-2b-it,29,24
google/gemma-2-2b-it,38,4
google/gemma-2-2b-it,38,4
google/gemma-2-2b-it,38,4
google/gemma-2-2b-it,38,4
google/gemma-2-2b-it,38,4
google/gemma-2-2b-it,39,4
google/gemma-2-2b-it,38,4
google/gemma-2-2b-it,40,58
google/gemma-2-2b-it,39,4
google/gemma-2-2b-it,36,4
google/gemma-2-2b-it,39,4
google/gemma-2-2b-it,28,24
google/gemma-2-2b-it,39,4
google/gemma-2-2b-it,36,5
google/gemma-2-2b-it,35,134
google/gemma-2-2b-it,35,138
google/gemma-2-2b-it,32,30
google/gemma-2-2b-it,36,4
google/gemma-2-2b-it,36,4
google/gemma-2-2b-it,37,4
google/gemma-2-2b-it,37,4
google/gemma-2-2b-it,36,150
google/gemma-2-2b-it,37,4
google/gemma-2-2b-it,32,110
google/gemma-2-2b-it,37,4
google/gemma-2-2b-it,37,4
google/gemma-2-2b-it,34,103
google/gemma-2-2b-it,37,4
google/gemma-2-2b-it,32,112
google/gemma-2-2b-it,37,4
google/gemma-2-2b-it,36,4
google/gemma-2-2b-it,37,4
google/gemma-2-2b-it,36,4
google/gemma-2-2b-it,36,4
google/gemma-2-2b-it,36,4
google/gemma-2-2b-it,36,4
google/gemma-2-2b-it,36,4
google/gemma-2-2b-it,36,4
google/gemma-2-2b-it,36,4
google/gemma-2-2b-it,36,4
google/gemma-2-2b-it,40,78
google/gemma-2-2b-it,36,4
google/gemma-2-2b-it,36,4
google/gemma-2-2b-it,36,4
google/gemma-2-2b-it,32,122
google/gemma-2-2b-it,33,4
google/gemma-2-2b-it,33,4
google/gemma-2-2b-it,33,4
google/gemma-2-2b-it,34,4
google/gemma-2-2b-it,33,4
google/gemma-2-2b-it,34,4
google/gemma-2-2b-it,34,4
google/gemma-2-2b-it,34,4
google/gemma-2-2b-it,34,4
google/gemma-2-2b-it,34,4
google/gemma-2-2b-it,34,4
google/gemma-2-2b-it,33,4
google/gemma-2-2b-it,34,4
google/gemma-2-2b-it,33,4
google/gemma-2-2b-it,33,4
google/gemma-2-2b-it,33,4
google/gemma-2-2b-it,33,4
google/gemma-2-2b-it,33,4
google/gemma-2-2b-it,33,4
google/gemma-2-2b-it,32,138
google/gemma-2-2b-it,33,4
google/gemma-2-2b-it,28,67
google/gemma-2-2b-it,33,4
google/gemma-2-2b-it,32,133
google/gemma-2-2b-it,33,4
google/gemma-2-2b-it,33,4
google/gemma-2-2b-it,34,131
google/gemma-2-2b-it,33,4
google/gemma-2-2b-it,35,102
google/gemma-2-2b-it,34,4
google/gemma-2-2b-it,34,4
google/gemma-2-2b-it,34,4
google/gemma-2-2b-it,34,4
google/gemma-2-2b-it,33,4
google/gemma-2-2b-it,34,135
google/gemma-2-2b-it,33,4
google/gemma-2-2b-it,33,4
google/gemma-2-2b-it,33,4
google/gemma-2-2b-it,34,4
google/gemma-2-2b-it,40,107
google/gemma-2-2b-it,34,4
google/gemma-2-2b-it,34,4
google/gemma-2-2b-it,34,4
google/gemma-2-2b-it,34,4
google/gemma-2-2b-it,34,4
google/gemma-2-2b-it,34,4
google/gemma-2-2b-it,37,33
google/gemma-2-2b-it,34,4
google/gemma-2-2b-it,33,4
google/gemma-2-2b-it,33,4
google/gemma-2-2b-it,33,4
google/gemma-2-2b-it,28,85
google/gemma-2-2b-it,33,4
google/gemma-2-2b-it,33,4
google/gemma-2-2b-it,34,150
google/gemma-2-2b-it,33,4
google/gemma-2-2b-it,33,4
google/gemma-2-2b-it,34,4
google/gemma-2-2b-it,31,4
google/gemma-2-2b-it,31,4
google/gemma-2-2b-it,31,4
google/gemma-2-2b-it,32,4
google/gemma-2-2b-it,31,4
google/gemma-2-2b-it,32,4
google/gemma-2-2b-it,32,4
google/gemma-2-2b-it,32,4
google/gemma-2-2b-it,31,4
google/gemma-2-2b-it,31,4
google/gemma-2-2b-it,31,4
google/gemma-2-2b-it,31,4
google/gemma-2-2b-it,32,4
google/gemma-2-2b-it,32,4
google/gemma-2-2b-it,32,4
google/gemma-2-2b-it,32,4
google/gemma-2-2b-it,31,4
google/gemma-2-2b-it,40,134
google/gemma-2-2b-it,31,4
google/gemma-2-2b-it,31,4
google/gemma-2-2b-it,31,4
google/gemma-2-2b-it,33,4
google/gemma-2-2b-it,33,4
google/gemma-2-2b-it,33,4
google/gemma-2-2b-it,33,4
google/gemma-2-2b-it,31,4
google/gemma-2-2b-it,29,111
google/gemma-2-2b-it,31,4
google/gemma-2-2b-it,31,4
google/gemma-2-2b-it,31,4
google/gemma-2-2b-it,39,4
google/gemma-2-2b-it,39,4
google/gemma-2-2b-it,39,4
google/gemma-2-2b-it,39,4
google/gemma-2-2b-it,33,28
google/gemma-2-2b-it,39,4
google/gemma-2-2b-it,39,4
google/gemma-2-2b-it,39,4
google/gemma-2-2b-it,39,4
google/gemma-2-2b-it,39,4
google/gemma-2-2b-it,39,4
google/gemma-2-2b-it,39,4
google/gemma-2-2b-it,33,32
google/gemma-2-2b-it,39,4
google/gemma-2-2b-it,39,4
google/gemma-2-2b-it,39,4
google/gemma-2-2b-it,39,4
google/gemma-2-2b-it,39,4
google/gemma-2-2b-it,33,44
google/gemma-2-2b-it,32,117
google/gemma-2-2b-it,41,4
google/gemma-2-2b-it,41,4
google/gemma-2-2b-it,32,118
google/gemma-2-2b-it,41,4
google/gemma-2-2b-it,41,4
google/gemma-2-2b-it,32,4
google/gemma-2-2b-it,32,4
google/gemma-2-2b-it,32,4
google/gemma-2-2b-it,32,4
google/gemma-2-2b-it,33,4
google/gemma-2-2b-it,33,4
google/gemma-2-2b-it,33,4
google/gemma-2-2b-it,34,45
google/gemma-2-2b-it,33,4
google/gemma-2-2b-it,32,4
google/gemma-2-2b-it,32,4
google/gemma-2-2b-it,32,4
google/gemma-2-2b-it,28,125
google/gemma-2-2b-it,28,138
google/gemma-2-2b-it,32,4
google/gemma-2-2b-it,33,4
google/gemma-2-2b-it,28,132
google/gemma-2-2b-it,33,4
google/gemma-2-2b-it,28,134
google/gemma-2-2b-it,33,53
google/gemma-2-2b-it,33,4
google/gemma-2-2b-it,28,134
google/gemma-2-2b-it,32,4
google/gemma-2-2b-it,38,22
google/gemma-2-2b-it,33,4
google/gemma-2-2b-it,32,4
google/gemma-2-2b-it,32,4
google/gemma-2-2b-it,39,18
google/gemma-2-2b-it,32,4
google/gemma-2-2b-it,29,139
google/gemma-2-2b-it,34,4
google/gemma-2-2b-it,39,20
google/gemma-2-2b-it,38,23
google/gemma-2-2b-it,34,4
google/gemma-2-2b-it,34,4
google/gemma-2-2b-it,32,4
google/gemma-2-2b-it,34,4
google/gemma-2-2b-it,32,4
google/gemma-2-2b-it,32,4
google/gemma-2-2b-it,32,4
google/gemma-2-2b-it,39,24
google/gemma-2-2b-it,31,4
google/gemma-2-2b-it,28,150
google/gemma-2-2b-it,31,4
google/gemma-2-2b-it,31,4
google/gemma-2-2b-it,31,6
google/gemma-2-2b-it,31,4
google/gemma-2-2b-it,31,4
google/gemma-2-2b-it,31,4
google/gemma-2-2b-it,31,4
google/gemma-2-2b-it,31,4
google/gemma-2-2b-it,31,4
google/gemma-2-2b-it,39,33
google/gemma-2-2b-it,31,4
google/gemma-2-2b-it,28,150
google/gemma-2-2b-it,31,4
google/gemma-2-2b-it,31,17
google/gemma-2-2b-it,31,19
google/gemma-2-2b-it,37,4
google/gemma-2-2b-it,37,4
google/gemma-2-2b-it,37,4
google/gemma-2-2b-it,31,18
google/gemma-2-2b-it,30,13
google/gemma-2-2b-it,37,4
google/gemma-2-2b-it,38,4
google/gemma-2-2b-it,38,4
google/gemma-2-2b-it,38,4
google/gemma-2-2b-it,38,4
google/gemma-2-2b-it,38,4
google/gemma-2-2b-it,38,4
google/gemma-2-2b-it,33,15
google/gemma-2-2b-it,38,4
google/gemma-2-2b-it,38,4
google/gemma-2-2b-it,37,4
google/gemma-2-2b-it,37,4
google/gemma-2-2b-it,37,4
google/gemma-2-2b-it,37,4
google/gemma-2-2b-it,37,4
google/gemma-2-2b-it,37,4
google/gemma-2-2b-it,31,18
google/gemma-2-2b-it,37,4
google/gemma-2-2b-it,37,4
google/gemma-2-2b-it,37,4
google/gemma-2-2b-it,37,4
google/gemma-2-2b-it,37,4
google/gemma-2-2b-it,37,4
google/gemma-2-2b-it,37,4
google/gemma-2-2b-it,37,4
google/gemma-2-2b-it,37,4
google/gemma-2-2b-it,37,4
google/gemma-2-2b-it,31,23
google/gemma-2-2b-it,37,136
google/gemma-2-2b-it,31,25
google/gemma-2-2b-it,31,37
google/gemma-2-2b-it,36,4
google/gemma-2-2b-it,36,4
google/gemma-2-2b-it,36,4
google/gemma-2-2b-it,36,4
google/gemma-2-2b-it,36,4
google/gemma-2-2b-it,36,4
google/gemma-2-2b-it,36,4
google/gemma-2-2b-it,36,4
google/gemma-2-2b-it,35,4
google/gemma-2-2b-it,35,4
google/gemma-2-2b-it,38,75
google/gemma-2-2b-it,35,4
google/gemma-2-2b-it,35,4
google/gemma-2-2b-it,35,4
google/gemma-2-2b-it,35,4
google/gemma-2-2b-it,35,4
google/gemma-2-2b-it,37,146
google/gemma-2-2b-it,35,4
google/gemma-2-2b-it,37,150
google/gemma-2-2b-it,32,4
google/gemma-2-2b-it,32,4
google/gemma-2-2b-it,32,4
google/gemma-2-2b-it,32,4
google/gemma-2-2b-it,33,4
google/gemma-2-2b-it,33,4
google/gemma-2-2b-it,30,50
google/gemma-2-2b-it,33,4
google/gemma-2-2b-it,33,4
google/gemma-2-2b-it,33,4
google/gemma-2-2b-it,35,14
google/gemma-2-2b-it,33,4
google/gemma-2-2b-it,33,4
google/gemma-2-2b-it,35,16
google/gemma-2-2b-it,32,4
google/gemma-2-2b-it,33,4
google/gemma-2-2b-it,32,4
google/gemma-2-2b-it,32,4
google/gemma-2-2b-it,32,4
google/gemma-2-2b-it,30,57
google/gemma-2-2b-it,32,4
google/gemma-2-2b-it,32,4
google/gemma-2-2b-it,32,4
google/gemma-2-2b-it,35,20
google/gemma-2-2b-it,32,4
google/gemma-2-2b-it,32,4
google/gemma-2-2b-it,35,34
google/gemma-2-2b-it,35,20
google/gemma-2-2b-it,32,4
google/gemma-2-2b-it,32,4
google/gemma-2-2b-it,32,4
google/gemma-2-2b-it,35,37
google/gemma-2-2b-it,32,4
google/gemma-2-2b-it,32,4
google/gemma-2-2b-it,32,4
google/gemma-2-2b-it,32,4
google/gemma-2-2b-it,33,4
google/gemma-2-2b-it,33,4
google/gemma-2-2b-it,33,4
google/gemma-2-2b-it,33,4
google/gemma-2-2b-it,35,30
google/gemma-2-2b-it,33,4
google/gemma-2-2b-it,33,4
google/gemma-2-2b-it,33,4
google/gemma-2-2b-it,33,4
google/gemma-2-2b-it,32,14
google/gemma-2-2b-it,35,51
google/gemma-2-2b-it,33,150
google/gemma-2-2b-it,34,150
google/gemma-2-2b-it,34,150
google/gemma-2-2b-it,32,11
google/gemma-2-2b-it,29,4
google/gemma-2-2b-it,29,4
google/gemma-2-2b-it,29,4
google/gemma-2-2b-it,29,4
google/gemma-2-2b-it,30,4
google/gemma-2-2b-it,32,23
google/gemma-2-2b-it,30,4
google/gemma-2-2b-it,32,15
google/gemma-2-2b-it,30,4
google/gemma-2-2b-it,30,4
google/gemma-2-2b-it,32,15
google/gemma-2-2b-it,29,4
google/gemma-2-2b-it,32,15
google/gemma-2-2b-it,29,4
google/gemma-2-2b-it,29,4
google/gemma-2-2b-it,32,18
google/gemma-2-2b-it,32,15
google/gemma-2-2b-it,29,4
google/gemma-2-2b-it,30,4
google/gemma-2-2b-it,30,4
google/gemma-2-2b-it,30,4
google/gemma-2-2b-it,30,4
google/gemma-2-2b-it,35,51
google/gemma-2-2b-it,29,4
google/gemma-2-2b-it,29,4
google/gemma-2-2b-it,29,4
google/gemma-2-2b-it,29,4
google/gemma-2-2b-it,31,4
google/gemma-2-2b-it,35,56
google/gemma-2-2b-it,32,22
google/gemma-2-2b-it,31,4
google/gemma-2-2b-it,31,4
google/gemma-2-2b-it,31,4
google/gemma-2-2b-it,29,4
google/gemma-2-2b-it,32,22
google/gemma-2-2b-it,32,23
google/gemma-2-2b-it,29,4
google/gemma-2-2b-it,29,4
google/gemma-2-2b-it,32,24
google/gemma-2-2b-it,37,4
google/gemma-2-2b-it,37,4
google/gemma-2-2b-it,38,140
google/gemma-2-2b-it,37,4
google/gemma-2-2b-it,32,25
google/gemma-2-2b-it,37,4
google/gemma-2-2b-it,37,4
google/gemma-2-2b-it,37,4
google/gemma-2-2b-it,37,4
google/gemma-2-2b-it,37,4
google/gemma-2-2b-it,31,99
google/gemma-2-2b-it,37,4
google/gemma-2-2b-it,37,4
google/gemma-2-2b-it,37,4
google/gemma-2-2b-it,37,4
google/gemma-2-2b-it,37,4
google/gemma-2-2b-it,37,4
google/gemma-2-2b-it,37,4
google/gemma-2-2b-it,37,4
google/gemma-2-2b-it,30,4
google/gemma-2-2b-it,30,4
google/gemma-2-2b-it,30,4
google/gemma-2-2b-it,30,4
google/gemma-2-2b-it,31,4
google/gemma-2-2b-it,31,4
google/gemma-2-2b-it,31,4
google/gemma-2-2b-it,31,4
google/gemma-2-2b-it,30,4
google/gemma-2-2b-it,30,124
google/gemma-2-2b-it,30,4
google/gemma-2-2b-it,30,4
google/gemma-2-2b-it,33,124
google/gemma-2-2b-it,30,4
google/gemma-2-2b-it,31,4
google/gemma-2-2b-it,31,4
google/gemma-2-2b-it,31,4
google/gemma-2-2b-it,31,4
google/gemma-2-2b-it,30,4
google/gemma-2-2b-it,30,4
google/gemma-2-2b-it,30,4
google/gemma-2-2b-it,30,4
google/gemma-2-2b-it,32,4
google/gemma-2-2b-it,32,4
google/gemma-2-2b-it,39,21
google/gemma-2-2b-it,37,17
google/gemma-2-2b-it,32,4
google/gemma-2-2b-it,32,4
google/gemma-2-2b-it,30,4
google/gemma-2-2b-it,37,18
google/gemma-2-2b-it,36,27
google/gemma-2-2b-it,30,4
google/gemma-2-2b-it,33,132
google/gemma-2-2b-it,30,4
google/gemma-2-2b-it,30,4
google/gemma-2-2b-it,29,4
google/gemma-2-2b-it,37,21
google/gemma-2-2b-it,29,4
google/gemma-2-2b-it,29,4
google/gemma-2-2b-it,29,4
google/gemma-2-2b-it,29,4
google/gemma-2-2b-it,29,4
google/gemma-2-2b-it,35,118
google/gemma-2-2b-it,29,54
google/gemma-2-2b-it,33,150
google/gemma-2-2b-it,29,16
google/gemma-2-2b-it,38,4
google/gemma-2-2b-it,38,4
google/gemma-2-2b-it,39,4
google/gemma-2-2b-it,29,15
google/gemma-2-2b-it,32,96
google/gemma-2-2b-it,39,4
google/gemma-2-2b-it,29,17
google/gemma-2-2b-it,29,17
google/gemma-2-2b-it,39,4
google/gemma-2-2b-it,39,4
google/gemma-2-2b-it,29,17
google/gemma-2-2b-it,39,4
google/gemma-2-2b-it,39,4
google/gemma-2-2b-it,39,4
google/gemma-2-2b-it,39,4
google/gemma-2-2b-it,38,4
google/gemma-2-2b-it,32,85
google/gemma-2-2b-it,38,4
google/gemma-2-2b-it,38,4
google/gemma-2-2b-it,38,4
google/gemma-2-2b-it,38,4
google/gemma-2-2b-it,38,4
google/gemma-2-2b-it,38,4
google/gemma-2-2b-it,38,4
google/gemma-2-2b-it,38,4
google/gemma-2-2b-it,39,56
google/gemma-2-2b-it,38,4
google/gemma-2-2b-it,38,4
google/gemma-2-2b-it,38,4
google/gemma-2-2b-it,32,98
google/gemma-2-2b-it,39,4
google/gemma-2-2b-it,39,4
google/gemma-2-2b-it,39,4
google/gemma-2-2b-it,39,63
google/gemma-2-2b-it,39,4
google/gemma-2-2b-it,36,4
google/gemma-2-2b-it,29,34
google/gemma-2-2b-it,29,25
google/gemma-2-2b-it,36,4
google/gemma-2-2b-it,36,4
google/gemma-2-2b-it,29,25
google/gemma-2-2b-it,37,4
google/gemma-2-2b-it,37,4
google/gemma-2-2b-it,37,4
google/gemma-2-2b-it,37,4
google/gemma-2-2b-it,37,4
google/gemma-2-2b-it,29,29
google/gemma-2-2b-it,37,4
google/gemma-2-2b-it,36,4
google/gemma-2-2b-it,32,111
google/gemma-2-2b-it,36,4
google/gemma-2-2b-it,36,4
google/gemma-2-2b-it,36,4
google/gemma-2-2b-it,36,4
google/gemma-2-2b-it,36,4
google/gemma-2-2b-it,36,4
google/gemma-2-2b-it,36,4
google/gemma-2-2b-it,37,14
google/gemma-2-2b-it,36,4
google/gemma-2-2b-it,32,125
google/gemma-2-2b-it,37,4
google/gemma-2-2b-it,37,4
google/gemma-2-2b-it,37,4
google/gemma-2-2b-it,38,37
google/gemma-2-2b-it,33,4
google/gemma-2-2b-it,37,4
google/gemma-2-2b-it,33,4
google/gemma-2-2b-it,35,150
google/gemma-2-2b-it,33,4
google/gemma-2-2b-it,34,4
google/gemma-2-2b-it,34,4
google/gemma-2-2b-it,34,4
google/gemma-2-2b-it,34,4
google/gemma-2-2b-it,34,4
google/gemma-2-2b-it,34,4
google/gemma-2-2b-it,34,4
google/gemma-2-2b-it,34,4
google/gemma-2-2b-it,33,4
google/gemma-2-2b-it,33,4
google/gemma-2-2b-it,38,46
google/gemma-2-2b-it,33,4
google/gemma-2-2b-it,33,4
google/gemma-2-2b-it,36,92
google/gemma-2-2b-it,32,132
google/gemma-2-2b-it,33,4
google/gemma-2-2b-it,33,4
google/gemma-2-2b-it,33,18
google/gemma-2-2b-it,33,4
google/gemma-2-2b-it,33,4
google/gemma-2-2b-it,33,4
google/gemma-2-2b-it,33,4
google/gemma-2-2b-it,33,4
google/gemma-2-2b-it,33,4
google/gemma-2-2b-it,36,43
google/gemma-2-2b-it,34,4
google/gemma-2-2b-it,33,4
google/gemma-2-2b-it,34,4
google/gemma-2-2b-it,33,4
google/gemma-2-2b-it,34,4
google/gemma-2-2b-it,34,4
google/gemma-2-2b-it,32,145
google/gemma-2-2b-it,34,4
google/gemma-2-2b-it,33,4
google/gemma-2-2b-it,34,4
google/gemma-2-2b-it,34,4
google/gemma-2-2b-it,34,4
google/gemma-2-2b-it,33,4
google/gemma-2-2b-it,34,4
google/gemma-2-2b-it,34,4
google/gemma-2-2b-it,34,4
google/gemma-2-2b-it,34,4
google/gemma-2-2b-it,29,79
google/gemma-2-2b-it,33,4
google/gemma-2-2b-it,33,4
google/gemma-2-2b-it,33,4
google/gemma-2-2b-it,37,106
google/gemma-2-2b-it,33,4
google/gemma-2-2b-it,36,118
google/gemma-2-2b-it,31,4
google/gemma-2-2b-it,31,4
google/gemma-2-2b-it,31,4
google/gemma-2-2b-it,32,4
google/gemma-2-2b-it,31,4
google/gemma-2-2b-it,32,4
google/gemma-2-2b-it,32,4
google/gemma-2-2b-it,32,4
google/gemma-2-2b-it,29,95
google/gemma-2-2b-it,31,4
google/gemma-2-2b-it,31,4
google/gemma-2-2b-it,31,4
google/gemma-2-2b-it,32,4
google/gemma-2-2b-it,33,15
google/gemma-2-2b-it,28,92
google/gemma-2-2b-it,31,4
google/gemma-2-2b-it,33,16
google/gemma-2-2b-it,32,4
google/gemma-2-2b-it,32,4
google/gemma-2-2b-it,32,4
google/gemma-2-2b-it,34,17
google/gemma-2-2b-it,34,15
google/gemma-2-2b-it,31,4
google/gemma-2-2b-it,29,100
google/gemma-2-2b-it,34,17
google/gemma-2-2b-it,31,4
google/gemma-2-2b-it,36,132
google/gemma-2-2b-it,31,4
google/gemma-2-2b-it,31,4
google/gemma-2-2b-it,32,4
google/gemma-2-2b-it,32,4
google/gemma-2-2b-it,31,4
google/gemma-2-2b-it,32,4
google/gemma-2-2b-it,31,4
google/gemma-2-2b-it,32,4
google/gemma-2-2b-it,31,4
google/gemma-2-2b-it,31,4
google/gemma-2-2b-it,39,4
google/gemma-2-2b-it,39,4
google/gemma-2-2b-it,33,30
google/gemma-2-2b-it,39,4
google/gemma-2-2b-it,39,4
google/gemma-2-2b-it,39,4
google/gemma-2-2b-it,39,4
google/gemma-2-2b-it,39,4
google/gemma-2-2b-it,39,4
google/gemma-2-2b-it,39,4
google/gemma-2-2b-it,39,4
google/gemma-2-2b-it,39,4
google/gemma-2-2b-it,39,4
google/gemma-2-2b-it,39,4
google/gemma-2-2b-it,39,4
google/gemma-2-2b-it,39,4
google/gemma-2-2b-it,39,4
google/gemma-2-2b-it,28,113
google/gemma-2-2b-it,33,39
google/gemma-2-2b-it,39,150
google/gemma-2-2b-it,28,117
google/gemma-2-2b-it,31,118
google/gemma-2-2b-it,32,4
google/gemma-2-2b-it,32,4
google/gemma-2-2b-it,32,4
google/gemma-2-2b-it,39,6
google/gemma-2-2b-it,32,4
google/gemma-2-2b-it,31,121
google/gemma-2-2b-it,33,4
google/gemma-2-2b-it,39,7
google/gemma-2-2b-it,33,4
google/gemma-2-2b-it,33,4
google/gemma-2-2b-it,40,13
google/gemma-2-2b-it,29,121
google/gemma-2-2b-it,32,4
google/gemma-2-2b-it,33,4
google/gemma-2-2b-it,32,4
google/gemma-2-2b-it,33,57
google/gemma-2-2b-it,32,4
google/gemma-2-2b-it,40,15
google/gemma-2-2b-it,32,4
google/gemma-2-2b-it,33,4
google/gemma-2-2b-it,33,4
google/gemma-2-2b-it,33,4
google/gemma-2-2b-it,36,93
google/gemma-2-2b-it,33,4
google/gemma-2-2b-it,32,4
google/gemma-2-2b-it,32,4
google/gemma-2-2b-it,32,4
google/gemma-2-2b-it,29,140
google/gemma-2-2b-it,32,4
google/gemma-2-2b-it,33,4
google/gemma-2-2b-it,33,4
google/gemma-2-2b-it,33,4
google/gemma-2-2b-it,33,4
google/gemma-2-2b-it,32,4
google/gemma-2-2b-it,28,137
google/gemma-2-2b-it,32,4
google/gemma-2-2b-it,32,4
google/gemma-2-2b-it,40,24
google/gemma-2-2b-it,32,4
google/gemma-2-2b-it,38,33
google/gemma-2-2b-it,31,4
google/gemma-2-2b-it,31,4
google/gemma-2-2b-it,31,4
google/gemma-2-2b-it,30,4
google/gemma-2-2b-it,31,4
google/gemma-2-2b-it,30,4
google/gemma-2-2b-it,31,148
google/gemma-2-2b-it,38,40
google/gemma-2-2b-it,31,150
google/gemma-2-2b-it,40,4
google/gemma-2-2b-it,40,4
google/gemma-2-2b-it,40,4
google/gemma-2-2b-it,31,15
google/gemma-2-2b-it,40,4
google/gemma-2-2b-it,41,4
google/gemma-2-2b-it,31,16
google/gemma-2-2b-it,41,4
google/gemma-2-2b-it,31,17
google/gemma-2-2b-it,41,4
google/gemma-2-2b-it,31,16
google/gemma-2-2b-it,41,4
google/gemma-2-2b-it,41,4
google/gemma-2-2b-it,39,48
google/gemma-2-2b-it,41,4
google/gemma-2-2b-it,33,91
google/gemma-2-2b-it,41,4
google/gemma-2-2b-it,41,4
google/gemma-2-2b-it,40,4
google/gemma-2-2b-it,30,19
google/gemma-2-2b-it,40,4
google/gemma-2-2b-it,40,4
google/gemma-2-2b-it,40,4
google/gemma-2-2b-it,30,20
google/gemma-2-2b-it,40,4
google/gemma-2-2b-it,40,55
google/gemma-2-2b-it,40,4
google/gemma-2-2b-it,40,4
google/gemma-2-2b-it,40,4
google/gemma-2-2b-it,40,4
google/gemma-2-2b-it,30,23
google/gemma-2-2b-it,40,4
google/gemma-2-2b-it,36,134
google/gemma-2-2b-it,40,4
google/gemma-2-2b-it,41,4
google/gemma-2-2b-it,40,4
google/gemma-2-2b-it,41,4
google/gemma-2-2b-it,41,4
google/gemma-2-2b-it,30,27
google/gemma-2-2b-it,41,4
google/gemma-2-2b-it,38,4
google/gemma-2-2b-it,38,4
google/gemma-2-2b-it,38,4
google/gemma-2-2b-it,38,4
google/gemma-2-2b-it,39,4
google/gemma-2-2b-it,39,4
google/gemma-2-2b-it,39,4
google/gemma-2-2b-it,37,150
google/gemma-2-2b-it,39,4
google/gemma-2-2b-it,39,4
google/gemma-2-2b-it,39,4
google/gemma-2-2b-it,39,4
google/gemma-2-2b-it,39,4
google/gemma-2-2b-it,38,4
google/gemma-2-2b-it,38,4
google/gemma-2-2b-it,38,4
google/gemma-2-2b-it,38,4
google/gemma-2-2b-it,38,4
google/gemma-2-2b-it,38,4
google/gemma-2-2b-it,38,4
google/gemma-2-2b-it,38,4
google/gemma-2-2b-it,36,150
google/gemma-2-2b-it,31,39
google/gemma-2-2b-it,38,4
google/gemma-2-2b-it,38,4
google/gemma-2-2b-it,38,4
google/gemma-2-2b-it,39,4
google/gemma-2-2b-it,38,4
google/gemma-2-2b-it,39,4
google/gemma-2-2b-it,34,113
google/gemma-2-2b-it,39,4
google/gemma-2-2b-it,39,4
google/gemma-2-2b-it,35,4
google/gemma-2-2b-it,35,4
google/gemma-2-2b-it,35,4
google/gemma-2-2b-it,35,4
google/gemma-2-2b-it,36,4
google/gemma-2-2b-it,36,4
google/gemma-2-2b-it,36,4
google/gemma-2-2b-it,36,4
google/gemma-2-2b-it,36,4
google/gemma-2-2b-it,36,4
google/gemma-2-2b-it,33,129
google/gemma-2-2b-it,36,4
google/gemma-2-2b-it,30,58
google/gemma-2-2b-it,36,4
google/gemma-2-2b-it,35,4
google/gemma-2-2b-it,35,4
google/gemma-2-2b-it,35,4
google/gemma-2-2b-it,35,4
google/gemma-2-2b-it,35,4
google/gemma-2-2b-it,35,4
google/gemma-2-2b-it,35,4
google/gemma-2-2b-it,35,4
google/gemma-2-2b-it,35,4
google/gemma-2-2b-it,35,4
google/gemma-2-2b-it,35,4
google/gemma-2-2b-it,35,4
google/gemma-2-2b-it,36,4
google/gemma-2-2b-it,36,4
google/gemma-2-2b-it,36,4
google/gemma-2-2b-it,36,4
google/gemma-2-2b-it,35,4
google/gemma-2-2b-it,35,4
google/gemma-2-2b-it,35,4
google/gemma-2-2b-it,35,4
google/gemma-2-2b-it,38,103
google/gemma-2-2b-it,36,4
google/gemma-2-2b-it,36,4
google/gemma-2-2b-it,36,4
google/gemma-2-2b-it,33,150
google/gemma-2-2b-it,36,4
google/gemma-2-2b-it,36,4
google/gemma-2-2b-it,36,4
google/gemma-2-2b-it,36,4
google/gemma-2-2b-it,36,4
google/gemma-2-2b-it,35,4
google/gemma-2-2b-it,35,4
google/gemma-2-2b-it,35,4
google/gemma-2-2b-it,35,4
google/gemma-2-2b-it,35,4
google/gemma-2-2b-it,35,4
google/gemma-2-2b-it,35,4
google/gemma-2-2b-it,35,4
google/gemma-2-2b-it,30,93
google/gemma-2-2b-it,36,4
google/gemma-2-2b-it,36,4
google/gemma-2-2b-it,38,122
google/gemma-2-2b-it,36,4
google/gemma-2-2b-it,29,4
google/gemma-2-2b-it,29,4
google/gemma-2-2b-it,29,4
google/gemma-2-2b-it,29,4
google/gemma-2-2b-it,30,4
google/gemma-2-2b-it,30,4
google/gemma-2-2b-it,30,4
google/gemma-2-2b-it,30,4
google/gemma-2-2b-it,29,4
google/gemma-2-2b-it,29,4
google/gemma-2-2b-it,35,15
google/gemma-2-2b-it,29,4
google/gemma-2-2b-it,29,4
google/gemma-2-2b-it,30,4
google/gemma-2-2b-it,35,16
google/gemma-2-2b-it,35,15
google/gemma-2-2b-it,30,4
google/gemma-2-2b-it,30,4
google/gemma-2-2b-it,29,4
google/gemma-2-2b-it,30,4
google/gemma-2-2b-it,29,4
google/gemma-2-2b-it,39,129
google/gemma-2-2b-it,29,4
google/gemma-2-2b-it,29,4
google/gemma-2-2b-it,32,4
google/gemma-2-2b-it,30,104
google/gemma-2-2b-it,32,4
google/gemma-2-2b-it,32,4
google/gemma-2-2b-it,32,4
google/gemma-2-2b-it,29,4
google/gemma-2-2b-it,29,4
google/gemma-2-2b-it,37,4
google/gemma-2-2b-it,29,4
google/gemma-2-2b-it,29,4
google/gemma-2-2b-it,37,4
google/gemma-2-2b-it,37,4
google/gemma-2-2b-it,31,102
google/gemma-2-2b-it,35,27
google/gemma-2-2b-it,37,4
google/gemma-2-2b-it,37,4
google/gemma-2-2b-it,37,4
google/gemma-2-2b-it,37,4
google/gemma-2-2b-it,37,4
google/gemma-2-2b-it,37,4
google/gemma-2-2b-it,37,4
google/gemma-2-2b-it,37,4
google/gemma-2-2b-it,37,4
google/gemma-2-2b-it,37,4
google/gemma-2-2b-it,37,4
google/gemma-2-2b-it,37,4
google/gemma-2-2b-it,37,4
google/gemma-2-2b-it,39,4
google/gemma-2-2b-it,39,4
google/gemma-2-2b-it,31,113
google/gemma-2-2b-it,39,4
google/gemma-2-2b-it,37,4
google/gemma-2-2b-it,37,4
google/gemma-2-2b-it,37,4
google/gemma-2-2b-it,37,4
google/gemma-2-2b-it,30,4
google/gemma-2-2b-it,30,131
google/gemma-2-2b-it,30,4
google/gemma-2-2b-it,30,4
google/gemma-2-2b-it,30,4
google/gemma-2-2b-it,31,4
google/gemma-2-2b-it,31,4
google/gemma-2-2b-it,31,5
google/gemma-2-2b-it,31,4
google/gemma-2-2b-it,30,4
google/gemma-2-2b-it,30,4
google/gemma-2-2b-it,30,4
google/gemma-2-2b-it,31,4
google/gemma-2-2b-it,30,4
google/gemma-2-2b-it,31,4
google/gemma-2-2b-it,31,4
google/gemma-2-2b-it,31,4
google/gemma-2-2b-it,31,129
google/gemma-2-2b-it,30,4
google/gemma-2-2b-it,36,23
google/gemma-2-2b-it,30,4
google/gemma-2-2b-it,30,4
google/gemma-2-2b-it,33,4
google/gemma-2-2b-it,30,4
google/gemma-2-2b-it,36,27
google/gemma-2-2b-it,33,4
google/gemma-2-2b-it,33,4
google/gemma-2-2b-it,31,132
google/gemma-2-2b-it,33,4
google/gemma-2-2b-it,30,150
google/gemma-2-2b-it,30,150
google/gemma-2-2b-it,30,4
google/gemma-2-2b-it,30,4
google/gemma-2-2b-it,30,4
google/gemma-2-2b-it,30,4
google/gemma-2-2b-it,29,4
google/gemma-2-2b-it,29,4
google/gemma-2-2b-it,29,4
google/gemma-2-2b-it,29,6
google/gemma-2-2b-it,29,4
google/gemma-2-2b-it,36,35
google/gemma-2-2b-it,29,4
google/gemma-2-2b-it,29,4
google/gemma-2-2b-it,29,4
google/gemma-2-2b-it,29,4
google/gemma-2-2b-it,31,150
google/gemma-2-2b-it,31,150
google/gemma-2-2b-it,31,150
google/gemma-2-2b-it,29,15
google/gemma-2-2b-it,29,16
google/gemma-2-2b-it,28,9
google/gemma-2-2b-it,29,4
google/gemma-2-2b-it,29,4
google/gemma-2-2b-it,29,4
google/gemma-2-2b-it,29,17
google/gemma-2-2b-it,29,57
google/gemma-2-2b-it,36,89
google/gemma-2-2b-it,31,57
google/gemma-2-2b-it,28,70
google/gemma-2-2b-it,29,76
google/gemma-2-2b-it,31,72
google/gemma-2-2b-it,36,150
google/gemma-2-2b-it,29,79
google/gemma-2-2b-it,31,92
google/gemma-2-2b-it,39,141
google/gemma-2-2b-it,29,109
google/gemma-2-2b-it,31,135
google/gemma-2-2b-it,29,144
google/gemma-2-2b-it,28,149
google/gemma-2-2b-it,28,150
google/gemma-2-2b-it,92,32
google/gemma-2-2b-it,92,32
google/gemma-2-2b-it,92,32
google/gemma-2-2b-it,92,32
google/gemma-2-2b-it,89,32
google/gemma-2-2b-it,89,32
google/gemma-2-2b-it,89,32
google/gemma-2-2b-it,89,32
google/gemma-2-2b-it,94,32
google/gemma-2-2b-it,94,32
google/gemma-2-2b-it,94,32
google/gemma-2-2b-it,94,32
google/gemma-2-2b-it,89,32
google/gemma-2-2b-it,89,32
google/gemma-2-2b-it,89,32
google/gemma-2-2b-it,89,32
google/gemma-2-2b-it,92,32
google/gemma-2-2b-it,92,32
google/gemma-2-2b-it,92,32
google/gemma-2-2b-it,92,32
google/gemma-2-2b-it,86,32
google/gemma-2-2b-it,86,32
google/gemma-2-2b-it,86,32
google/gemma-2-2b-it,86,32
google/gemma-2-2b-it,93,32
google/gemma-2-2b-it,93,32
google/gemma-2-2b-it,93,32
google/gemma-2-2b-it,89,32
google/gemma-2-2b-it,93,32
google/gemma-2-2b-it,89,32
google/gemma-2-2b-it,89,32
google/gemma-2-2b-it,89,32
google/gemma-2-2b-it,93,32
google/gemma-2-2b-it,93,32
google/gemma-2-2b-it,93,32
google/gemma-2-2b-it,93,32
google/gemma-2-2b-it,91,32
google/gemma-2-2b-it,91,32
google/gemma-2-2b-it,91,32
google/gemma-2-2b-it,91,32
google/gemma-2-2b-it,91,32
google/gemma-2-2b-it,91,32
google/gemma-2-2b-it,91,32
google/gemma-2-2b-it,91,32
google/gemma-2-2b-it,89,32
google/gemma-2-2b-it,89,32
google/gemma-2-2b-it,89,32
google/gemma-2-2b-it,89,32
google/gemma-2-2b-it,93,32
google/gemma-2-2b-it,93,32
google/gemma-2-2b-it,93,32
google/gemma-2-2b-it,89,32
google/gemma-2-2b-it,93,32
google/gemma-2-2b-it,89,32
google/gemma-2-2b-it,89,32
google/gemma-2-2b-it,89,32
google/gemma-2-2b-it,95,32
google/gemma-2-2b-it,95,32
google/gemma-2-2b-it,95,32
google/gemma-2-2b-it,90,32
google/gemma-2-2b-it,95,32
google/gemma-2-2b-it,90,32
google/gemma-2-2b-it,90,32
google/gemma-2-2b-it,90,32
microsoft/phi-4-mini-instruct,31,2
microsoft/phi-4-mini-instruct,31,2
microsoft/phi-4-mini-instruct,32,2
microsoft/phi-4-mini-instruct,31,2
microsoft/phi-4-mini-instruct,32,2
microsoft/phi-4-mini-instruct,32,2
microsoft/phi-4-mini-instruct,32,2
microsoft/phi-4-mini-instruct,32,2
microsoft/phi-4-mini-instruct,32,2
microsoft/phi-4-mini-instruct,32,2
microsoft/phi-4-mini-instruct,32,2
microsoft/phi-4-mini-instruct,31,2
microsoft/phi-4-mini-instruct,31,2
microsoft/phi-4-mini-instruct,31,2
microsoft/phi-4-mini-instruct,31,2
microsoft/phi-4-mini-instruct,31,2
microsoft/phi-4-mini-instruct,31,2
microsoft/phi-4-mini-instruct,31,2
microsoft/phi-4-mini-instruct,31,2
microsoft/phi-4-mini-instruct,31,2
microsoft/phi-4-mini-instruct,31,2
microsoft/phi-4-mini-instruct,31,2
microsoft/phi-4-mini-instruct,31,2
microsoft/phi-4-mini-instruct,32,2
microsoft/phi-4-mini-instruct,32,2
microsoft/phi-4-mini-instruct,30,2
microsoft/phi-4-mini-instruct,32,2
microsoft/phi-4-mini-instruct,30,2
microsoft/phi-4-mini-instruct,30,2
microsoft/phi-4-mini-instruct,31,2
microsoft/phi-4-mini-instruct,30,2
microsoft/phi-4-mini-instruct,31,2
microsoft/phi-4-mini-instruct,30,2
microsoft/phi-4-mini-instruct,31,2
microsoft/phi-4-mini-instruct,30,2
microsoft/phi-4-mini-instruct,30,2
microsoft/phi-4-mini-instruct,31,2
microsoft/phi-4-mini-instruct,31,2
microsoft/phi-4-mini-instruct,31,2
microsoft/phi-4-mini-instruct,30,2
microsoft/phi-4-mini-instruct,31,2
microsoft/phi-4-mini-instruct,30,2
microsoft/phi-4-mini-instruct,30,2
microsoft/phi-4-mini-instruct,30,2
microsoft/phi-4-mini-instruct,30,2
microsoft/phi-4-mini-instruct,30,2
microsoft/phi-4-mini-instruct,31,2
microsoft/phi-4-mini-instruct,32,23
microsoft/phi-4-mini-instruct,26,2
microsoft/phi-4-mini-instruct,26,2
microsoft/phi-4-mini-instruct,26,2
microsoft/phi-4-mini-instruct,27,2
microsoft/phi-4-mini-instruct,27,2
microsoft/phi-4-mini-instruct,27,2
microsoft/phi-4-mini-instruct,27,2
microsoft/phi-4-mini-instruct,27,2
microsoft/phi-4-mini-instruct,27,2
microsoft/phi-4-mini-instruct,27,2
microsoft/phi-4-mini-instruct,26,2
microsoft/phi-4-mini-instruct,26,2
microsoft/phi-4-mini-instruct,26,2
microsoft/phi-4-mini-instruct,26,2
microsoft/phi-4-mini-instruct,26,2
microsoft/phi-4-mini-instruct,26,2
microsoft/phi-4-mini-instruct,26,2
microsoft/phi-4-mini-instruct,26,2
microsoft/phi-4-mini-instruct,31,31
microsoft/phi-4-mini-instruct,26,2
microsoft/phi-4-mini-instruct,26,2
microsoft/phi-4-mini-instruct,27,2
microsoft/phi-4-mini-instruct,26,2
microsoft/phi-4-mini-instruct,27,2
microsoft/phi-4-mini-instruct,26,2
microsoft/phi-4-mini-instruct,26,2
microsoft/phi-4-mini-instruct,26,2
microsoft/phi-4-mini-instruct,26,2
microsoft/phi-4-mini-instruct,27,2
microsoft/phi-4-mini-instruct,27,2
microsoft/phi-4-mini-instruct,27,2
microsoft/phi-4-mini-instruct,27,2
microsoft/phi-4-mini-instruct,27,2
microsoft/phi-4-mini-instruct,27,2
microsoft/phi-4-mini-instruct,27,2
microsoft/phi-4-mini-instruct,27,2
microsoft/phi-4-mini-instruct,26,2
microsoft/phi-4-mini-instruct,26,2
microsoft/phi-4-mini-instruct,26,2
microsoft/phi-4-mini-instruct,26,2
microsoft/phi-4-mini-instruct,26,2
microsoft/phi-4-mini-instruct,31,63
microsoft/phi-4-mini-instruct,26,2
microsoft/phi-4-mini-instruct,26,2
microsoft/phi-4-mini-instruct,26,2
microsoft/phi-4-mini-instruct,26,2
microsoft/phi-4-mini-instruct,26,31
microsoft/phi-4-mini-instruct,26,2
microsoft/phi-4-mini-instruct,27,2
microsoft/phi-4-mini-instruct,27,2
microsoft/phi-4-mini-instruct,27,2
microsoft/phi-4-mini-instruct,27,2
microsoft/phi-4-mini-instruct,26,2
microsoft/phi-4-mini-instruct,26,2
microsoft/phi-4-mini-instruct,26,2
microsoft/phi-4-mini-instruct,27,2
microsoft/phi-4-mini-instruct,27,2
microsoft/phi-4-mini-instruct,27,2
microsoft/phi-4-mini-instruct,26,2
microsoft/phi-4-mini-instruct,27,2
microsoft/phi-4-mini-instruct,26,2
microsoft/phi-4-mini-instruct,26,2
microsoft/phi-4-mini-instruct,26,2
microsoft/phi-4-mini-instruct,27,2
microsoft/phi-4-mini-instruct,27,2
microsoft/phi-4-mini-instruct,27,2
microsoft/phi-4-mini-instruct,27,2
microsoft/phi-4-mini-instruct,31,46
microsoft/phi-4-mini-instruct,25,2
microsoft/phi-4-mini-instruct,25,2
microsoft/phi-4-mini-instruct,25,2
microsoft/phi-4-mini-instruct,28,2
microsoft/phi-4-mini-instruct,25,2
microsoft/phi-4-mini-instruct,30,52
microsoft/phi-4-mini-instruct,31,48
microsoft/phi-4-mini-instruct,28,2
microsoft/phi-4-mini-instruct,28,2
microsoft/phi-4-mini-instruct,28,2
microsoft/phi-4-mini-instruct,26,2
microsoft/phi-4-mini-instruct,26,2
microsoft/phi-4-mini-instruct,31,53
microsoft/phi-4-mini-instruct,34,2
microsoft/phi-4-mini-instruct,26,2
microsoft/phi-4-mini-instruct,26,2
microsoft/phi-4-mini-instruct,34,2
microsoft/phi-4-mini-instruct,34,2
microsoft/phi-4-mini-instruct,34,3
microsoft/phi-4-mini-instruct,34,2
microsoft/phi-4-mini-instruct,34,2
microsoft/phi-4-mini-instruct,34,2
microsoft/phi-4-mini-instruct,30,60
microsoft/phi-4-mini-instruct,34,3
microsoft/phi-4-mini-instruct,33,2
microsoft/phi-4-mini-instruct,33,2
microsoft/phi-4-mini-instruct,26,31
microsoft/phi-4-mini-instruct,33,3
microsoft/phi-4-mini-instruct,33,2
microsoft/phi-4-mini-instruct,27,46
microsoft/phi-4-mini-instruct,34,2
microsoft/phi-4-mini-instruct,34,2
microsoft/phi-4-mini-instruct,34,2
microsoft/phi-4-mini-instruct,34,3
microsoft/phi-4-mini-instruct,32,2
microsoft/phi-4-mini-instruct,32,2
microsoft/phi-4-mini-instruct,34,2
microsoft/phi-4-mini-instruct,32,4
microsoft/phi-4-mini-instruct,34,3
microsoft/phi-4-mini-instruct,34,2
microsoft/phi-4-mini-instruct,34,2
microsoft/phi-4-mini-instruct,26,55
microsoft/phi-4-mini-instruct,27,63
microsoft/phi-4-mini-instruct,32,4
microsoft/phi-4-mini-instruct,33,2
microsoft/phi-4-mini-instruct,33,2
microsoft/phi-4-mini-instruct,33,2
microsoft/phi-4-mini-instruct,33,2
microsoft/phi-4-mini-instruct,28,2
microsoft/phi-4-mini-instruct,28,2
microsoft/phi-4-mini-instruct,27,56
microsoft/phi-4-mini-instruct,28,2
microsoft/phi-4-mini-instruct,28,2
microsoft/phi-4-mini-instruct,29,2
microsoft/phi-4-mini-instruct,29,2
microsoft/phi-4-mini-instruct,30,82
microsoft/phi-4-mini-instruct,29,2
microsoft/phi-4-mini-instruct,29,2
microsoft/phi-4-mini-instruct,28,2
microsoft/phi-4-mini-instruct,28,2
microsoft/phi-4-mini-instruct,28,2
microsoft/phi-4-mini-instruct,29,2
microsoft/phi-4-mini-instruct,28,2
microsoft/phi-4-mini-instruct,29,2
microsoft/phi-4-mini-instruct,29,2
microsoft/phi-4-mini-instruct,29,2
microsoft/phi-4-mini-instruct,27,2
microsoft/phi-4-mini-instruct,26,51
microsoft/phi-4-mini-instruct,27,2
microsoft/phi-4-mini-instruct,27,2
microsoft/phi-4-mini-instruct,27,2
microsoft/phi-4-mini-instruct,30,2
microsoft/phi-4-mini-instruct,30,2
microsoft/phi-4-mini-instruct,30,2
microsoft/phi-4-mini-instruct,30,2
microsoft/phi-4-mini-instruct,28,2
microsoft/phi-4-mini-instruct,28,2
microsoft/phi-4-mini-instruct,28,2
microsoft/phi-4-mini-instruct,28,2
microsoft/phi-4-mini-instruct,25,2
microsoft/phi-4-mini-instruct,25,2
microsoft/phi-4-mini-instruct,25,2
microsoft/phi-4-mini-instruct,25,2
microsoft/phi-4-mini-instruct,25,2
microsoft/phi-4-mini-instruct,25,2
microsoft/phi-4-mini-instruct,25,2
microsoft/phi-4-mini-instruct,25,2
microsoft/phi-4-mini-instruct,24,2
microsoft/phi-4-mini-instruct,24,2
microsoft/phi-4-mini-instruct,24,2
microsoft/phi-4-mini-instruct,25,2
microsoft/phi-4-mini-instruct,24,2
microsoft/phi-4-mini-instruct,25,2
microsoft/phi-4-mini-instruct,25,2
microsoft/phi-4-mini-instruct,25,2
microsoft/phi-4-mini-instruct,23,2
microsoft/phi-4-mini-instruct,23,2
microsoft/phi-4-mini-instruct,23,2
microsoft/phi-4-mini-instruct,25,2
microsoft/phi-4-mini-instruct,23,2
microsoft/phi-4-mini-instruct,25,2
microsoft/phi-4-mini-instruct,25,2
microsoft/phi-4-mini-instruct,25,2
microsoft/phi-4-mini-instruct,24,2
microsoft/phi-4-mini-instruct,24,2
microsoft/phi-4-mini-instruct,24,2
microsoft/phi-4-mini-instruct,24,2
microsoft/phi-4-mini-instruct,32,2
microsoft/phi-4-mini-instruct,32,2
microsoft/phi-4-mini-instruct,32,2
microsoft/phi-4-mini-instruct,33,2
microsoft/phi-4-mini-instruct,32,2
microsoft/phi-4-mini-instruct,33,2
microsoft/phi-4-mini-instruct,33,2
microsoft/phi-4-mini-instruct,26,75
microsoft/phi-4-mini-instruct,33,2
microsoft/phi-4-mini-instruct,33,2
microsoft/phi-4-mini-instruct,33,2
microsoft/phi-4-mini-instruct,32,2
microsoft/phi-4-mini-instruct,32,2
microsoft/phi-4-mini-instruct,32,2
microsoft/phi-4-mini-instruct,32,2
microsoft/phi-4-mini-instruct,32,2
microsoft/phi-4-mini-instruct,32,2
microsoft/phi-4-mini-instruct,32,2
microsoft/phi-4-mini-instruct,34,2
microsoft/phi-4-mini-instruct,34,2
microsoft/phi-4-mini-instruct,34,2
microsoft/phi-4-mini-instruct,34,2
microsoft/phi-4-mini-instruct,32,2
microsoft/phi-4-mini-instruct,31,2
microsoft/phi-4-mini-instruct,32,2
microsoft/phi-4-mini-instruct,32,2
microsoft/phi-4-mini-instruct,32,2
microsoft/phi-4-mini-instruct,32,2
microsoft/phi-4-mini-instruct,32,2
microsoft/phi-4-mini-instruct,32,2
microsoft/phi-4-mini-instruct,31,2
microsoft/phi-4-mini-instruct,31,2
microsoft/phi-4-mini-instruct,31,2
microsoft/phi-4-mini-instruct,31,2
microsoft/phi-4-mini-instruct,31,2
microsoft/phi-4-mini-instruct,31,11
microsoft/phi-4-mini-instruct,31,2
microsoft/phi-4-mini-instruct,31,2
microsoft/phi-4-mini-instruct,31,2
microsoft/phi-4-mini-instruct,31,12
microsoft/phi-4-mini-instruct,33,2
microsoft/phi-4-mini-instruct,31,2
microsoft/phi-4-mini-instruct,28,2
microsoft/phi-4-mini-instruct,28,2
microsoft/phi-4-mini-instruct,28,2
microsoft/phi-4-mini-instruct,28,2
microsoft/phi-4-mini-instruct,28,2
microsoft/phi-4-mini-instruct,27,2
microsoft/phi-4-mini-instruct,31,26
microsoft/phi-4-mini-instruct,28,2
microsoft/phi-4-mini-instruct,27,2
microsoft/phi-4-mini-instruct,27,2
microsoft/phi-4-mini-instruct,27,2
microsoft/phi-4-mini-instruct,27,2
microsoft/phi-4-mini-instruct,27,2
microsoft/phi-4-mini-instruct,27,2
microsoft/phi-4-mini-instruct,29,2
microsoft/phi-4-mini-instruct,33,47
microsoft/phi-4-mini-instruct,29,2
microsoft/phi-4-mini-instruct,29,2
microsoft/phi-4-mini-instruct,27,2
microsoft/phi-4-mini-instruct,28,2
microsoft/phi-4-mini-instruct,28,2
microsoft/phi-4-mini-instruct,28,2
microsoft/phi-4-mini-instruct,28,2
microsoft/phi-4-mini-instruct,32,45
microsoft/phi-4-mini-instruct,28,2
microsoft/phi-4-mini-instruct,28,2
microsoft/phi-4-mini-instruct,27,2
microsoft/phi-4-mini-instruct,27,2
microsoft/phi-4-mini-instruct,27,2
microsoft/phi-4-mini-instruct,27,2
microsoft/phi-4-mini-instruct,27,2
microsoft/phi-4-mini-instruct,27,2
microsoft/phi-4-mini-instruct,27,2
microsoft/phi-4-mini-instruct,27,2
microsoft/phi-4-mini-instruct,27,2
microsoft/phi-4-mini-instruct,27,2
microsoft/phi-4-mini-instruct,31,38
microsoft/phi-4-mini-instruct,27,2
microsoft/phi-4-mini-instruct,29,2
microsoft/phi-4-mini-instruct,29,2
microsoft/phi-4-mini-instruct,29,2
microsoft/phi-4-mini-instruct,26,2
microsoft/phi-4-mini-instruct,26,2
microsoft/phi-4-mini-instruct,26,2
microsoft/phi-4-mini-instruct,26,2
microsoft/phi-4-mini-instruct,27,2
microsoft/phi-4-mini-instruct,27,2
microsoft/phi-4-mini-instruct,27,2
microsoft/phi-4-mini-instruct,26,2
microsoft/phi-4-mini-instruct,27,2
microsoft/phi-4-mini-instruct,26,2
microsoft/phi-4-mini-instruct,32,53
microsoft/phi-4-mini-instruct,27,2
microsoft/phi-4-mini-instruct,27,2
microsoft/phi-4-mini-instruct,33,76
microsoft/phi-4-mini-instruct,27,2
microsoft/phi-4-mini-instruct,27,46
microsoft/phi-4-mini-instruct,25,2
microsoft/phi-4-mini-instruct,25,2
microsoft/phi-4-mini-instruct,25,2
microsoft/phi-4-mini-instruct,25,2
microsoft/phi-4-mini-instruct,28,2
microsoft/phi-4-mini-instruct,28,2
microsoft/phi-4-mini-instruct,28,2
microsoft/phi-4-mini-instruct,26,2
microsoft/phi-4-mini-instruct,27,39
microsoft/phi-4-mini-instruct,26,2
microsoft/phi-4-mini-instruct,27,33
microsoft/phi-4-mini-instruct,26,2
microsoft/phi-4-mini-instruct,26,2
microsoft/phi-4-mini-instruct,34,2
microsoft/phi-4-mini-instruct,34,2
microsoft/phi-4-mini-instruct,34,2
microsoft/phi-4-mini-instruct,34,2
microsoft/phi-4-mini-instruct,34,2
microsoft/phi-4-mini-instruct,32,83
microsoft/phi-4-mini-instruct,33,2
microsoft/phi-4-mini-instruct,33,2
microsoft/phi-4-mini-instruct,33,61
microsoft/phi-4-mini-instruct,34,3
microsoft/phi-4-mini-instruct,33,2
microsoft/phi-4-mini-instruct,33,2
microsoft/phi-4-mini-instruct,34,2
microsoft/phi-4-mini-instruct,34,2
microsoft/phi-4-mini-instruct,34,2
microsoft/phi-4-mini-instruct,27,54
microsoft/phi-4-mini-instruct,32,2
microsoft/phi-4-mini-instruct,34,2
microsoft/phi-4-mini-instruct,33,65
microsoft/phi-4-mini-instruct,28,41
microsoft/phi-4-mini-instruct,32,2
microsoft/phi-4-mini-instruct,32,2
microsoft/phi-4-mini-instruct,32,2
microsoft/phi-4-mini-instruct,33,66
microsoft/phi-4-mini-instruct,28,60
microsoft/phi-4-mini-instruct,34,2
microsoft/phi-4-mini-instruct,34,2
microsoft/phi-4-mini-instruct,34,4
microsoft/phi-4-mini-instruct,33,2
microsoft/phi-4-mini-instruct,34,3
microsoft/phi-4-mini-instruct,27,57
microsoft/phi-4-mini-instruct,33,2
microsoft/phi-4-mini-instruct,32,90
microsoft/phi-4-mini-instruct,33,2
microsoft/phi-4-mini-instruct,28,2
microsoft/phi-4-mini-instruct,28,2
microsoft/phi-4-mini-instruct,28,2
microsoft/phi-4-mini-instruct,32,92
microsoft/phi-4-mini-instruct,33,6
microsoft/phi-4-mini-instruct,27,60
microsoft/phi-4-mini-instruct,29,2
microsoft/phi-4-mini-instruct,28,2
microsoft/phi-4-mini-instruct,29,2
microsoft/phi-4-mini-instruct,29,2
microsoft/phi-4-mini-instruct,29,2
microsoft/phi-4-mini-instruct,31,79
microsoft/phi-4-mini-instruct,28,2
microsoft/phi-4-mini-instruct,28,2
microsoft/phi-4-mini-instruct,27,60
microsoft/phi-4-mini-instruct,28,2
microsoft/phi-4-mini-instruct,27,76
microsoft/phi-4-mini-instruct,29,2
microsoft/phi-4-mini-instruct,31,83
microsoft/phi-4-mini-instruct,28,2
microsoft/phi-4-mini-instruct,29,2
microsoft/phi-4-mini-instruct,29,2
microsoft/phi-4-mini-instruct,29,2
microsoft/phi-4-mini-instruct,27,80
microsoft/phi-4-mini-instruct,27,2
microsoft/phi-4-mini-instruct,27,2
microsoft/phi-4-mini-instruct,27,2
microsoft/phi-4-mini-instruct,27,2
microsoft/phi-4-mini-instruct,30,2
microsoft/phi-4-mini-instruct,30,2
microsoft/phi-4-mini-instruct,30,2
microsoft/phi-4-mini-instruct,28,63
microsoft/phi-4-mini-instruct,28,2
microsoft/phi-4-mini-instruct,30,2
microsoft/phi-4-mini-instruct,28,2
microsoft/phi-4-mini-instruct,28,2
microsoft/phi-4-mini-instruct,28,2
microsoft/phi-4-mini-instruct,27,70
microsoft/phi-4-mini-instruct,25,2
microsoft/phi-4-mini-instruct,25,2
microsoft/phi-4-mini-instruct,25,2
microsoft/phi-4-mini-instruct,25,2
microsoft/phi-4-mini-instruct,25,2
microsoft/phi-4-mini-instruct,25,2
microsoft/phi-4-mini-instruct,25,2
microsoft/phi-4-mini-instruct,34,36
microsoft/phi-4-mini-instruct,25,2
microsoft/phi-4-mini-instruct,24,2
microsoft/phi-4-mini-instruct,24,2
microsoft/phi-4-mini-instruct,24,2
microsoft/phi-4-mini-instruct,24,2
microsoft/phi-4-mini-instruct,25,2
microsoft/phi-4-mini-instruct,25,2
microsoft/phi-4-mini-instruct,25,2
microsoft/phi-4-mini-instruct,23,2
microsoft/phi-4-mini-instruct,25,2
microsoft/phi-4-mini-instruct,23,2
microsoft/phi-4-mini-instruct,23,2
microsoft/phi-4-mini-instruct,23,2
microsoft/phi-4-mini-instruct,25,2
microsoft/phi-4-mini-instruct,25,2
microsoft/phi-4-mini-instruct,25,2
microsoft/phi-4-mini-instruct,25,2
microsoft/phi-4-mini-instruct,24,2
microsoft/phi-4-mini-instruct,24,2
microsoft/phi-4-mini-instruct,24,2
microsoft/phi-4-mini-instruct,31,2
microsoft/phi-4-mini-instruct,27,74
microsoft/phi-4-mini-instruct,27,91
microsoft/phi-4-mini-instruct,24,2
microsoft/phi-4-mini-instruct,31,2
microsoft/phi-4-mini-instruct,31,2
microsoft/phi-4-mini-instruct,29,74
microsoft/phi-4-mini-instruct,26,67
microsoft/phi-4-mini-instruct,32,2
microsoft/phi-4-mini-instruct,32,2
microsoft/phi-4-mini-instruct,32,2
microsoft/phi-4-mini-instruct,32,2
microsoft/phi-4-mini-instruct,32,2
microsoft/phi-4-mini-instruct,31,2
microsoft/phi-4-mini-instruct,31,2
microsoft/phi-4-mini-instruct,27,111
microsoft/phi-4-mini-instruct,31,2
microsoft/phi-4-mini-instruct,31,2
microsoft/phi-4-mini-instruct,31,2
microsoft/phi-4-mini-instruct,31,2
microsoft/phi-4-mini-instruct,34,64
microsoft/phi-4-mini-instruct,31,2
microsoft/phi-4-mini-instruct,31,2
microsoft/phi-4-mini-instruct,32,2
microsoft/phi-4-mini-instruct,32,2
microsoft/phi-4-mini-instruct,32,2
microsoft/phi-4-mini-instruct,32,2
microsoft/phi-4-mini-instruct,30,2
microsoft/phi-4-mini-instruct,30,2
microsoft/phi-4-mini-instruct,30,2
microsoft/phi-4-mini-instruct,30,2
microsoft/phi-4-mini-instruct,31,2
microsoft/phi-4-mini-instruct,31,2
microsoft/phi-4-mini-instruct,31,2
microsoft/phi-4-mini-instruct,31,2
microsoft/phi-4-mini-instruct,31,2
microsoft/phi-4-mini-instruct,31,2
microsoft/phi-4-mini-instruct,32,150
microsoft/phi-4-mini-instruct,31,2
microsoft/phi-4-mini-instruct,30,2
microsoft/phi-4-mini-instruct,30,2
microsoft/phi-4-mini-instruct,27,87
microsoft/phi-4-mini-instruct,30,2
microsoft/phi-4-mini-instruct,30,2
microsoft/phi-4-mini-instruct,30,2
microsoft/phi-4-mini-instruct,30,2
microsoft/phi-4-mini-instruct,28,126
microsoft/phi-4-mini-instruct,30,2
microsoft/phi-4-mini-instruct,29,117
microsoft/phi-4-mini-instruct,30,2
microsoft/phi-4-mini-instruct,30,2
microsoft/phi-4-mini-instruct,28,87
microsoft/phi-4-mini-instruct,31,2
microsoft/phi-4-mini-instruct,31,2
microsoft/phi-4-mini-instruct,31,2
microsoft/phi-4-mini-instruct,30,7
microsoft/phi-4-mini-instruct,30,5
microsoft/phi-4-mini-instruct,26,2
microsoft/phi-4-mini-instruct,26,2
microsoft/phi-4-mini-instruct,26,2
microsoft/phi-4-mini-instruct,26,2
microsoft/phi-4-mini-instruct,27,2
microsoft/phi-4-mini-instruct,27,2
microsoft/phi-4-mini-instruct,27,2
microsoft/phi-4-mini-instruct,27,2
microsoft/phi-4-mini-instruct,27,2
microsoft/phi-4-mini-instruct,27,2
microsoft/phi-4-mini-instruct,27,2
microsoft/phi-4-mini-instruct,26,2
microsoft/phi-4-mini-instruct,27,2
microsoft/phi-4-mini-instruct,26,2
microsoft/phi-4-mini-instruct,26,2
microsoft/phi-4-mini-instruct,26,2
microsoft/phi-4-mini-instruct,26,2
microsoft/phi-4-mini-instruct,26,2
microsoft/phi-4-mini-instruct,26,2
microsoft/phi-4-mini-instruct,26,2
microsoft/phi-4-mini-instruct,26,2
microsoft/phi-4-mini-instruct,26,2
microsoft/phi-4-mini-instruct,27,2
microsoft/phi-4-mini-instruct,27,2
microsoft/phi-4-mini-instruct,31,42
microsoft/phi-4-mini-instruct,27,2
microsoft/phi-4-mini-instruct,27,3
microsoft/phi-4-mini-instruct,26,2
microsoft/phi-4-mini-instruct,26,2
microsoft/phi-4-mini-instruct,26,2
microsoft/phi-4-mini-instruct,31,55
microsoft/phi-4-mini-instruct,27,2
microsoft/phi-4-mini-instruct,27,2
microsoft/phi-4-mini-instruct,27,2
microsoft/phi-4-mini-instruct,27,2
microsoft/phi-4-mini-instruct,27,2
microsoft/phi-4-mini-instruct,26,2
microsoft/phi-4-mini-instruct,32,55
microsoft/phi-4-mini-instruct,26,2
microsoft/phi-4-mini-instruct,31,37
microsoft/phi-4-mini-instruct,26,2
microsoft/phi-4-mini-instruct,26,2
microsoft/phi-4-mini-instruct,26,2
microsoft/phi-4-mini-instruct,26,2
microsoft/phi-4-mini-instruct,26,2
microsoft/phi-4-mini-instruct,26,2
microsoft/phi-4-mini-instruct,26,2
microsoft/phi-4-mini-instruct,26,2
microsoft/phi-4-mini-instruct,30,36
microsoft/phi-4-mini-instruct,27,2
microsoft/phi-4-mini-instruct,27,2
microsoft/phi-4-mini-instruct,27,2
microsoft/phi-4-mini-instruct,24,2
microsoft/phi-4-mini-instruct,27,2
microsoft/phi-4-mini-instruct,24,2
microsoft/phi-4-mini-instruct,24,2
microsoft/phi-4-mini-instruct,24,2
microsoft/phi-4-mini-instruct,25,2
microsoft/phi-4-mini-instruct,25,2
microsoft/phi-4-mini-instruct,25,2
microsoft/phi-4-mini-instruct,25,2
microsoft/phi-4-mini-instruct,24,2
microsoft/phi-4-mini-instruct,32,69
microsoft/phi-4-mini-instruct,24,2
microsoft/phi-4-mini-instruct,25,2
microsoft/phi-4-mini-instruct,24,2
microsoft/phi-4-mini-instruct,31,64
microsoft/phi-4-mini-instruct,31,65
microsoft/phi-4-mini-instruct,25,2
microsoft/phi-4-mini-instruct,25,2
microsoft/phi-4-mini-instruct,23,2
microsoft/phi-4-mini-instruct,23,2
microsoft/phi-4-mini-instruct,26,2
microsoft/phi-4-mini-instruct,26,2
microsoft/phi-4-mini-instruct,26,2
microsoft/phi-4-mini-instruct,26,2
microsoft/phi-4-mini-instruct,24,2
microsoft/phi-4-mini-instruct,24,2
microsoft/phi-4-mini-instruct,24,2
microsoft/phi-4-mini-instruct,26,148
microsoft/phi-4-mini-instruct,32,2
microsoft/phi-4-mini-instruct,32,2
microsoft/phi-4-mini-instruct,32,2
microsoft/phi-4-mini-instruct,27,33
microsoft/phi-4-mini-instruct,32,2
microsoft/phi-4-mini-instruct,32,2
microsoft/phi-4-mini-instruct,26,45
microsoft/phi-4-mini-instruct,32,2
microsoft/phi-4-mini-instruct,32,2
microsoft/phi-4-mini-instruct,31,2
microsoft/phi-4-mini-instruct,31,2
microsoft/phi-4-mini-instruct,27,39
microsoft/phi-4-mini-instruct,31,2
microsoft/phi-4-mini-instruct,32,2
microsoft/phi-4-mini-instruct,26,29
microsoft/phi-4-mini-instruct,31,4
microsoft/phi-4-mini-instruct,27,39
microsoft/phi-4-mini-instruct,32,2
microsoft/phi-4-mini-instruct,32,2
microsoft/phi-4-mini-instruct,31,62
microsoft/phi-4-mini-instruct,32,2
microsoft/phi-4-mini-instruct,30,2
microsoft/phi-4-mini-instruct,30,2
microsoft/phi-4-mini-instruct,30,2
microsoft/phi-4-mini-instruct,33,2
microsoft/phi-4-mini-instruct,26,51
microsoft/phi-4-mini-instruct,33,2
microsoft/phi-4-mini-instruct,33,2
microsoft/phi-4-mini-instruct,30,4
microsoft/phi-4-mini-instruct,33,2
microsoft/phi-4-mini-instruct,31,2
microsoft/phi-4-mini-instruct,31,2
microsoft/phi-4-mini-instruct,31,2
microsoft/phi-4-mini-instruct,31,2
microsoft/phi-4-mini-instruct,26,2
microsoft/phi-4-mini-instruct,26,2
microsoft/phi-4-mini-instruct,26,2
microsoft/phi-4-mini-instruct,26,2
microsoft/phi-4-mini-instruct,27,2
microsoft/phi-4-mini-instruct,27,2
microsoft/phi-4-mini-instruct,27,2
microsoft/phi-4-mini-instruct,27,2
microsoft/phi-4-mini-instruct,26,2
microsoft/phi-4-mini-instruct,26,2
microsoft/phi-4-mini-instruct,26,2
microsoft/phi-4-mini-instruct,27,2
microsoft/phi-4-mini-instruct,26,2
microsoft/phi-4-mini-instruct,26,59
microsoft/phi-4-mini-instruct,27,2
microsoft/phi-4-mini-instruct,27,2
microsoft/phi-4-mini-instruct,27,2
microsoft/phi-4-mini-instruct,25,2
microsoft/phi-4-mini-instruct,25,2
microsoft/phi-4-mini-instruct,25,2
microsoft/phi-4-mini-instruct,24,41
microsoft/phi-4-mini-instruct,23,36
microsoft/phi-4-mini-instruct,28,2
microsoft/phi-4-mini-instruct,25,2
microsoft/phi-4-mini-instruct,31,104
microsoft/phi-4-mini-instruct,28,2
microsoft/phi-4-mini-instruct,28,2
microsoft/phi-4-mini-instruct,28,2
microsoft/phi-4-mini-instruct,26,2
microsoft/phi-4-mini-instruct,26,2
microsoft/phi-4-mini-instruct,26,2
microsoft/phi-4-mini-instruct,26,2
microsoft/phi-4-mini-instruct,23,2
microsoft/phi-4-mini-instruct,23,2
microsoft/phi-4-mini-instruct,23,2
microsoft/phi-4-mini-instruct,23,2
microsoft/phi-4-mini-instruct,23,2
microsoft/phi-4-mini-instruct,23,2
microsoft/phi-4-mini-instruct,23,2
microsoft/phi-4-mini-instruct,22,2
microsoft/phi-4-mini-instruct,22,2
microsoft/phi-4-mini-instruct,22,2
microsoft/phi-4-mini-instruct,22,2
microsoft/phi-4-mini-instruct,23,49
microsoft/phi-4-mini-instruct,23,2
microsoft/phi-4-mini-instruct,32,122
microsoft/phi-4-mini-instruct,23,2
microsoft/phi-4-mini-instruct,23,2
microsoft/phi-4-mini-instruct,23,2
microsoft/phi-4-mini-instruct,21,2
microsoft/phi-4-mini-instruct,21,2
microsoft/phi-4-mini-instruct,21,2
microsoft/phi-4-mini-instruct,24,2
microsoft/phi-4-mini-instruct,21,2
microsoft/phi-4-mini-instruct,24,2
microsoft/phi-4-mini-instruct,24,2
microsoft/phi-4-mini-instruct,24,2
microsoft/phi-4-mini-instruct,22,2
microsoft/phi-4-mini-instruct,22,2
microsoft/phi-4-mini-instruct,22,2
microsoft/phi-4-mini-instruct,22,2
microsoft/phi-4-mini-instruct,32,50
microsoft/phi-4-mini-instruct,31,2
microsoft/phi-4-mini-instruct,31,2
microsoft/phi-4-mini-instruct,31,2
microsoft/phi-4-mini-instruct,32,2
microsoft/phi-4-mini-instruct,32,2
microsoft/phi-4-mini-instruct,32,2
microsoft/phi-4-mini-instruct,32,2
microsoft/phi-4-mini-instruct,32,2
microsoft/phi-4-mini-instruct,32,2
microsoft/phi-4-mini-instruct,32,2
microsoft/phi-4-mini-instruct,24,60
microsoft/phi-4-mini-instruct,31,2
microsoft/phi-4-mini-instruct,26,83
microsoft/phi-4-mini-instruct,31,2
microsoft/phi-4-mini-instruct,31,2
microsoft/phi-4-mini-instruct,31,2
microsoft/phi-4-mini-instruct,31,2
microsoft/phi-4-mini-instruct,31,2
microsoft/phi-4-mini-instruct,31,2
microsoft/phi-4-mini-instruct,31,2
microsoft/phi-4-mini-instruct,31,2
microsoft/phi-4-mini-instruct,31,2
microsoft/phi-4-mini-instruct,25,75
microsoft/phi-4-mini-instruct,31,2
microsoft/phi-4-mini-instruct,33,2
microsoft/phi-4-mini-instruct,33,2
microsoft/phi-4-mini-instruct,33,2
microsoft/phi-4-mini-instruct,33,2
microsoft/phi-4-mini-instruct,30,2
microsoft/phi-4-mini-instruct,30,2
microsoft/phi-4-mini-instruct,31,2
microsoft/phi-4-mini-instruct,30,2
microsoft/phi-4-mini-instruct,31,2
microsoft/phi-4-mini-instruct,31,2
microsoft/phi-4-mini-instruct,31,2
microsoft/phi-4-mini-instruct,31,2
microsoft/phi-4-mini-instruct,31,2
microsoft/phi-4-mini-instruct,31,2
microsoft/phi-4-mini-instruct,31,2
microsoft/phi-4-mini-instruct,30,2
microsoft/phi-4-mini-instruct,30,2
microsoft/phi-4-mini-instruct,30,2
microsoft/phi-4-mini-instruct,30,2
microsoft/phi-4-mini-instruct,30,2
microsoft/phi-4-mini-instruct,30,2
microsoft/phi-4-mini-instruct,30,2
microsoft/phi-4-mini-instruct,30,2
microsoft/phi-4-mini-instruct,30,2
microsoft/phi-4-mini-instruct,30,2
microsoft/phi-4-mini-instruct,30,2
microsoft/phi-4-mini-instruct,26,2
microsoft/phi-4-mini-instruct,26,2
microsoft/phi-4-mini-instruct,30,2
microsoft/phi-4-mini-instruct,26,2
microsoft/phi-4-mini-instruct,32,2
microsoft/phi-4-mini-instruct,32,2
microsoft/phi-4-mini-instruct,32,2
microsoft/phi-4-mini-instruct,27,2
microsoft/phi-4-mini-instruct,26,2
microsoft/phi-4-mini-instruct,32,2
microsoft/phi-4-mini-instruct,27,2
microsoft/phi-4-mini-instruct,27,2
microsoft/phi-4-mini-instruct,27,2
microsoft/phi-4-mini-instruct,27,2
microsoft/phi-4-mini-instruct,27,2
microsoft/phi-4-mini-instruct,26,2
microsoft/phi-4-mini-instruct,27,2
microsoft/phi-4-mini-instruct,26,2
microsoft/phi-4-mini-instruct,27,2
microsoft/phi-4-mini-instruct,26,2
microsoft/phi-4-mini-instruct,26,2
microsoft/phi-4-mini-instruct,26,2
microsoft/phi-4-mini-instruct,26,2
microsoft/phi-4-mini-instruct,26,2
microsoft/phi-4-mini-instruct,26,2
microsoft/phi-4-mini-instruct,26,2
microsoft/phi-4-mini-instruct,26,2
microsoft/phi-4-mini-instruct,26,2
microsoft/phi-4-mini-instruct,28,2
microsoft/phi-4-mini-instruct,28,2
microsoft/phi-4-mini-instruct,28,2
microsoft/phi-4-mini-instruct,23,71
microsoft/phi-4-mini-instruct,28,2
microsoft/phi-4-mini-instruct,26,2
microsoft/phi-4-mini-instruct,26,2
microsoft/phi-4-mini-instruct,26,2
microsoft/phi-4-mini-instruct,26,2
microsoft/phi-4-mini-instruct,27,2
microsoft/phi-4-mini-instruct,27,2
microsoft/phi-4-mini-instruct,27,2
microsoft/phi-4-mini-instruct,27,2
microsoft/phi-4-mini-instruct,27,2
microsoft/phi-4-mini-instruct,27,2
microsoft/phi-4-mini-instruct,27,2
microsoft/phi-4-mini-instruct,26,2
microsoft/phi-4-mini-instruct,26,2
microsoft/phi-4-mini-instruct,26,2
microsoft/phi-4-mini-instruct,26,2
microsoft/phi-4-mini-instruct,26,2
microsoft/phi-4-mini-instruct,26,2
microsoft/phi-4-mini-instruct,31,66
microsoft/phi-4-mini-instruct,26,2
microsoft/phi-4-mini-instruct,26,2
microsoft/phi-4-mini-instruct,26,2
microsoft/phi-4-mini-instruct,26,2
microsoft/phi-4-mini-instruct,26,2
microsoft/phi-4-mini-instruct,28,2
microsoft/phi-4-mini-instruct,28,2
microsoft/phi-4-mini-instruct,28,2
microsoft/phi-4-mini-instruct,28,2
microsoft/phi-4-mini-instruct,25,2
microsoft/phi-4-mini-instruct,25,2
microsoft/phi-4-mini-instruct,30,55
microsoft/phi-4-mini-instruct,26,2
microsoft/phi-4-mini-instruct,26,2
microsoft/phi-4-mini-instruct,26,2
microsoft/phi-4-mini-instruct,26,2
microsoft/phi-4-mini-instruct,25,2
microsoft/phi-4-mini-instruct,25,2
microsoft/phi-4-mini-instruct,26,2
microsoft/phi-4-mini-instruct,26,2
microsoft/phi-4-mini-instruct,26,2
microsoft/phi-4-mini-instruct,24,2
microsoft/phi-4-mini-instruct,32,76
microsoft/phi-4-mini-instruct,24,2
microsoft/phi-4-mini-instruct,29,2
microsoft/phi-4-mini-instruct,29,2
microsoft/phi-4-mini-instruct,29,2
microsoft/phi-4-mini-instruct,29,2
microsoft/phi-4-mini-instruct,25,2
microsoft/phi-4-mini-instruct,25,2
microsoft/phi-4-mini-instruct,26,23
microsoft/phi-4-mini-instruct,25,2
microsoft/phi-4-mini-instruct,25,2
microsoft/phi-4-mini-instruct,33,2
microsoft/phi-4-mini-instruct,33,2
microsoft/phi-4-mini-instruct,33,3
microsoft/phi-4-mini-instruct,33,2
microsoft/phi-4-mini-instruct,33,3
microsoft/phi-4-mini-instruct,33,2
microsoft/phi-4-mini-instruct,33,4
microsoft/phi-4-mini-instruct,32,2
microsoft/phi-4-mini-instruct,33,3
microsoft/phi-4-mini-instruct,32,2
microsoft/phi-4-mini-instruct,32,2
microsoft/phi-4-mini-instruct,32,3
microsoft/phi-4-mini-instruct,33,2
microsoft/phi-4-mini-instruct,33,2
microsoft/phi-4-mini-instruct,33,2
microsoft/phi-4-mini-instruct,33,2
microsoft/phi-4-mini-instruct,31,2
microsoft/phi-4-mini-instruct,31,3
microsoft/phi-4-mini-instruct,31,2
microsoft/phi-4-mini-instruct,31,2
microsoft/phi-4-mini-instruct,36,2
microsoft/phi-4-mini-instruct,36,2
microsoft/phi-4-mini-instruct,36,2
microsoft/phi-4-mini-instruct,31,92
microsoft/phi-4-mini-instruct,36,2
microsoft/phi-4-mini-instruct,32,2
microsoft/phi-4-mini-instruct,32,2
microsoft/phi-4-mini-instruct,32,2
microsoft/phi-4-mini-instruct,27,2
microsoft/phi-4-mini-instruct,27,2
microsoft/phi-4-mini-instruct,27,2
microsoft/phi-4-mini-instruct,28,2
microsoft/phi-4-mini-instruct,27,2
microsoft/phi-4-mini-instruct,24,30
microsoft/phi-4-mini-instruct,28,2
microsoft/phi-4-mini-instruct,32,6
microsoft/phi-4-mini-instruct,28,2
microsoft/phi-4-mini-instruct,28,2
microsoft/phi-4-mini-instruct,27,2
microsoft/phi-4-mini-instruct,27,2
microsoft/phi-4-mini-instruct,27,55
microsoft/phi-4-mini-instruct,27,2
microsoft/phi-4-mini-instruct,28,2
microsoft/phi-4-mini-instruct,27,2
microsoft/phi-4-mini-instruct,28,2
microsoft/phi-4-mini-instruct,28,2
microsoft/phi-4-mini-instruct,28,2
microsoft/phi-4-mini-instruct,26,2
microsoft/phi-4-mini-instruct,26,2
microsoft/phi-4-mini-instruct,26,2
microsoft/phi-4-mini-instruct,26,42
microsoft/phi-4-mini-instruct,31,2
microsoft/phi-4-mini-instruct,26,2
microsoft/phi-4-mini-instruct,31,2
microsoft/phi-4-mini-instruct,31,2
microsoft/phi-4-mini-instruct,31,2
microsoft/phi-4-mini-instruct,27,2
microsoft/phi-4-mini-instruct,27,2
microsoft/phi-4-mini-instruct,24,42
microsoft/phi-4-mini-instruct,27,2
microsoft/phi-4-mini-instruct,27,2
microsoft/phi-4-mini-instruct,24,2
microsoft/phi-4-mini-instruct,25,49
microsoft/phi-4-mini-instruct,24,2
microsoft/phi-4-mini-instruct,24,2
microsoft/phi-4-mini-instruct,24,2
microsoft/phi-4-mini-instruct,24,2
microsoft/phi-4-mini-instruct,24,2
microsoft/phi-4-mini-instruct,24,2
microsoft/phi-4-mini-instruct,23,2
microsoft/phi-4-mini-instruct,24,2
microsoft/phi-4-mini-instruct,23,2
microsoft/phi-4-mini-instruct,23,2
microsoft/phi-4-mini-instruct,23,2
microsoft/phi-4-mini-instruct,24,2
microsoft/phi-4-mini-instruct,24,2
microsoft/phi-4-mini-instruct,22,2
microsoft/phi-4-mini-instruct,24,2
microsoft/phi-4-mini-instruct,24,2
microsoft/phi-4-mini-instruct,22,2
microsoft/phi-4-mini-instruct,22,2
microsoft/phi-4-mini-instruct,26,88
microsoft/phi-4-mini-instruct,22,2
microsoft/phi-4-mini-instruct,27,2
microsoft/phi-4-mini-instruct,27,2
microsoft/phi-4-mini-instruct,27,2
microsoft/phi-4-mini-instruct,27,2
microsoft/phi-4-mini-instruct,23,2
microsoft/phi-4-mini-instruct,23,2
microsoft/phi-4-mini-instruct,23,2
microsoft/phi-4-mini-instruct,23,2
microsoft/phi-4-mini-instruct,33,2
microsoft/phi-4-mini-instruct,33,2
microsoft/phi-4-mini-instruct,33,2
microsoft/phi-4-mini-instruct,33,2
microsoft/phi-4-mini-instruct,34,2
microsoft/phi-4-mini-instruct,34,2
microsoft/phi-4-mini-instruct,34,2
microsoft/phi-4-mini-instruct,34,2
microsoft/phi-4-mini-instruct,34,2
microsoft/phi-4-mini-instruct,34,2
microsoft/phi-4-mini-instruct,34,2
microsoft/phi-4-mini-instruct,33,2
microsoft/phi-4-mini-instruct,33,2
microsoft/phi-4-mini-instruct,33,2
microsoft/phi-4-mini-instruct,33,2
microsoft/phi-4-mini-instruct,33,2
microsoft/phi-4-mini-instruct,33,2
microsoft/phi-4-mini-instruct,33,2
microsoft/phi-4-mini-instruct,33,2
microsoft/phi-4-mini-instruct,33,2
microsoft/phi-4-mini-instruct,33,2
microsoft/phi-4-mini-instruct,34,2
microsoft/phi-4-mini-instruct,34,2
microsoft/phi-4-mini-instruct,34,2
microsoft/phi-4-mini-instruct,34,2
microsoft/phi-4-mini-instruct,32,2
microsoft/phi-4-mini-instruct,32,2
microsoft/phi-4-mini-instruct,32,2
microsoft/phi-4-mini-instruct,33,2
microsoft/phi-4-mini-instruct,33,2
microsoft/phi-4-mini-instruct,33,2
microsoft/phi-4-mini-instruct,33,2
microsoft/phi-4-mini-instruct,33,2
microsoft/phi-4-mini-instruct,32,2
microsoft/phi-4-mini-instruct,33,2
microsoft/phi-4-mini-instruct,25,99
microsoft/phi-4-mini-instruct,32,2
microsoft/phi-4-mini-instruct,32,2
microsoft/phi-4-mini-instruct,32,2
microsoft/phi-4-mini-instruct,32,2
microsoft/phi-4-mini-instruct,32,2
microsoft/phi-4-mini-instruct,32,2
microsoft/phi-4-mini-instruct,32,2
microsoft/phi-4-mini-instruct,25,99
microsoft/phi-4-mini-instruct,32,2
microsoft/phi-4-mini-instruct,32,2
microsoft/phi-4-mini-instruct,33,2
microsoft/phi-4-mini-instruct,33,2
microsoft/phi-4-mini-instruct,33,2
microsoft/phi-4-mini-instruct,33,2
microsoft/phi-4-mini-instruct,28,2
microsoft/phi-4-mini-instruct,28,2
microsoft/phi-4-mini-instruct,28,2
microsoft/phi-4-mini-instruct,28,2
microsoft/phi-4-mini-instruct,29,2
microsoft/phi-4-mini-instruct,29,2
microsoft/phi-4-mini-instruct,29,2
microsoft/phi-4-mini-instruct,29,2
microsoft/phi-4-mini-instruct,29,2
microsoft/phi-4-mini-instruct,29,2
microsoft/phi-4-mini-instruct,29,2
microsoft/phi-4-mini-instruct,29,2
microsoft/phi-4-mini-instruct,28,2
microsoft/phi-4-mini-instruct,28,2
microsoft/phi-4-mini-instruct,28,2
microsoft/phi-4-mini-instruct,28,2
microsoft/phi-4-mini-instruct,25,118
microsoft/phi-4-mini-instruct,28,2
microsoft/phi-4-mini-instruct,28,2
microsoft/phi-4-mini-instruct,28,2
microsoft/phi-4-mini-instruct,28,2
microsoft/phi-4-mini-instruct,28,2
microsoft/phi-4-mini-instruct,28,2
microsoft/phi-4-mini-instruct,29,2
microsoft/phi-4-mini-instruct,29,2
microsoft/phi-4-mini-instruct,29,2
microsoft/phi-4-mini-instruct,29,2
microsoft/phi-4-mini-instruct,28,2
microsoft/phi-4-mini-instruct,28,2
microsoft/phi-4-mini-instruct,28,2
microsoft/phi-4-mini-instruct,28,2
microsoft/phi-4-mini-instruct,29,2
microsoft/phi-4-mini-instruct,29,2
microsoft/phi-4-mini-instruct,29,2
microsoft/phi-4-mini-instruct,29,2
microsoft/phi-4-mini-instruct,29,2
microsoft/phi-4-mini-instruct,29,2
microsoft/phi-4-mini-instruct,29,2
microsoft/phi-4-mini-instruct,33,47
microsoft/phi-4-mini-instruct,29,2
microsoft/phi-4-mini-instruct,28,2
microsoft/phi-4-mini-instruct,28,2
microsoft/phi-4-mini-instruct,28,2
microsoft/phi-4-mini-instruct,28,2
microsoft/phi-4-mini-instruct,33,41
microsoft/phi-4-mini-instruct,28,2
microsoft/phi-4-mini-instruct,28,2
microsoft/phi-4-mini-instruct,28,2
microsoft/phi-4-mini-instruct,32,34
microsoft/phi-4-mini-instruct,28,2
microsoft/phi-4-mini-instruct,28,2
microsoft/phi-4-mini-instruct,28,2
microsoft/phi-4-mini-instruct,28,2
microsoft/phi-4-mini-instruct,28,2
microsoft/phi-4-mini-instruct,29,2
microsoft/phi-4-mini-instruct,29,2
microsoft/phi-4-mini-instruct,29,2
microsoft/phi-4-mini-instruct,29,2
microsoft/phi-4-mini-instruct,27,2
microsoft/phi-4-mini-instruct,27,2
microsoft/phi-4-mini-instruct,27,2
microsoft/phi-4-mini-instruct,34,65
microsoft/phi-4-mini-instruct,28,2
microsoft/phi-4-mini-instruct,28,2
microsoft/phi-4-mini-instruct,28,2
microsoft/phi-4-mini-instruct,27,2
microsoft/phi-4-mini-instruct,27,2
microsoft/phi-4-mini-instruct,27,2
microsoft/phi-4-mini-instruct,27,2
microsoft/phi-4-mini-instruct,28,2
microsoft/phi-4-mini-instruct,28,2
microsoft/phi-4-mini-instruct,28,2
microsoft/phi-4-mini-instruct,26,2
microsoft/phi-4-mini-instruct,26,2
microsoft/phi-4-mini-instruct,26,2
microsoft/phi-4-mini-instruct,29,2
microsoft/phi-4-mini-instruct,29,2
microsoft/phi-4-mini-instruct,29,2
microsoft/phi-4-mini-instruct,29,2
microsoft/phi-4-mini-instruct,27,2
microsoft/phi-4-mini-instruct,27,2
microsoft/phi-4-mini-instruct,27,2
microsoft/phi-4-mini-instruct,27,2
microsoft/phi-4-mini-instruct,35,3
microsoft/phi-4-mini-instruct,35,3
microsoft/phi-4-mini-instruct,35,2
microsoft/phi-4-mini-instruct,35,3
microsoft/phi-4-mini-instruct,32,72
microsoft/phi-4-mini-instruct,35,4
microsoft/phi-4-mini-instruct,34,2
microsoft/phi-4-mini-instruct,35,3
microsoft/phi-4-mini-instruct,35,3
microsoft/phi-4-mini-instruct,34,2
microsoft/phi-4-mini-instruct,35,4
microsoft/phi-4-mini-instruct,34,2
microsoft/phi-4-mini-instruct,35,2
microsoft/phi-4-mini-instruct,35,2
microsoft/phi-4-mini-instruct,35,2
microsoft/phi-4-mini-instruct,34,3
microsoft/phi-4-mini-instruct,35,3
microsoft/phi-4-mini-instruct,33,2
microsoft/phi-4-mini-instruct,33,2
microsoft/phi-4-mini-instruct,33,89
microsoft/phi-4-mini-instruct,33,3
microsoft/phi-4-mini-instruct,33,3
microsoft/phi-4-mini-instruct,28,52
microsoft/phi-4-mini-instruct,36,3
microsoft/phi-4-mini-instruct,26,20
microsoft/phi-4-mini-instruct,36,3
microsoft/phi-4-mini-instruct,36,3
microsoft/phi-4-mini-instruct,36,2
microsoft/phi-4-mini-instruct,34,2
microsoft/phi-4-mini-instruct,34,2
microsoft/phi-4-mini-instruct,34,3
microsoft/phi-4-mini-instruct,29,2
microsoft/phi-4-mini-instruct,34,3
microsoft/phi-4-mini-instruct,29,2
microsoft/phi-4-mini-instruct,28,62
microsoft/phi-4-mini-instruct,29,2
microsoft/phi-4-mini-instruct,30,2
microsoft/phi-4-mini-instruct,30,2
microsoft/phi-4-mini-instruct,28,35
microsoft/phi-4-mini-instruct,30,2
microsoft/phi-4-mini-instruct,30,2
microsoft/phi-4-mini-instruct,29,2
microsoft/phi-4-mini-instruct,29,2
microsoft/phi-4-mini-instruct,29,2
microsoft/phi-4-mini-instruct,30,2
microsoft/phi-4-mini-instruct,29,2
microsoft/phi-4-mini-instruct,30,2
microsoft/phi-4-mini-instruct,30,2
microsoft/phi-4-mini-instruct,30,2
microsoft/phi-4-mini-instruct,28,2
microsoft/phi-4-mini-instruct,28,2
microsoft/phi-4-mini-instruct,28,2
microsoft/phi-4-mini-instruct,28,2
microsoft/phi-4-mini-instruct,28,41
microsoft/phi-4-mini-instruct,31,2
microsoft/phi-4-mini-instruct,31,2
microsoft/phi-4-mini-instruct,31,2
microsoft/phi-4-mini-instruct,29,2
microsoft/phi-4-mini-instruct,29,2
microsoft/phi-4-mini-instruct,31,2
microsoft/phi-4-mini-instruct,29,2
microsoft/phi-4-mini-instruct,26,2
microsoft/phi-4-mini-instruct,29,2
microsoft/phi-4-mini-instruct,26,2
microsoft/phi-4-mini-instruct,26,2
microsoft/phi-4-mini-instruct,26,2
microsoft/phi-4-mini-instruct,26,2
microsoft/phi-4-mini-instruct,26,2
microsoft/phi-4-mini-instruct,26,2
microsoft/phi-4-mini-instruct,29,21
microsoft/phi-4-mini-instruct,25,2
microsoft/phi-4-mini-instruct,26,2
microsoft/phi-4-mini-instruct,25,2
microsoft/phi-4-mini-instruct,25,2
microsoft/phi-4-mini-instruct,25,2
microsoft/phi-4-mini-instruct,26,2
microsoft/phi-4-mini-instruct,26,2
microsoft/phi-4-mini-instruct,26,2
microsoft/phi-4-mini-instruct,26,2
microsoft/phi-4-mini-instruct,24,2
microsoft/phi-4-mini-instruct,24,2
microsoft/phi-4-mini-instruct,24,2
microsoft/phi-4-mini-instruct,27,2
microsoft/phi-4-mini-instruct,24,2
microsoft/phi-4-mini-instruct,27,2
microsoft/phi-4-mini-instruct,27,2
microsoft/phi-4-mini-instruct,27,2
microsoft/phi-4-mini-instruct,25,2
microsoft/phi-4-mini-instruct,25,2
microsoft/phi-4-mini-instruct,25,2
microsoft/phi-4-mini-instruct,31,2
microsoft/phi-4-mini-instruct,25,2
microsoft/phi-4-mini-instruct,31,2
microsoft/phi-4-mini-instruct,31,2
microsoft/phi-4-mini-instruct,31,2
microsoft/phi-4-mini-instruct,32,2
microsoft/phi-4-mini-instruct,32,2
microsoft/phi-4-mini-instruct,32,2
microsoft/phi-4-mini-instruct,32,2
microsoft/phi-4-mini-instruct,32,2
microsoft/phi-4-mini-instruct,32,2
microsoft/phi-4-mini-instruct,32,2
microsoft/phi-4-mini-instruct,32,2
microsoft/phi-4-mini-instruct,31,2
microsoft/phi-4-mini-instruct,31,2
microsoft/phi-4-mini-instruct,31,2
microsoft/phi-4-mini-instruct,31,2
microsoft/phi-4-mini-instruct,31,2
microsoft/phi-4-mini-instruct,31,2
microsoft/phi-4-mini-instruct,31,2
microsoft/phi-4-mini-instruct,31,2
microsoft/phi-4-mini-instruct,31,2
microsoft/phi-4-mini-instruct,31,2
microsoft/phi-4-mini-instruct,31,2
microsoft/phi-4-mini-instruct,31,2
microsoft/phi-4-mini-instruct,31,2
microsoft/phi-4-mini-instruct,30,2
microsoft/phi-4-mini-instruct,30,2
microsoft/phi-4-mini-instruct,30,2
microsoft/phi-4-mini-instruct,30,2
microsoft/phi-4-mini-instruct,31,2
microsoft/phi-4-mini-instruct,31,2
microsoft/phi-4-mini-instruct,31,2
microsoft/phi-4-mini-instruct,31,2
microsoft/phi-4-mini-instruct,33,139
microsoft/phi-4-mini-instruct,31,2
microsoft/phi-4-mini-instruct,31,2
microsoft/phi-4-mini-instruct,31,2
microsoft/phi-4-mini-instruct,30,2
microsoft/phi-4-mini-instruct,31,2
microsoft/phi-4-mini-instruct,30,2
microsoft/phi-4-mini-instruct,30,2
microsoft/phi-4-mini-instruct,30,2
microsoft/phi-4-mini-instruct,30,2
microsoft/phi-4-mini-instruct,30,2
microsoft/phi-4-mini-instruct,30,2
microsoft/phi-4-mini-instruct,30,2
microsoft/phi-4-mini-instruct,30,2
microsoft/phi-4-mini-instruct,30,2
microsoft/phi-4-mini-instruct,30,2
microsoft/phi-4-mini-instruct,30,2
microsoft/phi-4-mini-instruct,27,101
microsoft/phi-4-mini-instruct,26,2
microsoft/phi-4-mini-instruct,30,2
microsoft/phi-4-mini-instruct,26,2
microsoft/phi-4-mini-instruct,26,2
microsoft/phi-4-mini-instruct,26,2
microsoft/phi-4-mini-instruct,27,2
microsoft/phi-4-mini-instruct,27,2
microsoft/phi-4-mini-instruct,27,2
microsoft/phi-4-mini-instruct,27,2
microsoft/phi-4-mini-instruct,27,2
microsoft/phi-4-mini-instruct,27,2
microsoft/phi-4-mini-instruct,27,2
microsoft/phi-4-mini-instruct,27,2
microsoft/phi-4-mini-instruct,26,2
microsoft/phi-4-mini-instruct,26,2
microsoft/phi-4-mini-instruct,26,2
microsoft/phi-4-mini-instruct,26,2
microsoft/phi-4-mini-instruct,26,2
microsoft/phi-4-mini-instruct,26,2
microsoft/phi-4-mini-instruct,32,150
microsoft/phi-4-mini-instruct,26,2
microsoft/phi-4-mini-instruct,26,2
microsoft/phi-4-mini-instruct,26,2
microsoft/phi-4-mini-instruct,26,2
microsoft/phi-4-mini-instruct,26,2
microsoft/phi-4-mini-instruct,26,2
microsoft/phi-4-mini-instruct,31,39
microsoft/phi-4-mini-instruct,26,2
microsoft/phi-4-mini-instruct,26,2
microsoft/phi-4-mini-instruct,26,2
microsoft/phi-4-mini-instruct,27,2
microsoft/phi-4-mini-instruct,27,2
microsoft/phi-4-mini-instruct,27,2
microsoft/phi-4-mini-instruct,27,2
microsoft/phi-4-mini-instruct,27,2
microsoft/phi-4-mini-instruct,27,2
microsoft/phi-4-mini-instruct,26,2
microsoft/phi-4-mini-instruct,27,2
microsoft/phi-4-mini-instruct,26,2
microsoft/phi-4-mini-instruct,26,2
microsoft/phi-4-mini-instruct,26,2
microsoft/phi-4-mini-instruct,26,2
microsoft/phi-4-mini-instruct,26,2
microsoft/phi-4-mini-instruct,30,35
microsoft/phi-4-mini-instruct,26,2
microsoft/phi-4-mini-instruct,26,2
microsoft/phi-4-mini-instruct,26,2
microsoft/phi-4-mini-instruct,26,2
microsoft/phi-4-mini-instruct,26,2
microsoft/phi-4-mini-instruct,26,2
microsoft/phi-4-mini-instruct,26,2
microsoft/phi-4-mini-instruct,27,2
microsoft/phi-4-mini-instruct,26,2
microsoft/phi-4-mini-instruct,27,2
microsoft/phi-4-mini-instruct,27,2
microsoft/phi-4-mini-instruct,27,2
microsoft/phi-4-mini-instruct,30,48
microsoft/phi-4-mini-instruct,25,2
microsoft/phi-4-mini-instruct,28,2
microsoft/phi-4-mini-instruct,26,35
microsoft/phi-4-mini-instruct,26,2
microsoft/phi-4-mini-instruct,26,2
microsoft/phi-4-mini-instruct,34,2
microsoft/phi-4-mini-instruct,34,2
microsoft/phi-4-mini-instruct,34,2
microsoft/phi-4-mini-instruct,34,3
microsoft/phi-4-mini-instruct,31,78
microsoft/phi-4-mini-instruct,26,17
microsoft/phi-4-mini-instruct,33,2
microsoft/phi-4-mini-instruct,33,2
microsoft/phi-4-mini-instruct,33,3
microsoft/phi-4-mini-instruct,34,2
microsoft/phi-4-mini-instruct,34,2
microsoft/phi-4-mini-instruct,34,3
microsoft/phi-4-mini-instruct,26,34
microsoft/phi-4-mini-instruct,34,3
microsoft/phi-4-mini-instruct,32,2
microsoft/phi-4-mini-instruct,32,3
microsoft/phi-4-mini-instruct,32,4
microsoft/phi-4-mini-instruct,35,2
microsoft/phi-4-mini-instruct,31,85
microsoft/phi-4-mini-instruct,35,2
microsoft/phi-4-mini-instruct,35,2
microsoft/phi-4-mini-instruct,35,3
microsoft/phi-4-mini-instruct,33,2
microsoft/phi-4-mini-instruct,33,2
microsoft/phi-4-mini-instruct,26,49
microsoft/phi-4-mini-instruct,26,30
microsoft/phi-4-mini-instruct,33,2
microsoft/phi-4-mini-instruct,28,2
microsoft/phi-4-mini-instruct,28,2
microsoft/phi-4-mini-instruct,28,2
microsoft/phi-4-mini-instruct,28,2
microsoft/phi-4-mini-instruct,26,54
microsoft/phi-4-mini-instruct,29,2
microsoft/phi-4-mini-instruct,29,2
microsoft/phi-4-mini-instruct,29,2
microsoft/phi-4-mini-instruct,30,78
microsoft/phi-4-mini-instruct,29,2
microsoft/phi-4-mini-instruct,28,2
microsoft/phi-4-mini-instruct,28,2
microsoft/phi-4-mini-instruct,26,57
microsoft/phi-4-mini-instruct,28,2
microsoft/phi-4-mini-instruct,28,2
microsoft/phi-4-mini-instruct,29,2
microsoft/phi-4-mini-instruct,29,2
microsoft/phi-4-mini-instruct,29,2
microsoft/phi-4-mini-instruct,29,2
microsoft/phi-4-mini-instruct,26,44
microsoft/phi-4-mini-instruct,27,2
microsoft/phi-4-mini-instruct,27,2
microsoft/phi-4-mini-instruct,27,38
microsoft/phi-4-mini-instruct,27,2
microsoft/phi-4-mini-instruct,27,2
microsoft/phi-4-mini-instruct,26,55
microsoft/phi-4-mini-instruct,30,2
microsoft/phi-4-mini-instruct,30,2
microsoft/phi-4-mini-instruct,28,2
microsoft/phi-4-mini-instruct,30,2
microsoft/phi-4-mini-instruct,30,5
microsoft/phi-4-mini-instruct,28,2
microsoft/phi-4-mini-instruct,28,2
microsoft/phi-4-mini-instruct,26,46
microsoft/phi-4-mini-instruct,34,32
microsoft/phi-4-mini-instruct,28,2
microsoft/phi-4-mini-instruct,34,34
microsoft/phi-4-mini-instruct,25,2
microsoft/phi-4-mini-instruct,25,2
microsoft/phi-4-mini-instruct,25,2
microsoft/phi-4-mini-instruct,25,2
microsoft/phi-4-mini-instruct,26,77
microsoft/phi-4-mini-instruct,25,2
microsoft/phi-4-mini-instruct,25,2
microsoft/phi-4-mini-instruct,25,2
microsoft/phi-4-mini-instruct,25,2
microsoft/phi-4-mini-instruct,24,2
microsoft/phi-4-mini-instruct,24,2
microsoft/phi-4-mini-instruct,26,43
microsoft/phi-4-mini-instruct,24,2
microsoft/phi-4-mini-instruct,24,2
microsoft/phi-4-mini-instruct,25,2
microsoft/phi-4-mini-instruct,25,2
microsoft/phi-4-mini-instruct,25,2
microsoft/phi-4-mini-instruct,25,2
microsoft/phi-4-mini-instruct,23,2
microsoft/phi-4-mini-instruct,23,2
microsoft/phi-4-mini-instruct,23,2
microsoft/phi-4-mini-instruct,23,2
microsoft/phi-4-mini-instruct,26,2
microsoft/phi-4-mini-instruct,26,2
microsoft/phi-4-mini-instruct,26,2
microsoft/phi-4-mini-instruct,24,2
microsoft/phi-4-mini-instruct,26,2
microsoft/phi-4-mini-instruct,24,2
microsoft/phi-4-mini-instruct,24,2
microsoft/phi-4-mini-instruct,34,49
microsoft/phi-4-mini-instruct,24,2
microsoft/phi-4-mini-instruct,33,2
microsoft/phi-4-mini-instruct,33,2
microsoft/phi-4-mini-instruct,33,2
microsoft/phi-4-mini-instruct,27,63
microsoft/phi-4-mini-instruct,34,2
microsoft/phi-4-mini-instruct,34,2
microsoft/phi-4-mini-instruct,34,2
microsoft/phi-4-mini-instruct,33,52
microsoft/phi-4-mini-instruct,34,2
microsoft/phi-4-mini-instruct,34,2
microsoft/phi-4-mini-instruct,34,2
microsoft/phi-4-mini-instruct,25,64
microsoft/phi-4-mini-instruct,34,2
microsoft/phi-4-mini-instruct,33,2
microsoft/phi-4-mini-instruct,33,2
microsoft/phi-4-mini-instruct,33,2
microsoft/phi-4-mini-instruct,33,2
microsoft/phi-4-mini-instruct,33,2
microsoft/phi-4-mini-instruct,25,70
microsoft/phi-4-mini-instruct,33,2
microsoft/phi-4-mini-instruct,33,2
microsoft/phi-4-mini-instruct,34,60
microsoft/phi-4-mini-instruct,33,2
microsoft/phi-4-mini-instruct,27,76
microsoft/phi-4-mini-instruct,33,2
microsoft/phi-4-mini-instruct,33,2
microsoft/phi-4-mini-instruct,34,2
microsoft/phi-4-mini-instruct,34,2
microsoft/phi-4-mini-instruct,34,2
microsoft/phi-4-mini-instruct,32,2
microsoft/phi-4-mini-instruct,32,2
microsoft/phi-4-mini-instruct,25,78
microsoft/phi-4-mini-instruct,32,2
microsoft/phi-4-mini-instruct,33,2
microsoft/phi-4-mini-instruct,26,91
microsoft/phi-4-mini-instruct,32,2
microsoft/phi-4-mini-instruct,33,2
microsoft/phi-4-mini-instruct,33,2
microsoft/phi-4-mini-instruct,26,91
microsoft/phi-4-mini-instruct,27,104
microsoft/phi-4-mini-instruct,33,2
microsoft/phi-4-mini-instruct,26,90
microsoft/phi-4-mini-instruct,28,77
microsoft/phi-4-mini-instruct,33,2
microsoft/phi-4-mini-instruct,33,2
microsoft/phi-4-mini-instruct,33,2
microsoft/phi-4-mini-instruct,32,2
microsoft/phi-4-mini-instruct,32,2
microsoft/phi-4-mini-instruct,33,6
microsoft/phi-4-mini-instruct,32,69
microsoft/phi-4-mini-instruct,32,2
microsoft/phi-4-mini-instruct,32,2
microsoft/phi-4-mini-instruct,32,2
microsoft/phi-4-mini-instruct,28,85
microsoft/phi-4-mini-instruct,32,2
microsoft/phi-4-mini-instruct,32,2
microsoft/phi-4-mini-instruct,32,2
microsoft/phi-4-mini-instruct,33,69
microsoft/phi-4-mini-instruct,32,2
microsoft/phi-4-mini-instruct,26,94
microsoft/phi-4-mini-instruct,33,2
microsoft/phi-4-mini-instruct,33,2
microsoft/phi-4-mini-instruct,28,91
microsoft/phi-4-mini-instruct,33,2
microsoft/phi-4-mini-instruct,26,87
microsoft/phi-4-mini-instruct,33,2
microsoft/phi-4-mini-instruct,28,2
microsoft/phi-4-mini-instruct,28,2
microsoft/phi-4-mini-instruct,28,2
microsoft/phi-4-mini-instruct,28,2
microsoft/phi-4-mini-instruct,29,2
microsoft/phi-4-mini-instruct,29,2
microsoft/phi-4-mini-instruct,29,2
microsoft/phi-4-mini-instruct,29,2
microsoft/phi-4-mini-instruct,29,2
microsoft/phi-4-mini-instruct,29,2
microsoft/phi-4-mini-instruct,29,2
microsoft/phi-4-mini-instruct,29,2
microsoft/phi-4-mini-instruct,34,29
microsoft/phi-4-mini-instruct,28,2
microsoft/phi-4-mini-instruct,28,2
microsoft/phi-4-mini-instruct,28,2
microsoft/phi-4-mini-instruct,28,2
microsoft/phi-4-mini-instruct,28,2
microsoft/phi-4-mini-instruct,28,2
microsoft/phi-4-mini-instruct,28,2
microsoft/phi-4-mini-instruct,28,2
microsoft/phi-4-mini-instruct,28,2
microsoft/phi-4-mini-instruct,28,2
microsoft/phi-4-mini-instruct,28,2
microsoft/phi-4-mini-instruct,29,2
microsoft/phi-4-mini-instruct,29,2
microsoft/phi-4-mini-instruct,29,2
microsoft/phi-4-mini-instruct,29,2
microsoft/phi-4-mini-instruct,28,2
microsoft/phi-4-mini-instruct,28,2
microsoft/phi-4-mini-instruct,28,2
microsoft/phi-4-mini-instruct,28,2
microsoft/phi-4-mini-instruct,29,2
microsoft/phi-4-mini-instruct,29,2
microsoft/phi-4-mini-instruct,29,2
microsoft/phi-4-mini-instruct,29,2
microsoft/phi-4-mini-instruct,29,2
microsoft/phi-4-mini-instruct,29,2
microsoft/phi-4-mini-instruct,29,2
microsoft/phi-4-mini-instruct,28,2
microsoft/phi-4-mini-instruct,29,2
microsoft/phi-4-mini-instruct,28,2
microsoft/phi-4-mini-instruct,28,2
microsoft/phi-4-mini-instruct,28,2
microsoft/phi-4-mini-instruct,28,2
microsoft/phi-4-mini-instruct,28,2
microsoft/phi-4-mini-instruct,28,2
microsoft/phi-4-mini-instruct,28,2
microsoft/phi-4-mini-instruct,28,2
microsoft/phi-4-mini-instruct,28,2
microsoft/phi-4-mini-instruct,28,2
microsoft/phi-4-mini-instruct,28,2
microsoft/phi-4-mini-instruct,29,2
microsoft/phi-4-mini-instruct,29,2
microsoft/phi-4-mini-instruct,29,2
microsoft/phi-4-mini-instruct,29,2
microsoft/phi-4-mini-instruct,27,2
microsoft/phi-4-mini-instruct,27,2
microsoft/phi-4-mini-instruct,27,2
microsoft/phi-4-mini-instruct,27,2
microsoft/phi-4-mini-instruct,28,2
microsoft/phi-4-mini-instruct,28,2
microsoft/phi-4-mini-instruct,28,2
microsoft/phi-4-mini-instruct,33,75
microsoft/phi-4-mini-instruct,28,2
microsoft/phi-4-mini-instruct,27,2
microsoft/phi-4-mini-instruct,33,66
microsoft/phi-4-mini-instruct,27,2
microsoft/phi-4-mini-instruct,27,2
microsoft/phi-4-mini-instruct,27,2
microsoft/phi-4-mini-instruct,28,2
microsoft/phi-4-mini-instruct,28,2
microsoft/phi-4-mini-instruct,28,2
microsoft/phi-4-mini-instruct,28,2
microsoft/phi-4-mini-instruct,26,2
microsoft/phi-4-mini-instruct,26,2
microsoft/phi-4-mini-instruct,26,2
microsoft/phi-4-mini-instruct,28,2
microsoft/phi-4-mini-instruct,26,2
microsoft/phi-4-mini-instruct,28,2
microsoft/phi-4-mini-instruct,27,150
microsoft/phi-4-mini-instruct,28,2
microsoft/phi-4-mini-instruct,28,2
microsoft/phi-4-mini-instruct,27,2
microsoft/phi-4-mini-instruct,27,2
microsoft/phi-4-mini-instruct,27,2
microsoft/phi-4-mini-instruct,27,2
microsoft/phi-4-mini-instruct,35,3
microsoft/phi-4-mini-instruct,35,3
microsoft/phi-4-mini-instruct,35,4
microsoft/phi-4-mini-instruct,35,3
microsoft/phi-4-mini-instruct,35,2
microsoft/phi-4-mini-instruct,35,3
microsoft/phi-4-mini-instruct,35,4
microsoft/phi-4-mini-instruct,35,2
microsoft/phi-4-mini-instruct,34,3
microsoft/phi-4-mini-instruct,34,2
microsoft/phi-4-mini-instruct,34,2
microsoft/phi-4-mini-instruct,34,2
microsoft/phi-4-mini-instruct,35,2
microsoft/phi-4-mini-instruct,35,2
microsoft/phi-4-mini-instruct,35,2
microsoft/phi-4-mini-instruct,32,71
microsoft/phi-4-mini-instruct,28,60
microsoft/phi-4-mini-instruct,35,2
microsoft/phi-4-mini-instruct,33,2
microsoft/phi-4-mini-instruct,33,3
microsoft/phi-4-mini-instruct,33,4
microsoft/phi-4-mini-instruct,33,2
microsoft/phi-4-mini-instruct,35,2
microsoft/phi-4-mini-instruct,35,2
microsoft/phi-4-mini-instruct,35,3
microsoft/phi-4-mini-instruct,34,2
microsoft/phi-4-mini-instruct,35,2
microsoft/phi-4-mini-instruct,34,2
microsoft/phi-4-mini-instruct,34,2
microsoft/phi-4-mini-instruct,29,2
microsoft/phi-4-mini-instruct,34,3
microsoft/phi-4-mini-instruct,29,2
microsoft/phi-4-mini-instruct,29,2
microsoft/phi-4-mini-instruct,29,2
microsoft/phi-4-mini-instruct,30,2
microsoft/phi-4-mini-instruct,30,2
microsoft/phi-4-mini-instruct,30,2
microsoft/phi-4-mini-instruct,29,2
microsoft/phi-4-mini-instruct,30,2
microsoft/phi-4-mini-instruct,29,2
microsoft/phi-4-mini-instruct,29,2
microsoft/phi-4-mini-instruct,29,2
microsoft/phi-4-mini-instruct,30,2
microsoft/phi-4-mini-instruct,30,2
microsoft/phi-4-mini-instruct,30,2
microsoft/phi-4-mini-instruct,30,2
microsoft/phi-4-mini-instruct,28,2
microsoft/phi-4-mini-instruct,28,2
microsoft/phi-4-mini-instruct,28,2
microsoft/phi-4-mini-instruct,30,2
microsoft/phi-4-mini-instruct,28,2
microsoft/phi-4-mini-instruct,30,2
microsoft/phi-4-mini-instruct,30,2
microsoft/phi-4-mini-instruct,30,2
microsoft/phi-4-mini-instruct,29,2
microsoft/phi-4-mini-instruct,29,2
microsoft/phi-4-mini-instruct,29,2
microsoft/phi-4-mini-instruct,29,2
microsoft/phi-4-mini-instruct,26,2
microsoft/phi-4-mini-instruct,26,2
microsoft/phi-4-mini-instruct,34,123
microsoft/phi-4-mini-instruct,26,2
microsoft/phi-4-mini-instruct,26,2
microsoft/phi-4-mini-instruct,33,118
microsoft/phi-4-mini-instruct,26,2
microsoft/phi-4-mini-instruct,26,2
microsoft/phi-4-mini-instruct,26,2
microsoft/phi-4-mini-instruct,26,2
microsoft/phi-4-mini-instruct,25,2
microsoft/phi-4-mini-instruct,25,2
microsoft/phi-4-mini-instruct,25,2
microsoft/phi-4-mini-instruct,32,102
microsoft/phi-4-mini-instruct,25,2
microsoft/phi-4-mini-instruct,26,2
microsoft/phi-4-mini-instruct,26,2
microsoft/phi-4-mini-instruct,26,2
microsoft/phi-4-mini-instruct,26,2
microsoft/phi-4-mini-instruct,24,2
microsoft/phi-4-mini-instruct,24,2
microsoft/phi-4-mini-instruct,24,2
microsoft/phi-4-mini-instruct,24,2
microsoft/phi-4-mini-instruct,26,2
microsoft/phi-4-mini-instruct,26,2
microsoft/phi-4-mini-instruct,26,2
microsoft/phi-4-mini-instruct,26,2
microsoft/phi-4-mini-instruct,25,2
microsoft/phi-4-mini-instruct,25,2
microsoft/phi-4-mini-instruct,25,2
microsoft/phi-4-mini-instruct,25,2
microsoft/phi-4-mini-instruct,34,2
microsoft/phi-4-mini-instruct,34,2
microsoft/phi-4-mini-instruct,34,2
microsoft/phi-4-mini-instruct,34,2
microsoft/phi-4-mini-instruct,35,2
microsoft/phi-4-mini-instruct,35,2
microsoft/phi-4-mini-instruct,35,2
microsoft/phi-4-mini-instruct,35,2
microsoft/phi-4-mini-instruct,35,2
microsoft/phi-4-mini-instruct,35,2
microsoft/phi-4-mini-instruct,35,2
microsoft/phi-4-mini-instruct,35,2
microsoft/phi-4-mini-instruct,34,2
microsoft/phi-4-mini-instruct,34,2
microsoft/phi-4-mini-instruct,34,2
microsoft/phi-4-mini-instruct,34,2
microsoft/phi-4-mini-instruct,34,2
microsoft/phi-4-mini-instruct,34,2
microsoft/phi-4-mini-instruct,34,2
microsoft/phi-4-mini-instruct,34,2
microsoft/phi-4-mini-instruct,34,2
microsoft/phi-4-mini-instruct,34,2
microsoft/phi-4-mini-instruct,35,2
microsoft/phi-4-mini-instruct,34,2
microsoft/phi-4-mini-instruct,35,2
microsoft/phi-4-mini-instruct,35,2
microsoft/phi-4-mini-instruct,35,2
microsoft/phi-4-mini-instruct,33,2
microsoft/phi-4-mini-instruct,33,2
microsoft/phi-4-mini-instruct,33,2
microsoft/phi-4-mini-instruct,33,2
microsoft/phi-4-mini-instruct,34,2
microsoft/phi-4-mini-instruct,34,2
microsoft/phi-4-mini-instruct,34,2
microsoft/phi-4-mini-instruct,34,2
microsoft/phi-4-mini-instruct,34,2
microsoft/phi-4-mini-instruct,33,2
microsoft/phi-4-mini-instruct,33,2
microsoft/phi-4-mini-instruct,33,2
microsoft/phi-4-mini-instruct,33,2
microsoft/phi-4-mini-instruct,33,2
microsoft/phi-4-mini-instruct,33,2
microsoft/phi-4-mini-instruct,33,2
microsoft/phi-4-mini-instruct,33,2
microsoft/phi-4-mini-instruct,33,2
microsoft/phi-4-mini-instruct,33,2
microsoft/phi-4-mini-instruct,33,2
microsoft/phi-4-mini-instruct,34,2
microsoft/phi-4-mini-instruct,33,2
microsoft/phi-4-mini-instruct,34,2
microsoft/phi-4-mini-instruct,34,2
microsoft/phi-4-mini-instruct,34,2
microsoft/phi-4-mini-instruct,32,150
microsoft/phi-4-mini-instruct,29,2
microsoft/phi-4-mini-instruct,29,2
microsoft/phi-4-mini-instruct,29,2
microsoft/phi-4-mini-instruct,29,2
microsoft/phi-4-mini-instruct,30,2
microsoft/phi-4-mini-instruct,30,2
microsoft/phi-4-mini-instruct,34,22
microsoft/phi-4-mini-instruct,30,2
microsoft/phi-4-mini-instruct,30,2
microsoft/phi-4-mini-instruct,30,2
microsoft/phi-4-mini-instruct,30,2
microsoft/phi-4-mini-instruct,30,2
microsoft/phi-4-mini-instruct,30,2
microsoft/phi-4-mini-instruct,29,2
microsoft/phi-4-mini-instruct,29,2
microsoft/phi-4-mini-instruct,29,2
microsoft/phi-4-mini-instruct,29,2
microsoft/phi-4-mini-instruct,29,2
microsoft/phi-4-mini-instruct,29,2
microsoft/phi-4-mini-instruct,29,2
microsoft/phi-4-mini-instruct,29,2
microsoft/phi-4-mini-instruct,29,2
microsoft/phi-4-mini-instruct,29,2
microsoft/phi-4-mini-instruct,30,2
microsoft/phi-4-mini-instruct,30,2
microsoft/phi-4-mini-instruct,30,2
microsoft/phi-4-mini-instruct,30,2
microsoft/phi-4-mini-instruct,29,2
microsoft/phi-4-mini-instruct,29,2
microsoft/phi-4-mini-instruct,29,2
microsoft/phi-4-mini-instruct,29,2
microsoft/phi-4-mini-instruct,30,2
microsoft/phi-4-mini-instruct,30,2
microsoft/phi-4-mini-instruct,30,2
microsoft/phi-4-mini-instruct,30,2
microsoft/phi-4-mini-instruct,30,2
microsoft/phi-4-mini-instruct,30,2
microsoft/phi-4-mini-instruct,30,2
microsoft/phi-4-mini-instruct,29,2
microsoft/phi-4-mini-instruct,29,2
microsoft/phi-4-mini-instruct,29,2
microsoft/phi-4-mini-instruct,29,2
microsoft/phi-4-mini-instruct,29,2
microsoft/phi-4-mini-instruct,29,2
microsoft/phi-4-mini-instruct,29,2
microsoft/phi-4-mini-instruct,29,2
microsoft/phi-4-mini-instruct,29,2
microsoft/phi-4-mini-instruct,29,2
microsoft/phi-4-mini-instruct,29,2
microsoft/phi-4-mini-instruct,30,2
microsoft/phi-4-mini-instruct,30,2
microsoft/phi-4-mini-instruct,30,2
microsoft/phi-4-mini-instruct,30,2
microsoft/phi-4-mini-instruct,28,2
microsoft/phi-4-mini-instruct,28,2
microsoft/phi-4-mini-instruct,28,2
microsoft/phi-4-mini-instruct,29,2
microsoft/phi-4-mini-instruct,29,2
microsoft/phi-4-mini-instruct,29,2
microsoft/phi-4-mini-instruct,29,2
microsoft/phi-4-mini-instruct,28,2
microsoft/phi-4-mini-instruct,28,2
microsoft/phi-4-mini-instruct,28,2
microsoft/phi-4-mini-instruct,28,2
microsoft/phi-4-mini-instruct,29,2
microsoft/phi-4-mini-instruct,29,2
microsoft/phi-4-mini-instruct,29,2
microsoft/phi-4-mini-instruct,27,2
microsoft/phi-4-mini-instruct,27,2
microsoft/phi-4-mini-instruct,27,2
microsoft/phi-4-mini-instruct,27,2
microsoft/phi-4-mini-instruct,32,2
microsoft/phi-4-mini-instruct,32,2
microsoft/phi-4-mini-instruct,32,2
microsoft/phi-4-mini-instruct,32,2
microsoft/phi-4-mini-instruct,34,63
microsoft/phi-4-mini-instruct,28,2
microsoft/phi-4-mini-instruct,34,63
microsoft/phi-4-mini-instruct,28,2
microsoft/phi-4-mini-instruct,28,2
microsoft/phi-4-mini-instruct,28,2
microsoft/phi-4-mini-instruct,36,2
microsoft/phi-4-mini-instruct,36,2
microsoft/phi-4-mini-instruct,36,3
microsoft/phi-4-mini-instruct,36,3
microsoft/phi-4-mini-instruct,36,3
microsoft/phi-4-mini-instruct,36,2
microsoft/phi-4-mini-instruct,36,2
microsoft/phi-4-mini-instruct,36,4
microsoft/phi-4-mini-instruct,35,2
microsoft/phi-4-mini-instruct,35,2
microsoft/phi-4-mini-instruct,35,2
microsoft/phi-4-mini-instruct,29,52
microsoft/phi-4-mini-instruct,36,2
microsoft/phi-4-mini-instruct,35,3
microsoft/phi-4-mini-instruct,36,2
microsoft/phi-4-mini-instruct,34,2
microsoft/phi-4-mini-instruct,34,2
microsoft/phi-4-mini-instruct,36,3
microsoft/phi-4-mini-instruct,36,4
microsoft/phi-4-mini-instruct,34,2
microsoft/phi-4-mini-instruct,39,2
microsoft/phi-4-mini-instruct,29,59
microsoft/phi-4-mini-instruct,34,4
microsoft/phi-4-mini-instruct,39,2
microsoft/phi-4-mini-instruct,35,2
microsoft/phi-4-mini-instruct,39,3
microsoft/phi-4-mini-instruct,35,2
microsoft/phi-4-mini-instruct,30,49
microsoft/phi-4-mini-instruct,35,2
microsoft/phi-4-mini-instruct,39,4
microsoft/phi-4-mini-instruct,35,2
microsoft/phi-4-mini-instruct,30,2
microsoft/phi-4-mini-instruct,30,2
microsoft/phi-4-mini-instruct,30,2
microsoft/phi-4-mini-instruct,31,2
microsoft/phi-4-mini-instruct,30,2
microsoft/phi-4-mini-instruct,34,98
microsoft/phi-4-mini-instruct,31,2
microsoft/phi-4-mini-instruct,31,2
microsoft/phi-4-mini-instruct,31,2
microsoft/phi-4-mini-instruct,30,2
microsoft/phi-4-mini-instruct,30,2
microsoft/phi-4-mini-instruct,30,2
microsoft/phi-4-mini-instruct,31,2
microsoft/phi-4-mini-instruct,30,2
microsoft/phi-4-mini-instruct,31,2
microsoft/phi-4-mini-instruct,31,2
microsoft/phi-4-mini-instruct,31,2
microsoft/phi-4-mini-instruct,29,2
microsoft/phi-4-mini-instruct,29,2
microsoft/phi-4-mini-instruct,29,2
microsoft/phi-4-mini-instruct,29,2
microsoft/phi-4-mini-instruct,34,2
microsoft/phi-4-mini-instruct,34,2
microsoft/phi-4-mini-instruct,34,2
microsoft/phi-4-mini-instruct,34,2
microsoft/phi-4-mini-instruct,30,2
microsoft/phi-4-mini-instruct,30,2
microsoft/phi-4-mini-instruct,30,2
microsoft/phi-4-mini-instruct,30,2
microsoft/phi-4-mini-instruct,27,2
microsoft/phi-4-mini-instruct,27,2
microsoft/phi-4-mini-instruct,27,2
microsoft/phi-4-mini-instruct,27,2
microsoft/phi-4-mini-instruct,27,2
microsoft/phi-4-mini-instruct,27,2
microsoft/phi-4-mini-instruct,27,2
microsoft/phi-4-mini-instruct,27,2
microsoft/phi-4-mini-instruct,26,2
microsoft/phi-4-mini-instruct,26,2
microsoft/phi-4-mini-instruct,26,2
microsoft/phi-4-mini-instruct,26,2
microsoft/phi-4-mini-instruct,27,2
microsoft/phi-4-mini-instruct,27,2
microsoft/phi-4-mini-instruct,27,2
microsoft/phi-4-mini-instruct,28,61
microsoft/phi-4-mini-instruct,27,2
microsoft/phi-4-mini-instruct,25,2
microsoft/phi-4-mini-instruct,25,2
microsoft/phi-4-mini-instruct,25,2
microsoft/phi-4-mini-instruct,30,2
microsoft/phi-4-mini-instruct,25,2
microsoft/phi-4-mini-instruct,29,59
microsoft/phi-4-mini-instruct,30,2
microsoft/phi-4-mini-instruct,30,2
microsoft/phi-4-mini-instruct,30,2
microsoft/phi-4-mini-instruct,29,78
microsoft/phi-4-mini-instruct,26,2
microsoft/phi-4-mini-instruct,26,2
microsoft/phi-4-mini-instruct,26,2
microsoft/phi-4-mini-instruct,26,2
microsoft/phi-4-mini-instruct,86,30
microsoft/phi-4-mini-instruct,86,30
microsoft/phi-4-mini-instruct,86,30
microsoft/phi-4-mini-instruct,90,30
microsoft/phi-4-mini-instruct,86,30
microsoft/phi-4-mini-instruct,90,30
microsoft/phi-4-mini-instruct,90,30
microsoft/phi-4-mini-instruct,88,30
microsoft/phi-4-mini-instruct,88,30
microsoft/phi-4-mini-instruct,88,30
microsoft/phi-4-mini-instruct,88,30
microsoft/phi-4-mini-instruct,86,30
microsoft/phi-4-mini-instruct,86,30
microsoft/phi-4-mini-instruct,86,30
microsoft/phi-4-mini-instruct,86,30
microsoft/phi-4-mini-instruct,87,30
microsoft/phi-4-mini-instruct,87,30
microsoft/phi-4-mini-instruct,87,30
microsoft/phi-4-mini-instruct,87,30
microsoft/phi-4-mini-instruct,87,30
microsoft/phi-4-mini-instruct,89,30
microsoft/phi-4-mini-instruct,89,30
microsoft/phi-4-mini-instruct,88,30
microsoft/phi-4-mini-instruct,88,30
microsoft/phi-4-mini-instruct,88,30
microsoft/phi-4-mini-instruct,88,30
microsoft/phi-4-mini-instruct,90,30
microsoft/phi-4-mini-instruct,90,30
microsoft/phi-4-mini-instruct,90,30
microsoft/phi-4-mini-instruct,90,30
microsoft/phi-4-mini-instruct,85,30
microsoft/phi-4-mini-instruct,85,30
microsoft/phi-4-mini-instruct,85,30
microsoft/phi-4-mini-instruct,85,30
microsoft/phi-4-mini-instruct,89,30
microsoft/phi-4-mini-instruct,89,49
microsoft/phi-4-mini-instruct,89,30
microsoft/phi-4-mini-instruct,89,30
microsoft/phi-4-mini-instruct,89,49
microsoft/phi-4-mini-instruct,89,30
microsoft/phi-4-mini-instruct,88,30
microsoft/phi-4-mini-instruct,89,49
microsoft/phi-4-mini-instruct,88,30
microsoft/phi-4-mini-instruct,88,30
microsoft/phi-4-mini-instruct,88,30
microsoft/phi-4-mini-instruct,89,30
microsoft/phi-4-mini-instruct,87,49
microsoft/phi-4-mini-instruct,89,30
microsoft/phi-4-mini-instruct,89,30
microsoft/phi-4-mini-instruct,89,30
microsoft/phi-4-mini-instruct,89,30
microsoft/phi-4-mini-instruct,87,49
microsoft/phi-4-mini-instruct,89,30
microsoft/phi-4-mini-instruct,89,30
microsoft/phi-4-mini-instruct,93,30
microsoft/phi-4-mini-instruct,89,30
microsoft/phi-4-mini-instruct,93,30
microsoft/phi-4-mini-instruct,93,30
microsoft/phi-4-mini-instruct,93,30
microsoft/phi-4-mini-instruct,89,50
microsoft/phi-4-mini-instruct,90,105
microsoft/phi-4-mini-instruct,87,115
microsoft/phi-4-mini-instruct,89,129
microsoft/phi-4-mini-instruct,89,151
nvidia/nemotron-mini-4b-instruct,39,3
nvidia/nemotron-mini-4b-instruct,39,3
nvidia/nemotron-mini-4b-instruct,39,3
nvidia/nemotron-mini-4b-instruct,39,3
nvidia/nemotron-mini-4b-instruct,40,3
nvidia/nemotron-mini-4b-instruct,40,3
nvidia/nemotron-mini-4b-instruct,40,3
nvidia/nemotron-mini-4b-instruct,40,3
nvidia/nemotron-mini-4b-instruct,40,3
nvidia/nemotron-mini-4b-instruct,40,3
nvidia/nemotron-mini-4b-instruct,40,3
nvidia/nemotron-mini-4b-instruct,39,3
nvidia/nemotron-mini-4b-instruct,39,3
nvidia/nemotron-mini-4b-instruct,39,3
nvidia/nemotron-mini-4b-instruct,39,3
nvidia/nemotron-mini-4b-instruct,39,3
nvidia/nemotron-mini-4b-instruct,39,3
nvidia/nemotron-mini-4b-instruct,39,3
nvidia/nemotron-mini-4b-instruct,39,3
nvidia/nemotron-mini-4b-instruct,39,3
nvidia/nemotron-mini-4b-instruct,40,3
nvidia/nemotron-mini-4b-instruct,40,3
nvidia/nemotron-mini-4b-instruct,39,13
nvidia/nemotron-mini-4b-instruct,40,3
nvidia/nemotron-mini-4b-instruct,40,3
nvidia/nemotron-mini-4b-instruct,37,3
nvidia/nemotron-mini-4b-instruct,37,3
nvidia/nemotron-mini-4b-instruct,37,3
nvidia/nemotron-mini-4b-instruct,37,3
nvidia/nemotron-mini-4b-instruct,38,3
nvidia/nemotron-mini-4b-instruct,38,3
nvidia/nemotron-mini-4b-instruct,38,3
nvidia/nemotron-mini-4b-instruct,38,3
nvidia/nemotron-mini-4b-instruct,38,3
nvidia/nemotron-mini-4b-instruct,38,3
nvidia/nemotron-mini-4b-instruct,38,3
nvidia/nemotron-mini-4b-instruct,38,3
nvidia/nemotron-mini-4b-instruct,37,3
nvidia/nemotron-mini-4b-instruct,37,3
nvidia/nemotron-mini-4b-instruct,37,3
nvidia/nemotron-mini-4b-instruct,37,3
nvidia/nemotron-mini-4b-instruct,37,3
nvidia/nemotron-mini-4b-instruct,37,3
nvidia/nemotron-mini-4b-instruct,37,3
nvidia/nemotron-mini-4b-instruct,37,3
nvidia/nemotron-mini-4b-instruct,37,3
nvidia/nemotron-mini-4b-instruct,37,3
nvidia/nemotron-mini-4b-instruct,37,3
nvidia/nemotron-mini-4b-instruct,37,3
nvidia/nemotron-mini-4b-instruct,38,3
nvidia/nemotron-mini-4b-instruct,38,3
nvidia/nemotron-mini-4b-instruct,38,3
nvidia/nemotron-mini-4b-instruct,38,3
nvidia/nemotron-mini-4b-instruct,34,3
nvidia/nemotron-mini-4b-instruct,34,3
nvidia/nemotron-mini-4b-instruct,34,3
nvidia/nemotron-mini-4b-instruct,34,3
nvidia/nemotron-mini-4b-instruct,35,3
nvidia/nemotron-mini-4b-instruct,35,3
nvidia/nemotron-mini-4b-instruct,35,3
nvidia/nemotron-mini-4b-instruct,35,3
nvidia/nemotron-mini-4b-instruct,35,3
nvidia/nemotron-mini-4b-instruct,35,3
nvidia/nemotron-mini-4b-instruct,35,3
nvidia/nemotron-mini-4b-instruct,35,3
nvidia/nemotron-mini-4b-instruct,34,3
nvidia/nemotron-mini-4b-instruct,34,3
nvidia/nemotron-mini-4b-instruct,34,3
nvidia/nemotron-mini-4b-instruct,34,3
nvidia/nemotron-mini-4b-instruct,34,3
nvidia/nemotron-mini-4b-instruct,34,3
nvidia/nemotron-mini-4b-instruct,34,3
nvidia/nemotron-mini-4b-instruct,34,3
nvidia/nemotron-mini-4b-instruct,34,3
nvidia/nemotron-mini-4b-instruct,34,3
nvidia/nemotron-mini-4b-instruct,34,3
nvidia/nemotron-mini-4b-instruct,35,3
nvidia/nemotron-mini-4b-instruct,35,3
nvidia/nemotron-mini-4b-instruct,35,3
nvidia/nemotron-mini-4b-instruct,34,3
nvidia/nemotron-mini-4b-instruct,34,3
nvidia/nemotron-mini-4b-instruct,34,3
nvidia/nemotron-mini-4b-instruct,34,3
nvidia/nemotron-mini-4b-instruct,39,61
nvidia/nemotron-mini-4b-instruct,35,3
nvidia/nemotron-mini-4b-instruct,35,3
nvidia/nemotron-mini-4b-instruct,35,3
nvidia/nemotron-mini-4b-instruct,35,3
nvidia/nemotron-mini-4b-instruct,35,3
nvidia/nemotron-mini-4b-instruct,35,3
nvidia/nemotron-mini-4b-instruct,35,3
nvidia/nemotron-mini-4b-instruct,35,3
nvidia/nemotron-mini-4b-instruct,34,3
nvidia/nemotron-mini-4b-instruct,34,3
nvidia/nemotron-mini-4b-instruct,34,3
nvidia/nemotron-mini-4b-instruct,34,3
nvidia/nemotron-mini-4b-instruct,34,3
nvidia/nemotron-mini-4b-instruct,34,3
nvidia/nemotron-mini-4b-instruct,40,81
nvidia/nemotron-mini-4b-instruct,34,3
nvidia/nemotron-mini-4b-instruct,34,3
nvidia/nemotron-mini-4b-instruct,34,3
nvidia/nemotron-mini-4b-instruct,34,3
nvidia/nemotron-mini-4b-instruct,34,3
nvidia/nemotron-mini-4b-instruct,35,3
nvidia/nemotron-mini-4b-instruct,35,3
nvidia/nemotron-mini-4b-instruct,35,3
nvidia/nemotron-mini-4b-instruct,35,3
nvidia/nemotron-mini-4b-instruct,32,3
nvidia/nemotron-mini-4b-instruct,32,3
nvidia/nemotron-mini-4b-instruct,33,3
nvidia/nemotron-mini-4b-instruct,33,3
nvidia/nemotron-mini-4b-instruct,33,3
nvidia/nemotron-mini-4b-instruct,32,3
nvidia/nemotron-mini-4b-instruct,32,3
nvidia/nemotron-mini-4b-instruct,32,3
nvidia/nemotron-mini-4b-instruct,32,3
nvidia/nemotron-mini-4b-instruct,33,3
nvidia/nemotron-mini-4b-instruct,33,3
nvidia/nemotron-mini-4b-instruct,33,3
nvidia/nemotron-mini-4b-instruct,33,3
nvidia/nemotron-mini-4b-instruct,35,43
nvidia/nemotron-mini-4b-instruct,33,3
nvidia/nemotron-mini-4b-instruct,32,3
nvidia/nemotron-mini-4b-instruct,39,106
nvidia/nemotron-mini-4b-instruct,32,3
nvidia/nemotron-mini-4b-instruct,41,3
nvidia/nemotron-mini-4b-instruct,41,3
nvidia/nemotron-mini-4b-instruct,41,3
nvidia/nemotron-mini-4b-instruct,41,3
nvidia/nemotron-mini-4b-instruct,41,3
nvidia/nemotron-mini-4b-instruct,41,3
nvidia/nemotron-mini-4b-instruct,41,3
nvidia/nemotron-mini-4b-instruct,41,3
nvidia/nemotron-mini-4b-instruct,41,3
nvidia/nemotron-mini-4b-instruct,41,3
nvidia/nemotron-mini-4b-instruct,41,3
nvidia/nemotron-mini-4b-instruct,41,3
nvidia/nemotron-mini-4b-instruct,41,3
nvidia/nemotron-mini-4b-instruct,41,3
nvidia/nemotron-mini-4b-instruct,41,3
nvidia/nemotron-mini-4b-instruct,41,3
nvidia/nemotron-mini-4b-instruct,40,3
nvidia/nemotron-mini-4b-instruct,40,3
nvidia/nemotron-mini-4b-instruct,40,3
nvidia/nemotron-mini-4b-instruct,42,3
nvidia/nemotron-mini-4b-instruct,42,3
nvidia/nemotron-mini-4b-instruct,42,3
nvidia/nemotron-mini-4b-instruct,42,3
nvidia/nemotron-mini-4b-instruct,41,3
nvidia/nemotron-mini-4b-instruct,34,3
nvidia/nemotron-mini-4b-instruct,34,3
nvidia/nemotron-mini-4b-instruct,34,3
nvidia/nemotron-mini-4b-instruct,34,3
nvidia/nemotron-mini-4b-instruct,35,3
nvidia/nemotron-mini-4b-instruct,35,3
nvidia/nemotron-mini-4b-instruct,34,91
nvidia/nemotron-mini-4b-instruct,35,3
nvidia/nemotron-mini-4b-instruct,35,3
nvidia/nemotron-mini-4b-instruct,34,3
nvidia/nemotron-mini-4b-instruct,34,3
nvidia/nemotron-mini-4b-instruct,34,3
nvidia/nemotron-mini-4b-instruct,34,3
nvidia/nemotron-mini-4b-instruct,35,3
nvidia/nemotron-mini-4b-instruct,35,3
nvidia/nemotron-mini-4b-instruct,35,3
nvidia/nemotron-mini-4b-instruct,35,3
nvidia/nemotron-mini-4b-instruct,34,3
nvidia/nemotron-mini-4b-instruct,34,3
nvidia/nemotron-mini-4b-instruct,35,3
nvidia/nemotron-mini-4b-instruct,35,3
nvidia/nemotron-mini-4b-instruct,35,3
nvidia/nemotron-mini-4b-instruct,33,52
nvidia/nemotron-mini-4b-instruct,35,3
nvidia/nemotron-mini-4b-instruct,34,3
nvidia/nemotron-mini-4b-instruct,32,3
nvidia/nemotron-mini-4b-instruct,32,3
nvidia/nemotron-mini-4b-instruct,32,3
nvidia/nemotron-mini-4b-instruct,34,81
nvidia/nemotron-mini-4b-instruct,32,3
nvidia/nemotron-mini-4b-instruct,33,3
nvidia/nemotron-mini-4b-instruct,33,3
nvidia/nemotron-mini-4b-instruct,32,3
nvidia/nemotron-mini-4b-instruct,32,3
nvidia/nemotron-mini-4b-instruct,32,3
nvidia/nemotron-mini-4b-instruct,32,3
nvidia/nemotron-mini-4b-instruct,33,3
nvidia/nemotron-mini-4b-instruct,33,3
nvidia/nemotron-mini-4b-instruct,33,3
nvidia/nemotron-mini-4b-instruct,33,3
nvidia/nemotron-mini-4b-instruct,32,3
nvidia/nemotron-mini-4b-instruct,32,3
nvidia/nemotron-mini-4b-instruct,41,46
nvidia/nemotron-mini-4b-instruct,32,3
nvidia/nemotron-mini-4b-instruct,34,3
nvidia/nemotron-mini-4b-instruct,34,3
nvidia/nemotron-mini-4b-instruct,32,94
nvidia/nemotron-mini-4b-instruct,34,3
nvidia/nemotron-mini-4b-instruct,32,92
nvidia/nemotron-mini-4b-instruct,40,3
nvidia/nemotron-mini-4b-instruct,41,3
nvidia/nemotron-mini-4b-instruct,41,58
nvidia/nemotron-mini-4b-instruct,41,3
nvidia/nemotron-mini-4b-instruct,41,3
nvidia/nemotron-mini-4b-instruct,41,3
nvidia/nemotron-mini-4b-instruct,40,3
nvidia/nemotron-mini-4b-instruct,34,53
nvidia/nemotron-mini-4b-instruct,40,3
nvidia/nemotron-mini-4b-instruct,34,55
nvidia/nemotron-mini-4b-instruct,40,3
nvidia/nemotron-mini-4b-instruct,42,3
nvidia/nemotron-mini-4b-instruct,32,105
nvidia/nemotron-mini-4b-instruct,42,3
nvidia/nemotron-mini-4b-instruct,42,3
nvidia/nemotron-mini-4b-instruct,42,3
nvidia/nemotron-mini-4b-instruct,38,3
nvidia/nemotron-mini-4b-instruct,38,3
nvidia/nemotron-mini-4b-instruct,38,3
nvidia/nemotron-mini-4b-instruct,38,3
nvidia/nemotron-mini-4b-instruct,39,3
nvidia/nemotron-mini-4b-instruct,39,3
nvidia/nemotron-mini-4b-instruct,33,35
nvidia/nemotron-mini-4b-instruct,39,3
nvidia/nemotron-mini-4b-instruct,39,3
nvidia/nemotron-mini-4b-instruct,39,3
nvidia/nemotron-mini-4b-instruct,39,3
nvidia/nemotron-mini-4b-instruct,39,3
nvidia/nemotron-mini-4b-instruct,39,3
nvidia/nemotron-mini-4b-instruct,38,3
nvidia/nemotron-mini-4b-instruct,38,3
nvidia/nemotron-mini-4b-instruct,38,3
nvidia/nemotron-mini-4b-instruct,38,3
nvidia/nemotron-mini-4b-instruct,38,3
nvidia/nemotron-mini-4b-instruct,38,3
nvidia/nemotron-mini-4b-instruct,38,3
nvidia/nemotron-mini-4b-instruct,38,3
nvidia/nemotron-mini-4b-instruct,38,3
nvidia/nemotron-mini-4b-instruct,38,3
nvidia/nemotron-mini-4b-instruct,38,3
nvidia/nemotron-mini-4b-instruct,38,3
nvidia/nemotron-mini-4b-instruct,40,3
nvidia/nemotron-mini-4b-instruct,32,56
nvidia/nemotron-mini-4b-instruct,40,3
nvidia/nemotron-mini-4b-instruct,40,3
nvidia/nemotron-mini-4b-instruct,40,3
nvidia/nemotron-mini-4b-instruct,36,3
nvidia/nemotron-mini-4b-instruct,36,3
nvidia/nemotron-mini-4b-instruct,33,58
nvidia/nemotron-mini-4b-instruct,33,150
nvidia/nemotron-mini-4b-instruct,34,87
nvidia/nemotron-mini-4b-instruct,35,3
nvidia/nemotron-mini-4b-instruct,33,66
nvidia/nemotron-mini-4b-instruct,40,66
nvidia/nemotron-mini-4b-instruct,32,150
nvidia/nemotron-mini-4b-instruct,32,150
nvidia/nemotron-mini-4b-instruct,35,3
nvidia/nemotron-mini-4b-instruct,32,150
nvidia/nemotron-mini-4b-instruct,35,3
nvidia/nemotron-mini-4b-instruct,33,150
nvidia/nemotron-mini-4b-instruct,40,55
nvidia/nemotron-mini-4b-instruct,40,62
nvidia/nemotron-mini-4b-instruct,35,3
nvidia/nemotron-mini-4b-instruct,33,150
nvidia/nemotron-mini-4b-instruct,40,132
nvidia/nemotron-mini-4b-instruct,36,3
nvidia/nemotron-mini-4b-instruct,36,3
nvidia/nemotron-mini-4b-instruct,36,3
nvidia/nemotron-mini-4b-instruct,36,3
nvidia/nemotron-mini-4b-instruct,36,3
nvidia/nemotron-mini-4b-instruct,36,3
nvidia/nemotron-mini-4b-instruct,32,150
nvidia/nemotron-mini-4b-instruct,32,150
nvidia/nemotron-mini-4b-instruct,36,3
nvidia/nemotron-mini-4b-instruct,36,3
nvidia/nemotron-mini-4b-instruct,35,3
nvidia/nemotron-mini-4b-instruct,41,77
nvidia/nemotron-mini-4b-instruct,35,3
nvidia/nemotron-mini-4b-instruct,35,3
nvidia/nemotron-mini-4b-instruct,35,3
nvidia/nemotron-mini-4b-instruct,35,3
nvidia/nemotron-mini-4b-instruct,40,72
nvidia/nemotron-mini-4b-instruct,35,3
nvidia/nemotron-mini-4b-instruct,34,117
nvidia/nemotron-mini-4b-instruct,40,88
nvidia/nemotron-mini-4b-instruct,37,3
nvidia/nemotron-mini-4b-instruct,37,3
nvidia/nemotron-mini-4b-instruct,37,3
nvidia/nemotron-mini-4b-instruct,37,3
nvidia/nemotron-mini-4b-instruct,40,76
nvidia/nemotron-mini-4b-instruct,31,3
nvidia/nemotron-mini-4b-instruct,40,87
nvidia/nemotron-mini-4b-instruct,41,88
nvidia/nemotron-mini-4b-instruct,32,3
nvidia/nemotron-mini-4b-instruct,32,3
nvidia/nemotron-mini-4b-instruct,32,3
nvidia/nemotron-mini-4b-instruct,40,87
nvidia/nemotron-mini-4b-instruct,31,3
nvidia/nemotron-mini-4b-instruct,41,150
nvidia/nemotron-mini-4b-instruct,31,3
nvidia/nemotron-mini-4b-instruct,40,88
nvidia/nemotron-mini-4b-instruct,40,89
nvidia/nemotron-mini-4b-instruct,32,3
nvidia/nemotron-mini-4b-instruct,32,3
nvidia/nemotron-mini-4b-instruct,32,3
nvidia/nemotron-mini-4b-instruct,32,3
nvidia/nemotron-mini-4b-instruct,31,3
nvidia/nemotron-mini-4b-instruct,40,96
nvidia/nemotron-mini-4b-instruct,35,59
nvidia/nemotron-mini-4b-instruct,36,67
nvidia/nemotron-mini-4b-instruct,33,5
nvidia/nemotron-mini-4b-instruct,40,3
nvidia/nemotron-mini-4b-instruct,40,3
nvidia/nemotron-mini-4b-instruct,40,3
nvidia/nemotron-mini-4b-instruct,40,3
nvidia/nemotron-mini-4b-instruct,40,3
nvidia/nemotron-mini-4b-instruct,41,119
nvidia/nemotron-mini-4b-instruct,34,150
nvidia/nemotron-mini-4b-instruct,40,3
nvidia/nemotron-mini-4b-instruct,40,3
nvidia/nemotron-mini-4b-instruct,35,68
nvidia/nemotron-mini-4b-instruct,40,3
nvidia/nemotron-mini-4b-instruct,40,3
nvidia/nemotron-mini-4b-instruct,40,3
nvidia/nemotron-mini-4b-instruct,40,3
nvidia/nemotron-mini-4b-instruct,40,3
nvidia/nemotron-mini-4b-instruct,40,3
nvidia/nemotron-mini-4b-instruct,40,3
nvidia/nemotron-mini-4b-instruct,33,150
nvidia/nemotron-mini-4b-instruct,40,3
nvidia/nemotron-mini-4b-instruct,40,3
nvidia/nemotron-mini-4b-instruct,39,3
nvidia/nemotron-mini-4b-instruct,33,150
nvidia/nemotron-mini-4b-instruct,39,3
nvidia/nemotron-mini-4b-instruct,39,3
nvidia/nemotron-mini-4b-instruct,39,3
nvidia/nemotron-mini-4b-instruct,35,86
nvidia/nemotron-mini-4b-instruct,42,3
nvidia/nemotron-mini-4b-instruct,41,126
nvidia/nemotron-mini-4b-instruct,42,3
nvidia/nemotron-mini-4b-instruct,42,3
nvidia/nemotron-mini-4b-instruct,42,3
nvidia/nemotron-mini-4b-instruct,40,3
nvidia/nemotron-mini-4b-instruct,37,72
nvidia/nemotron-mini-4b-instruct,40,3
nvidia/nemotron-mini-4b-instruct,33,3
nvidia/nemotron-mini-4b-instruct,33,3
nvidia/nemotron-mini-4b-instruct,35,82
nvidia/nemotron-mini-4b-instruct,36,90
nvidia/nemotron-mini-4b-instruct,35,86
nvidia/nemotron-mini-4b-instruct,33,3
nvidia/nemotron-mini-4b-instruct,34,3
nvidia/nemotron-mini-4b-instruct,34,3
nvidia/nemotron-mini-4b-instruct,34,3
nvidia/nemotron-mini-4b-instruct,34,150
nvidia/nemotron-mini-4b-instruct,31,39
nvidia/nemotron-mini-4b-instruct,34,3
nvidia/nemotron-mini-4b-instruct,33,3
nvidia/nemotron-mini-4b-instruct,33,3
nvidia/nemotron-mini-4b-instruct,35,88
nvidia/nemotron-mini-4b-instruct,33,150
nvidia/nemotron-mini-4b-instruct,33,3
nvidia/nemotron-mini-4b-instruct,33,3
nvidia/nemotron-mini-4b-instruct,35,65
nvidia/nemotron-mini-4b-instruct,34,3
nvidia/nemotron-mini-4b-instruct,37,86
nvidia/nemotron-mini-4b-instruct,40,150
nvidia/nemotron-mini-4b-instruct,34,3
nvidia/nemotron-mini-4b-instruct,34,3
nvidia/nemotron-mini-4b-instruct,34,3
nvidia/nemotron-mini-4b-instruct,33,3
nvidia/nemotron-mini-4b-instruct,36,102
nvidia/nemotron-mini-4b-instruct,31,66
nvidia/nemotron-mini-4b-instruct,33,3
nvidia/nemotron-mini-4b-instruct,33,3
nvidia/nemotron-mini-4b-instruct,35,3
nvidia/nemotron-mini-4b-instruct,35,3
nvidia/nemotron-mini-4b-instruct,35,83
nvidia/nemotron-mini-4b-instruct,35,3
nvidia/nemotron-mini-4b-instruct,35,3
nvidia/nemotron-mini-4b-instruct,33,3
nvidia/nemotron-mini-4b-instruct,33,3
nvidia/nemotron-mini-4b-instruct,33,3
nvidia/nemotron-mini-4b-instruct,31,3
nvidia/nemotron-mini-4b-instruct,31,3
nvidia/nemotron-mini-4b-instruct,31,3
nvidia/nemotron-mini-4b-instruct,36,118
nvidia/nemotron-mini-4b-instruct,37,102
nvidia/nemotron-mini-4b-instruct,32,3
nvidia/nemotron-mini-4b-instruct,31,3
nvidia/nemotron-mini-4b-instruct,35,115
nvidia/nemotron-mini-4b-instruct,31,82
nvidia/nemotron-mini-4b-instruct,31,3
nvidia/nemotron-mini-4b-instruct,35,89
nvidia/nemotron-mini-4b-instruct,31,3
nvidia/nemotron-mini-4b-instruct,32,3
nvidia/nemotron-mini-4b-instruct,32,3
nvidia/nemotron-mini-4b-instruct,32,3
nvidia/nemotron-mini-4b-instruct,32,3
nvidia/nemotron-mini-4b-instruct,34,3
nvidia/nemotron-mini-4b-instruct,35,102
nvidia/nemotron-mini-4b-instruct,34,3
nvidia/nemotron-mini-4b-instruct,34,3
nvidia/nemotron-mini-4b-instruct,39,3
nvidia/nemotron-mini-4b-instruct,39,3
nvidia/nemotron-mini-4b-instruct,39,3
nvidia/nemotron-mini-4b-instruct,39,3
nvidia/nemotron-mini-4b-instruct,40,3
nvidia/nemotron-mini-4b-instruct,40,3
nvidia/nemotron-mini-4b-instruct,40,3
nvidia/nemotron-mini-4b-instruct,40,3
nvidia/nemotron-mini-4b-instruct,40,3
nvidia/nemotron-mini-4b-instruct,36,147
nvidia/nemotron-mini-4b-instruct,35,150
nvidia/nemotron-mini-4b-instruct,40,3
nvidia/nemotron-mini-4b-instruct,35,150
nvidia/nemotron-mini-4b-instruct,40,3
nvidia/nemotron-mini-4b-instruct,35,150
nvidia/nemotron-mini-4b-instruct,39,3
nvidia/nemotron-mini-4b-instruct,39,3
nvidia/nemotron-mini-4b-instruct,39,3
nvidia/nemotron-mini-4b-instruct,39,3
nvidia/nemotron-mini-4b-instruct,39,3
nvidia/nemotron-mini-4b-instruct,35,126
nvidia/nemotron-mini-4b-instruct,36,150
nvidia/nemotron-mini-4b-instruct,31,27
nvidia/nemotron-mini-4b-instruct,39,3
nvidia/nemotron-mini-4b-instruct,39,3
nvidia/nemotron-mini-4b-instruct,40,3
nvidia/nemotron-mini-4b-instruct,40,3
nvidia/nemotron-mini-4b-instruct,35,150
nvidia/nemotron-mini-4b-instruct,35,150
nvidia/nemotron-mini-4b-instruct,35,150
nvidia/nemotron-mini-4b-instruct,35,150
nvidia/nemotron-mini-4b-instruct,35,150
nvidia/nemotron-mini-4b-instruct,40,3
nvidia/nemotron-mini-4b-instruct,37,150
nvidia/nemotron-mini-4b-instruct,40,3
nvidia/nemotron-mini-4b-instruct,37,3
nvidia/nemotron-mini-4b-instruct,37,3
nvidia/nemotron-mini-4b-instruct,37,3
nvidia/nemotron-mini-4b-instruct,37,3
nvidia/nemotron-mini-4b-instruct,38,3
nvidia/nemotron-mini-4b-instruct,35,150
nvidia/nemotron-mini-4b-instruct,38,3
nvidia/nemotron-mini-4b-instruct,38,3
nvidia/nemotron-mini-4b-instruct,38,3
nvidia/nemotron-mini-4b-instruct,38,3
nvidia/nemotron-mini-4b-instruct,38,3
nvidia/nemotron-mini-4b-instruct,38,3
nvidia/nemotron-mini-4b-instruct,38,3
nvidia/nemotron-mini-4b-instruct,37,3
nvidia/nemotron-mini-4b-instruct,40,89
nvidia/nemotron-mini-4b-instruct,37,3
nvidia/nemotron-mini-4b-instruct,32,44
nvidia/nemotron-mini-4b-instruct,37,3
nvidia/nemotron-mini-4b-instruct,33,68
nvidia/nemotron-mini-4b-instruct,37,3
nvidia/nemotron-mini-4b-instruct,37,3
nvidia/nemotron-mini-4b-instruct,39,35
nvidia/nemotron-mini-4b-instruct,37,3
nvidia/nemotron-mini-4b-instruct,37,3
nvidia/nemotron-mini-4b-instruct,37,3
nvidia/nemotron-mini-4b-instruct,33,121
nvidia/nemotron-mini-4b-instruct,37,3
nvidia/nemotron-mini-4b-instruct,31,56
nvidia/nemotron-mini-4b-instruct,39,36
nvidia/nemotron-mini-4b-instruct,37,3
nvidia/nemotron-mini-4b-instruct,37,3
nvidia/nemotron-mini-4b-instruct,31,119
nvidia/nemotron-mini-4b-instruct,33,96
nvidia/nemotron-mini-4b-instruct,37,3
nvidia/nemotron-mini-4b-instruct,38,3
nvidia/nemotron-mini-4b-instruct,38,3
nvidia/nemotron-mini-4b-instruct,38,3
nvidia/nemotron-mini-4b-instruct,35,150
nvidia/nemotron-mini-4b-instruct,38,3
nvidia/nemotron-mini-4b-instruct,31,125
nvidia/nemotron-mini-4b-instruct,34,3
nvidia/nemotron-mini-4b-instruct,34,3
nvidia/nemotron-mini-4b-instruct,31,65
nvidia/nemotron-mini-4b-instruct,34,3
nvidia/nemotron-mini-4b-instruct,39,46
nvidia/nemotron-mini-4b-instruct,35,3
nvidia/nemotron-mini-4b-instruct,35,3
nvidia/nemotron-mini-4b-instruct,31,150
nvidia/nemotron-mini-4b-instruct,33,135
nvidia/nemotron-mini-4b-instruct,35,3
nvidia/nemotron-mini-4b-instruct,35,3
nvidia/nemotron-mini-4b-instruct,35,3
nvidia/nemotron-mini-4b-instruct,32,150
nvidia/nemotron-mini-4b-instruct,35,3
nvidia/nemotron-mini-4b-instruct,39,51
nvidia/nemotron-mini-4b-instruct,34,3
nvidia/nemotron-mini-4b-instruct,31,150
nvidia/nemotron-mini-4b-instruct,34,3
nvidia/nemotron-mini-4b-instruct,34,3
nvidia/nemotron-mini-4b-instruct,31,150
nvidia/nemotron-mini-4b-instruct,31,87
nvidia/nemotron-mini-4b-instruct,34,3
nvidia/nemotron-mini-4b-instruct,34,3
nvidia/nemotron-mini-4b-instruct,34,3
nvidia/nemotron-mini-4b-instruct,34,3
nvidia/nemotron-mini-4b-instruct,34,3
nvidia/nemotron-mini-4b-instruct,34,3
nvidia/nemotron-mini-4b-instruct,31,150
nvidia/nemotron-mini-4b-instruct,34,3
nvidia/nemotron-mini-4b-instruct,35,3
nvidia/nemotron-mini-4b-instruct,31,150
nvidia/nemotron-mini-4b-instruct,33,150
nvidia/nemotron-mini-4b-instruct,35,3
nvidia/nemotron-mini-4b-instruct,35,3
nvidia/nemotron-mini-4b-instruct,31,150
nvidia/nemotron-mini-4b-instruct,34,3
nvidia/nemotron-mini-4b-instruct,34,3
nvidia/nemotron-mini-4b-instruct,31,150
nvidia/nemotron-mini-4b-instruct,35,3
nvidia/nemotron-mini-4b-instruct,39,63
nvidia/nemotron-mini-4b-instruct,35,3
nvidia/nemotron-mini-4b-instruct,35,3
nvidia/nemotron-mini-4b-instruct,35,3
nvidia/nemotron-mini-4b-instruct,35,3
nvidia/nemotron-mini-4b-instruct,35,3
nvidia/nemotron-mini-4b-instruct,35,3
nvidia/nemotron-mini-4b-instruct,35,3
nvidia/nemotron-mini-4b-instruct,34,3
nvidia/nemotron-mini-4b-instruct,34,3
nvidia/nemotron-mini-4b-instruct,34,3
nvidia/nemotron-mini-4b-instruct,32,97
nvidia/nemotron-mini-4b-instruct,35,3
nvidia/nemotron-mini-4b-instruct,35,3
nvidia/nemotron-mini-4b-instruct,35,3
nvidia/nemotron-mini-4b-instruct,35,3
nvidia/nemotron-mini-4b-instruct,30,3
nvidia/nemotron-mini-4b-instruct,40,150
nvidia/nemotron-mini-4b-instruct,34,27
nvidia/nemotron-mini-4b-instruct,30,4
nvidia/nemotron-mini-4b-instruct,31,3
nvidia/nemotron-mini-4b-instruct,30,3
nvidia/nemotron-mini-4b-instruct,31,3
nvidia/nemotron-mini-4b-instruct,31,3
nvidia/nemotron-mini-4b-instruct,31,3
nvidia/nemotron-mini-4b-instruct,34,49
nvidia/nemotron-mini-4b-instruct,40,111
nvidia/nemotron-mini-4b-instruct,31,130
nvidia/nemotron-mini-4b-instruct,33,150
nvidia/nemotron-mini-4b-instruct,39,3
nvidia/nemotron-mini-4b-instruct,39,3
nvidia/nemotron-mini-4b-instruct,39,3
nvidia/nemotron-mini-4b-instruct,39,3
nvidia/nemotron-mini-4b-instruct,39,3
nvidia/nemotron-mini-4b-instruct,39,3
nvidia/nemotron-mini-4b-instruct,39,3
nvidia/nemotron-mini-4b-instruct,35,52
nvidia/nemotron-mini-4b-instruct,39,3
nvidia/nemotron-mini-4b-instruct,39,3
nvidia/nemotron-mini-4b-instruct,34,42
nvidia/nemotron-mini-4b-instruct,39,3
nvidia/nemotron-mini-4b-instruct,34,36
nvidia/nemotron-mini-4b-instruct,39,3
nvidia/nemotron-mini-4b-instruct,39,3
nvidia/nemotron-mini-4b-instruct,39,3
nvidia/nemotron-mini-4b-instruct,32,150
nvidia/nemotron-mini-4b-instruct,39,3
nvidia/nemotron-mini-4b-instruct,39,3
nvidia/nemotron-mini-4b-instruct,39,3
nvidia/nemotron-mini-4b-instruct,32,150
nvidia/nemotron-mini-4b-instruct,32,150
nvidia/nemotron-mini-4b-instruct,38,3
nvidia/nemotron-mini-4b-instruct,38,3
nvidia/nemotron-mini-4b-instruct,38,3
nvidia/nemotron-mini-4b-instruct,38,3
nvidia/nemotron-mini-4b-instruct,40,3
nvidia/nemotron-mini-4b-instruct,40,3
nvidia/nemotron-mini-4b-instruct,40,3
nvidia/nemotron-mini-4b-instruct,39,3
nvidia/nemotron-mini-4b-instruct,34,64
nvidia/nemotron-mini-4b-instruct,31,150
nvidia/nemotron-mini-4b-instruct,39,3
nvidia/nemotron-mini-4b-instruct,30,33
nvidia/nemotron-mini-4b-instruct,32,3
nvidia/nemotron-mini-4b-instruct,32,3
nvidia/nemotron-mini-4b-instruct,30,34
nvidia/nemotron-mini-4b-instruct,32,3
nvidia/nemotron-mini-4b-instruct,34,150
nvidia/nemotron-mini-4b-instruct,34,55
nvidia/nemotron-mini-4b-instruct,32,150
nvidia/nemotron-mini-4b-instruct,32,150
nvidia/nemotron-mini-4b-instruct,32,3
nvidia/nemotron-mini-4b-instruct,32,3
nvidia/nemotron-mini-4b-instruct,32,3
nvidia/nemotron-mini-4b-instruct,34,67
nvidia/nemotron-mini-4b-instruct,30,57
nvidia/nemotron-mini-4b-instruct,34,106
nvidia/nemotron-mini-4b-instruct,33,3
nvidia/nemotron-mini-4b-instruct,33,3
nvidia/nemotron-mini-4b-instruct,33,3
nvidia/nemotron-mini-4b-instruct,34,82
nvidia/nemotron-mini-4b-instruct,39,27
nvidia/nemotron-mini-4b-instruct,31,3
nvidia/nemotron-mini-4b-instruct,31,3
nvidia/nemotron-mini-4b-instruct,31,3
nvidia/nemotron-mini-4b-instruct,31,3
nvidia/nemotron-mini-4b-instruct,34,78
nvidia/nemotron-mini-4b-instruct,31,3
nvidia/nemotron-mini-4b-instruct,34,85
nvidia/nemotron-mini-4b-instruct,31,3
nvidia/nemotron-mini-4b-instruct,31,3
nvidia/nemotron-mini-4b-instruct,31,3
nvidia/nemotron-mini-4b-instruct,31,3
nvidia/nemotron-mini-4b-instruct,31,3
nvidia/nemotron-mini-4b-instruct,31,3
nvidia/nemotron-mini-4b-instruct,31,3
nvidia/nemotron-mini-4b-instruct,31,3
nvidia/nemotron-mini-4b-instruct,31,3
nvidia/nemotron-mini-4b-instruct,34,95
nvidia/nemotron-mini-4b-instruct,30,3
nvidia/nemotron-mini-4b-instruct,30,69
nvidia/nemotron-mini-4b-instruct,30,3
nvidia/nemotron-mini-4b-instruct,32,3
nvidia/nemotron-mini-4b-instruct,30,80
nvidia/nemotron-mini-4b-instruct,39,3
nvidia/nemotron-mini-4b-instruct,39,3
nvidia/nemotron-mini-4b-instruct,39,3
nvidia/nemotron-mini-4b-instruct,30,76
nvidia/nemotron-mini-4b-instruct,40,3
nvidia/nemotron-mini-4b-instruct,32,41
nvidia/nemotron-mini-4b-instruct,30,95
nvidia/nemotron-mini-4b-instruct,40,3
nvidia/nemotron-mini-4b-instruct,40,3
nvidia/nemotron-mini-4b-instruct,40,3
nvidia/nemotron-mini-4b-instruct,40,3
nvidia/nemotron-mini-4b-instruct,30,85
nvidia/nemotron-mini-4b-instruct,40,3
nvidia/nemotron-mini-4b-instruct,40,3
nvidia/nemotron-mini-4b-instruct,35,150
nvidia/nemotron-mini-4b-instruct,30,107
nvidia/nemotron-mini-4b-instruct,39,3
nvidia/nemotron-mini-4b-instruct,32,57
nvidia/nemotron-mini-4b-instruct,39,3
nvidia/nemotron-mini-4b-instruct,39,3
nvidia/nemotron-mini-4b-instruct,35,150
nvidia/nemotron-mini-4b-instruct,39,3
nvidia/nemotron-mini-4b-instruct,39,3
nvidia/nemotron-mini-4b-instruct,41,3
nvidia/nemotron-mini-4b-instruct,37,3
nvidia/nemotron-mini-4b-instruct,37,3
nvidia/nemotron-mini-4b-instruct,31,42
nvidia/nemotron-mini-4b-instruct,37,3
nvidia/nemotron-mini-4b-instruct,37,3
nvidia/nemotron-mini-4b-instruct,38,3
nvidia/nemotron-mini-4b-instruct,38,3
nvidia/nemotron-mini-4b-instruct,34,150
nvidia/nemotron-mini-4b-instruct,38,3
nvidia/nemotron-mini-4b-instruct,38,3
nvidia/nemotron-mini-4b-instruct,31,32
nvidia/nemotron-mini-4b-instruct,32,58
nvidia/nemotron-mini-4b-instruct,32,57
nvidia/nemotron-mini-4b-instruct,38,3
nvidia/nemotron-mini-4b-instruct,38,3
nvidia/nemotron-mini-4b-instruct,38,3
nvidia/nemotron-mini-4b-instruct,38,3
nvidia/nemotron-mini-4b-instruct,32,70
nvidia/nemotron-mini-4b-instruct,37,3
nvidia/nemotron-mini-4b-instruct,37,3
nvidia/nemotron-mini-4b-instruct,37,3
nvidia/nemotron-mini-4b-instruct,37,3
nvidia/nemotron-mini-4b-instruct,37,3
nvidia/nemotron-mini-4b-instruct,31,124
nvidia/nemotron-mini-4b-instruct,37,3
nvidia/nemotron-mini-4b-instruct,37,3
nvidia/nemotron-mini-4b-instruct,37,3
nvidia/nemotron-mini-4b-instruct,31,44
nvidia/nemotron-mini-4b-instruct,37,3
nvidia/nemotron-mini-4b-instruct,37,3
nvidia/nemotron-mini-4b-instruct,37,3
nvidia/nemotron-mini-4b-instruct,39,3
nvidia/nemotron-mini-4b-instruct,37,3
nvidia/nemotron-mini-4b-instruct,32,78
nvidia/nemotron-mini-4b-instruct,39,3
nvidia/nemotron-mini-4b-instruct,34,150
nvidia/nemotron-mini-4b-instruct,41,27
nvidia/nemotron-mini-4b-instruct,32,51
nvidia/nemotron-mini-4b-instruct,39,3
nvidia/nemotron-mini-4b-instruct,39,3
nvidia/nemotron-mini-4b-instruct,34,3
nvidia/nemotron-mini-4b-instruct,35,3
nvidia/nemotron-mini-4b-instruct,35,3
nvidia/nemotron-mini-4b-instruct,31,56
nvidia/nemotron-mini-4b-instruct,30,64
nvidia/nemotron-mini-4b-instruct,35,3
nvidia/nemotron-mini-4b-instruct,35,3
nvidia/nemotron-mini-4b-instruct,35,3
nvidia/nemotron-mini-4b-instruct,35,3
nvidia/nemotron-mini-4b-instruct,35,3
nvidia/nemotron-mini-4b-instruct,30,150
nvidia/nemotron-mini-4b-instruct,34,3
nvidia/nemotron-mini-4b-instruct,34,3
nvidia/nemotron-mini-4b-instruct,31,150
nvidia/nemotron-mini-4b-instruct,31,150
nvidia/nemotron-mini-4b-instruct,34,3
nvidia/nemotron-mini-4b-instruct,39,113
nvidia/nemotron-mini-4b-instruct,31,150
nvidia/nemotron-mini-4b-instruct,34,3
nvidia/nemotron-mini-4b-instruct,34,3
nvidia/nemotron-mini-4b-instruct,39,52
nvidia/nemotron-mini-4b-instruct,34,3
nvidia/nemotron-mini-4b-instruct,34,3
nvidia/nemotron-mini-4b-instruct,30,150
nvidia/nemotron-mini-4b-instruct,34,3
nvidia/nemotron-mini-4b-instruct,32,94
nvidia/nemotron-mini-4b-instruct,39,56
nvidia/nemotron-mini-4b-instruct,34,3
nvidia/nemotron-mini-4b-instruct,30,148
nvidia/nemotron-mini-4b-instruct,34,3
nvidia/nemotron-mini-4b-instruct,39,55
nvidia/nemotron-mini-4b-instruct,36,3
nvidia/nemotron-mini-4b-instruct,39,69
nvidia/nemotron-mini-4b-instruct,31,150
nvidia/nemotron-mini-4b-instruct,31,150
nvidia/nemotron-mini-4b-instruct,34,3
nvidia/nemotron-mini-4b-instruct,34,3
nvidia/nemotron-mini-4b-instruct,31,150
nvidia/nemotron-mini-4b-instruct,31,150
nvidia/nemotron-mini-4b-instruct,35,3
nvidia/nemotron-mini-4b-instruct,35,3
nvidia/nemotron-mini-4b-instruct,30,150
nvidia/nemotron-mini-4b-instruct,35,3
nvidia/nemotron-mini-4b-instruct,35,3
nvidia/nemotron-mini-4b-instruct,33,126
nvidia/nemotron-mini-4b-instruct,39,72
nvidia/nemotron-mini-4b-instruct,31,86
nvidia/nemotron-mini-4b-instruct,39,73
nvidia/nemotron-mini-4b-instruct,34,3
nvidia/nemotron-mini-4b-instruct,34,3
nvidia/nemotron-mini-4b-instruct,34,3
nvidia/nemotron-mini-4b-instruct,34,3
nvidia/nemotron-mini-4b-instruct,39,72
nvidia/nemotron-mini-4b-instruct,39,72
nvidia/nemotron-mini-4b-instruct,30,98
nvidia/nemotron-mini-4b-instruct,36,3
nvidia/nemotron-mini-4b-instruct,36,3
nvidia/nemotron-mini-4b-instruct,41,73
nvidia/nemotron-mini-4b-instruct,36,3
nvidia/nemotron-mini-4b-instruct,36,3
nvidia/nemotron-mini-4b-instruct,40,150
nvidia/nemotron-mini-4b-instruct,31,3
nvidia/nemotron-mini-4b-instruct,30,3
nvidia/nemotron-mini-4b-instruct,40,99
nvidia/nemotron-mini-4b-instruct,32,150
nvidia/nemotron-mini-4b-instruct,33,150
nvidia/nemotron-mini-4b-instruct,30,3
nvidia/nemotron-mini-4b-instruct,31,3
nvidia/nemotron-mini-4b-instruct,31,3
nvidia/nemotron-mini-4b-instruct,33,150
nvidia/nemotron-mini-4b-instruct,33,150
nvidia/nemotron-mini-4b-instruct,31,3
nvidia/nemotron-mini-4b-instruct,31,3
nvidia/nemotron-mini-4b-instruct,34,39
nvidia/nemotron-mini-4b-instruct,33,149
nvidia/nemotron-mini-4b-instruct,33,150
nvidia/nemotron-mini-4b-instruct,33,3
nvidia/nemotron-mini-4b-instruct,33,3
nvidia/nemotron-mini-4b-instruct,33,150
nvidia/nemotron-mini-4b-instruct,33,150
nvidia/nemotron-mini-4b-instruct,30,3
nvidia/nemotron-mini-4b-instruct,32,150
nvidia/nemotron-mini-4b-instruct,36,53
nvidia/nemotron-mini-4b-instruct,39,3
nvidia/nemotron-mini-4b-instruct,34,50
nvidia/nemotron-mini-4b-instruct,39,3
nvidia/nemotron-mini-4b-instruct,39,3
nvidia/nemotron-mini-4b-instruct,39,3
nvidia/nemotron-mini-4b-instruct,33,150
nvidia/nemotron-mini-4b-instruct,39,3
nvidia/nemotron-mini-4b-instruct,39,3
nvidia/nemotron-mini-4b-instruct,32,150
nvidia/nemotron-mini-4b-instruct,39,3
nvidia/nemotron-mini-4b-instruct,39,3
nvidia/nemotron-mini-4b-instruct,39,3
nvidia/nemotron-mini-4b-instruct,39,3
nvidia/nemotron-mini-4b-instruct,39,3
nvidia/nemotron-mini-4b-instruct,39,3
nvidia/nemotron-mini-4b-instruct,39,3
nvidia/nemotron-mini-4b-instruct,39,3
nvidia/nemotron-mini-4b-instruct,39,3
nvidia/nemotron-mini-4b-instruct,39,3
nvidia/nemotron-mini-4b-instruct,35,54
nvidia/nemotron-mini-4b-instruct,38,3
nvidia/nemotron-mini-4b-instruct,38,3
nvidia/nemotron-mini-4b-instruct,30,39
nvidia/nemotron-mini-4b-instruct,31,150
nvidia/nemotron-mini-4b-instruct,38,3
nvidia/nemotron-mini-4b-instruct,42,3
nvidia/nemotron-mini-4b-instruct,42,3
nvidia/nemotron-mini-4b-instruct,34,51
nvidia/nemotron-mini-4b-instruct,42,3
nvidia/nemotron-mini-4b-instruct,42,3
nvidia/nemotron-mini-4b-instruct,39,3
nvidia/nemotron-mini-4b-instruct,34,53
nvidia/nemotron-mini-4b-instruct,36,73
nvidia/nemotron-mini-4b-instruct,34,58
nvidia/nemotron-mini-4b-instruct,36,73
nvidia/nemotron-mini-4b-instruct,32,3
nvidia/nemotron-mini-4b-instruct,32,3
nvidia/nemotron-mini-4b-instruct,32,150
nvidia/nemotron-mini-4b-instruct,32,3
nvidia/nemotron-mini-4b-instruct,32,3
nvidia/nemotron-mini-4b-instruct,33,36
nvidia/nemotron-mini-4b-instruct,32,150
nvidia/nemotron-mini-4b-instruct,32,3
nvidia/nemotron-mini-4b-instruct,32,3
nvidia/nemotron-mini-4b-instruct,32,3
nvidia/nemotron-mini-4b-instruct,32,3
nvidia/nemotron-mini-4b-instruct,35,104
nvidia/nemotron-mini-4b-instruct,34,78
nvidia/nemotron-mini-4b-instruct,34,111
nvidia/nemotron-mini-4b-instruct,35,3
nvidia/nemotron-mini-4b-instruct,35,83
nvidia/nemotron-mini-4b-instruct,35,3
nvidia/nemotron-mini-4b-instruct,35,3
nvidia/nemotron-mini-4b-instruct,32,3
nvidia/nemotron-mini-4b-instruct,32,3
nvidia/nemotron-mini-4b-instruct,34,77
nvidia/nemotron-mini-4b-instruct,31,3
nvidia/nemotron-mini-4b-instruct,34,77
nvidia/nemotron-mini-4b-instruct,31,70
nvidia/nemotron-mini-4b-instruct,30,71
nvidia/nemotron-mini-4b-instruct,35,16
nvidia/nemotron-mini-4b-instruct,31,3
nvidia/nemotron-mini-4b-instruct,41,150
nvidia/nemotron-mini-4b-instruct,31,78
nvidia/nemotron-mini-4b-instruct,32,3
nvidia/nemotron-mini-4b-instruct,32,3
nvidia/nemotron-mini-4b-instruct,32,3
nvidia/nemotron-mini-4b-instruct,39,40
nvidia/nemotron-mini-4b-instruct,30,70
nvidia/nemotron-mini-4b-instruct,32,3
nvidia/nemotron-mini-4b-instruct,39,41
nvidia/nemotron-mini-4b-instruct,32,19
nvidia/nemotron-mini-4b-instruct,30,76
nvidia/nemotron-mini-4b-instruct,31,3
nvidia/nemotron-mini-4b-instruct,40,3
nvidia/nemotron-mini-4b-instruct,40,3
nvidia/nemotron-mini-4b-instruct,32,36
nvidia/nemotron-mini-4b-instruct,30,100
nvidia/nemotron-mini-4b-instruct,32,39
nvidia/nemotron-mini-4b-instruct,30,101
nvidia/nemotron-mini-4b-instruct,30,80
nvidia/nemotron-mini-4b-instruct,32,28
nvidia/nemotron-mini-4b-instruct,41,3
nvidia/nemotron-mini-4b-instruct,34,150
nvidia/nemotron-mini-4b-instruct,34,150
nvidia/nemotron-mini-4b-instruct,40,3
nvidia/nemotron-mini-4b-instruct,30,88
nvidia/nemotron-mini-4b-instruct,40,3
nvidia/nemotron-mini-4b-instruct,40,3
nvidia/nemotron-mini-4b-instruct,32,50
nvidia/nemotron-mini-4b-instruct,34,150
nvidia/nemotron-mini-4b-instruct,31,33
nvidia/nemotron-mini-4b-instruct,40,3
nvidia/nemotron-mini-4b-instruct,39,75
nvidia/nemotron-mini-4b-instruct,41,3
nvidia/nemotron-mini-4b-instruct,41,3
nvidia/nemotron-mini-4b-instruct,34,150
nvidia/nemotron-mini-4b-instruct,41,3
nvidia/nemotron-mini-4b-instruct,32,52
nvidia/nemotron-mini-4b-instruct,41,3
nvidia/nemotron-mini-4b-instruct,38,3
nvidia/nemotron-mini-4b-instruct,38,3
nvidia/nemotron-mini-4b-instruct,38,3
nvidia/nemotron-mini-4b-instruct,38,3
nvidia/nemotron-mini-4b-instruct,31,44
nvidia/nemotron-mini-4b-instruct,39,3
nvidia/nemotron-mini-4b-instruct,39,3
nvidia/nemotron-mini-4b-instruct,31,41
nvidia/nemotron-mini-4b-instruct,39,3
nvidia/nemotron-mini-4b-instruct,39,3
nvidia/nemotron-mini-4b-instruct,35,150
nvidia/nemotron-mini-4b-instruct,39,3
nvidia/nemotron-mini-4b-instruct,39,3
nvidia/nemotron-mini-4b-instruct,34,45
nvidia/nemotron-mini-4b-instruct,34,47
nvidia/nemotron-mini-4b-instruct,39,3
nvidia/nemotron-mini-4b-instruct,39,3
nvidia/nemotron-mini-4b-instruct,33,83
nvidia/nemotron-mini-4b-instruct,38,3
nvidia/nemotron-mini-4b-instruct,31,51
nvidia/nemotron-mini-4b-instruct,35,150
nvidia/nemotron-mini-4b-instruct,38,3
nvidia/nemotron-mini-4b-instruct,34,150
nvidia/nemotron-mini-4b-instruct,38,3
nvidia/nemotron-mini-4b-instruct,38,3
nvidia/nemotron-mini-4b-instruct,34,150
nvidia/nemotron-mini-4b-instruct,38,3
nvidia/nemotron-mini-4b-instruct,38,3
nvidia/nemotron-mini-4b-instruct,38,3
nvidia/nemotron-mini-4b-instruct,34,54
nvidia/nemotron-mini-4b-instruct,38,3
nvidia/nemotron-mini-4b-instruct,38,3
nvidia/nemotron-mini-4b-instruct,38,3
nvidia/nemotron-mini-4b-instruct,38,3
nvidia/nemotron-mini-4b-instruct,31,72
nvidia/nemotron-mini-4b-instruct,38,3
nvidia/nemotron-mini-4b-instruct,39,3
nvidia/nemotron-mini-4b-instruct,40,33
nvidia/nemotron-mini-4b-instruct,39,3
nvidia/nemotron-mini-4b-instruct,39,3
nvidia/nemotron-mini-4b-instruct,39,3
nvidia/nemotron-mini-4b-instruct,40,36
nvidia/nemotron-mini-4b-instruct,35,3
nvidia/nemotron-mini-4b-instruct,35,3
nvidia/nemotron-mini-4b-instruct,30,150
nvidia/nemotron-mini-4b-instruct,31,61
nvidia/nemotron-mini-4b-instruct,36,3
nvidia/nemotron-mini-4b-instruct,36,3
nvidia/nemotron-mini-4b-instruct,36,3
nvidia/nemotron-mini-4b-instruct,36,3
nvidia/nemotron-mini-4b-instruct,31,150
nvidia/nemotron-mini-4b-instruct,36,3
nvidia/nemotron-mini-4b-instruct,36,3
nvidia/nemotron-mini-4b-instruct,35,3
nvidia/nemotron-mini-4b-instruct,30,150
nvidia/nemotron-mini-4b-instruct,35,3
nvidia/nemotron-mini-4b-instruct,32,85
nvidia/nemotron-mini-4b-instruct,31,69
nvidia/nemotron-mini-4b-instruct,41,62
nvidia/nemotron-mini-4b-instruct,35,3
nvidia/nemotron-mini-4b-instruct,35,3
nvidia/nemotron-mini-4b-instruct,35,3
nvidia/nemotron-mini-4b-instruct,30,150
nvidia/nemotron-mini-4b-instruct,30,150
nvidia/nemotron-mini-4b-instruct,36,3
nvidia/nemotron-mini-4b-instruct,40,58
nvidia/nemotron-mini-4b-instruct,33,150
nvidia/nemotron-mini-4b-instruct,36,3
nvidia/nemotron-mini-4b-instruct,35,3
nvidia/nemotron-mini-4b-instruct,31,92
nvidia/nemotron-mini-4b-instruct,33,121
nvidia/nemotron-mini-4b-instruct,41,70
nvidia/nemotron-mini-4b-instruct,40,77
nvidia/nemotron-mini-4b-instruct,35,3
nvidia/nemotron-mini-4b-instruct,40,61
nvidia/nemotron-mini-4b-instruct,35,3
nvidia/nemotron-mini-4b-instruct,34,85
nvidia/nemotron-mini-4b-instruct,35,3
nvidia/nemotron-mini-4b-instruct,30,150
nvidia/nemotron-mini-4b-instruct,40,79
nvidia/nemotron-mini-4b-instruct,36,3
nvidia/nemotron-mini-4b-instruct,41,71
nvidia/nemotron-mini-4b-instruct,36,3
nvidia/nemotron-mini-4b-instruct,40,67
nvidia/nemotron-mini-4b-instruct,36,3
nvidia/nemotron-mini-4b-instruct,40,62
nvidia/nemotron-mini-4b-instruct,36,3
nvidia/nemotron-mini-4b-instruct,36,3
nvidia/nemotron-mini-4b-instruct,36,3
nvidia/nemotron-mini-4b-instruct,36,3
nvidia/nemotron-mini-4b-instruct,35,3
nvidia/nemotron-mini-4b-instruct,36,3
nvidia/nemotron-mini-4b-instruct,35,3
nvidia/nemotron-mini-4b-instruct,35,3
nvidia/nemotron-mini-4b-instruct,41,78
nvidia/nemotron-mini-4b-instruct,35,3
nvidia/nemotron-mini-4b-instruct,35,3
nvidia/nemotron-mini-4b-instruct,35,3
nvidia/nemotron-mini-4b-instruct,35,3
nvidia/nemotron-mini-4b-instruct,35,3
nvidia/nemotron-mini-4b-instruct,38,150
nvidia/nemotron-mini-4b-instruct,35,3
nvidia/nemotron-mini-4b-instruct,36,3
nvidia/nemotron-mini-4b-instruct,36,3
nvidia/nemotron-mini-4b-instruct,36,3
nvidia/nemotron-mini-4b-instruct,36,3
nvidia/nemotron-mini-4b-instruct,41,95
nvidia/nemotron-mini-4b-instruct,33,3
nvidia/nemotron-mini-4b-instruct,33,3
nvidia/nemotron-mini-4b-instruct,33,3
nvidia/nemotron-mini-4b-instruct,33,3
nvidia/nemotron-mini-4b-instruct,34,3
nvidia/nemotron-mini-4b-instruct,33,150
nvidia/nemotron-mini-4b-instruct,33,150
nvidia/nemotron-mini-4b-instruct,35,39
nvidia/nemotron-mini-4b-instruct,34,3
nvidia/nemotron-mini-4b-instruct,33,3
nvidia/nemotron-mini-4b-instruct,33,3
nvidia/nemotron-mini-4b-instruct,33,3
nvidia/nemotron-mini-4b-instruct,33,3
nvidia/nemotron-mini-4b-instruct,33,150
nvidia/nemotron-mini-4b-instruct,34,3
nvidia/nemotron-mini-4b-instruct,34,3
nvidia/nemotron-mini-4b-instruct,33,150
nvidia/nemotron-mini-4b-instruct,34,3
nvidia/nemotron-mini-4b-instruct,33,3
nvidia/nemotron-mini-4b-instruct,33,150
nvidia/nemotron-mini-4b-instruct,33,3
nvidia/nemotron-mini-4b-instruct,33,3
nvidia/nemotron-mini-4b-instruct,34,3
nvidia/nemotron-mini-4b-instruct,33,150
nvidia/nemotron-mini-4b-instruct,36,45
nvidia/nemotron-mini-4b-instruct,32,150
nvidia/nemotron-mini-4b-instruct,41,113
nvidia/nemotron-mini-4b-instruct,35,51
nvidia/nemotron-mini-4b-instruct,33,3
nvidia/nemotron-mini-4b-instruct,35,3
nvidia/nemotron-mini-4b-instruct,35,57
nvidia/nemotron-mini-4b-instruct,35,3
nvidia/nemotron-mini-4b-instruct,35,3
nvidia/nemotron-mini-4b-instruct,35,56
nvidia/nemotron-mini-4b-instruct,33,3
nvidia/nemotron-mini-4b-instruct,32,150
nvidia/nemotron-mini-4b-instruct,33,3
nvidia/nemotron-mini-4b-instruct,33,3
nvidia/nemotron-mini-4b-instruct,31,150
nvidia/nemotron-mini-4b-instruct,31,150
nvidia/nemotron-mini-4b-instruct,42,3
nvidia/nemotron-mini-4b-instruct,42,3
nvidia/nemotron-mini-4b-instruct,42,3
nvidia/nemotron-mini-4b-instruct,35,68
nvidia/nemotron-mini-4b-instruct,36,58
nvidia/nemotron-mini-4b-instruct,32,150
nvidia/nemotron-mini-4b-instruct,42,3
nvidia/nemotron-mini-4b-instruct,35,77
nvidia/nemotron-mini-4b-instruct,42,3
nvidia/nemotron-mini-4b-instruct,42,3
nvidia/nemotron-mini-4b-instruct,40,119
nvidia/nemotron-mini-4b-instruct,42,3
nvidia/nemotron-mini-4b-instruct,42,3
nvidia/nemotron-mini-4b-instruct,31,150
nvidia/nemotron-mini-4b-instruct,31,150
nvidia/nemotron-mini-4b-instruct,42,3
nvidia/nemotron-mini-4b-instruct,42,3
nvidia/nemotron-mini-4b-instruct,42,3
nvidia/nemotron-mini-4b-instruct,42,3
nvidia/nemotron-mini-4b-instruct,42,3
nvidia/nemotron-mini-4b-instruct,31,150
nvidia/nemotron-mini-4b-instruct,42,3
nvidia/nemotron-mini-4b-instruct,42,3
nvidia/nemotron-mini-4b-instruct,35,76
nvidia/nemotron-mini-4b-instruct,40,126
nvidia/nemotron-mini-4b-instruct,42,3
nvidia/nemotron-mini-4b-instruct,35,48
nvidia/nemotron-mini-4b-instruct,41,3
nvidia/nemotron-mini-4b-instruct,41,3
nvidia/nemotron-mini-4b-instruct,41,3
nvidia/nemotron-mini-4b-instruct,35,74
nvidia/nemotron-mini-4b-instruct,41,3
nvidia/nemotron-mini-4b-instruct,44,3
nvidia/nemotron-mini-4b-instruct,44,3
nvidia/nemotron-mini-4b-instruct,44,3
nvidia/nemotron-mini-4b-instruct,41,139
nvidia/nemotron-mini-4b-instruct,42,3
nvidia/nemotron-mini-4b-instruct,42,3
nvidia/nemotron-mini-4b-instruct,42,3
nvidia/nemotron-mini-4b-instruct,35,3
nvidia/nemotron-mini-4b-instruct,35,3
nvidia/nemotron-mini-4b-instruct,33,31
nvidia/nemotron-mini-4b-instruct,35,3
nvidia/nemotron-mini-4b-instruct,35,3
nvidia/nemotron-mini-4b-instruct,36,3
nvidia/nemotron-mini-4b-instruct,36,3
nvidia/nemotron-mini-4b-instruct,35,103
nvidia/nemotron-mini-4b-instruct,36,3
nvidia/nemotron-mini-4b-instruct,36,3
nvidia/nemotron-mini-4b-instruct,35,3
nvidia/nemotron-mini-4b-instruct,35,3
nvidia/nemotron-mini-4b-instruct,35,3
nvidia/nemotron-mini-4b-instruct,36,104
nvidia/nemotron-mini-4b-instruct,35,3
nvidia/nemotron-mini-4b-instruct,36,3
nvidia/nemotron-mini-4b-instruct,36,3
nvidia/nemotron-mini-4b-instruct,36,3
nvidia/nemotron-mini-4b-instruct,36,3
nvidia/nemotron-mini-4b-instruct,35,3
nvidia/nemotron-mini-4b-instruct,35,3
nvidia/nemotron-mini-4b-instruct,35,3
nvidia/nemotron-mini-4b-instruct,35,72
nvidia/nemotron-mini-4b-instruct,35,3
nvidia/nemotron-mini-4b-instruct,37,3
nvidia/nemotron-mini-4b-instruct,37,3
nvidia/nemotron-mini-4b-instruct,36,110
nvidia/nemotron-mini-4b-instruct,37,3
nvidia/nemotron-mini-4b-instruct,37,3
nvidia/nemotron-mini-4b-instruct,35,3
nvidia/nemotron-mini-4b-instruct,35,3
nvidia/nemotron-mini-4b-instruct,35,3
nvidia/nemotron-mini-4b-instruct,34,3
nvidia/nemotron-mini-4b-instruct,35,3
nvidia/nemotron-mini-4b-instruct,34,3
nvidia/nemotron-mini-4b-instruct,34,3
nvidia/nemotron-mini-4b-instruct,34,3
nvidia/nemotron-mini-4b-instruct,34,3
nvidia/nemotron-mini-4b-instruct,34,3
nvidia/nemotron-mini-4b-instruct,34,3
nvidia/nemotron-mini-4b-instruct,34,3
nvidia/nemotron-mini-4b-instruct,34,3
nvidia/nemotron-mini-4b-instruct,34,3
nvidia/nemotron-mini-4b-instruct,34,3
nvidia/nemotron-mini-4b-instruct,34,3
nvidia/nemotron-mini-4b-instruct,34,3
nvidia/nemotron-mini-4b-instruct,34,3
nvidia/nemotron-mini-4b-instruct,34,3
nvidia/nemotron-mini-4b-instruct,34,3
nvidia/nemotron-mini-4b-instruct,34,3
nvidia/nemotron-mini-4b-instruct,39,3
nvidia/nemotron-mini-4b-instruct,39,3
nvidia/nemotron-mini-4b-instruct,40,3
nvidia/nemotron-mini-4b-instruct,40,3
nvidia/nemotron-mini-4b-instruct,40,3
nvidia/nemotron-mini-4b-instruct,40,3
nvidia/nemotron-mini-4b-instruct,39,3
nvidia/nemotron-mini-4b-instruct,39,3
nvidia/nemotron-mini-4b-instruct,39,3
nvidia/nemotron-mini-4b-instruct,39,3
nvidia/nemotron-mini-4b-instruct,39,3
nvidia/nemotron-mini-4b-instruct,37,3
nvidia/nemotron-mini-4b-instruct,37,3
nvidia/nemotron-mini-4b-instruct,37,3
nvidia/nemotron-mini-4b-instruct,33,36
nvidia/nemotron-mini-4b-instruct,38,3
nvidia/nemotron-mini-4b-instruct,38,3
nvidia/nemotron-mini-4b-instruct,38,3
nvidia/nemotron-mini-4b-instruct,35,104
nvidia/nemotron-mini-4b-instruct,38,3
nvidia/nemotron-mini-4b-instruct,38,3
nvidia/nemotron-mini-4b-instruct,38,3
nvidia/nemotron-mini-4b-instruct,38,3
nvidia/nemotron-mini-4b-instruct,38,3
nvidia/nemotron-mini-4b-instruct,37,3
nvidia/nemotron-mini-4b-instruct,37,3
nvidia/nemotron-mini-4b-instruct,37,3
nvidia/nemotron-mini-4b-instruct,37,3
nvidia/nemotron-mini-4b-instruct,37,3
nvidia/nemotron-mini-4b-instruct,37,3
nvidia/nemotron-mini-4b-instruct,39,28
nvidia/nemotron-mini-4b-instruct,37,3
nvidia/nemotron-mini-4b-instruct,37,3
nvidia/nemotron-mini-4b-instruct,36,47
nvidia/nemotron-mini-4b-instruct,37,3
nvidia/nemotron-mini-4b-instruct,37,3
nvidia/nemotron-mini-4b-instruct,37,3
nvidia/nemotron-mini-4b-instruct,37,3
nvidia/nemotron-mini-4b-instruct,37,3
nvidia/nemotron-mini-4b-instruct,42,93
nvidia/nemotron-mini-4b-instruct,37,3
nvidia/nemotron-mini-4b-instruct,37,3
nvidia/nemotron-mini-4b-instruct,37,3
nvidia/nemotron-mini-4b-instruct,35,150
nvidia/nemotron-mini-4b-instruct,35,3
nvidia/nemotron-mini-4b-instruct,34,142
nvidia/nemotron-mini-4b-instruct,35,3
nvidia/nemotron-mini-4b-instruct,35,3
nvidia/nemotron-mini-4b-instruct,35,3
nvidia/nemotron-mini-4b-instruct,34,57
nvidia/nemotron-mini-4b-instruct,35,3
nvidia/nemotron-mini-4b-instruct,35,3
nvidia/nemotron-mini-4b-instruct,33,65
nvidia/nemotron-mini-4b-instruct,35,3
nvidia/nemotron-mini-4b-instruct,39,47
nvidia/nemotron-mini-4b-instruct,34,150
nvidia/nemotron-mini-4b-instruct,34,3
nvidia/nemotron-mini-4b-instruct,34,3
nvidia/nemotron-mini-4b-instruct,35,3
nvidia/nemotron-mini-4b-instruct,40,56
nvidia/nemotron-mini-4b-instruct,34,3
nvidia/nemotron-mini-4b-instruct,34,3
nvidia/nemotron-mini-4b-instruct,34,3
nvidia/nemotron-mini-4b-instruct,34,3
nvidia/nemotron-mini-4b-instruct,39,45
nvidia/nemotron-mini-4b-instruct,39,48
nvidia/nemotron-mini-4b-instruct,34,3
nvidia/nemotron-mini-4b-instruct,34,3
nvidia/nemotron-mini-4b-instruct,34,3
nvidia/nemotron-mini-4b-instruct,34,3
nvidia/nemotron-mini-4b-instruct,39,58
nvidia/nemotron-mini-4b-instruct,34,3
nvidia/nemotron-mini-4b-instruct,39,54
nvidia/nemotron-mini-4b-instruct,34,3
nvidia/nemotron-mini-4b-instruct,36,77
nvidia/nemotron-mini-4b-instruct,39,58
nvidia/nemotron-mini-4b-instruct,35,3
nvidia/nemotron-mini-4b-instruct,35,3
nvidia/nemotron-mini-4b-instruct,35,3
nvidia/nemotron-mini-4b-instruct,35,3
nvidia/nemotron-mini-4b-instruct,35,3
nvidia/nemotron-mini-4b-instruct,35,3
nvidia/nemotron-mini-4b-instruct,35,3
nvidia/nemotron-mini-4b-instruct,34,3
nvidia/nemotron-mini-4b-instruct,39,70
nvidia/nemotron-mini-4b-instruct,34,3
nvidia/nemotron-mini-4b-instruct,37,63
nvidia/nemotron-mini-4b-instruct,34,3
nvidia/nemotron-mini-4b-instruct,40,79
nvidia/nemotron-mini-4b-instruct,34,3
nvidia/nemotron-mini-4b-instruct,39,68
nvidia/nemotron-mini-4b-instruct,39,73
nvidia/nemotron-mini-4b-instruct,33,102
nvidia/nemotron-mini-4b-instruct,44,150
nvidia/nemotron-mini-4b-instruct,31,3
nvidia/nemotron-mini-4b-instruct,31,3
nvidia/nemotron-mini-4b-instruct,32,3
nvidia/nemotron-mini-4b-instruct,40,95
nvidia/nemotron-mini-4b-instruct,32,3
nvidia/nemotron-mini-4b-instruct,33,107
nvidia/nemotron-mini-4b-instruct,31,3
nvidia/nemotron-mini-4b-instruct,31,3
nvidia/nemotron-mini-4b-instruct,32,3
nvidia/nemotron-mini-4b-instruct,32,3
nvidia/nemotron-mini-4b-instruct,32,3
nvidia/nemotron-mini-4b-instruct,32,3
nvidia/nemotron-mini-4b-instruct,34,63
nvidia/nemotron-mini-4b-instruct,34,55
nvidia/nemotron-mini-4b-instruct,33,3
nvidia/nemotron-mini-4b-instruct,31,3
nvidia/nemotron-mini-4b-instruct,31,3
nvidia/nemotron-mini-4b-instruct,40,114
nvidia/nemotron-mini-4b-instruct,40,3
nvidia/nemotron-mini-4b-instruct,40,3
nvidia/nemotron-mini-4b-instruct,40,3
nvidia/nemotron-mini-4b-instruct,40,3
nvidia/nemotron-mini-4b-instruct,40,3
nvidia/nemotron-mini-4b-instruct,40,3
nvidia/nemotron-mini-4b-instruct,40,3
nvidia/nemotron-mini-4b-instruct,40,3
nvidia/nemotron-mini-4b-instruct,40,3
nvidia/nemotron-mini-4b-instruct,40,3
nvidia/nemotron-mini-4b-instruct,40,3
nvidia/nemotron-mini-4b-instruct,40,3
nvidia/nemotron-mini-4b-instruct,34,46
nvidia/nemotron-mini-4b-instruct,40,3
nvidia/nemotron-mini-4b-instruct,34,84
nvidia/nemotron-mini-4b-instruct,40,3
nvidia/nemotron-mini-4b-instruct,40,3
nvidia/nemotron-mini-4b-instruct,39,3
nvidia/nemotron-mini-4b-instruct,39,130
nvidia/nemotron-mini-4b-instruct,39,3
nvidia/nemotron-mini-4b-instruct,34,150
nvidia/nemotron-mini-4b-instruct,39,3
nvidia/nemotron-mini-4b-instruct,34,78
nvidia/nemotron-mini-4b-instruct,39,3
nvidia/nemotron-mini-4b-instruct,42,3
nvidia/nemotron-mini-4b-instruct,42,3
nvidia/nemotron-mini-4b-instruct,34,49
nvidia/nemotron-mini-4b-instruct,42,3
nvidia/nemotron-mini-4b-instruct,42,3
nvidia/nemotron-mini-4b-instruct,40,3
nvidia/nemotron-mini-4b-instruct,34,56
nvidia/nemotron-mini-4b-instruct,31,37
nvidia/nemotron-mini-4b-instruct,36,150
nvidia/nemotron-mini-4b-instruct,34,3
nvidia/nemotron-mini-4b-instruct,33,6
nvidia/nemotron-mini-4b-instruct,36,150
nvidia/nemotron-mini-4b-instruct,34,3
nvidia/nemotron-mini-4b-instruct,34,57
nvidia/nemotron-mini-4b-instruct,34,3
nvidia/nemotron-mini-4b-instruct,33,3
nvidia/nemotron-mini-4b-instruct,34,150
nvidia/nemotron-mini-4b-instruct,33,3
nvidia/nemotron-mini-4b-instruct,34,68
nvidia/nemotron-mini-4b-instruct,31,49
nvidia/nemotron-mini-4b-instruct,39,150
nvidia/nemotron-mini-4b-instruct,33,3
nvidia/nemotron-mini-4b-instruct,33,3
nvidia/nemotron-mini-4b-instruct,34,3
nvidia/nemotron-mini-4b-instruct,34,3
nvidia/nemotron-mini-4b-instruct,34,3
nvidia/nemotron-mini-4b-instruct,34,3
nvidia/nemotron-mini-4b-instruct,34,72
nvidia/nemotron-mini-4b-instruct,34,92
nvidia/nemotron-mini-4b-instruct,34,95
nvidia/nemotron-mini-4b-instruct,34,75
nvidia/nemotron-mini-4b-instruct,32,3
nvidia/nemotron-mini-4b-instruct,32,3
nvidia/nemotron-mini-4b-instruct,32,3
nvidia/nemotron-mini-4b-instruct,34,122
nvidia/nemotron-mini-4b-instruct,32,3
nvidia/nemotron-mini-4b-instruct,39,150
nvidia/nemotron-mini-4b-instruct,32,3
nvidia/nemotron-mini-4b-instruct,32,3
nvidia/nemotron-mini-4b-instruct,31,78
nvidia/nemotron-mini-4b-instruct,32,3
nvidia/nemotron-mini-4b-instruct,32,3
nvidia/nemotron-mini-4b-instruct,32,3
nvidia/nemotron-mini-4b-instruct,32,3
nvidia/nemotron-mini-4b-instruct,32,3
nvidia/nemotron-mini-4b-instruct,32,3
nvidia/nemotron-mini-4b-instruct,32,3
nvidia/nemotron-mini-4b-instruct,34,3
nvidia/nemotron-mini-4b-instruct,31,81
nvidia/nemotron-mini-4b-instruct,31,90
nvidia/nemotron-mini-4b-instruct,40,3
nvidia/nemotron-mini-4b-instruct,40,3
nvidia/nemotron-mini-4b-instruct,40,3
nvidia/nemotron-mini-4b-instruct,40,3
nvidia/nemotron-mini-4b-instruct,41,3
nvidia/nemotron-mini-4b-instruct,34,150
nvidia/nemotron-mini-4b-instruct,40,60
nvidia/nemotron-mini-4b-instruct,41,3
nvidia/nemotron-mini-4b-instruct,41,3
nvidia/nemotron-mini-4b-instruct,41,3
nvidia/nemotron-mini-4b-instruct,40,3
nvidia/nemotron-mini-4b-instruct,40,3
nvidia/nemotron-mini-4b-instruct,40,3
nvidia/nemotron-mini-4b-instruct,40,3
nvidia/nemotron-mini-4b-instruct,40,3
nvidia/nemotron-mini-4b-instruct,40,3
nvidia/nemotron-mini-4b-instruct,40,3
nvidia/nemotron-mini-4b-instruct,40,3
nvidia/nemotron-mini-4b-instruct,31,30
nvidia/nemotron-mini-4b-instruct,41,3
nvidia/nemotron-mini-4b-instruct,41,3
nvidia/nemotron-mini-4b-instruct,34,150
nvidia/nemotron-mini-4b-instruct,41,3
nvidia/nemotron-mini-4b-instruct,34,150
nvidia/nemotron-mini-4b-instruct,34,150
nvidia/nemotron-mini-4b-instruct,31,33
nvidia/nemotron-mini-4b-instruct,41,3
nvidia/nemotron-mini-4b-instruct,38,3
nvidia/nemotron-mini-4b-instruct,40,95
nvidia/nemotron-mini-4b-instruct,38,3
nvidia/nemotron-mini-4b-instruct,38,3
nvidia/nemotron-mini-4b-instruct,34,150
nvidia/nemotron-mini-4b-instruct,34,129
nvidia/nemotron-mini-4b-instruct,31,114
nvidia/nemotron-mini-4b-instruct,32,33
nvidia/nemotron-mini-4b-instruct,39,3
nvidia/nemotron-mini-4b-instruct,38,3
nvidia/nemotron-mini-4b-instruct,39,3
nvidia/nemotron-mini-4b-instruct,39,3
nvidia/nemotron-mini-4b-instruct,39,3
nvidia/nemotron-mini-4b-instruct,39,3
nvidia/nemotron-mini-4b-instruct,39,3
nvidia/nemotron-mini-4b-instruct,39,3
nvidia/nemotron-mini-4b-instruct,34,82
nvidia/nemotron-mini-4b-instruct,35,150
nvidia/nemotron-mini-4b-instruct,38,3
nvidia/nemotron-mini-4b-instruct,31,48
nvidia/nemotron-mini-4b-instruct,39,3
nvidia/nemotron-mini-4b-instruct,38,3
nvidia/nemotron-mini-4b-instruct,38,3
nvidia/nemotron-mini-4b-instruct,34,150
nvidia/nemotron-mini-4b-instruct,38,3
nvidia/nemotron-mini-4b-instruct,38,3
nvidia/nemotron-mini-4b-instruct,38,3
nvidia/nemotron-mini-4b-instruct,38,3
nvidia/nemotron-mini-4b-instruct,38,3
nvidia/nemotron-mini-4b-instruct,34,150
nvidia/nemotron-mini-4b-instruct,38,3
nvidia/nemotron-mini-4b-instruct,33,82
nvidia/nemotron-mini-4b-instruct,38,3
nvidia/nemotron-mini-4b-instruct,38,3
nvidia/nemotron-mini-4b-instruct,33,96
nvidia/nemotron-mini-4b-instruct,38,3
nvidia/nemotron-mini-4b-instruct,39,3
nvidia/nemotron-mini-4b-instruct,34,150
nvidia/nemotron-mini-4b-instruct,39,3
nvidia/nemotron-mini-4b-instruct,31,60
nvidia/nemotron-mini-4b-instruct,39,3
nvidia/nemotron-mini-4b-instruct,32,55
nvidia/nemotron-mini-4b-instruct,39,3
nvidia/nemotron-mini-4b-instruct,34,150
nvidia/nemotron-mini-4b-instruct,31,150
nvidia/nemotron-mini-4b-instruct,35,4
nvidia/nemotron-mini-4b-instruct,35,85
nvidia/nemotron-mini-4b-instruct,33,84
nvidia/nemotron-mini-4b-instruct,36,3
nvidia/nemotron-mini-4b-instruct,33,85
nvidia/nemotron-mini-4b-instruct,33,105
nvidia/nemotron-mini-4b-instruct,36,3
nvidia/nemotron-mini-4b-instruct,36,3
nvidia/nemotron-mini-4b-instruct,32,150
nvidia/nemotron-mini-4b-instruct,32,150
nvidia/nemotron-mini-4b-instruct,34,66
nvidia/nemotron-mini-4b-instruct,36,3
nvidia/nemotron-mini-4b-instruct,31,137
nvidia/nemotron-mini-4b-instruct,40,118
nvidia/nemotron-mini-4b-instruct,35,3
nvidia/nemotron-mini-4b-instruct,35,3
nvidia/nemotron-mini-4b-instruct,32,69
nvidia/nemotron-mini-4b-instruct,35,3
nvidia/nemotron-mini-4b-instruct,31,150
nvidia/nemotron-mini-4b-instruct,35,3
nvidia/nemotron-mini-4b-instruct,35,3
nvidia/nemotron-mini-4b-instruct,33,150
nvidia/nemotron-mini-4b-instruct,33,150
nvidia/nemotron-mini-4b-instruct,33,150
nvidia/nemotron-mini-4b-instruct,31,150
nvidia/nemotron-mini-4b-instruct,36,3
nvidia/nemotron-mini-4b-instruct,35,108
nvidia/nemotron-mini-4b-instruct,35,3
nvidia/nemotron-mini-4b-instruct,35,3
nvidia/nemotron-mini-4b-instruct,35,3
nvidia/nemotron-mini-4b-instruct,35,3
nvidia/nemotron-mini-4b-instruct,36,3
nvidia/nemotron-mini-4b-instruct,36,3
nvidia/nemotron-mini-4b-instruct,36,3
nvidia/nemotron-mini-4b-instruct,36,3
nvidia/nemotron-mini-4b-instruct,36,3
nvidia/nemotron-mini-4b-instruct,32,100
nvidia/nemotron-mini-4b-instruct,36,3
nvidia/nemotron-mini-4b-instruct,36,3
nvidia/nemotron-mini-4b-instruct,36,3
nvidia/nemotron-mini-4b-instruct,32,88
nvidia/nemotron-mini-4b-instruct,35,3
nvidia/nemotron-mini-4b-instruct,41,77
nvidia/nemotron-mini-4b-instruct,35,3
nvidia/nemotron-mini-4b-instruct,35,3
nvidia/nemotron-mini-4b-instruct,35,3
nvidia/nemotron-mini-4b-instruct,35,3
nvidia/nemotron-mini-4b-instruct,35,3
nvidia/nemotron-mini-4b-instruct,35,3
nvidia/nemotron-mini-4b-instruct,40,74
nvidia/nemotron-mini-4b-instruct,35,3
nvidia/nemotron-mini-4b-instruct,35,3
nvidia/nemotron-mini-4b-instruct,35,3
nvidia/nemotron-mini-4b-instruct,36,24
nvidia/nemotron-mini-4b-instruct,35,3
nvidia/nemotron-mini-4b-instruct,36,3
nvidia/nemotron-mini-4b-instruct,36,3
nvidia/nemotron-mini-4b-instruct,36,3
nvidia/nemotron-mini-4b-instruct,36,3
nvidia/nemotron-mini-4b-instruct,40,150
nvidia/nemotron-mini-4b-instruct,33,3
nvidia/nemotron-mini-4b-instruct,33,3
nvidia/nemotron-mini-4b-instruct,33,150
nvidia/nemotron-mini-4b-instruct,40,85
nvidia/nemotron-mini-4b-instruct,35,52
nvidia/nemotron-mini-4b-instruct,33,3
nvidia/nemotron-mini-4b-instruct,34,3
nvidia/nemotron-mini-4b-instruct,34,3
nvidia/nemotron-mini-4b-instruct,33,3
nvidia/nemotron-mini-4b-instruct,33,3
nvidia/nemotron-mini-4b-instruct,33,3
nvidia/nemotron-mini-4b-instruct,34,3
nvidia/nemotron-mini-4b-instruct,34,3
nvidia/nemotron-mini-4b-instruct,34,3
nvidia/nemotron-mini-4b-instruct,34,3
nvidia/nemotron-mini-4b-instruct,33,150
nvidia/nemotron-mini-4b-instruct,33,150
nvidia/nemotron-mini-4b-instruct,33,150
nvidia/nemotron-mini-4b-instruct,35,51
nvidia/nemotron-mini-4b-instruct,35,150
nvidia/nemotron-mini-4b-instruct,35,150
nvidia/nemotron-mini-4b-instruct,34,4
nvidia/nemotron-mini-4b-instruct,33,150
nvidia/nemotron-mini-4b-instruct,33,150
nvidia/nemotron-mini-4b-instruct,33,3
nvidia/nemotron-mini-4b-instruct,42,3
nvidia/nemotron-mini-4b-instruct,41,123
nvidia/nemotron-mini-4b-instruct,42,3
nvidia/nemotron-mini-4b-instruct,42,3
nvidia/nemotron-mini-4b-instruct,35,77
nvidia/nemotron-mini-4b-instruct,32,150
nvidia/nemotron-mini-4b-instruct,42,3
nvidia/nemotron-mini-4b-instruct,42,3
nvidia/nemotron-mini-4b-instruct,42,3
nvidia/nemotron-mini-4b-instruct,32,150
nvidia/nemotron-mini-4b-instruct,42,3
nvidia/nemotron-mini-4b-instruct,42,3
nvidia/nemotron-mini-4b-instruct,42,3
nvidia/nemotron-mini-4b-instruct,42,3
nvidia/nemotron-mini-4b-instruct,35,75
nvidia/nemotron-mini-4b-instruct,42,3
nvidia/nemotron-mini-4b-instruct,36,78
nvidia/nemotron-mini-4b-instruct,42,3
nvidia/nemotron-mini-4b-instruct,35,69
nvidia/nemotron-mini-4b-instruct,42,3
nvidia/nemotron-mini-4b-instruct,42,3
nvidia/nemotron-mini-4b-instruct,36,66
nvidia/nemotron-mini-4b-instruct,41,3
nvidia/nemotron-mini-4b-instruct,41,3
nvidia/nemotron-mini-4b-instruct,34,150
nvidia/nemotron-mini-4b-instruct,34,150
nvidia/nemotron-mini-4b-instruct,43,3
nvidia/nemotron-mini-4b-instruct,40,128
nvidia/nemotron-mini-4b-instruct,36,75
nvidia/nemotron-mini-4b-instruct,42,3
nvidia/nemotron-mini-4b-instruct,35,3
nvidia/nemotron-mini-4b-instruct,35,3
nvidia/nemotron-mini-4b-instruct,35,3
nvidia/nemotron-mini-4b-instruct,35,3
nvidia/nemotron-mini-4b-instruct,36,3
nvidia/nemotron-mini-4b-instruct,36,3
nvidia/nemotron-mini-4b-instruct,36,3
nvidia/nemotron-mini-4b-instruct,36,3
nvidia/nemotron-mini-4b-instruct,41,150
nvidia/nemotron-mini-4b-instruct,41,150
nvidia/nemotron-mini-4b-instruct,35,3
nvidia/nemotron-mini-4b-instruct,35,89
nvidia/nemotron-mini-4b-instruct,35,3
nvidia/nemotron-mini-4b-instruct,35,3
nvidia/nemotron-mini-4b-instruct,36,3
nvidia/nemotron-mini-4b-instruct,35,69
nvidia/nemotron-mini-4b-instruct,36,3
nvidia/nemotron-mini-4b-instruct,36,3
nvidia/nemotron-mini-4b-instruct,36,3
nvidia/nemotron-mini-4b-instruct,35,3
nvidia/nemotron-mini-4b-instruct,35,102
nvidia/nemotron-mini-4b-instruct,36,3
nvidia/nemotron-mini-4b-instruct,36,3
nvidia/nemotron-mini-4b-instruct,36,3
nvidia/nemotron-mini-4b-instruct,36,3
nvidia/nemotron-mini-4b-instruct,40,150
nvidia/nemotron-mini-4b-instruct,35,3
nvidia/nemotron-mini-4b-instruct,33,3
nvidia/nemotron-mini-4b-instruct,33,3
nvidia/nemotron-mini-4b-instruct,35,106
nvidia/nemotron-mini-4b-instruct,33,3
nvidia/nemotron-mini-4b-instruct,34,3
nvidia/nemotron-mini-4b-instruct,34,3
nvidia/nemotron-mini-4b-instruct,34,3
nvidia/nemotron-mini-4b-instruct,43,50
nvidia/nemotron-mini-4b-instruct,34,3
nvidia/nemotron-mini-4b-instruct,35,142
nvidia/nemotron-mini-4b-instruct,34,3
nvidia/nemotron-mini-4b-instruct,42,3
nvidia/nemotron-mini-4b-instruct,35,128
nvidia/nemotron-mini-4b-instruct,34,3
nvidia/nemotron-mini-4b-instruct,33,78
nvidia/nemotron-mini-4b-instruct,42,3
nvidia/nemotron-mini-4b-instruct,43,3
nvidia/nemotron-mini-4b-instruct,43,3
nvidia/nemotron-mini-4b-instruct,43,3
nvidia/nemotron-mini-4b-instruct,36,150
nvidia/nemotron-mini-4b-instruct,42,82
nvidia/nemotron-mini-4b-instruct,43,3
nvidia/nemotron-mini-4b-instruct,36,150
nvidia/nemotron-mini-4b-instruct,36,150
nvidia/nemotron-mini-4b-instruct,43,69
nvidia/nemotron-mini-4b-instruct,43,70
nvidia/nemotron-mini-4b-instruct,33,90
nvidia/nemotron-mini-4b-instruct,35,46
nvidia/nemotron-mini-4b-instruct,41,76
nvidia/nemotron-mini-4b-instruct,34,25
nvidia/nemotron-mini-4b-instruct,42,3
nvidia/nemotron-mini-4b-instruct,33,117
nvidia/nemotron-mini-4b-instruct,42,73
nvidia/nemotron-mini-4b-instruct,43,3
nvidia/nemotron-mini-4b-instruct,43,3
nvidia/nemotron-mini-4b-instruct,34,46
nvidia/nemotron-mini-4b-instruct,41,82
nvidia/nemotron-mini-4b-instruct,43,3
nvidia/nemotron-mini-4b-instruct,40,3
nvidia/nemotron-mini-4b-instruct,40,3
nvidia/nemotron-mini-4b-instruct,40,3
nvidia/nemotron-mini-4b-instruct,40,3
nvidia/nemotron-mini-4b-instruct,41,3
nvidia/nemotron-mini-4b-instruct,41,3
nvidia/nemotron-mini-4b-instruct,41,3
nvidia/nemotron-mini-4b-instruct,42,79
nvidia/nemotron-mini-4b-instruct,33,39
nvidia/nemotron-mini-4b-instruct,41,3
nvidia/nemotron-mini-4b-instruct,35,68
nvidia/nemotron-mini-4b-instruct,41,3
nvidia/nemotron-mini-4b-instruct,41,3
nvidia/nemotron-mini-4b-instruct,41,3
nvidia/nemotron-mini-4b-instruct,41,3
nvidia/nemotron-mini-4b-instruct,40,3
nvidia/nemotron-mini-4b-instruct,33,45
nvidia/nemotron-mini-4b-instruct,40,3
nvidia/nemotron-mini-4b-instruct,35,69
nvidia/nemotron-mini-4b-instruct,40,3
nvidia/nemotron-mini-4b-instruct,35,71
nvidia/nemotron-mini-4b-instruct,40,3
nvidia/nemotron-mini-4b-instruct,40,3
nvidia/nemotron-mini-4b-instruct,40,3
nvidia/nemotron-mini-4b-instruct,40,3
nvidia/nemotron-mini-4b-instruct,40,3
nvidia/nemotron-mini-4b-instruct,40,3
nvidia/nemotron-mini-4b-instruct,40,3
nvidia/nemotron-mini-4b-instruct,40,3
nvidia/nemotron-mini-4b-instruct,34,46
nvidia/nemotron-mini-4b-instruct,40,3
nvidia/nemotron-mini-4b-instruct,41,3
nvidia/nemotron-mini-4b-instruct,42,31
nvidia/nemotron-mini-4b-instruct,41,3
nvidia/nemotron-mini-4b-instruct,34,51
nvidia/nemotron-mini-4b-instruct,41,3
nvidia/nemotron-mini-4b-instruct,41,3
nvidia/nemotron-mini-4b-instruct,34,52
nvidia/nemotron-mini-4b-instruct,42,38
nvidia/nemotron-mini-4b-instruct,35,74
nvidia/nemotron-mini-4b-instruct,34,68
nvidia/nemotron-mini-4b-instruct,37,3
nvidia/nemotron-mini-4b-instruct,34,61
nvidia/nemotron-mini-4b-instruct,37,3
nvidia/nemotron-mini-4b-instruct,33,59
nvidia/nemotron-mini-4b-instruct,42,36
nvidia/nemotron-mini-4b-instruct,38,3
nvidia/nemotron-mini-4b-instruct,38,3
nvidia/nemotron-mini-4b-instruct,38,3
nvidia/nemotron-mini-4b-instruct,33,65
nvidia/nemotron-mini-4b-instruct,38,3
nvidia/nemotron-mini-4b-instruct,38,3
nvidia/nemotron-mini-4b-instruct,38,3
nvidia/nemotron-mini-4b-instruct,38,3
nvidia/nemotron-mini-4b-instruct,38,3
nvidia/nemotron-mini-4b-instruct,34,150
nvidia/nemotron-mini-4b-instruct,37,3
nvidia/nemotron-mini-4b-instruct,42,47
nvidia/nemotron-mini-4b-instruct,34,150
nvidia/nemotron-mini-4b-instruct,35,86
nvidia/nemotron-mini-4b-instruct,33,150
nvidia/nemotron-mini-4b-instruct,37,3
nvidia/nemotron-mini-4b-instruct,37,3
nvidia/nemotron-mini-4b-instruct,37,3
nvidia/nemotron-mini-4b-instruct,37,3
nvidia/nemotron-mini-4b-instruct,43,47
nvidia/nemotron-mini-4b-instruct,42,64
nvidia/nemotron-mini-4b-instruct,33,91
nvidia/nemotron-mini-4b-instruct,38,3
nvidia/nemotron-mini-4b-instruct,38,3
nvidia/nemotron-mini-4b-instruct,33,150
nvidia/nemotron-mini-4b-instruct,33,150
nvidia/nemotron-mini-4b-instruct,38,3
nvidia/nemotron-mini-4b-instruct,33,150
nvidia/nemotron-mini-4b-instruct,42,58
nvidia/nemotron-mini-4b-instruct,33,150
nvidia/nemotron-mini-4b-instruct,34,150
nvidia/nemotron-mini-4b-instruct,42,56
nvidia/nemotron-mini-4b-instruct,37,3
nvidia/nemotron-mini-4b-instruct,38,3
nvidia/nemotron-mini-4b-instruct,34,150
nvidia/nemotron-mini-4b-instruct,42,56
nvidia/nemotron-mini-4b-instruct,34,150
nvidia/nemotron-mini-4b-instruct,38,3
nvidia/nemotron-mini-4b-instruct,33,150
nvidia/nemotron-mini-4b-instruct,38,3
nvidia/nemotron-mini-4b-instruct,37,3
nvidia/nemotron-mini-4b-instruct,37,3
nvidia/nemotron-mini-4b-instruct,42,68
nvidia/nemotron-mini-4b-instruct,37,3
nvidia/nemotron-mini-4b-instruct,37,3
nvidia/nemotron-mini-4b-instruct,42,66
nvidia/nemotron-mini-4b-instruct,37,3
nvidia/nemotron-mini-4b-instruct,34,103
nvidia/nemotron-mini-4b-instruct,37,3
nvidia/nemotron-mini-4b-instruct,37,3
nvidia/nemotron-mini-4b-instruct,42,150
nvidia/nemotron-mini-4b-instruct,37,3
nvidia/nemotron-mini-4b-instruct,37,3
nvidia/nemotron-mini-4b-instruct,42,79
nvidia/nemotron-mini-4b-instruct,38,3
nvidia/nemotron-mini-4b-instruct,38,3
nvidia/nemotron-mini-4b-instruct,38,3
nvidia/nemotron-mini-4b-instruct,38,3
nvidia/nemotron-mini-4b-instruct,34,3
nvidia/nemotron-mini-4b-instruct,34,3
nvidia/nemotron-mini-4b-instruct,34,3
nvidia/nemotron-mini-4b-instruct,34,102
nvidia/nemotron-mini-4b-instruct,35,3
nvidia/nemotron-mini-4b-instruct,35,3
nvidia/nemotron-mini-4b-instruct,42,150
nvidia/nemotron-mini-4b-instruct,34,3
nvidia/nemotron-mini-4b-instruct,34,3
nvidia/nemotron-mini-4b-instruct,43,94
nvidia/nemotron-mini-4b-instruct,35,3
nvidia/nemotron-mini-4b-instruct,35,3
nvidia/nemotron-mini-4b-instruct,37,45
nvidia/nemotron-mini-4b-instruct,35,3
nvidia/nemotron-mini-4b-instruct,35,3
nvidia/nemotron-mini-4b-instruct,43,99
nvidia/nemotron-mini-4b-instruct,34,3
nvidia/nemotron-mini-4b-instruct,43,102
nvidia/nemotron-mini-4b-instruct,38,44
nvidia/nemotron-mini-4b-instruct,34,3
nvidia/nemotron-mini-4b-instruct,35,150
nvidia/nemotron-mini-4b-instruct,42,111
nvidia/nemotron-mini-4b-instruct,43,3
nvidia/nemotron-mini-4b-instruct,34,3
nvidia/nemotron-mini-4b-instruct,42,102
nvidia/nemotron-mini-4b-instruct,43,3
nvidia/nemotron-mini-4b-instruct,43,3
nvidia/nemotron-mini-4b-instruct,37,59
nvidia/nemotron-mini-4b-instruct,43,3
nvidia/nemotron-mini-4b-instruct,43,3
nvidia/nemotron-mini-4b-instruct,43,3
nvidia/nemotron-mini-4b-instruct,43,3
nvidia/nemotron-mini-4b-instruct,43,3
nvidia/nemotron-mini-4b-instruct,43,3
nvidia/nemotron-mini-4b-instruct,43,3
nvidia/nemotron-mini-4b-instruct,43,3
nvidia/nemotron-mini-4b-instruct,43,3
nvidia/nemotron-mini-4b-instruct,43,115
nvidia/nemotron-mini-4b-instruct,43,3
nvidia/nemotron-mini-4b-instruct,33,150
nvidia/nemotron-mini-4b-instruct,43,3
nvidia/nemotron-mini-4b-instruct,43,3
nvidia/nemotron-mini-4b-instruct,43,3
nvidia/nemotron-mini-4b-instruct,37,69
nvidia/nemotron-mini-4b-instruct,42,3
nvidia/nemotron-mini-4b-instruct,37,59
nvidia/nemotron-mini-4b-instruct,42,3
nvidia/nemotron-mini-4b-instruct,45,3
nvidia/nemotron-mini-4b-instruct,42,3
nvidia/nemotron-mini-4b-instruct,34,150
nvidia/nemotron-mini-4b-instruct,45,3
nvidia/nemotron-mini-4b-instruct,45,3
nvidia/nemotron-mini-4b-instruct,33,150
nvidia/nemotron-mini-4b-instruct,33,150
nvidia/nemotron-mini-4b-instruct,33,150
nvidia/nemotron-mini-4b-instruct,37,88
nvidia/nemotron-mini-4b-instruct,36,3
nvidia/nemotron-mini-4b-instruct,43,3
nvidia/nemotron-mini-4b-instruct,36,3
nvidia/nemotron-mini-4b-instruct,36,3
nvidia/nemotron-mini-4b-instruct,36,3
nvidia/nemotron-mini-4b-instruct,37,3
nvidia/nemotron-mini-4b-instruct,37,83
nvidia/nemotron-mini-4b-instruct,37,3
nvidia/nemotron-mini-4b-instruct,37,3
nvidia/nemotron-mini-4b-instruct,37,3
nvidia/nemotron-mini-4b-instruct,36,3
nvidia/nemotron-mini-4b-instruct,36,3
nvidia/nemotron-mini-4b-instruct,36,3
nvidia/nemotron-mini-4b-instruct,36,3
nvidia/nemotron-mini-4b-instruct,37,3
nvidia/nemotron-mini-4b-instruct,37,3
nvidia/nemotron-mini-4b-instruct,37,3
nvidia/nemotron-mini-4b-instruct,37,3
nvidia/nemotron-mini-4b-instruct,34,44
nvidia/nemotron-mini-4b-instruct,36,3
nvidia/nemotron-mini-4b-instruct,36,3
nvidia/nemotron-mini-4b-instruct,36,3
nvidia/nemotron-mini-4b-instruct,38,79
nvidia/nemotron-mini-4b-instruct,36,3
nvidia/nemotron-mini-4b-instruct,39,3
nvidia/nemotron-mini-4b-instruct,37,89
nvidia/nemotron-mini-4b-instruct,39,3
nvidia/nemotron-mini-4b-instruct,37,97
nvidia/nemotron-mini-4b-instruct,37,54
nvidia/nemotron-mini-4b-instruct,38,88
nvidia/nemotron-mini-4b-instruct,35,3
nvidia/nemotron-mini-4b-instruct,38,89
nvidia/nemotron-mini-4b-instruct,35,3
nvidia/nemotron-mini-4b-instruct,35,3
nvidia/nemotron-mini-4b-instruct,35,3
nvidia/nemotron-mini-4b-instruct,35,3
nvidia/nemotron-mini-4b-instruct,37,100
nvidia/nemotron-mini-4b-instruct,35,3
nvidia/nemotron-mini-4b-instruct,35,3
nvidia/nemotron-mini-4b-instruct,37,67
nvidia/nemotron-mini-4b-instruct,37,92
nvidia/nemotron-mini-4b-instruct,35,3
nvidia/nemotron-mini-4b-instruct,34,68
nvidia/nemotron-mini-4b-instruct,43,58
nvidia/nemotron-mini-4b-instruct,37,150
nvidia/nemotron-mini-4b-instruct,35,34
nvidia/nemotron-mini-4b-instruct,35,52
nvidia/nemotron-mini-4b-instruct,34,118
nvidia/nemotron-mini-4b-instruct,37,39
nvidia/nemotron-mini-4b-instruct,35,56
nvidia/nemotron-mini-4b-instruct,37,150
nvidia/nemotron-mini-4b-instruct,34,115
nvidia/nemotron-mini-4b-instruct,37,150
nvidia/nemotron-mini-4b-instruct,35,67
nvidia/nemotron-mini-4b-instruct,38,150
nvidia/nemotron-mini-4b-instruct,35,48
nvidia/nemotron-mini-4b-instruct,36,71
nvidia/nemotron-mini-4b-instruct,34,59
nvidia/nemotron-mini-4b-instruct,36,75
nvidia/nemotron-mini-4b-instruct,34,57
nvidia/nemotron-mini-4b-instruct,37,150
nvidia/nemotron-mini-4b-instruct,38,150
nvidia/nemotron-mini-4b-instruct,37,150
nvidia/nemotron-mini-4b-instruct,37,65
nvidia/nemotron-mini-4b-instruct,34,68
nvidia/nemotron-mini-4b-instruct,34,142
nvidia/nemotron-mini-4b-instruct,34,74
nvidia/nemotron-mini-4b-instruct,35,150
nvidia/nemotron-mini-4b-instruct,37,70
nvidia/nemotron-mini-4b-instruct,35,150
nvidia/nemotron-mini-4b-instruct,34,150
nvidia/nemotron-mini-4b-instruct,34,150
nvidia/nemotron-mini-4b-instruct,37,150
nvidia/nemotron-mini-4b-instruct,37,150
nvidia/nemotron-mini-4b-instruct,39,107
nvidia/nemotron-mini-4b-instruct,34,150
nvidia/nemotron-mini-4b-instruct,45,135
nvidia/nemotron-mini-4b-instruct,35,119
nvidia/nemotron-mini-4b-instruct,42,150
nvidia/nemotron-mini-4b-instruct,37,104
nvidia/nemotron-mini-4b-instruct,43,150
nvidia/nemotron-mini-4b-instruct,43,150
nvidia/nemotron-mini-4b-instruct,36,130
nvidia/nemotron-mini-4b-instruct,39,150
nvidia/nemotron-mini-4b-instruct,36,150
nvidia/nemotron-mini-4b-instruct,35,150
nvidia/nemotron-mini-4b-instruct,35,150
nvidia/nemotron-mini-4b-instruct,35,150
nvidia/nemotron-mini-4b-instruct,35,150
nvidia/nemotron-mini-4b-instruct,35,150
nvidia/nemotron-mini-4b-instruct,35,150
nvidia/nemotron-mini-4b-instruct,94,30
nvidia/nemotron-mini-4b-instruct,94,30
nvidia/nemotron-mini-4b-instruct,94,30
nvidia/nemotron-mini-4b-instruct,94,30
nvidia/nemotron-mini-4b-instruct,98,30
nvidia/nemotron-mini-4b-instruct,98,30
nvidia/nemotron-mini-4b-instruct,98,30
nvidia/nemotron-mini-4b-instruct,98,30
nvidia/nemotron-mini-4b-instruct,96,30
nvidia/nemotron-mini-4b-instruct,96,30
nvidia/nemotron-mini-4b-instruct,96,30
nvidia/nemotron-mini-4b-instruct,96,30
nvidia/nemotron-mini-4b-instruct,98,30
nvidia/nemotron-mini-4b-instruct,98,30
nvidia/nemotron-mini-4b-instruct,98,30
nvidia/nemotron-mini-4b-instruct,98,30
nvidia/nemotron-mini-4b-instruct,94,30
nvidia/nemotron-mini-4b-instruct,94,30
nvidia/nemotron-mini-4b-instruct,94,30
nvidia/nemotron-mini-4b-instruct,94,30
nvidia/nemotron-mini-4b-instruct,96,30
nvidia/nemotron-mini-4b-instruct,96,30
nvidia/nemotron-mini-4b-instruct,96,30
nvidia/nemotron-mini-4b-instruct,95,21
nvidia/nemotron-mini-4b-instruct,95,30
nvidia/nemotron-mini-4b-instruct,95,30
nvidia/nemotron-mini-4b-instruct,95,30
nvidia/nemotron-mini-4b-instruct,96,35
nvidia/nemotron-mini-4b-instruct,95,30
nvidia/nemotron-mini-4b-instruct,98,30
nvidia/nemotron-mini-4b-instruct,98,30
nvidia/nemotron-mini-4b-instruct,98,30
nvidia/nemotron-mini-4b-instruct,98,30
nvidia/nemotron-mini-4b-instruct,95,30
nvidia/nemotron-mini-4b-instruct,95,15
nvidia/nemotron-mini-4b-instruct,95,30
nvidia/nemotron-mini-4b-instruct,95,30
nvidia/nemotron-mini-4b-instruct,100,30
nvidia/nemotron-mini-4b-instruct,100,30
nvidia/nemotron-mini-4b-instruct,100,30
nvidia/nemotron-mini-4b-instruct,100,30
nvidia/nemotron-mini-4b-instruct,93,30
nvidia/nemotron-mini-4b-instruct,93,30
nvidia/nemotron-mini-4b-instruct,93,30
nvidia/nemotron-mini-4b-instruct,93,30
nvidia/nemotron-mini-4b-instruct,98,30
nvidia/nemotron-mini-4b-instruct,98,30
nvidia/nemotron-mini-4b-instruct,98,30
nvidia/nemotron-mini-4b-instruct,98,30
nvidia/nemotron-mini-4b-instruct,95,30
nvidia/nemotron-mini-4b-instruct,95,30
nvidia/nemotron-mini-4b-instruct,95,30
nvidia/nemotron-mini-4b-instruct,99,30
nvidia/nemotron-mini-4b-instruct,99,30
nvidia/nemotron-mini-4b-instruct,99,30
nvidia/nemotron-mini-4b-instruct,99,30
nvidia/nemotron-mini-4b-instruct,97,30
nvidia/nemotron-mini-4b-instruct,97,30
nvidia/nemotron-mini-4b-instruct,97,30
nvidia/nemotron-mini-4b-instruct,97,30
nvidia/nemotron-mini-4b-instruct,102,30
nvidia/nemotron-mini-4b-instruct,102,30
nvidia/nemotron-mini-4b-instruct,102,30
nvidia/nemotron-mini-4b-instruct,102,30
meta/llama-3.1-8b-instruct,63,2
meta/llama-3.1-8b-instruct,63,2
meta/llama-3.1-8b-instruct,63,2
meta/llama-3.1-8b-instruct,63,2
meta/llama-3.1-8b-instruct,64,2
meta/llama-3.1-8b-instruct,64,2
meta/llama-3.1-8b-instruct,64,2
meta/llama-3.1-8b-instruct,64,2
meta/llama-3.1-8b-instruct,64,2
meta/llama-3.1-8b-instruct,64,2
meta/llama-3.1-8b-instruct,64,2
meta/llama-3.1-8b-instruct,64,2
meta/llama-3.1-8b-instruct,63,2
meta/llama-3.1-8b-instruct,63,2
meta/llama-3.1-8b-instruct,63,2
meta/llama-3.1-8b-instruct,63,2
meta/llama-3.1-8b-instruct,63,2
meta/llama-3.1-8b-instruct,63,2
meta/llama-3.1-8b-instruct,63,2
meta/llama-3.1-8b-instruct,63,2
meta/llama-3.1-8b-instruct,63,2
meta/llama-3.1-8b-instruct,63,2
meta/llama-3.1-8b-instruct,63,2
meta/llama-3.1-8b-instruct,63,2
meta/llama-3.1-8b-instruct,64,2
meta/llama-3.1-8b-instruct,64,2
meta/llama-3.1-8b-instruct,64,2
meta/llama-3.1-8b-instruct,64,2
meta/llama-3.1-8b-instruct,62,2
meta/llama-3.1-8b-instruct,62,2
meta/llama-3.1-8b-instruct,62,2
meta/llama-3.1-8b-instruct,62,2
meta/llama-3.1-8b-instruct,63,2
meta/llama-3.1-8b-instruct,63,2
meta/llama-3.1-8b-instruct,63,2
meta/llama-3.1-8b-instruct,63,2
meta/llama-3.1-8b-instruct,63,2
meta/llama-3.1-8b-instruct,63,2
meta/llama-3.1-8b-instruct,63,2
meta/llama-3.1-8b-instruct,63,2
meta/llama-3.1-8b-instruct,62,2
meta/llama-3.1-8b-instruct,62,2
meta/llama-3.1-8b-instruct,62,2
meta/llama-3.1-8b-instruct,62,2
meta/llama-3.1-8b-instruct,62,2
meta/llama-3.1-8b-instruct,62,2
meta/llama-3.1-8b-instruct,62,2
meta/llama-3.1-8b-instruct,62,2
meta/llama-3.1-8b-instruct,62,2
meta/llama-3.1-8b-instruct,62,2
meta/llama-3.1-8b-instruct,62,2
meta/llama-3.1-8b-instruct,62,2
meta/llama-3.1-8b-instruct,63,2
meta/llama-3.1-8b-instruct,63,2
meta/llama-3.1-8b-instruct,63,2
meta/llama-3.1-8b-instruct,63,2
meta/llama-3.1-8b-instruct,58,2
meta/llama-3.1-8b-instruct,58,2
meta/llama-3.1-8b-instruct,58,2
meta/llama-3.1-8b-instruct,58,2
meta/llama-3.1-8b-instruct,59,2
meta/llama-3.1-8b-instruct,59,2
meta/llama-3.1-8b-instruct,59,2
meta/llama-3.1-8b-instruct,59,2
meta/llama-3.1-8b-instruct,59,2
meta/llama-3.1-8b-instruct,59,2
meta/llama-3.1-8b-instruct,59,2
meta/llama-3.1-8b-instruct,59,2
meta/llama-3.1-8b-instruct,58,2
meta/llama-3.1-8b-instruct,58,2
meta/llama-3.1-8b-instruct,58,2
meta/llama-3.1-8b-instruct,58,2
meta/llama-3.1-8b-instruct,58,2
meta/llama-3.1-8b-instruct,58,2
meta/llama-3.1-8b-instruct,58,2
meta/llama-3.1-8b-instruct,58,2
meta/llama-3.1-8b-instruct,58,2
meta/llama-3.1-8b-instruct,58,2
meta/llama-3.1-8b-instruct,58,2
meta/llama-3.1-8b-instruct,58,2
meta/llama-3.1-8b-instruct,59,2
meta/llama-3.1-8b-instruct,59,2
meta/llama-3.1-8b-instruct,59,2
meta/llama-3.1-8b-instruct,59,2
meta/llama-3.1-8b-instruct,58,2
meta/llama-3.1-8b-instruct,58,2
meta/llama-3.1-8b-instruct,58,2
meta/llama-3.1-8b-instruct,58,2
meta/llama-3.1-8b-instruct,59,2
meta/llama-3.1-8b-instruct,59,2
meta/llama-3.1-8b-instruct,59,2
meta/llama-3.1-8b-instruct,59,2
meta/llama-3.1-8b-instruct,59,2
meta/llama-3.1-8b-instruct,59,2
meta/llama-3.1-8b-instruct,59,2
meta/llama-3.1-8b-instruct,59,2
meta/llama-3.1-8b-instruct,58,2
meta/llama-3.1-8b-instruct,58,2
meta/llama-3.1-8b-instruct,58,2
meta/llama-3.1-8b-instruct,58,2
meta/llama-3.1-8b-instruct,58,2
meta/llama-3.1-8b-instruct,58,2
meta/llama-3.1-8b-instruct,58,2
meta/llama-3.1-8b-instruct,58,2
meta/llama-3.1-8b-instruct,58,2
meta/llama-3.1-8b-instruct,58,2
meta/llama-3.1-8b-instruct,58,2
meta/llama-3.1-8b-instruct,58,2
meta/llama-3.1-8b-instruct,59,2
meta/llama-3.1-8b-instruct,59,2
meta/llama-3.1-8b-instruct,59,2
meta/llama-3.1-8b-instruct,59,2
meta/llama-3.1-8b-instruct,59,2
meta/llama-3.1-8b-instruct,59,2
meta/llama-3.1-8b-instruct,59,2
meta/llama-3.1-8b-instruct,59,2
meta/llama-3.1-8b-instruct,60,2
meta/llama-3.1-8b-instruct,60,2
meta/llama-3.1-8b-instruct,60,2
meta/llama-3.1-8b-instruct,60,2
meta/llama-3.1-8b-instruct,59,2
meta/llama-3.1-8b-instruct,59,2
meta/llama-3.1-8b-instruct,59,2
meta/llama-3.1-8b-instruct,60,2
meta/llama-3.1-8b-instruct,60,2
meta/llama-3.1-8b-instruct,60,2
meta/llama-3.1-8b-instruct,60,2
meta/llama-3.1-8b-instruct,59,2
meta/llama-3.1-8b-instruct,59,8
meta/llama-3.1-8b-instruct,59,2
meta/llama-3.1-8b-instruct,59,2
meta/llama-3.1-8b-instruct,59,2
meta/llama-3.1-8b-instruct,61,2
meta/llama-3.1-8b-instruct,61,2
meta/llama-3.1-8b-instruct,61,2
meta/llama-3.1-8b-instruct,61,2
meta/llama-3.1-8b-instruct,59,2
meta/llama-3.1-8b-instruct,59,2
meta/llama-3.1-8b-instruct,59,2
meta/llama-3.1-8b-instruct,59,2
meta/llama-3.1-8b-instruct,66,2
meta/llama-3.1-8b-instruct,66,2
meta/llama-3.1-8b-instruct,66,2
meta/llama-3.1-8b-instruct,66,2
meta/llama-3.1-8b-instruct,67,2
meta/llama-3.1-8b-instruct,67,2
meta/llama-3.1-8b-instruct,67,3
meta/llama-3.1-8b-instruct,67,2
meta/llama-3.1-8b-instruct,66,3
meta/llama-3.1-8b-instruct,66,2
meta/llama-3.1-8b-instruct,66,2
meta/llama-3.1-8b-instruct,66,3
meta/llama-3.1-8b-instruct,67,2
meta/llama-3.1-8b-instruct,67,2
meta/llama-3.1-8b-instruct,67,2
meta/llama-3.1-8b-instruct,67,2
meta/llama-3.1-8b-instruct,66,2
meta/llama-3.1-8b-instruct,66,2
meta/llama-3.1-8b-instruct,66,2
meta/llama-3.1-8b-instruct,66,2
meta/llama-3.1-8b-instruct,67,2
meta/llama-3.1-8b-instruct,67,2
meta/llama-3.1-8b-instruct,67,2
meta/llama-3.1-8b-instruct,67,2
meta/llama-3.1-8b-instruct,66,2
meta/llama-3.1-8b-instruct,66,2
meta/llama-3.1-8b-instruct,66,2
meta/llama-3.1-8b-instruct,66,2
meta/llama-3.1-8b-instruct,62,2
meta/llama-3.1-8b-instruct,62,2
meta/llama-3.1-8b-instruct,62,2
meta/llama-3.1-8b-instruct,62,2
meta/llama-3.1-8b-instruct,63,2
meta/llama-3.1-8b-instruct,63,2
meta/llama-3.1-8b-instruct,63,2
meta/llama-3.1-8b-instruct,63,2
meta/llama-3.1-8b-instruct,62,2
meta/llama-3.1-8b-instruct,62,2
meta/llama-3.1-8b-instruct,62,2
meta/llama-3.1-8b-instruct,62,2
meta/llama-3.1-8b-instruct,63,2
meta/llama-3.1-8b-instruct,63,2
meta/llama-3.1-8b-instruct,63,2
meta/llama-3.1-8b-instruct,63,2
meta/llama-3.1-8b-instruct,62,2
meta/llama-3.1-8b-instruct,62,2
meta/llama-3.1-8b-instruct,62,2
meta/llama-3.1-8b-instruct,62,2
meta/llama-3.1-8b-instruct,64,2
meta/llama-3.1-8b-instruct,64,2
meta/llama-3.1-8b-instruct,64,2
meta/llama-3.1-8b-instruct,64,2
meta/llama-3.1-8b-instruct,62,2
meta/llama-3.1-8b-instruct,62,2
meta/llama-3.1-8b-instruct,62,2
meta/llama-3.1-8b-instruct,62,2
meta/llama-3.1-8b-instruct,59,2
meta/llama-3.1-8b-instruct,59,2
meta/llama-3.1-8b-instruct,59,2
meta/llama-3.1-8b-instruct,59,2
meta/llama-3.1-8b-instruct,60,2
meta/llama-3.1-8b-instruct,60,2
meta/llama-3.1-8b-instruct,60,2
meta/llama-3.1-8b-instruct,60,2
meta/llama-3.1-8b-instruct,59,2
meta/llama-3.1-8b-instruct,59,2
meta/llama-3.1-8b-instruct,59,2
meta/llama-3.1-8b-instruct,59,2
meta/llama-3.1-8b-instruct,60,2
meta/llama-3.1-8b-instruct,60,2
meta/llama-3.1-8b-instruct,60,2
meta/llama-3.1-8b-instruct,60,2
meta/llama-3.1-8b-instruct,59,2
meta/llama-3.1-8b-instruct,59,2
meta/llama-3.1-8b-instruct,59,2
meta/llama-3.1-8b-instruct,59,2
meta/llama-3.1-8b-instruct,60,2
meta/llama-3.1-8b-instruct,60,2
meta/llama-3.1-8b-instruct,59,2
meta/llama-3.1-8b-instruct,59,2
meta/llama-3.1-8b-instruct,59,2
meta/llama-3.1-8b-instruct,59,2
meta/llama-3.1-8b-instruct,64,2
meta/llama-3.1-8b-instruct,64,2
meta/llama-3.1-8b-instruct,64,2
meta/llama-3.1-8b-instruct,64,2
meta/llama-3.1-8b-instruct,65,2
meta/llama-3.1-8b-instruct,60,14
meta/llama-3.1-8b-instruct,65,2
meta/llama-3.1-8b-instruct,65,2
meta/llama-3.1-8b-instruct,65,2
meta/llama-3.1-8b-instruct,60,14
meta/llama-3.1-8b-instruct,65,2
meta/llama-3.1-8b-instruct,65,2
meta/llama-3.1-8b-instruct,65,2
meta/llama-3.1-8b-instruct,65,2
meta/llama-3.1-8b-instruct,64,2
meta/llama-3.1-8b-instruct,64,2
meta/llama-3.1-8b-instruct,64,2
meta/llama-3.1-8b-instruct,64,2
meta/llama-3.1-8b-instruct,64,2
meta/llama-3.1-8b-instruct,64,2
meta/llama-3.1-8b-instruct,64,2
meta/llama-3.1-8b-instruct,64,2
meta/llama-3.1-8b-instruct,64,2
meta/llama-3.1-8b-instruct,64,2
meta/llama-3.1-8b-instruct,64,2
meta/llama-3.1-8b-instruct,64,2
meta/llama-3.1-8b-instruct,66,2
meta/llama-3.1-8b-instruct,66,2
meta/llama-3.1-8b-instruct,66,2
meta/llama-3.1-8b-instruct,63,2
meta/llama-3.1-8b-instruct,66,2
meta/llama-3.1-8b-instruct,63,2
meta/llama-3.1-8b-instruct,63,2
meta/llama-3.1-8b-instruct,63,2
meta/llama-3.1-8b-instruct,64,2
meta/llama-3.1-8b-instruct,64,2
meta/llama-3.1-8b-instruct,64,2
meta/llama-3.1-8b-instruct,64,2
meta/llama-3.1-8b-instruct,64,2
meta/llama-3.1-8b-instruct,64,2
meta/llama-3.1-8b-instruct,64,2
meta/llama-3.1-8b-instruct,64,2
meta/llama-3.1-8b-instruct,63,2
meta/llama-3.1-8b-instruct,63,2
meta/llama-3.1-8b-instruct,63,2
meta/llama-3.1-8b-instruct,63,2
meta/llama-3.1-8b-instruct,63,2
meta/llama-3.1-8b-instruct,63,2
meta/llama-3.1-8b-instruct,63,2
meta/llama-3.1-8b-instruct,63,2
meta/llama-3.1-8b-instruct,63,2
meta/llama-3.1-8b-instruct,63,2
meta/llama-3.1-8b-instruct,63,2
meta/llama-3.1-8b-instruct,63,2
meta/llama-3.1-8b-instruct,65,2
meta/llama-3.1-8b-instruct,65,2
meta/llama-3.1-8b-instruct,65,2
meta/llama-3.1-8b-instruct,65,2
meta/llama-3.1-8b-instruct,59,2
meta/llama-3.1-8b-instruct,59,2
meta/llama-3.1-8b-instruct,59,2
meta/llama-3.1-8b-instruct,59,2
meta/llama-3.1-8b-instruct,60,2
meta/llama-3.1-8b-instruct,60,2
meta/llama-3.1-8b-instruct,60,2
meta/llama-3.1-8b-instruct,60,2
meta/llama-3.1-8b-instruct,60,2
meta/llama-3.1-8b-instruct,60,2
meta/llama-3.1-8b-instruct,60,2
meta/llama-3.1-8b-instruct,60,2
meta/llama-3.1-8b-instruct,59,2
meta/llama-3.1-8b-instruct,59,2
meta/llama-3.1-8b-instruct,59,2
meta/llama-3.1-8b-instruct,59,2
meta/llama-3.1-8b-instruct,59,2
meta/llama-3.1-8b-instruct,59,2
meta/llama-3.1-8b-instruct,59,2
meta/llama-3.1-8b-instruct,59,2
meta/llama-3.1-8b-instruct,59,2
meta/llama-3.1-8b-instruct,59,2
meta/llama-3.1-8b-instruct,59,2
meta/llama-3.1-8b-instruct,59,2
meta/llama-3.1-8b-instruct,61,2
meta/llama-3.1-8b-instruct,61,2
meta/llama-3.1-8b-instruct,61,2
meta/llama-3.1-8b-instruct,61,2
meta/llama-3.1-8b-instruct,59,2
meta/llama-3.1-8b-instruct,59,2
meta/llama-3.1-8b-instruct,59,2
meta/llama-3.1-8b-instruct,59,2
meta/llama-3.1-8b-instruct,60,2
meta/llama-3.1-8b-instruct,60,2
meta/llama-3.1-8b-instruct,60,2
meta/llama-3.1-8b-instruct,60,2
meta/llama-3.1-8b-instruct,60,2
meta/llama-3.1-8b-instruct,60,2
meta/llama-3.1-8b-instruct,60,2
meta/llama-3.1-8b-instruct,60,2
meta/llama-3.1-8b-instruct,59,2
meta/llama-3.1-8b-instruct,59,2
meta/llama-3.1-8b-instruct,59,2
meta/llama-3.1-8b-instruct,59,2
meta/llama-3.1-8b-instruct,59,2
meta/llama-3.1-8b-instruct,59,2
meta/llama-3.1-8b-instruct,59,2
meta/llama-3.1-8b-instruct,59,2
meta/llama-3.1-8b-instruct,59,2
meta/llama-3.1-8b-instruct,59,2
meta/llama-3.1-8b-instruct,59,2
meta/llama-3.1-8b-instruct,59,2
meta/llama-3.1-8b-instruct,61,2
meta/llama-3.1-8b-instruct,61,2
meta/llama-3.1-8b-instruct,61,2
meta/llama-3.1-8b-instruct,61,2
meta/llama-3.1-8b-instruct,58,2
meta/llama-3.1-8b-instruct,58,2
meta/llama-3.1-8b-instruct,58,2
meta/llama-3.1-8b-instruct,58,2
meta/llama-3.1-8b-instruct,59,2
meta/llama-3.1-8b-instruct,59,2
meta/llama-3.1-8b-instruct,59,2
meta/llama-3.1-8b-instruct,59,2
meta/llama-3.1-8b-instruct,58,2
meta/llama-3.1-8b-instruct,58,2
meta/llama-3.1-8b-instruct,58,2
meta/llama-3.1-8b-instruct,58,2
meta/llama-3.1-8b-instruct,59,2
meta/llama-3.1-8b-instruct,59,2
meta/llama-3.1-8b-instruct,59,2
meta/llama-3.1-8b-instruct,59,2
meta/llama-3.1-8b-instruct,58,2
meta/llama-3.1-8b-instruct,58,2
meta/llama-3.1-8b-instruct,61,2
meta/llama-3.1-8b-instruct,61,2
meta/llama-3.1-8b-instruct,61,2
meta/llama-3.1-8b-instruct,58,2
meta/llama-3.1-8b-instruct,58,2
meta/llama-3.1-8b-instruct,58,2
meta/llama-3.1-8b-instruct,65,3
meta/llama-3.1-8b-instruct,65,3
meta/llama-3.1-8b-instruct,65,2
meta/llama-3.1-8b-instruct,65,2
meta/llama-3.1-8b-instruct,61,11
meta/llama-3.1-8b-instruct,66,2
meta/llama-3.1-8b-instruct,65,2
meta/llama-3.1-8b-instruct,62,2
meta/llama-3.1-8b-instruct,61,2
meta/llama-3.1-8b-instruct,61,2
meta/llama-3.1-8b-instruct,65,2
meta/llama-3.1-8b-instruct,65,2
meta/llama-3.1-8b-instruct,67,2
meta/llama-3.1-8b-instruct,66,2
meta/llama-3.1-8b-instruct,61,2
meta/llama-3.1-8b-instruct,61,2
meta/llama-3.1-8b-instruct,61,2
meta/llama-3.1-8b-instruct,67,2
meta/llama-3.1-8b-instruct,61,2
meta/llama-3.1-8b-instruct,66,2
meta/llama-3.1-8b-instruct,61,2
meta/llama-3.1-8b-instruct,61,2
meta/llama-3.1-8b-instruct,67,2
meta/llama-3.1-8b-instruct,62,2
meta/llama-3.1-8b-instruct,66,2
meta/llama-3.1-8b-instruct,62,2
meta/llama-3.1-8b-instruct,65,2
meta/llama-3.1-8b-instruct,61,2
meta/llama-3.1-8b-instruct,66,2
meta/llama-3.1-8b-instruct,62,2
meta/llama-3.1-8b-instruct,65,2
meta/llama-3.1-8b-instruct,62,2
meta/llama-3.1-8b-instruct,65,2
meta/llama-3.1-8b-instruct,65,2
meta/llama-3.1-8b-instruct,62,2
meta/llama-3.1-8b-instruct,66,2
meta/llama-3.1-8b-instruct,65,2
meta/llama-3.1-8b-instruct,66,2
meta/llama-3.1-8b-instruct,62,2
meta/llama-3.1-8b-instruct,66,2
meta/llama-3.1-8b-instruct,65,2
meta/llama-3.1-8b-instruct,62,2
meta/llama-3.1-8b-instruct,58,2
meta/llama-3.1-8b-instruct,58,2
meta/llama-3.1-8b-instruct,64,2
meta/llama-3.1-8b-instruct,61,2
meta/llama-3.1-8b-instruct,59,2
meta/llama-3.1-8b-instruct,65,3
meta/llama-3.1-8b-instruct,64,5
meta/llama-3.1-8b-instruct,65,3
meta/llama-3.1-8b-instruct,64,2
meta/llama-3.1-8b-instruct,61,2
meta/llama-3.1-8b-instruct,58,2
meta/llama-3.1-8b-instruct,61,2
meta/llama-3.1-8b-instruct,61,2
meta/llama-3.1-8b-instruct,61,2
meta/llama-3.1-8b-instruct,61,2
meta/llama-3.1-8b-instruct,65,3
meta/llama-3.1-8b-instruct,59,2
meta/llama-3.1-8b-instruct,64,2
meta/llama-3.1-8b-instruct,61,2
meta/llama-3.1-8b-instruct,67,3
meta/llama-3.1-8b-instruct,58,2
meta/llama-3.1-8b-instruct,59,2
meta/llama-3.1-8b-instruct,58,2
meta/llama-3.1-8b-instruct,59,2
meta/llama-3.1-8b-instruct,58,28
meta/llama-3.1-8b-instruct,58,38
meta/llama-3.1-8b-instruct,58,2
meta/llama-3.1-8b-instruct,58,2
meta/llama-3.1-8b-instruct,58,2
meta/llama-3.1-8b-instruct,59,2
meta/llama-3.1-8b-instruct,59,2
meta/llama-3.1-8b-instruct,59,2
meta/llama-3.1-8b-instruct,58,2
meta/llama-3.1-8b-instruct,59,2
meta/llama-3.1-8b-instruct,58,2
meta/llama-3.1-8b-instruct,58,2
meta/llama-3.1-8b-instruct,58,2
meta/llama-3.1-8b-instruct,60,2
meta/llama-3.1-8b-instruct,60,2
meta/llama-3.1-8b-instruct,60,2
meta/llama-3.1-8b-instruct,60,2
meta/llama-3.1-8b-instruct,58,2
meta/llama-3.1-8b-instruct,58,67
meta/llama-3.1-8b-instruct,58,2
meta/llama-3.1-8b-instruct,58,2
meta/llama-3.1-8b-instruct,58,2
meta/llama-3.1-8b-instruct,63,2
meta/llama-3.1-8b-instruct,63,2
meta/llama-3.1-8b-instruct,63,2
meta/llama-3.1-8b-instruct,63,2
meta/llama-3.1-8b-instruct,64,2
meta/llama-3.1-8b-instruct,64,2
meta/llama-3.1-8b-instruct,64,2
meta/llama-3.1-8b-instruct,64,2
meta/llama-3.1-8b-instruct,64,2
meta/llama-3.1-8b-instruct,64,2
meta/llama-3.1-8b-instruct,64,2
meta/llama-3.1-8b-instruct,64,2
meta/llama-3.1-8b-instruct,63,2
meta/llama-3.1-8b-instruct,63,2
meta/llama-3.1-8b-instruct,63,2
meta/llama-3.1-8b-instruct,63,2
meta/llama-3.1-8b-instruct,63,2
meta/llama-3.1-8b-instruct,63,2
meta/llama-3.1-8b-instruct,63,2
meta/llama-3.1-8b-instruct,63,2
meta/llama-3.1-8b-instruct,63,2
meta/llama-3.1-8b-instruct,63,2
meta/llama-3.1-8b-instruct,63,2
meta/llama-3.1-8b-instruct,63,2
meta/llama-3.1-8b-instruct,64,2
meta/llama-3.1-8b-instruct,64,2
meta/llama-3.1-8b-instruct,64,2
meta/llama-3.1-8b-instruct,64,2
meta/llama-3.1-8b-instruct,62,2
meta/llama-3.1-8b-instruct,62,2
meta/llama-3.1-8b-instruct,62,2
meta/llama-3.1-8b-instruct,62,2
meta/llama-3.1-8b-instruct,63,2
meta/llama-3.1-8b-instruct,63,2
meta/llama-3.1-8b-instruct,63,2
meta/llama-3.1-8b-instruct,63,2
meta/llama-3.1-8b-instruct,63,2
meta/llama-3.1-8b-instruct,63,2
meta/llama-3.1-8b-instruct,63,2
meta/llama-3.1-8b-instruct,63,2
meta/llama-3.1-8b-instruct,62,2
meta/llama-3.1-8b-instruct,62,2
meta/llama-3.1-8b-instruct,62,2
meta/llama-3.1-8b-instruct,62,2
meta/llama-3.1-8b-instruct,62,2
meta/llama-3.1-8b-instruct,62,2
meta/llama-3.1-8b-instruct,62,2
meta/llama-3.1-8b-instruct,62,2
meta/llama-3.1-8b-instruct,62,2
meta/llama-3.1-8b-instruct,62,2
meta/llama-3.1-8b-instruct,62,2
meta/llama-3.1-8b-instruct,63,2
meta/llama-3.1-8b-instruct,63,2
meta/llama-3.1-8b-instruct,63,2
meta/llama-3.1-8b-instruct,63,2
meta/llama-3.1-8b-instruct,58,2
meta/llama-3.1-8b-instruct,58,2
meta/llama-3.1-8b-instruct,58,2
meta/llama-3.1-8b-instruct,58,2
meta/llama-3.1-8b-instruct,59,2
meta/llama-3.1-8b-instruct,59,2
meta/llama-3.1-8b-instruct,59,2
meta/llama-3.1-8b-instruct,59,2
meta/llama-3.1-8b-instruct,59,2
meta/llama-3.1-8b-instruct,59,2
meta/llama-3.1-8b-instruct,59,2
meta/llama-3.1-8b-instruct,59,2
meta/llama-3.1-8b-instruct,58,2
meta/llama-3.1-8b-instruct,58,2
meta/llama-3.1-8b-instruct,58,2
meta/llama-3.1-8b-instruct,58,2
meta/llama-3.1-8b-instruct,58,2
meta/llama-3.1-8b-instruct,58,2
meta/llama-3.1-8b-instruct,58,2
meta/llama-3.1-8b-instruct,58,2
meta/llama-3.1-8b-instruct,58,2
meta/llama-3.1-8b-instruct,58,2
meta/llama-3.1-8b-instruct,58,2
meta/llama-3.1-8b-instruct,58,2
meta/llama-3.1-8b-instruct,59,2
meta/llama-3.1-8b-instruct,59,2
meta/llama-3.1-8b-instruct,59,2
meta/llama-3.1-8b-instruct,59,2
meta/llama-3.1-8b-instruct,58,2
meta/llama-3.1-8b-instruct,58,2
meta/llama-3.1-8b-instruct,58,2
meta/llama-3.1-8b-instruct,58,2
meta/llama-3.1-8b-instruct,59,2
meta/llama-3.1-8b-instruct,59,2
meta/llama-3.1-8b-instruct,59,2
meta/llama-3.1-8b-instruct,59,2
meta/llama-3.1-8b-instruct,59,2
meta/llama-3.1-8b-instruct,59,2
meta/llama-3.1-8b-instruct,59,2
meta/llama-3.1-8b-instruct,59,2
meta/llama-3.1-8b-instruct,58,2
meta/llama-3.1-8b-instruct,58,2
meta/llama-3.1-8b-instruct,58,2
meta/llama-3.1-8b-instruct,58,2
meta/llama-3.1-8b-instruct,58,2
meta/llama-3.1-8b-instruct,58,2
meta/llama-3.1-8b-instruct,58,2
meta/llama-3.1-8b-instruct,58,2
meta/llama-3.1-8b-instruct,58,2
meta/llama-3.1-8b-instruct,58,2
meta/llama-3.1-8b-instruct,58,2
meta/llama-3.1-8b-instruct,58,2
meta/llama-3.1-8b-instruct,59,2
meta/llama-3.1-8b-instruct,59,2
meta/llama-3.1-8b-instruct,59,2
meta/llama-3.1-8b-instruct,59,2
meta/llama-3.1-8b-instruct,57,2
meta/llama-3.1-8b-instruct,57,2
meta/llama-3.1-8b-instruct,57,2
meta/llama-3.1-8b-instruct,58,2
meta/llama-3.1-8b-instruct,58,2
meta/llama-3.1-8b-instruct,58,2
meta/llama-3.1-8b-instruct,62,73
meta/llama-3.1-8b-instruct,58,2
meta/llama-3.1-8b-instruct,57,2
meta/llama-3.1-8b-instruct,57,2
meta/llama-3.1-8b-instruct,57,2
meta/llama-3.1-8b-instruct,58,2
meta/llama-3.1-8b-instruct,58,2
meta/llama-3.1-8b-instruct,57,12
meta/llama-3.1-8b-instruct,58,2
meta/llama-3.1-8b-instruct,58,2
meta/llama-3.1-8b-instruct,57,2
meta/llama-3.1-8b-instruct,57,2
meta/llama-3.1-8b-instruct,57,2
meta/llama-3.1-8b-instruct,59,2
meta/llama-3.1-8b-instruct,59,2
meta/llama-3.1-8b-instruct,59,2
meta/llama-3.1-8b-instruct,57,13
meta/llama-3.1-8b-instruct,59,2
meta/llama-3.1-8b-instruct,57,2
meta/llama-3.1-8b-instruct,57,2
meta/llama-3.1-8b-instruct,57,2
meta/llama-3.1-8b-instruct,57,2
meta/llama-3.1-8b-instruct,64,2
meta/llama-3.1-8b-instruct,57,13
meta/llama-3.1-8b-instruct,64,2
meta/llama-3.1-8b-instruct,64,2
meta/llama-3.1-8b-instruct,64,2
meta/llama-3.1-8b-instruct,65,2
meta/llama-3.1-8b-instruct,65,2
meta/llama-3.1-8b-instruct,65,2
meta/llama-3.1-8b-instruct,65,2
meta/llama-3.1-8b-instruct,64,2
meta/llama-3.1-8b-instruct,64,3
meta/llama-3.1-8b-instruct,64,2
meta/llama-3.1-8b-instruct,64,2
meta/llama-3.1-8b-instruct,65,2
meta/llama-3.1-8b-instruct,65,2
meta/llama-3.1-8b-instruct,65,2
meta/llama-3.1-8b-instruct,65,2
meta/llama-3.1-8b-instruct,64,2
meta/llama-3.1-8b-instruct,64,2
meta/llama-3.1-8b-instruct,64,2
meta/llama-3.1-8b-instruct,64,2
meta/llama-3.1-8b-instruct,66,2
meta/llama-3.1-8b-instruct,66,2
meta/llama-3.1-8b-instruct,66,2
meta/llama-3.1-8b-instruct,66,2
meta/llama-3.1-8b-instruct,64,2
meta/llama-3.1-8b-instruct,64,2
meta/llama-3.1-8b-instruct,64,2
meta/llama-3.1-8b-instruct,64,2
meta/llama-3.1-8b-instruct,60,2
meta/llama-3.1-8b-instruct,60,2
meta/llama-3.1-8b-instruct,60,2
meta/llama-3.1-8b-instruct,60,2
meta/llama-3.1-8b-instruct,61,2
meta/llama-3.1-8b-instruct,61,2
meta/llama-3.1-8b-instruct,61,2
meta/llama-3.1-8b-instruct,61,2
meta/llama-3.1-8b-instruct,60,2
meta/llama-3.1-8b-instruct,60,2
meta/llama-3.1-8b-instruct,60,2
meta/llama-3.1-8b-instruct,60,2
meta/llama-3.1-8b-instruct,61,2
meta/llama-3.1-8b-instruct,61,2
meta/llama-3.1-8b-instruct,61,2
meta/llama-3.1-8b-instruct,61,2
meta/llama-3.1-8b-instruct,60,2
meta/llama-3.1-8b-instruct,60,2
meta/llama-3.1-8b-instruct,60,2
meta/llama-3.1-8b-instruct,60,2
meta/llama-3.1-8b-instruct,62,2
meta/llama-3.1-8b-instruct,62,2
meta/llama-3.1-8b-instruct,62,2
meta/llama-3.1-8b-instruct,62,2
meta/llama-3.1-8b-instruct,60,2
meta/llama-3.1-8b-instruct,60,2
meta/llama-3.1-8b-instruct,60,2
meta/llama-3.1-8b-instruct,60,2
meta/llama-3.1-8b-instruct,57,2
meta/llama-3.1-8b-instruct,57,2
meta/llama-3.1-8b-instruct,57,2
meta/llama-3.1-8b-instruct,57,2
meta/llama-3.1-8b-instruct,58,2
meta/llama-3.1-8b-instruct,58,2
meta/llama-3.1-8b-instruct,58,2
meta/llama-3.1-8b-instruct,58,2
meta/llama-3.1-8b-instruct,57,2
meta/llama-3.1-8b-instruct,57,2
meta/llama-3.1-8b-instruct,57,2
meta/llama-3.1-8b-instruct,57,2
meta/llama-3.1-8b-instruct,58,2
meta/llama-3.1-8b-instruct,58,2
meta/llama-3.1-8b-instruct,58,2
meta/llama-3.1-8b-instruct,58,2
meta/llama-3.1-8b-instruct,57,2
meta/llama-3.1-8b-instruct,57,2
meta/llama-3.1-8b-instruct,57,2
meta/llama-3.1-8b-instruct,57,2
meta/llama-3.1-8b-instruct,59,2
meta/llama-3.1-8b-instruct,59,2
meta/llama-3.1-8b-instruct,59,2
meta/llama-3.1-8b-instruct,59,2
meta/llama-3.1-8b-instruct,57,2
meta/llama-3.1-8b-instruct,57,2
meta/llama-3.1-8b-instruct,57,2
meta/llama-3.1-8b-instruct,57,2
meta/llama-3.1-8b-instruct,63,2
meta/llama-3.1-8b-instruct,63,2
meta/llama-3.1-8b-instruct,63,2
meta/llama-3.1-8b-instruct,63,2
meta/llama-3.1-8b-instruct,64,2
meta/llama-3.1-8b-instruct,64,2
meta/llama-3.1-8b-instruct,64,2
meta/llama-3.1-8b-instruct,64,2
meta/llama-3.1-8b-instruct,64,2
meta/llama-3.1-8b-instruct,64,2
meta/llama-3.1-8b-instruct,64,2
meta/llama-3.1-8b-instruct,64,2
meta/llama-3.1-8b-instruct,63,2
meta/llama-3.1-8b-instruct,63,2
meta/llama-3.1-8b-instruct,63,2
meta/llama-3.1-8b-instruct,63,2
meta/llama-3.1-8b-instruct,63,2
meta/llama-3.1-8b-instruct,63,2
meta/llama-3.1-8b-instruct,63,2
meta/llama-3.1-8b-instruct,63,2
meta/llama-3.1-8b-instruct,63,2
meta/llama-3.1-8b-instruct,63,2
meta/llama-3.1-8b-instruct,63,2
meta/llama-3.1-8b-instruct,63,2
meta/llama-3.1-8b-instruct,65,2
meta/llama-3.1-8b-instruct,65,2
meta/llama-3.1-8b-instruct,65,2
meta/llama-3.1-8b-instruct,65,2
meta/llama-3.1-8b-instruct,62,2
meta/llama-3.1-8b-instruct,62,2
meta/llama-3.1-8b-instruct,62,2
meta/llama-3.1-8b-instruct,62,2
meta/llama-3.1-8b-instruct,63,2
meta/llama-3.1-8b-instruct,63,2
meta/llama-3.1-8b-instruct,63,2
meta/llama-3.1-8b-instruct,63,2
meta/llama-3.1-8b-instruct,63,2
meta/llama-3.1-8b-instruct,63,2
meta/llama-3.1-8b-instruct,63,2
meta/llama-3.1-8b-instruct,63,2
meta/llama-3.1-8b-instruct,62,2
meta/llama-3.1-8b-instruct,62,2
meta/llama-3.1-8b-instruct,62,2
meta/llama-3.1-8b-instruct,62,2
meta/llama-3.1-8b-instruct,62,2
meta/llama-3.1-8b-instruct,62,2
meta/llama-3.1-8b-instruct,62,2
meta/llama-3.1-8b-instruct,62,2
meta/llama-3.1-8b-instruct,62,2
meta/llama-3.1-8b-instruct,62,2
meta/llama-3.1-8b-instruct,62,2
meta/llama-3.1-8b-instruct,62,2
meta/llama-3.1-8b-instruct,64,2
meta/llama-3.1-8b-instruct,64,2
meta/llama-3.1-8b-instruct,64,2
meta/llama-3.1-8b-instruct,64,2
meta/llama-3.1-8b-instruct,58,2
meta/llama-3.1-8b-instruct,58,2
meta/llama-3.1-8b-instruct,58,2
meta/llama-3.1-8b-instruct,58,2
meta/llama-3.1-8b-instruct,59,2
meta/llama-3.1-8b-instruct,59,2
meta/llama-3.1-8b-instruct,59,2
meta/llama-3.1-8b-instruct,59,2
meta/llama-3.1-8b-instruct,59,2
meta/llama-3.1-8b-instruct,59,2
meta/llama-3.1-8b-instruct,59,2
meta/llama-3.1-8b-instruct,59,2
meta/llama-3.1-8b-instruct,58,2
meta/llama-3.1-8b-instruct,58,2
meta/llama-3.1-8b-instruct,58,2
meta/llama-3.1-8b-instruct,58,2
meta/llama-3.1-8b-instruct,58,2
meta/llama-3.1-8b-instruct,58,2
meta/llama-3.1-8b-instruct,58,2
meta/llama-3.1-8b-instruct,58,2
meta/llama-3.1-8b-instruct,58,2
meta/llama-3.1-8b-instruct,58,2
meta/llama-3.1-8b-instruct,58,2
meta/llama-3.1-8b-instruct,58,2
meta/llama-3.1-8b-instruct,60,2
meta/llama-3.1-8b-instruct,60,2
meta/llama-3.1-8b-instruct,60,2
meta/llama-3.1-8b-instruct,60,2
meta/llama-3.1-8b-instruct,58,2
meta/llama-3.1-8b-instruct,58,2
meta/llama-3.1-8b-instruct,58,2
meta/llama-3.1-8b-instruct,58,2
meta/llama-3.1-8b-instruct,59,2
meta/llama-3.1-8b-instruct,59,2
meta/llama-3.1-8b-instruct,59,2
meta/llama-3.1-8b-instruct,59,2
meta/llama-3.1-8b-instruct,59,2
meta/llama-3.1-8b-instruct,59,2
meta/llama-3.1-8b-instruct,59,2
meta/llama-3.1-8b-instruct,59,2
meta/llama-3.1-8b-instruct,58,2
meta/llama-3.1-8b-instruct,58,2
meta/llama-3.1-8b-instruct,58,2
meta/llama-3.1-8b-instruct,58,2
meta/llama-3.1-8b-instruct,58,2
meta/llama-3.1-8b-instruct,58,2
meta/llama-3.1-8b-instruct,58,2
meta/llama-3.1-8b-instruct,58,2
meta/llama-3.1-8b-instruct,58,2
meta/llama-3.1-8b-instruct,58,2
meta/llama-3.1-8b-instruct,58,2
meta/llama-3.1-8b-instruct,58,2
meta/llama-3.1-8b-instruct,60,2
meta/llama-3.1-8b-instruct,60,2
meta/llama-3.1-8b-instruct,60,2
meta/llama-3.1-8b-instruct,60,2
meta/llama-3.1-8b-instruct,57,2
meta/llama-3.1-8b-instruct,57,2
meta/llama-3.1-8b-instruct,57,2
meta/llama-3.1-8b-instruct,57,2
meta/llama-3.1-8b-instruct,58,2
meta/llama-3.1-8b-instruct,58,2
meta/llama-3.1-8b-instruct,58,2
meta/llama-3.1-8b-instruct,58,2
meta/llama-3.1-8b-instruct,57,2
meta/llama-3.1-8b-instruct,57,2
meta/llama-3.1-8b-instruct,57,2
meta/llama-3.1-8b-instruct,58,2
meta/llama-3.1-8b-instruct,58,2
meta/llama-3.1-8b-instruct,58,2
meta/llama-3.1-8b-instruct,58,2
meta/llama-3.1-8b-instruct,57,2
meta/llama-3.1-8b-instruct,57,2
meta/llama-3.1-8b-instruct,57,2
meta/llama-3.1-8b-instruct,57,10
meta/llama-3.1-8b-instruct,57,2
meta/llama-3.1-8b-instruct,61,2
meta/llama-3.1-8b-instruct,61,2
meta/llama-3.1-8b-instruct,61,2
meta/llama-3.1-8b-instruct,61,2
meta/llama-3.1-8b-instruct,57,2
meta/llama-3.1-8b-instruct,57,2
meta/llama-3.1-8b-instruct,57,2
meta/llama-3.1-8b-instruct,57,2
meta/llama-3.1-8b-instruct,64,2
meta/llama-3.1-8b-instruct,64,2
meta/llama-3.1-8b-instruct,64,2
meta/llama-3.1-8b-instruct,64,2
meta/llama-3.1-8b-instruct,65,2
meta/llama-3.1-8b-instruct,65,2
meta/llama-3.1-8b-instruct,65,2
meta/llama-3.1-8b-instruct,65,3
meta/llama-3.1-8b-instruct,64,2
meta/llama-3.1-8b-instruct,64,2
meta/llama-3.1-8b-instruct,64,2
meta/llama-3.1-8b-instruct,64,3
meta/llama-3.1-8b-instruct,65,2
meta/llama-3.1-8b-instruct,65,2
meta/llama-3.1-8b-instruct,65,2
meta/llama-3.1-8b-instruct,65,2
meta/llama-3.1-8b-instruct,64,2
meta/llama-3.1-8b-instruct,64,2
meta/llama-3.1-8b-instruct,64,2
meta/llama-3.1-8b-instruct,64,2
meta/llama-3.1-8b-instruct,68,2
meta/llama-3.1-8b-instruct,68,2
meta/llama-3.1-8b-instruct,68,2
meta/llama-3.1-8b-instruct,68,2
meta/llama-3.1-8b-instruct,64,2
meta/llama-3.1-8b-instruct,64,2
meta/llama-3.1-8b-instruct,64,2
meta/llama-3.1-8b-instruct,64,2
meta/llama-3.1-8b-instruct,60,2
meta/llama-3.1-8b-instruct,60,2
meta/llama-3.1-8b-instruct,60,2
meta/llama-3.1-8b-instruct,60,2
meta/llama-3.1-8b-instruct,61,2
meta/llama-3.1-8b-instruct,61,2
meta/llama-3.1-8b-instruct,61,2
meta/llama-3.1-8b-instruct,61,2
meta/llama-3.1-8b-instruct,60,2
meta/llama-3.1-8b-instruct,60,2
meta/llama-3.1-8b-instruct,60,2
meta/llama-3.1-8b-instruct,60,2
meta/llama-3.1-8b-instruct,61,2
meta/llama-3.1-8b-instruct,61,2
meta/llama-3.1-8b-instruct,61,2
meta/llama-3.1-8b-instruct,61,2
meta/llama-3.1-8b-instruct,60,2
meta/llama-3.1-8b-instruct,60,2
meta/llama-3.1-8b-instruct,60,2
meta/llama-3.1-8b-instruct,60,2
meta/llama-3.1-8b-instruct,64,2
meta/llama-3.1-8b-instruct,64,2
meta/llama-3.1-8b-instruct,64,2
meta/llama-3.1-8b-instruct,64,2
meta/llama-3.1-8b-instruct,60,2
meta/llama-3.1-8b-instruct,60,2
meta/llama-3.1-8b-instruct,60,2
meta/llama-3.1-8b-instruct,60,2
meta/llama-3.1-8b-instruct,57,2
meta/llama-3.1-8b-instruct,57,2
meta/llama-3.1-8b-instruct,57,2
meta/llama-3.1-8b-instruct,57,2
meta/llama-3.1-8b-instruct,58,2
meta/llama-3.1-8b-instruct,58,2
meta/llama-3.1-8b-instruct,58,2
meta/llama-3.1-8b-instruct,58,2
meta/llama-3.1-8b-instruct,57,2
meta/llama-3.1-8b-instruct,57,2
meta/llama-3.1-8b-instruct,57,2
meta/llama-3.1-8b-instruct,57,2
meta/llama-3.1-8b-instruct,58,2
meta/llama-3.1-8b-instruct,58,2
meta/llama-3.1-8b-instruct,58,2
meta/llama-3.1-8b-instruct,58,2
meta/llama-3.1-8b-instruct,57,2
meta/llama-3.1-8b-instruct,57,2
meta/llama-3.1-8b-instruct,57,2
meta/llama-3.1-8b-instruct,57,2
meta/llama-3.1-8b-instruct,61,2
meta/llama-3.1-8b-instruct,61,2
meta/llama-3.1-8b-instruct,61,2
meta/llama-3.1-8b-instruct,61,2
meta/llama-3.1-8b-instruct,57,2
meta/llama-3.1-8b-instruct,57,2
meta/llama-3.1-8b-instruct,57,2
meta/llama-3.1-8b-instruct,57,2
meta/llama-3.1-8b-instruct,65,2
meta/llama-3.1-8b-instruct,65,2
meta/llama-3.1-8b-instruct,65,2
meta/llama-3.1-8b-instruct,65,2
meta/llama-3.1-8b-instruct,66,2
meta/llama-3.1-8b-instruct,66,2
meta/llama-3.1-8b-instruct,66,2
meta/llama-3.1-8b-instruct,66,2
meta/llama-3.1-8b-instruct,66,2
meta/llama-3.1-8b-instruct,66,2
meta/llama-3.1-8b-instruct,66,2
meta/llama-3.1-8b-instruct,66,2
meta/llama-3.1-8b-instruct,65,2
meta/llama-3.1-8b-instruct,65,2
meta/llama-3.1-8b-instruct,65,2
meta/llama-3.1-8b-instruct,65,2
meta/llama-3.1-8b-instruct,65,2
meta/llama-3.1-8b-instruct,65,2
meta/llama-3.1-8b-instruct,65,2
meta/llama-3.1-8b-instruct,65,2
meta/llama-3.1-8b-instruct,65,2
meta/llama-3.1-8b-instruct,65,2
meta/llama-3.1-8b-instruct,65,2
meta/llama-3.1-8b-instruct,65,2
meta/llama-3.1-8b-instruct,66,2
meta/llama-3.1-8b-instruct,66,2
meta/llama-3.1-8b-instruct,66,2
meta/llama-3.1-8b-instruct,66,2
meta/llama-3.1-8b-instruct,64,2
meta/llama-3.1-8b-instruct,64,2
meta/llama-3.1-8b-instruct,64,2
meta/llama-3.1-8b-instruct,64,2
meta/llama-3.1-8b-instruct,65,2
meta/llama-3.1-8b-instruct,65,2
meta/llama-3.1-8b-instruct,65,2
meta/llama-3.1-8b-instruct,65,2
meta/llama-3.1-8b-instruct,65,2
meta/llama-3.1-8b-instruct,65,2
meta/llama-3.1-8b-instruct,65,2
meta/llama-3.1-8b-instruct,65,2
meta/llama-3.1-8b-instruct,64,2
meta/llama-3.1-8b-instruct,64,2
meta/llama-3.1-8b-instruct,64,2
meta/llama-3.1-8b-instruct,64,2
meta/llama-3.1-8b-instruct,64,2
meta/llama-3.1-8b-instruct,64,2
meta/llama-3.1-8b-instruct,64,2
meta/llama-3.1-8b-instruct,64,2
meta/llama-3.1-8b-instruct,64,2
meta/llama-3.1-8b-instruct,64,2
meta/llama-3.1-8b-instruct,64,2
meta/llama-3.1-8b-instruct,64,2
meta/llama-3.1-8b-instruct,65,2
meta/llama-3.1-8b-instruct,65,2
meta/llama-3.1-8b-instruct,65,2
meta/llama-3.1-8b-instruct,65,2
meta/llama-3.1-8b-instruct,60,2
meta/llama-3.1-8b-instruct,60,2
meta/llama-3.1-8b-instruct,60,2
meta/llama-3.1-8b-instruct,60,2
meta/llama-3.1-8b-instruct,61,2
meta/llama-3.1-8b-instruct,61,2
meta/llama-3.1-8b-instruct,61,2
meta/llama-3.1-8b-instruct,61,2
meta/llama-3.1-8b-instruct,61,2
meta/llama-3.1-8b-instruct,61,2
meta/llama-3.1-8b-instruct,61,2
meta/llama-3.1-8b-instruct,61,2
meta/llama-3.1-8b-instruct,60,2
meta/llama-3.1-8b-instruct,60,2
meta/llama-3.1-8b-instruct,60,2
meta/llama-3.1-8b-instruct,60,2
meta/llama-3.1-8b-instruct,60,2
meta/llama-3.1-8b-instruct,60,2
meta/llama-3.1-8b-instruct,60,2
meta/llama-3.1-8b-instruct,60,2
meta/llama-3.1-8b-instruct,60,2
meta/llama-3.1-8b-instruct,60,2
meta/llama-3.1-8b-instruct,60,2
meta/llama-3.1-8b-instruct,60,2
meta/llama-3.1-8b-instruct,61,2
meta/llama-3.1-8b-instruct,61,2
meta/llama-3.1-8b-instruct,61,2
meta/llama-3.1-8b-instruct,61,2
meta/llama-3.1-8b-instruct,60,2
meta/llama-3.1-8b-instruct,60,2
meta/llama-3.1-8b-instruct,60,2
meta/llama-3.1-8b-instruct,60,2
meta/llama-3.1-8b-instruct,61,2
meta/llama-3.1-8b-instruct,61,2
meta/llama-3.1-8b-instruct,61,2
meta/llama-3.1-8b-instruct,61,2
meta/llama-3.1-8b-instruct,61,2
meta/llama-3.1-8b-instruct,61,2
meta/llama-3.1-8b-instruct,61,2
meta/llama-3.1-8b-instruct,61,2
meta/llama-3.1-8b-instruct,60,2
meta/llama-3.1-8b-instruct,60,2
meta/llama-3.1-8b-instruct,60,2
meta/llama-3.1-8b-instruct,60,2
meta/llama-3.1-8b-instruct,60,2
meta/llama-3.1-8b-instruct,60,2
meta/llama-3.1-8b-instruct,60,2
meta/llama-3.1-8b-instruct,60,2
meta/llama-3.1-8b-instruct,60,2
meta/llama-3.1-8b-instruct,60,2
meta/llama-3.1-8b-instruct,60,2
meta/llama-3.1-8b-instruct,60,2
meta/llama-3.1-8b-instruct,61,2
meta/llama-3.1-8b-instruct,61,2
meta/llama-3.1-8b-instruct,61,2
meta/llama-3.1-8b-instruct,61,2
meta/llama-3.1-8b-instruct,59,2
meta/llama-3.1-8b-instruct,59,2
meta/llama-3.1-8b-instruct,59,2
meta/llama-3.1-8b-instruct,59,2
meta/llama-3.1-8b-instruct,60,2
meta/llama-3.1-8b-instruct,60,2
meta/llama-3.1-8b-instruct,60,2
meta/llama-3.1-8b-instruct,60,2
meta/llama-3.1-8b-instruct,59,2
meta/llama-3.1-8b-instruct,59,2
meta/llama-3.1-8b-instruct,59,2
meta/llama-3.1-8b-instruct,59,2
meta/llama-3.1-8b-instruct,60,2
meta/llama-3.1-8b-instruct,60,2
meta/llama-3.1-8b-instruct,60,2
meta/llama-3.1-8b-instruct,60,2
meta/llama-3.1-8b-instruct,59,2
meta/llama-3.1-8b-instruct,59,2
meta/llama-3.1-8b-instruct,59,2
meta/llama-3.1-8b-instruct,59,2
meta/llama-3.1-8b-instruct,61,2
meta/llama-3.1-8b-instruct,61,2
meta/llama-3.1-8b-instruct,61,2
meta/llama-3.1-8b-instruct,61,2
meta/llama-3.1-8b-instruct,59,2
meta/llama-3.1-8b-instruct,59,2
meta/llama-3.1-8b-instruct,59,2
meta/llama-3.1-8b-instruct,59,2
meta/llama-3.1-8b-instruct,66,2
meta/llama-3.1-8b-instruct,66,3
meta/llama-3.1-8b-instruct,66,2
meta/llama-3.1-8b-instruct,66,3
meta/llama-3.1-8b-instruct,67,2
meta/llama-3.1-8b-instruct,67,2
meta/llama-3.1-8b-instruct,67,2
meta/llama-3.1-8b-instruct,67,2
meta/llama-3.1-8b-instruct,66,3
meta/llama-3.1-8b-instruct,66,3
meta/llama-3.1-8b-instruct,66,3
meta/llama-3.1-8b-instruct,66,2
meta/llama-3.1-8b-instruct,67,2
meta/llama-3.1-8b-instruct,67,2
meta/llama-3.1-8b-instruct,67,2
meta/llama-3.1-8b-instruct,67,2
meta/llama-3.1-8b-instruct,66,2
meta/llama-3.1-8b-instruct,66,2
meta/llama-3.1-8b-instruct,66,2
meta/llama-3.1-8b-instruct,66,2
meta/llama-3.1-8b-instruct,68,2
meta/llama-3.1-8b-instruct,68,2
meta/llama-3.1-8b-instruct,68,2
meta/llama-3.1-8b-instruct,68,2
meta/llama-3.1-8b-instruct,66,2
meta/llama-3.1-8b-instruct,66,2
meta/llama-3.1-8b-instruct,66,2
meta/llama-3.1-8b-instruct,66,2
meta/llama-3.1-8b-instruct,62,2
meta/llama-3.1-8b-instruct,62,2
meta/llama-3.1-8b-instruct,62,2
meta/llama-3.1-8b-instruct,62,2
meta/llama-3.1-8b-instruct,63,2
meta/llama-3.1-8b-instruct,63,2
meta/llama-3.1-8b-instruct,63,2
meta/llama-3.1-8b-instruct,63,2
meta/llama-3.1-8b-instruct,62,2
meta/llama-3.1-8b-instruct,62,2
meta/llama-3.1-8b-instruct,62,2
meta/llama-3.1-8b-instruct,62,2
meta/llama-3.1-8b-instruct,63,2
meta/llama-3.1-8b-instruct,63,2
meta/llama-3.1-8b-instruct,63,2
meta/llama-3.1-8b-instruct,63,2
meta/llama-3.1-8b-instruct,62,2
meta/llama-3.1-8b-instruct,62,2
meta/llama-3.1-8b-instruct,62,2
meta/llama-3.1-8b-instruct,62,2
meta/llama-3.1-8b-instruct,64,2
meta/llama-3.1-8b-instruct,64,2
meta/llama-3.1-8b-instruct,64,2
meta/llama-3.1-8b-instruct,64,2
meta/llama-3.1-8b-instruct,62,2
meta/llama-3.1-8b-instruct,62,2
meta/llama-3.1-8b-instruct,62,2
meta/llama-3.1-8b-instruct,62,2
meta/llama-3.1-8b-instruct,59,2
meta/llama-3.1-8b-instruct,59,2
meta/llama-3.1-8b-instruct,59,2
meta/llama-3.1-8b-instruct,59,2
meta/llama-3.1-8b-instruct,60,2
meta/llama-3.1-8b-instruct,60,2
meta/llama-3.1-8b-instruct,60,2
meta/llama-3.1-8b-instruct,60,2
meta/llama-3.1-8b-instruct,59,2
meta/llama-3.1-8b-instruct,59,2
meta/llama-3.1-8b-instruct,59,2
meta/llama-3.1-8b-instruct,59,2
meta/llama-3.1-8b-instruct,60,2
meta/llama-3.1-8b-instruct,60,2
meta/llama-3.1-8b-instruct,60,2
meta/llama-3.1-8b-instruct,60,2
meta/llama-3.1-8b-instruct,59,2
meta/llama-3.1-8b-instruct,59,2
meta/llama-3.1-8b-instruct,59,2
meta/llama-3.1-8b-instruct,59,2
meta/llama-3.1-8b-instruct,61,2
meta/llama-3.1-8b-instruct,61,2
meta/llama-3.1-8b-instruct,61,2
meta/llama-3.1-8b-instruct,61,2
meta/llama-3.1-8b-instruct,59,2
meta/llama-3.1-8b-instruct,59,2
meta/llama-3.1-8b-instruct,59,2
meta/llama-3.1-8b-instruct,59,2
meta/llama-3.1-8b-instruct,63,2
meta/llama-3.1-8b-instruct,63,2
meta/llama-3.1-8b-instruct,63,2
meta/llama-3.1-8b-instruct,63,2
meta/llama-3.1-8b-instruct,64,2
meta/llama-3.1-8b-instruct,64,2
meta/llama-3.1-8b-instruct,64,2
meta/llama-3.1-8b-instruct,64,2
meta/llama-3.1-8b-instruct,64,2
meta/llama-3.1-8b-instruct,64,2
meta/llama-3.1-8b-instruct,64,2
meta/llama-3.1-8b-instruct,64,2
meta/llama-3.1-8b-instruct,63,2
meta/llama-3.1-8b-instruct,63,2
meta/llama-3.1-8b-instruct,63,2
meta/llama-3.1-8b-instruct,63,2
meta/llama-3.1-8b-instruct,63,2
meta/llama-3.1-8b-instruct,63,2
meta/llama-3.1-8b-instruct,63,2
meta/llama-3.1-8b-instruct,63,2
meta/llama-3.1-8b-instruct,63,2
meta/llama-3.1-8b-instruct,63,2
meta/llama-3.1-8b-instruct,63,2
meta/llama-3.1-8b-instruct,63,2
meta/llama-3.1-8b-instruct,63,2
meta/llama-3.1-8b-instruct,63,2
meta/llama-3.1-8b-instruct,63,2
meta/llama-3.1-8b-instruct,63,2
meta/llama-3.1-8b-instruct,62,2
meta/llama-3.1-8b-instruct,62,2
meta/llama-3.1-8b-instruct,62,2
meta/llama-3.1-8b-instruct,62,2
meta/llama-3.1-8b-instruct,63,2
meta/llama-3.1-8b-instruct,63,2
meta/llama-3.1-8b-instruct,63,2
meta/llama-3.1-8b-instruct,63,2
meta/llama-3.1-8b-instruct,63,2
meta/llama-3.1-8b-instruct,63,2
meta/llama-3.1-8b-instruct,63,2
meta/llama-3.1-8b-instruct,63,2
meta/llama-3.1-8b-instruct,62,2
meta/llama-3.1-8b-instruct,62,2
meta/llama-3.1-8b-instruct,62,2
meta/llama-3.1-8b-instruct,62,2
meta/llama-3.1-8b-instruct,62,2
meta/llama-3.1-8b-instruct,62,2
meta/llama-3.1-8b-instruct,62,2
meta/llama-3.1-8b-instruct,62,2
meta/llama-3.1-8b-instruct,62,2
meta/llama-3.1-8b-instruct,62,2
meta/llama-3.1-8b-instruct,62,2
meta/llama-3.1-8b-instruct,62,2
meta/llama-3.1-8b-instruct,62,13
meta/llama-3.1-8b-instruct,58,2
meta/llama-3.1-8b-instruct,58,2
meta/llama-3.1-8b-instruct,62,2
meta/llama-3.1-8b-instruct,62,2
meta/llama-3.1-8b-instruct,62,2
meta/llama-3.1-8b-instruct,58,2
meta/llama-3.1-8b-instruct,58,2
meta/llama-3.1-8b-instruct,59,2
meta/llama-3.1-8b-instruct,59,2
meta/llama-3.1-8b-instruct,59,2
meta/llama-3.1-8b-instruct,59,2
meta/llama-3.1-8b-instruct,59,2
meta/llama-3.1-8b-instruct,59,2
meta/llama-3.1-8b-instruct,59,2
meta/llama-3.1-8b-instruct,59,2
meta/llama-3.1-8b-instruct,58,2
meta/llama-3.1-8b-instruct,58,2
meta/llama-3.1-8b-instruct,58,2
meta/llama-3.1-8b-instruct,58,2
meta/llama-3.1-8b-instruct,58,2
meta/llama-3.1-8b-instruct,58,2
meta/llama-3.1-8b-instruct,58,2
meta/llama-3.1-8b-instruct,58,2
meta/llama-3.1-8b-instruct,58,2
meta/llama-3.1-8b-instruct,58,2
meta/llama-3.1-8b-instruct,58,2
meta/llama-3.1-8b-instruct,58,2
meta/llama-3.1-8b-instruct,58,2
meta/llama-3.1-8b-instruct,58,2
meta/llama-3.1-8b-instruct,58,2
meta/llama-3.1-8b-instruct,58,2
meta/llama-3.1-8b-instruct,58,2
meta/llama-3.1-8b-instruct,58,2
meta/llama-3.1-8b-instruct,58,2
meta/llama-3.1-8b-instruct,58,2
meta/llama-3.1-8b-instruct,59,2
meta/llama-3.1-8b-instruct,59,2
meta/llama-3.1-8b-instruct,59,2
meta/llama-3.1-8b-instruct,59,2
meta/llama-3.1-8b-instruct,59,2
meta/llama-3.1-8b-instruct,59,2
meta/llama-3.1-8b-instruct,59,2
meta/llama-3.1-8b-instruct,59,2
meta/llama-3.1-8b-instruct,58,2
meta/llama-3.1-8b-instruct,58,2
meta/llama-3.1-8b-instruct,58,2
meta/llama-3.1-8b-instruct,58,2
meta/llama-3.1-8b-instruct,58,2
meta/llama-3.1-8b-instruct,58,2
meta/llama-3.1-8b-instruct,58,2
meta/llama-3.1-8b-instruct,58,2
meta/llama-3.1-8b-instruct,58,2
meta/llama-3.1-8b-instruct,58,2
meta/llama-3.1-8b-instruct,58,2
meta/llama-3.1-8b-instruct,58,2
meta/llama-3.1-8b-instruct,58,2
meta/llama-3.1-8b-instruct,58,2
meta/llama-3.1-8b-instruct,58,2
meta/llama-3.1-8b-instruct,58,2
meta/llama-3.1-8b-instruct,59,2
meta/llama-3.1-8b-instruct,59,2
meta/llama-3.1-8b-instruct,60,2
meta/llama-3.1-8b-instruct,60,2
meta/llama-3.1-8b-instruct,60,2
meta/llama-3.1-8b-instruct,60,2
meta/llama-3.1-8b-instruct,59,2
meta/llama-3.1-8b-instruct,59,2
meta/llama-3.1-8b-instruct,59,2
meta/llama-3.1-8b-instruct,59,2
meta/llama-3.1-8b-instruct,60,2
meta/llama-3.1-8b-instruct,60,2
meta/llama-3.1-8b-instruct,59,12
meta/llama-3.1-8b-instruct,59,14
meta/llama-3.1-8b-instruct,60,2
meta/llama-3.1-8b-instruct,59,2
meta/llama-3.1-8b-instruct,59,2
meta/llama-3.1-8b-instruct,59,2
meta/llama-3.1-8b-instruct,59,2
meta/llama-3.1-8b-instruct,62,2
meta/llama-3.1-8b-instruct,60,9
meta/llama-3.1-8b-instruct,62,2
meta/llama-3.1-8b-instruct,62,2
meta/llama-3.1-8b-instruct,59,2
meta/llama-3.1-8b-instruct,59,2
meta/llama-3.1-8b-instruct,59,2
meta/llama-3.1-8b-instruct,59,2
meta/llama-3.1-8b-instruct,66,2
meta/llama-3.1-8b-instruct,66,2
meta/llama-3.1-8b-instruct,66,2
meta/llama-3.1-8b-instruct,66,2
meta/llama-3.1-8b-instruct,62,12
meta/llama-3.1-8b-instruct,67,3
meta/llama-3.1-8b-instruct,67,2
meta/llama-3.1-8b-instruct,67,2
meta/llama-3.1-8b-instruct,67,3
meta/llama-3.1-8b-instruct,66,3
meta/llama-3.1-8b-instruct,66,2
meta/llama-3.1-8b-instruct,66,2
meta/llama-3.1-8b-instruct,67,2
meta/llama-3.1-8b-instruct,66,3
meta/llama-3.1-8b-instruct,67,2
meta/llama-3.1-8b-instruct,67,2
meta/llama-3.1-8b-instruct,67,2
meta/llama-3.1-8b-instruct,66,2
meta/llama-3.1-8b-instruct,66,2
meta/llama-3.1-8b-instruct,66,2
meta/llama-3.1-8b-instruct,66,2
meta/llama-3.1-8b-instruct,68,2
meta/llama-3.1-8b-instruct,68,2
meta/llama-3.1-8b-instruct,68,2
meta/llama-3.1-8b-instruct,68,2
meta/llama-3.1-8b-instruct,66,2
meta/llama-3.1-8b-instruct,66,2
meta/llama-3.1-8b-instruct,66,2
meta/llama-3.1-8b-instruct,66,2
meta/llama-3.1-8b-instruct,62,2
meta/llama-3.1-8b-instruct,62,2
meta/llama-3.1-8b-instruct,62,2
meta/llama-3.1-8b-instruct,62,2
meta/llama-3.1-8b-instruct,63,2
meta/llama-3.1-8b-instruct,63,2
meta/llama-3.1-8b-instruct,63,2
meta/llama-3.1-8b-instruct,63,2
meta/llama-3.1-8b-instruct,62,2
meta/llama-3.1-8b-instruct,62,2
meta/llama-3.1-8b-instruct,62,2
meta/llama-3.1-8b-instruct,63,2
meta/llama-3.1-8b-instruct,62,2
meta/llama-3.1-8b-instruct,63,2
meta/llama-3.1-8b-instruct,63,2
meta/llama-3.1-8b-instruct,63,2
meta/llama-3.1-8b-instruct,62,2
meta/llama-3.1-8b-instruct,62,2
meta/llama-3.1-8b-instruct,62,2
meta/llama-3.1-8b-instruct,62,2
meta/llama-3.1-8b-instruct,65,2
meta/llama-3.1-8b-instruct,65,2
meta/llama-3.1-8b-instruct,65,2
meta/llama-3.1-8b-instruct,65,2
meta/llama-3.1-8b-instruct,62,2
meta/llama-3.1-8b-instruct,62,2
meta/llama-3.1-8b-instruct,62,2
meta/llama-3.1-8b-instruct,62,2
meta/llama-3.1-8b-instruct,59,2
meta/llama-3.1-8b-instruct,59,2
meta/llama-3.1-8b-instruct,59,2
meta/llama-3.1-8b-instruct,59,2
meta/llama-3.1-8b-instruct,60,2
meta/llama-3.1-8b-instruct,60,2
meta/llama-3.1-8b-instruct,60,2
meta/llama-3.1-8b-instruct,60,2
meta/llama-3.1-8b-instruct,59,2
meta/llama-3.1-8b-instruct,59,2
meta/llama-3.1-8b-instruct,60,2
meta/llama-3.1-8b-instruct,60,2
meta/llama-3.1-8b-instruct,60,2
meta/llama-3.1-8b-instruct,60,2
meta/llama-3.1-8b-instruct,59,2
meta/llama-3.1-8b-instruct,59,2
meta/llama-3.1-8b-instruct,59,2
meta/llama-3.1-8b-instruct,61,2
meta/llama-3.1-8b-instruct,59,2
meta/llama-3.1-8b-instruct,61,2
meta/llama-3.1-8b-instruct,61,2
meta/llama-3.1-8b-instruct,59,14
meta/llama-3.1-8b-instruct,61,2
meta/llama-3.1-8b-instruct,59,2
meta/llama-3.1-8b-instruct,59,2
meta/llama-3.1-8b-instruct,59,2
meta/llama-3.1-8b-instruct,66,2
meta/llama-3.1-8b-instruct,59,21
meta/llama-3.1-8b-instruct,59,2
meta/llama-3.1-8b-instruct,66,2
meta/llama-3.1-8b-instruct,66,2
meta/llama-3.1-8b-instruct,66,2
meta/llama-3.1-8b-instruct,67,2
meta/llama-3.1-8b-instruct,67,2
meta/llama-3.1-8b-instruct,67,2
meta/llama-3.1-8b-instruct,67,2
meta/llama-3.1-8b-instruct,67,2
meta/llama-3.1-8b-instruct,67,2
meta/llama-3.1-8b-instruct,67,2
meta/llama-3.1-8b-instruct,67,2
meta/llama-3.1-8b-instruct,66,2
meta/llama-3.1-8b-instruct,66,2
meta/llama-3.1-8b-instruct,66,2
meta/llama-3.1-8b-instruct,66,2
meta/llama-3.1-8b-instruct,66,2
meta/llama-3.1-8b-instruct,66,2
meta/llama-3.1-8b-instruct,66,2
meta/llama-3.1-8b-instruct,66,2
meta/llama-3.1-8b-instruct,66,2
meta/llama-3.1-8b-instruct,66,2
meta/llama-3.1-8b-instruct,66,2
meta/llama-3.1-8b-instruct,66,2
meta/llama-3.1-8b-instruct,67,2
meta/llama-3.1-8b-instruct,67,2
meta/llama-3.1-8b-instruct,67,2
meta/llama-3.1-8b-instruct,67,2
meta/llama-3.1-8b-instruct,65,2
meta/llama-3.1-8b-instruct,65,2
meta/llama-3.1-8b-instruct,65,2
meta/llama-3.1-8b-instruct,65,2
meta/llama-3.1-8b-instruct,66,2
meta/llama-3.1-8b-instruct,66,2
meta/llama-3.1-8b-instruct,66,2
meta/llama-3.1-8b-instruct,66,2
meta/llama-3.1-8b-instruct,66,2
meta/llama-3.1-8b-instruct,66,2
meta/llama-3.1-8b-instruct,66,2
meta/llama-3.1-8b-instruct,66,2
meta/llama-3.1-8b-instruct,65,2
meta/llama-3.1-8b-instruct,65,2
meta/llama-3.1-8b-instruct,65,2
meta/llama-3.1-8b-instruct,65,2
meta/llama-3.1-8b-instruct,65,2
meta/llama-3.1-8b-instruct,65,2
meta/llama-3.1-8b-instruct,65,2
meta/llama-3.1-8b-instruct,65,2
meta/llama-3.1-8b-instruct,65,2
meta/llama-3.1-8b-instruct,65,2
meta/llama-3.1-8b-instruct,65,2
meta/llama-3.1-8b-instruct,65,2
meta/llama-3.1-8b-instruct,66,2
meta/llama-3.1-8b-instruct,66,2
meta/llama-3.1-8b-instruct,66,2
meta/llama-3.1-8b-instruct,66,2
meta/llama-3.1-8b-instruct,61,2
meta/llama-3.1-8b-instruct,61,2
meta/llama-3.1-8b-instruct,61,2
meta/llama-3.1-8b-instruct,61,2
meta/llama-3.1-8b-instruct,62,2
meta/llama-3.1-8b-instruct,62,2
meta/llama-3.1-8b-instruct,62,2
meta/llama-3.1-8b-instruct,62,2
meta/llama-3.1-8b-instruct,62,2
meta/llama-3.1-8b-instruct,62,2
meta/llama-3.1-8b-instruct,62,2
meta/llama-3.1-8b-instruct,62,2
meta/llama-3.1-8b-instruct,61,2
meta/llama-3.1-8b-instruct,61,2
meta/llama-3.1-8b-instruct,61,2
meta/llama-3.1-8b-instruct,61,2
meta/llama-3.1-8b-instruct,61,2
meta/llama-3.1-8b-instruct,61,2
meta/llama-3.1-8b-instruct,61,2
meta/llama-3.1-8b-instruct,61,2
meta/llama-3.1-8b-instruct,61,2
meta/llama-3.1-8b-instruct,61,2
meta/llama-3.1-8b-instruct,61,2
meta/llama-3.1-8b-instruct,61,2
meta/llama-3.1-8b-instruct,62,2
meta/llama-3.1-8b-instruct,62,2
meta/llama-3.1-8b-instruct,62,2
meta/llama-3.1-8b-instruct,62,2
meta/llama-3.1-8b-instruct,61,2
meta/llama-3.1-8b-instruct,61,2
meta/llama-3.1-8b-instruct,61,2
meta/llama-3.1-8b-instruct,61,2
meta/llama-3.1-8b-instruct,62,2
meta/llama-3.1-8b-instruct,62,2
meta/llama-3.1-8b-instruct,62,2
meta/llama-3.1-8b-instruct,62,2
meta/llama-3.1-8b-instruct,62,2
meta/llama-3.1-8b-instruct,62,2
meta/llama-3.1-8b-instruct,62,2
meta/llama-3.1-8b-instruct,62,2
meta/llama-3.1-8b-instruct,61,2
meta/llama-3.1-8b-instruct,61,2
meta/llama-3.1-8b-instruct,61,2
meta/llama-3.1-8b-instruct,61,2
meta/llama-3.1-8b-instruct,61,2
meta/llama-3.1-8b-instruct,61,2
meta/llama-3.1-8b-instruct,61,2
meta/llama-3.1-8b-instruct,61,2
meta/llama-3.1-8b-instruct,61,2
meta/llama-3.1-8b-instruct,61,2
meta/llama-3.1-8b-instruct,61,2
meta/llama-3.1-8b-instruct,61,2
meta/llama-3.1-8b-instruct,62,2
meta/llama-3.1-8b-instruct,62,2
meta/llama-3.1-8b-instruct,62,2
meta/llama-3.1-8b-instruct,62,2
meta/llama-3.1-8b-instruct,59,2
meta/llama-3.1-8b-instruct,59,2
meta/llama-3.1-8b-instruct,60,2
meta/llama-3.1-8b-instruct,60,2
meta/llama-3.1-8b-instruct,60,2
meta/llama-3.1-8b-instruct,60,2
meta/llama-3.1-8b-instruct,59,2
meta/llama-3.1-8b-instruct,59,2
meta/llama-3.1-8b-instruct,59,2
meta/llama-3.1-8b-instruct,60,2
meta/llama-3.1-8b-instruct,60,2
meta/llama-3.1-8b-instruct,60,2
meta/llama-3.1-8b-instruct,60,2
meta/llama-3.1-8b-instruct,59,2
meta/llama-3.1-8b-instruct,59,11
meta/llama-3.1-8b-instruct,59,2
meta/llama-3.1-8b-instruct,59,2
meta/llama-3.1-8b-instruct,61,2
meta/llama-3.1-8b-instruct,61,2
meta/llama-3.1-8b-instruct,61,2
meta/llama-3.1-8b-instruct,61,2
meta/llama-3.1-8b-instruct,59,2
meta/llama-3.1-8b-instruct,59,2
meta/llama-3.1-8b-instruct,59,11
meta/llama-3.1-8b-instruct,59,2
meta/llama-3.1-8b-instruct,66,2
meta/llama-3.1-8b-instruct,66,2
meta/llama-3.1-8b-instruct,66,2
meta/llama-3.1-8b-instruct,66,2
meta/llama-3.1-8b-instruct,59,32
meta/llama-3.1-8b-instruct,67,2
meta/llama-3.1-8b-instruct,67,2
meta/llama-3.1-8b-instruct,67,2
meta/llama-3.1-8b-instruct,67,2
meta/llama-3.1-8b-instruct,66,2
meta/llama-3.1-8b-instruct,66,2
meta/llama-3.1-8b-instruct,66,2
meta/llama-3.1-8b-instruct,66,2
meta/llama-3.1-8b-instruct,67,2
meta/llama-3.1-8b-instruct,67,2
meta/llama-3.1-8b-instruct,67,2
meta/llama-3.1-8b-instruct,67,2
meta/llama-3.1-8b-instruct,66,2
meta/llama-3.1-8b-instruct,66,2
meta/llama-3.1-8b-instruct,66,2
meta/llama-3.1-8b-instruct,66,2
meta/llama-3.1-8b-instruct,68,2
meta/llama-3.1-8b-instruct,68,2
meta/llama-3.1-8b-instruct,68,2
meta/llama-3.1-8b-instruct,68,2
meta/llama-3.1-8b-instruct,66,2
meta/llama-3.1-8b-instruct,66,2
meta/llama-3.1-8b-instruct,66,2
meta/llama-3.1-8b-instruct,66,2
meta/llama-3.1-8b-instruct,62,2
meta/llama-3.1-8b-instruct,62,2
meta/llama-3.1-8b-instruct,62,2
meta/llama-3.1-8b-instruct,62,2
meta/llama-3.1-8b-instruct,59,37
meta/llama-3.1-8b-instruct,63,2
meta/llama-3.1-8b-instruct,63,2
meta/llama-3.1-8b-instruct,63,2
meta/llama-3.1-8b-instruct,63,2
meta/llama-3.1-8b-instruct,62,2
meta/llama-3.1-8b-instruct,62,2
meta/llama-3.1-8b-instruct,62,2
meta/llama-3.1-8b-instruct,62,2
meta/llama-3.1-8b-instruct,63,2
meta/llama-3.1-8b-instruct,63,2
meta/llama-3.1-8b-instruct,63,2
meta/llama-3.1-8b-instruct,63,2
meta/llama-3.1-8b-instruct,62,2
meta/llama-3.1-8b-instruct,62,2
meta/llama-3.1-8b-instruct,62,2
meta/llama-3.1-8b-instruct,62,2
meta/llama-3.1-8b-instruct,64,2
meta/llama-3.1-8b-instruct,64,2
meta/llama-3.1-8b-instruct,64,2
meta/llama-3.1-8b-instruct,64,2
meta/llama-3.1-8b-instruct,62,2
meta/llama-3.1-8b-instruct,62,2
meta/llama-3.1-8b-instruct,62,2
meta/llama-3.1-8b-instruct,62,2
meta/llama-3.1-8b-instruct,59,2
meta/llama-3.1-8b-instruct,59,2
meta/llama-3.1-8b-instruct,59,2
meta/llama-3.1-8b-instruct,59,107
meta/llama-3.1-8b-instruct,59,2
meta/llama-3.1-8b-instruct,60,2
meta/llama-3.1-8b-instruct,60,2
meta/llama-3.1-8b-instruct,60,2
meta/llama-3.1-8b-instruct,60,2
meta/llama-3.1-8b-instruct,59,2
meta/llama-3.1-8b-instruct,59,2
meta/llama-3.1-8b-instruct,59,2
meta/llama-3.1-8b-instruct,59,2
meta/llama-3.1-8b-instruct,60,2
meta/llama-3.1-8b-instruct,60,2
meta/llama-3.1-8b-instruct,60,2
meta/llama-3.1-8b-instruct,59,2
meta/llama-3.1-8b-instruct,59,2
meta/llama-3.1-8b-instruct,61,2
meta/llama-3.1-8b-instruct,61,2
meta/llama-3.1-8b-instruct,61,2
meta/llama-3.1-8b-instruct,61,2
meta/llama-3.1-8b-instruct,59,2
meta/llama-3.1-8b-instruct,59,2
meta/llama-3.1-8b-instruct,59,2
meta/llama-3.1-8b-instruct,59,2
meta/llama-3.1-8b-instruct,60,14
meta/llama-3.1-8b-instruct,66,2
meta/llama-3.1-8b-instruct,66,2
meta/llama-3.1-8b-instruct,66,2
meta/llama-3.1-8b-instruct,66,2
meta/llama-3.1-8b-instruct,59,14
meta/llama-3.1-8b-instruct,67,2
meta/llama-3.1-8b-instruct,67,2
meta/llama-3.1-8b-instruct,67,2
meta/llama-3.1-8b-instruct,67,2
meta/llama-3.1-8b-instruct,67,2
meta/llama-3.1-8b-instruct,67,2
meta/llama-3.1-8b-instruct,67,2
meta/llama-3.1-8b-instruct,67,2
meta/llama-3.1-8b-instruct,66,2
meta/llama-3.1-8b-instruct,66,2
meta/llama-3.1-8b-instruct,66,2
meta/llama-3.1-8b-instruct,66,2
meta/llama-3.1-8b-instruct,66,2
meta/llama-3.1-8b-instruct,66,2
meta/llama-3.1-8b-instruct,66,2
meta/llama-3.1-8b-instruct,66,2
meta/llama-3.1-8b-instruct,66,2
meta/llama-3.1-8b-instruct,66,2
meta/llama-3.1-8b-instruct,66,2
meta/llama-3.1-8b-instruct,66,2
meta/llama-3.1-8b-instruct,67,2
meta/llama-3.1-8b-instruct,67,2
meta/llama-3.1-8b-instruct,67,2
meta/llama-3.1-8b-instruct,67,2
meta/llama-3.1-8b-instruct,65,2
meta/llama-3.1-8b-instruct,65,2
meta/llama-3.1-8b-instruct,65,2
meta/llama-3.1-8b-instruct,65,2
meta/llama-3.1-8b-instruct,66,2
meta/llama-3.1-8b-instruct,66,2
meta/llama-3.1-8b-instruct,66,2
meta/llama-3.1-8b-instruct,66,2
meta/llama-3.1-8b-instruct,66,2
meta/llama-3.1-8b-instruct,66,2
meta/llama-3.1-8b-instruct,66,2
meta/llama-3.1-8b-instruct,66,2
meta/llama-3.1-8b-instruct,65,2
meta/llama-3.1-8b-instruct,65,2
meta/llama-3.1-8b-instruct,65,2
meta/llama-3.1-8b-instruct,65,2
meta/llama-3.1-8b-instruct,65,2
meta/llama-3.1-8b-instruct,65,2
meta/llama-3.1-8b-instruct,65,2
meta/llama-3.1-8b-instruct,65,2
meta/llama-3.1-8b-instruct,65,2
meta/llama-3.1-8b-instruct,65,2
meta/llama-3.1-8b-instruct,65,2
meta/llama-3.1-8b-instruct,65,2
meta/llama-3.1-8b-instruct,66,2
meta/llama-3.1-8b-instruct,66,2
meta/llama-3.1-8b-instruct,66,2
meta/llama-3.1-8b-instruct,66,2
meta/llama-3.1-8b-instruct,61,2
meta/llama-3.1-8b-instruct,61,2
meta/llama-3.1-8b-instruct,61,2
meta/llama-3.1-8b-instruct,61,2
meta/llama-3.1-8b-instruct,62,2
meta/llama-3.1-8b-instruct,62,2
meta/llama-3.1-8b-instruct,62,2
meta/llama-3.1-8b-instruct,62,2
meta/llama-3.1-8b-instruct,62,2
meta/llama-3.1-8b-instruct,62,2
meta/llama-3.1-8b-instruct,62,2
meta/llama-3.1-8b-instruct,62,2
meta/llama-3.1-8b-instruct,61,2
meta/llama-3.1-8b-instruct,61,2
meta/llama-3.1-8b-instruct,61,2
meta/llama-3.1-8b-instruct,61,2
meta/llama-3.1-8b-instruct,61,2
meta/llama-3.1-8b-instruct,61,2
meta/llama-3.1-8b-instruct,61,2
meta/llama-3.1-8b-instruct,61,2
meta/llama-3.1-8b-instruct,61,2
meta/llama-3.1-8b-instruct,61,2
meta/llama-3.1-8b-instruct,61,2
meta/llama-3.1-8b-instruct,61,2
meta/llama-3.1-8b-instruct,62,2
meta/llama-3.1-8b-instruct,62,2
meta/llama-3.1-8b-instruct,62,2
meta/llama-3.1-8b-instruct,62,2
meta/llama-3.1-8b-instruct,61,2
meta/llama-3.1-8b-instruct,61,2
meta/llama-3.1-8b-instruct,61,2
meta/llama-3.1-8b-instruct,59,115
meta/llama-3.1-8b-instruct,61,2
meta/llama-3.1-8b-instruct,62,2
meta/llama-3.1-8b-instruct,62,2
meta/llama-3.1-8b-instruct,62,2
meta/llama-3.1-8b-instruct,62,2
meta/llama-3.1-8b-instruct,62,2
meta/llama-3.1-8b-instruct,62,2
meta/llama-3.1-8b-instruct,62,2
meta/llama-3.1-8b-instruct,62,2
meta/llama-3.1-8b-instruct,61,2
meta/llama-3.1-8b-instruct,61,2
meta/llama-3.1-8b-instruct,61,2
meta/llama-3.1-8b-instruct,61,2
meta/llama-3.1-8b-instruct,61,2
meta/llama-3.1-8b-instruct,61,2
meta/llama-3.1-8b-instruct,61,2
meta/llama-3.1-8b-instruct,61,2
meta/llama-3.1-8b-instruct,61,2
meta/llama-3.1-8b-instruct,61,2
meta/llama-3.1-8b-instruct,61,2
meta/llama-3.1-8b-instruct,61,2
meta/llama-3.1-8b-instruct,62,2
meta/llama-3.1-8b-instruct,62,2
meta/llama-3.1-8b-instruct,62,2
meta/llama-3.1-8b-instruct,62,2
meta/llama-3.1-8b-instruct,60,2
meta/llama-3.1-8b-instruct,60,2
meta/llama-3.1-8b-instruct,60,2
meta/llama-3.1-8b-instruct,60,2
meta/llama-3.1-8b-instruct,61,2
meta/llama-3.1-8b-instruct,61,2
meta/llama-3.1-8b-instruct,61,2
meta/llama-3.1-8b-instruct,61,2
meta/llama-3.1-8b-instruct,60,2
meta/llama-3.1-8b-instruct,60,2
meta/llama-3.1-8b-instruct,60,2
meta/llama-3.1-8b-instruct,60,2
meta/llama-3.1-8b-instruct,61,2
meta/llama-3.1-8b-instruct,61,2
meta/llama-3.1-8b-instruct,60,2
meta/llama-3.1-8b-instruct,60,2
meta/llama-3.1-8b-instruct,60,2
meta/llama-3.1-8b-instruct,60,2
meta/llama-3.1-8b-instruct,65,2
meta/llama-3.1-8b-instruct,65,2
meta/llama-3.1-8b-instruct,65,2
meta/llama-3.1-8b-instruct,65,2
meta/llama-3.1-8b-instruct,60,2
meta/llama-3.1-8b-instruct,60,2
meta/llama-3.1-8b-instruct,60,2
meta/llama-3.1-8b-instruct,60,2
meta/llama-3.1-8b-instruct,67,3
meta/llama-3.1-8b-instruct,67,2
meta/llama-3.1-8b-instruct,67,3
meta/llama-3.1-8b-instruct,67,2
meta/llama-3.1-8b-instruct,68,2
meta/llama-3.1-8b-instruct,68,3
meta/llama-3.1-8b-instruct,68,2
meta/llama-3.1-8b-instruct,67,2
meta/llama-3.1-8b-instruct,68,3
meta/llama-3.1-8b-instruct,67,3
meta/llama-3.1-8b-instruct,67,3
meta/llama-3.1-8b-instruct,68,2
meta/llama-3.1-8b-instruct,67,3
meta/llama-3.1-8b-instruct,68,2
meta/llama-3.1-8b-instruct,68,2
meta/llama-3.1-8b-instruct,68,2
meta/llama-3.1-8b-instruct,67,2
meta/llama-3.1-8b-instruct,67,2
meta/llama-3.1-8b-instruct,67,2
meta/llama-3.1-8b-instruct,67,2
meta/llama-3.1-8b-instruct,71,2
meta/llama-3.1-8b-instruct,71,2
meta/llama-3.1-8b-instruct,71,2
meta/llama-3.1-8b-instruct,71,2
meta/llama-3.1-8b-instruct,67,2
meta/llama-3.1-8b-instruct,67,2
meta/llama-3.1-8b-instruct,67,3
meta/llama-3.1-8b-instruct,67,2
meta/llama-3.1-8b-instruct,63,2
meta/llama-3.1-8b-instruct,63,2
meta/llama-3.1-8b-instruct,63,2
meta/llama-3.1-8b-instruct,63,4
meta/llama-3.1-8b-instruct,61,49
meta/llama-3.1-8b-instruct,64,2
meta/llama-3.1-8b-instruct,61,48
meta/llama-3.1-8b-instruct,64,2
meta/llama-3.1-8b-instruct,64,2
meta/llama-3.1-8b-instruct,64,2
meta/llama-3.1-8b-instruct,63,2
meta/llama-3.1-8b-instruct,63,2
meta/llama-3.1-8b-instruct,63,2
meta/llama-3.1-8b-instruct,63,2
meta/llama-3.1-8b-instruct,64,2
meta/llama-3.1-8b-instruct,64,2
meta/llama-3.1-8b-instruct,64,2
meta/llama-3.1-8b-instruct,64,2
meta/llama-3.1-8b-instruct,63,2
meta/llama-3.1-8b-instruct,63,2
meta/llama-3.1-8b-instruct,63,2
meta/llama-3.1-8b-instruct,63,2
meta/llama-3.1-8b-instruct,68,2
meta/llama-3.1-8b-instruct,68,2
meta/llama-3.1-8b-instruct,68,2
meta/llama-3.1-8b-instruct,68,2
meta/llama-3.1-8b-instruct,63,2
meta/llama-3.1-8b-instruct,63,2
meta/llama-3.1-8b-instruct,63,2
meta/llama-3.1-8b-instruct,63,2
meta/llama-3.1-8b-instruct,60,2
meta/llama-3.1-8b-instruct,60,2
meta/llama-3.1-8b-instruct,60,2
meta/llama-3.1-8b-instruct,60,2
meta/llama-3.1-8b-instruct,61,2
meta/llama-3.1-8b-instruct,61,2
meta/llama-3.1-8b-instruct,61,2
meta/llama-3.1-8b-instruct,61,2
meta/llama-3.1-8b-instruct,60,2
meta/llama-3.1-8b-instruct,60,2
meta/llama-3.1-8b-instruct,60,2
meta/llama-3.1-8b-instruct,60,2
meta/llama-3.1-8b-instruct,61,2
meta/llama-3.1-8b-instruct,61,2
meta/llama-3.1-8b-instruct,61,2
meta/llama-3.1-8b-instruct,61,2
meta/llama-3.1-8b-instruct,60,2
meta/llama-3.1-8b-instruct,60,2
meta/llama-3.1-8b-instruct,60,2
meta/llama-3.1-8b-instruct,60,2
meta/llama-3.1-8b-instruct,64,2
meta/llama-3.1-8b-instruct,64,2
meta/llama-3.1-8b-instruct,64,2
meta/llama-3.1-8b-instruct,64,2
meta/llama-3.1-8b-instruct,60,2
meta/llama-3.1-8b-instruct,60,2
meta/llama-3.1-8b-instruct,60,2
meta/llama-3.1-8b-instruct,60,2
meta/llama-3.1-8b-instruct,118,30
meta/llama-3.1-8b-instruct,118,30
meta/llama-3.1-8b-instruct,118,30
meta/llama-3.1-8b-instruct,118,30
meta/llama-3.1-8b-instruct,124,30
meta/llama-3.1-8b-instruct,124,30
meta/llama-3.1-8b-instruct,124,30
meta/llama-3.1-8b-instruct,124,30
meta/llama-3.1-8b-instruct,120,30
meta/llama-3.1-8b-instruct,120,30
meta/llama-3.1-8b-instruct,120,30
meta/llama-3.1-8b-instruct,120,30
meta/llama-3.1-8b-instruct,123,30
meta/llama-3.1-8b-instruct,123,30
meta/llama-3.1-8b-instruct,123,30
meta/llama-3.1-8b-instruct,118,30
meta/llama-3.1-8b-instruct,118,30
meta/llama-3.1-8b-instruct,118,30
meta/llama-3.1-8b-instruct,118,30
meta/llama-3.1-8b-instruct,121,30
meta/llama-3.1-8b-instruct,121,30
meta/llama-3.1-8b-instruct,121,30
meta/llama-3.1-8b-instruct,119,30
meta/llama-3.1-8b-instruct,119,30
meta/llama-3.1-8b-instruct,119,30
meta/llama-3.1-8b-instruct,119,30
meta/llama-3.1-8b-instruct,123,30
meta/llama-3.1-8b-instruct,123,30
meta/llama-3.1-8b-instruct,123,30
meta/llama-3.1-8b-instruct,123,30
meta/llama-3.1-8b-instruct,120,30
meta/llama-3.1-8b-instruct,120,30
meta/llama-3.1-8b-instruct,120,30
meta/llama-3.1-8b-instruct,120,30
meta/llama-3.1-8b-instruct,121,44
meta/llama-3.1-8b-instruct,123,30
meta/llama-3.1-8b-instruct,123,30
meta/llama-3.1-8b-instruct,123,51
meta/llama-3.1-8b-instruct,123,30
meta/llama-3.1-8b-instruct,123,30
meta/llama-3.1-8b-instruct,117,30
meta/llama-3.1-8b-instruct,117,30
meta/llama-3.1-8b-instruct,117,30
meta/llama-3.1-8b-instruct,117,30
meta/llama-3.1-8b-instruct,124,30
meta/llama-3.1-8b-instruct,124,30
meta/llama-3.1-8b-instruct,124,30
meta/llama-3.1-8b-instruct,124,30
meta/llama-3.1-8b-instruct,121,30
meta/llama-3.1-8b-instruct,121,30
meta/llama-3.1-8b-instruct,121,30
meta/llama-3.1-8b-instruct,121,30
meta/llama-3.1-8b-instruct,123,30
meta/llama-3.1-8b-instruct,123,30
meta/llama-3.1-8b-instruct,123,30
meta/llama-3.1-8b-instruct,121,30
meta/llama-3.1-8b-instruct,121,30
meta/llama-3.1-8b-instruct,121,30
meta/llama-3.1-8b-instruct,127,30
meta/llama-3.1-8b-instruct,121,30
meta/llama-3.1-8b-instruct,127,30
meta/llama-3.1-8b-instruct,127,30
meta/llama-3.1-8b-instruct,127,30
meta/llama-3.1-8b-instruct,123,50
mistralai/mixtral-8x7b-instruct-v0.1,37,134
mistralai/mixtral-8x7b-instruct-v0.1,38,35
mistralai/mixtral-8x7b-instruct-v0.1,36,37
mistralai/mixtral-8x7b-instruct-v0.1,37,44
mistralai/mixtral-8x7b-instruct-v0.1,37,46
mistralai/mixtral-8x7b-instruct-v0.1,32,47
mistralai/mixtral-8x7b-instruct-v0.1,36,48
mistralai/mixtral-8x7b-instruct-v0.1,32,47
mistralai/mixtral-8x7b-instruct-v0.1,36,47
mistralai/mixtral-8x7b-instruct-v0.1,32,48
mistralai/mixtral-8x7b-instruct-v0.1,37,50
mistralai/mixtral-8x7b-instruct-v0.1,37,50
mistralai/mixtral-8x7b-instruct-v0.1,37,51
mistralai/mixtral-8x7b-instruct-v0.1,38,52
mistralai/mixtral-8x7b-instruct-v0.1,37,54
mistralai/mixtral-8x7b-instruct-v0.1,37,57
mistralai/mixtral-8x7b-instruct-v0.1,38,59
mistralai/mixtral-8x7b-instruct-v0.1,37,58
mistralai/mixtral-8x7b-instruct-v0.1,38,60
mistralai/mixtral-8x7b-instruct-v0.1,36,60
mistralai/mixtral-8x7b-instruct-v0.1,32,60
mistralai/mixtral-8x7b-instruct-v0.1,38,63
mistralai/mixtral-8x7b-instruct-v0.1,37,64
mistralai/mixtral-8x7b-instruct-v0.1,36,62
mistralai/mixtral-8x7b-instruct-v0.1,38,64
mistralai/mixtral-8x7b-instruct-v0.1,36,73
mistralai/mixtral-8x7b-instruct-v0.1,37,73
mistralai/mixtral-8x7b-instruct-v0.1,38,76
mistralai/mixtral-8x7b-instruct-v0.1,36,77
mistralai/mixtral-8x7b-instruct-v0.1,38,79
mistralai/mixtral-8x7b-instruct-v0.1,31,78
mistralai/mixtral-8x7b-instruct-v0.1,38,81
mistralai/mixtral-8x7b-instruct-v0.1,38,81
mistralai/mixtral-8x7b-instruct-v0.1,37,84
mistralai/mixtral-8x7b-instruct-v0.1,38,87
mistralai/mixtral-8x7b-instruct-v0.1,37,88
mistralai/mixtral-8x7b-instruct-v0.1,37,88
mistralai/mixtral-8x7b-instruct-v0.1,37,90
mistralai/mixtral-8x7b-instruct-v0.1,37,93
mistralai/mixtral-8x7b-instruct-v0.1,36,92
mistralai/mixtral-8x7b-instruct-v0.1,36,92
mistralai/mixtral-8x7b-instruct-v0.1,36,95
mistralai/mixtral-8x7b-instruct-v0.1,31,95
mistralai/mixtral-8x7b-instruct-v0.1,37,98
mistralai/mixtral-8x7b-instruct-v0.1,37,98
mistralai/mixtral-8x7b-instruct-v0.1,32,97
mistralai/mixtral-8x7b-instruct-v0.1,37,102
mistralai/mixtral-8x7b-instruct-v0.1,32,41
mistralai/mixtral-8x7b-instruct-v0.1,37,102
mistralai/mixtral-8x7b-instruct-v0.1,37,104
mistralai/mixtral-8x7b-instruct-v0.1,36,107
mistralai/mixtral-8x7b-instruct-v0.1,31,106
mistralai/mixtral-8x7b-instruct-v0.1,37,109
mistralai/mixtral-8x7b-instruct-v0.1,32,50
mistralai/mixtral-8x7b-instruct-v0.1,37,114
mistralai/mixtral-8x7b-instruct-v0.1,31,113
mistralai/mixtral-8x7b-instruct-v0.1,37,116
mistralai/mixtral-8x7b-instruct-v0.1,31,67
mistralai/mixtral-8x7b-instruct-v0.1,32,73
mistralai/mixtral-8x7b-instruct-v0.1,32,77
mistralai/mixtral-8x7b-instruct-v0.1,32,78
mistralai/mixtral-8x7b-instruct-v0.1,31,77
mistralai/mixtral-8x7b-instruct-v0.1,32,93
mistralai/mixtral-8x7b-instruct-v0.1,32,75
mistralai/mixtral-8x7b-instruct-v0.1,32,46
mistralai/mixtral-8x7b-instruct-v0.1,37,139
mistralai/mixtral-8x7b-instruct-v0.1,32,77
mistralai/mixtral-8x7b-instruct-v0.1,32,53
mistralai/mixtral-8x7b-instruct-v0.1,32,92
mistralai/mixtral-8x7b-instruct-v0.1,38,150
mistralai/mixtral-8x7b-instruct-v0.1,38,150
mistralai/mixtral-8x7b-instruct-v0.1,38,150
mistralai/mixtral-8x7b-instruct-v0.1,38,150
mistralai/mixtral-8x7b-instruct-v0.1,38,150
mistralai/mixtral-8x7b-instruct-v0.1,37,150
mistralai/mixtral-8x7b-instruct-v0.1,36,150
mistralai/mixtral-8x7b-instruct-v0.1,37,150
mistralai/mixtral-8x7b-instruct-v0.1,37,150
mistralai/mixtral-8x7b-instruct-v0.1,31,102
mistralai/mixtral-8x7b-instruct-v0.1,37,44
mistralai/mixtral-8x7b-instruct-v0.1,32,89
mistralai/mixtral-8x7b-instruct-v0.1,31,95
mistralai/mixtral-8x7b-instruct-v0.1,31,92
mistralai/mixtral-8x7b-instruct-v0.1,31,58
mistralai/mixtral-8x7b-instruct-v0.1,32,79
mistralai/mixtral-8x7b-instruct-v0.1,31,96
mistralai/mixtral-8x7b-instruct-v0.1,31,105
mistralai/mixtral-8x7b-instruct-v0.1,32,64
mistralai/mixtral-8x7b-instruct-v0.1,31,114
mistralai/mixtral-8x7b-instruct-v0.1,31,113
mistralai/mixtral-8x7b-instruct-v0.1,32,63
mistralai/mixtral-8x7b-instruct-v0.1,38,52
mistralai/mixtral-8x7b-instruct-v0.1,32,73
mistralai/mixtral-8x7b-instruct-v0.1,38,41
mistralai/mixtral-8x7b-instruct-v0.1,31,120
mistralai/mixtral-8x7b-instruct-v0.1,37,29
mistralai/mixtral-8x7b-instruct-v0.1,32,97
mistralai/mixtral-8x7b-instruct-v0.1,32,105
mistralai/mixtral-8x7b-instruct-v0.1,37,77
mistralai/mixtral-8x7b-instruct-v0.1,37,78
mistralai/mixtral-8x7b-instruct-v0.1,32,105
mistralai/mixtral-8x7b-instruct-v0.1,31,88
mistralai/mixtral-8x7b-instruct-v0.1,32,106
mistralai/mixtral-8x7b-instruct-v0.1,32,150
mistralai/mixtral-8x7b-instruct-v0.1,37,79
mistralai/mixtral-8x7b-instruct-v0.1,31,98
mistralai/mixtral-8x7b-instruct-v0.1,38,73
mistralai/mixtral-8x7b-instruct-v0.1,32,147
mistralai/mixtral-8x7b-instruct-v0.1,46,42
mistralai/mixtral-8x7b-instruct-v0.1,31,108
mistralai/mixtral-8x7b-instruct-v0.1,38,71
mistralai/mixtral-8x7b-instruct-v0.1,38,82
mistralai/mixtral-8x7b-instruct-v0.1,32,104
mistralai/mixtral-8x7b-instruct-v0.1,31,112
mistralai/mixtral-8x7b-instruct-v0.1,32,100
mistralai/mixtral-8x7b-instruct-v0.1,37,62
mistralai/mixtral-8x7b-instruct-v0.1,38,85
mistralai/mixtral-8x7b-instruct-v0.1,32,101
mistralai/mixtral-8x7b-instruct-v0.1,40,53
mistralai/mixtral-8x7b-instruct-v0.1,37,63
mistralai/mixtral-8x7b-instruct-v0.1,38,95
mistralai/mixtral-8x7b-instruct-v0.1,38,72
mistralai/mixtral-8x7b-instruct-v0.1,37,59
mistralai/mixtral-8x7b-instruct-v0.1,31,150
mistralai/mixtral-8x7b-instruct-v0.1,31,150
mistralai/mixtral-8x7b-instruct-v0.1,38,84
mistralai/mixtral-8x7b-instruct-v0.1,40,70
mistralai/mixtral-8x7b-instruct-v0.1,46,63
mistralai/mixtral-8x7b-instruct-v0.1,47,46
mistralai/mixtral-8x7b-instruct-v0.1,38,84
mistralai/mixtral-8x7b-instruct-v0.1,47,64
mistralai/mixtral-8x7b-instruct-v0.1,47,53
mistralai/mixtral-8x7b-instruct-v0.1,46,50
mistralai/mixtral-8x7b-instruct-v0.1,40,72
mistralai/mixtral-8x7b-instruct-v0.1,32,143
mistralai/mixtral-8x7b-instruct-v0.1,38,91
mistralai/mixtral-8x7b-instruct-v0.1,32,150
mistralai/mixtral-8x7b-instruct-v0.1,47,64
mistralai/mixtral-8x7b-instruct-v0.1,38,119
mistralai/mixtral-8x7b-instruct-v0.1,31,150
mistralai/mixtral-8x7b-instruct-v0.1,42,43
mistralai/mixtral-8x7b-instruct-v0.1,46,79
mistralai/mixtral-8x7b-instruct-v0.1,49,57
mistralai/mixtral-8x7b-instruct-v0.1,31,150
mistralai/mixtral-8x7b-instruct-v0.1,45,29
mistralai/mixtral-8x7b-instruct-v0.1,31,150
mistralai/mixtral-8x7b-instruct-v0.1,46,63
mistralai/mixtral-8x7b-instruct-v0.1,47,92
mistralai/mixtral-8x7b-instruct-v0.1,42,27
mistralai/mixtral-8x7b-instruct-v0.1,47,94
mistralai/mixtral-8x7b-instruct-v0.1,49,73
mistralai/mixtral-8x7b-instruct-v0.1,47,94
mistralai/mixtral-8x7b-instruct-v0.1,37,105
mistralai/mixtral-8x7b-instruct-v0.1,43,56
mistralai/mixtral-8x7b-instruct-v0.1,46,107
mistralai/mixtral-8x7b-instruct-v0.1,43,56
mistralai/mixtral-8x7b-instruct-v0.1,47,104
mistralai/mixtral-8x7b-instruct-v0.1,45,46
mistralai/mixtral-8x7b-instruct-v0.1,46,94
mistralai/mixtral-8x7b-instruct-v0.1,43,64
mistralai/mixtral-8x7b-instruct-v0.1,42,75
mistralai/mixtral-8x7b-instruct-v0.1,47,105
mistralai/mixtral-8x7b-instruct-v0.1,46,83
mistralai/mixtral-8x7b-instruct-v0.1,47,105
mistralai/mixtral-8x7b-instruct-v0.1,43,67
mistralai/mixtral-8x7b-instruct-v0.1,40,122
mistralai/mixtral-8x7b-instruct-v0.1,43,74
mistralai/mixtral-8x7b-instruct-v0.1,42,55
mistralai/mixtral-8x7b-instruct-v0.1,49,93
mistralai/mixtral-8x7b-instruct-v0.1,40,40
mistralai/mixtral-8x7b-instruct-v0.1,43,79
mistralai/mixtral-8x7b-instruct-v0.1,42,86
mistralai/mixtral-8x7b-instruct-v0.1,37,126
mistralai/mixtral-8x7b-instruct-v0.1,43,80
mistralai/mixtral-8x7b-instruct-v0.1,42,54
mistralai/mixtral-8x7b-instruct-v0.1,37,141
mistralai/mixtral-8x7b-instruct-v0.1,42,75
mistralai/mixtral-8x7b-instruct-v0.1,40,35
mistralai/mixtral-8x7b-instruct-v0.1,46,114
mistralai/mixtral-8x7b-instruct-v0.1,42,27
mistralai/mixtral-8x7b-instruct-v0.1,42,79
mistralai/mixtral-8x7b-instruct-v0.1,47,125
mistralai/mixtral-8x7b-instruct-v0.1,42,99
mistralai/mixtral-8x7b-instruct-v0.1,40,45
mistralai/mixtral-8x7b-instruct-v0.1,42,78
mistralai/mixtral-8x7b-instruct-v0.1,46,109
mistralai/mixtral-8x7b-instruct-v0.1,43,97
mistralai/mixtral-8x7b-instruct-v0.1,49,115
mistralai/mixtral-8x7b-instruct-v0.1,40,52
mistralai/mixtral-8x7b-instruct-v0.1,37,150
mistralai/mixtral-8x7b-instruct-v0.1,46,127
mistralai/mixtral-8x7b-instruct-v0.1,42,42
mistralai/mixtral-8x7b-instruct-v0.1,40,73
mistralai/mixtral-8x7b-instruct-v0.1,47,150
mistralai/mixtral-8x7b-instruct-v0.1,39,87
mistralai/mixtral-8x7b-instruct-v0.1,42,53
mistralai/mixtral-8x7b-instruct-v0.1,42,100
mistralai/mixtral-8x7b-instruct-v0.1,39,57
mistralai/mixtral-8x7b-instruct-v0.1,45,100
mistralai/mixtral-8x7b-instruct-v0.1,40,66
mistralai/mixtral-8x7b-instruct-v0.1,46,135
mistralai/mixtral-8x7b-instruct-v0.1,39,94
mistralai/mixtral-8x7b-instruct-v0.1,39,96
mistralai/mixtral-8x7b-instruct-v0.1,40,80
mistralai/mixtral-8x7b-instruct-v0.1,39,57
mistralai/mixtral-8x7b-instruct-v0.1,40,40
mistralai/mixtral-8x7b-instruct-v0.1,39,63
mistralai/mixtral-8x7b-instruct-v0.1,39,67
mistralai/mixtral-8x7b-instruct-v0.1,39,68
mistralai/mixtral-8x7b-instruct-v0.1,40,57
mistralai/mixtral-8x7b-instruct-v0.1,40,49
mistralai/mixtral-8x7b-instruct-v0.1,39,64
mistralai/mixtral-8x7b-instruct-v0.1,43,132
mistralai/mixtral-8x7b-instruct-v0.1,43,132
mistralai/mixtral-8x7b-instruct-v0.1,40,107
mistralai/mixtral-8x7b-instruct-v0.1,40,52
mistralai/mixtral-8x7b-instruct-v0.1,40,64
mistralai/mixtral-8x7b-instruct-v0.1,39,77
mistralai/mixtral-8x7b-instruct-v0.1,39,72
mistralai/mixtral-8x7b-instruct-v0.1,42,47
mistralai/mixtral-8x7b-instruct-v0.1,43,147
mistralai/mixtral-8x7b-instruct-v0.1,39,77
mistralai/mixtral-8x7b-instruct-v0.1,39,21
mistralai/mixtral-8x7b-instruct-v0.1,40,73
mistralai/mixtral-8x7b-instruct-v0.1,40,78
mistralai/mixtral-8x7b-instruct-v0.1,42,52
mistralai/mixtral-8x7b-instruct-v0.1,39,21
mistralai/mixtral-8x7b-instruct-v0.1,38,50
mistralai/mixtral-8x7b-instruct-v0.1,39,98
mistralai/mixtral-8x7b-instruct-v0.1,43,150
mistralai/mixtral-8x7b-instruct-v0.1,40,72
mistralai/mixtral-8x7b-instruct-v0.1,42,60
mistralai/mixtral-8x7b-instruct-v0.1,38,56
mistralai/mixtral-8x7b-instruct-v0.1,39,35
mistralai/mixtral-8x7b-instruct-v0.1,40,83
mistralai/mixtral-8x7b-instruct-v0.1,40,130
mistralai/mixtral-8x7b-instruct-v0.1,42,150
mistralai/mixtral-8x7b-instruct-v0.1,45,150
mistralai/mixtral-8x7b-instruct-v0.1,39,38
mistralai/mixtral-8x7b-instruct-v0.1,40,92
mistralai/mixtral-8x7b-instruct-v0.1,39,147
mistralai/mixtral-8x7b-instruct-v0.1,42,112
mistralai/mixtral-8x7b-instruct-v0.1,39,120
mistralai/mixtral-8x7b-instruct-v0.1,38,37
mistralai/mixtral-8x7b-instruct-v0.1,40,150
mistralai/mixtral-8x7b-instruct-v0.1,39,71
mistralai/mixtral-8x7b-instruct-v0.1,34,17
mistralai/mixtral-8x7b-instruct-v0.1,34,17
mistralai/mixtral-8x7b-instruct-v0.1,38,74
mistralai/mixtral-8x7b-instruct-v0.1,42,82
mistralai/mixtral-8x7b-instruct-v0.1,39,102
mistralai/mixtral-8x7b-instruct-v0.1,39,104
mistralai/mixtral-8x7b-instruct-v0.1,34,17
mistralai/mixtral-8x7b-instruct-v0.1,40,150
mistralai/mixtral-8x7b-instruct-v0.1,41,47
mistralai/mixtral-8x7b-instruct-v0.1,39,108
mistralai/mixtral-8x7b-instruct-v0.1,34,25
mistralai/mixtral-8x7b-instruct-v0.1,38,52
mistralai/mixtral-8x7b-instruct-v0.1,38,87
mistralai/mixtral-8x7b-instruct-v0.1,38,53
mistralai/mixtral-8x7b-instruct-v0.1,40,116
mistralai/mixtral-8x7b-instruct-v0.1,39,114
mistralai/mixtral-8x7b-instruct-v0.1,40,150
mistralai/mixtral-8x7b-instruct-v0.1,39,84
mistralai/mixtral-8x7b-instruct-v0.1,39,150
mistralai/mixtral-8x7b-instruct-v0.1,39,87
mistralai/mixtral-8x7b-instruct-v0.1,39,90
mistralai/mixtral-8x7b-instruct-v0.1,39,116
mistralai/mixtral-8x7b-instruct-v0.1,40,133
mistralai/mixtral-8x7b-instruct-v0.1,38,88
mistralai/mixtral-8x7b-instruct-v0.1,39,98
mistralai/mixtral-8x7b-instruct-v0.1,39,117
mistralai/mixtral-8x7b-instruct-v0.1,39,95
mistralai/mixtral-8x7b-instruct-v0.1,38,81
mistralai/mixtral-8x7b-instruct-v0.1,38,95
mistralai/mixtral-8x7b-instruct-v0.1,39,101
mistralai/mixtral-8x7b-instruct-v0.1,33,78
mistralai/mixtral-8x7b-instruct-v0.1,33,76
mistralai/mixtral-8x7b-instruct-v0.1,41,86
mistralai/mixtral-8x7b-instruct-v0.1,33,58
mistralai/mixtral-8x7b-instruct-v0.1,33,49
mistralai/mixtral-8x7b-instruct-v0.1,39,122
mistralai/mixtral-8x7b-instruct-v0.1,34,85
mistralai/mixtral-8x7b-instruct-v0.1,33,67
mistralai/mixtral-8x7b-instruct-v0.1,33,81
mistralai/mixtral-8x7b-instruct-v0.1,38,116
mistralai/mixtral-8x7b-instruct-v0.1,39,150
mistralai/mixtral-8x7b-instruct-v0.1,34,90
mistralai/mixtral-8x7b-instruct-v0.1,33,87
mistralai/mixtral-8x7b-instruct-v0.1,39,150
mistralai/mixtral-8x7b-instruct-v0.1,34,95
mistralai/mixtral-8x7b-instruct-v0.1,34,96
mistralai/mixtral-8x7b-instruct-v0.1,34,102
mistralai/mixtral-8x7b-instruct-v0.1,41,111
mistralai/mixtral-8x7b-instruct-v0.1,33,108
mistralai/mixtral-8x7b-instruct-v0.1,33,106
mistralai/mixtral-8x7b-instruct-v0.1,33,83
mistralai/mixtral-8x7b-instruct-v0.1,33,96
mistralai/mixtral-8x7b-instruct-v0.1,33,88
mistralai/mixtral-8x7b-instruct-v0.1,34,101
mistralai/mixtral-8x7b-instruct-v0.1,41,118
mistralai/mixtral-8x7b-instruct-v0.1,34,60
mistralai/mixtral-8x7b-instruct-v0.1,34,111
mistralai/mixtral-8x7b-instruct-v0.1,34,108
mistralai/mixtral-8x7b-instruct-v0.1,36,91
mistralai/mixtral-8x7b-instruct-v0.1,34,70
mistralai/mixtral-8x7b-instruct-v0.1,38,150
mistralai/mixtral-8x7b-instruct-v0.1,34,76
mistralai/mixtral-8x7b-instruct-v0.1,33,85
mistralai/mixtral-8x7b-instruct-v0.1,33,66
mistralai/mixtral-8x7b-instruct-v0.1,33,97
mistralai/mixtral-8x7b-instruct-v0.1,33,97
mistralai/mixtral-8x7b-instruct-v0.1,33,121
mistralai/mixtral-8x7b-instruct-v0.1,33,98
mistralai/mixtral-8x7b-instruct-v0.1,36,103
mistralai/mixtral-8x7b-instruct-v0.1,34,96
mistralai/mixtral-8x7b-instruct-v0.1,36,112
mistralai/mixtral-8x7b-instruct-v0.1,36,108
mistralai/mixtral-8x7b-instruct-v0.1,34,88
mistralai/mixtral-8x7b-instruct-v0.1,36,73
mistralai/mixtral-8x7b-instruct-v0.1,36,82
mistralai/mixtral-8x7b-instruct-v0.1,33,90
mistralai/mixtral-8x7b-instruct-v0.1,36,78
mistralai/mixtral-8x7b-instruct-v0.1,36,42
mistralai/mixtral-8x7b-instruct-v0.1,45,40
mistralai/mixtral-8x7b-instruct-v0.1,36,89
mistralai/mixtral-8x7b-instruct-v0.1,37,80
mistralai/mixtral-8x7b-instruct-v0.1,33,114
mistralai/mixtral-8x7b-instruct-v0.1,36,92
mistralai/mixtral-8x7b-instruct-v0.1,34,128
mistralai/mixtral-8x7b-instruct-v0.1,34,125
mistralai/mixtral-8x7b-instruct-v0.1,34,128
mistralai/mixtral-8x7b-instruct-v0.1,36,57
mistralai/mixtral-8x7b-instruct-v0.1,36,95
mistralai/mixtral-8x7b-instruct-v0.1,37,91
mistralai/mixtral-8x7b-instruct-v0.1,37,79
mistralai/mixtral-8x7b-instruct-v0.1,46,45
mistralai/mixtral-8x7b-instruct-v0.1,33,123
mistralai/mixtral-8x7b-instruct-v0.1,46,58
mistralai/mixtral-8x7b-instruct-v0.1,46,51
mistralai/mixtral-8x7b-instruct-v0.1,46,55
mistralai/mixtral-8x7b-instruct-v0.1,36,118
mistralai/mixtral-8x7b-instruct-v0.1,34,148
mistralai/mixtral-8x7b-instruct-v0.1,36,77
mistralai/mixtral-8x7b-instruct-v0.1,34,150
mistralai/mixtral-8x7b-instruct-v0.1,36,74
mistralai/mixtral-8x7b-instruct-v0.1,37,92
mistralai/mixtral-8x7b-instruct-v0.1,46,58
mistralai/mixtral-8x7b-instruct-v0.1,36,90
mistralai/mixtral-8x7b-instruct-v0.1,34,150
mistralai/mixtral-8x7b-instruct-v0.1,37,101
mistralai/mixtral-8x7b-instruct-v0.1,33,150
mistralai/mixtral-8x7b-instruct-v0.1,34,150
mistralai/mixtral-8x7b-instruct-v0.1,41,31
mistralai/mixtral-8x7b-instruct-v0.1,46,68
mistralai/mixtral-8x7b-instruct-v0.1,33,150
mistralai/mixtral-8x7b-instruct-v0.1,45,83
mistralai/mixtral-8x7b-instruct-v0.1,37,122
mistralai/mixtral-8x7b-instruct-v0.1,46,63
mistralai/mixtral-8x7b-instruct-v0.1,49,49
mistralai/mixtral-8x7b-instruct-v0.1,41,32
mistralai/mixtral-8x7b-instruct-v0.1,45,84
mistralai/mixtral-8x7b-instruct-v0.1,46,73
mistralai/mixtral-8x7b-instruct-v0.1,33,150
mistralai/mixtral-8x7b-instruct-v0.1,36,102
mistralai/mixtral-8x7b-instruct-v0.1,40,99
mistralai/mixtral-8x7b-instruct-v0.1,37,110
mistralai/mixtral-8x7b-instruct-v0.1,36,102
mistralai/mixtral-8x7b-instruct-v0.1,40,101
mistralai/mixtral-8x7b-instruct-v0.1,45,50
mistralai/mixtral-8x7b-instruct-v0.1,42,26
mistralai/mixtral-8x7b-instruct-v0.1,37,115
mistralai/mixtral-8x7b-instruct-v0.1,45,57
mistralai/mixtral-8x7b-instruct-v0.1,38,15
mistralai/mixtral-8x7b-instruct-v0.1,38,15
mistralai/mixtral-8x7b-instruct-v0.1,36,150
mistralai/mixtral-8x7b-instruct-v0.1,49,69
mistralai/mixtral-8x7b-instruct-v0.1,46,86
mistralai/mixtral-8x7b-instruct-v0.1,46,91
mistralai/mixtral-8x7b-instruct-v0.1,49,72
mistralai/mixtral-8x7b-instruct-v0.1,45,107
mistralai/mixtral-8x7b-instruct-v0.1,42,46
mistralai/mixtral-8x7b-instruct-v0.1,41,37
mistralai/mixtral-8x7b-instruct-v0.1,46,95
mistralai/mixtral-8x7b-instruct-v0.1,42,46
mistralai/mixtral-8x7b-instruct-v0.1,45,69
mistralai/mixtral-8x7b-instruct-v0.1,37,150
mistralai/mixtral-8x7b-instruct-v0.1,45,90
mistralai/mixtral-8x7b-instruct-v0.1,37,150
mistralai/mixtral-8x7b-instruct-v0.1,42,54
mistralai/mixtral-8x7b-instruct-v0.1,37,150
mistralai/mixtral-8x7b-instruct-v0.1,45,78
mistralai/mixtral-8x7b-instruct-v0.1,39,29
mistralai/mixtral-8x7b-instruct-v0.1,39,29
mistralai/mixtral-8x7b-instruct-v0.1,37,150
mistralai/mixtral-8x7b-instruct-v0.1,41,74
mistralai/mixtral-8x7b-instruct-v0.1,38,42
mistralai/mixtral-8x7b-instruct-v0.1,38,15
mistralai/mixtral-8x7b-instruct-v0.1,38,15
mistralai/mixtral-8x7b-instruct-v0.1,42,62
mistralai/mixtral-8x7b-instruct-v0.1,42,69
mistralai/mixtral-8x7b-instruct-v0.1,36,150
mistralai/mixtral-8x7b-instruct-v0.1,40,142
mistralai/mixtral-8x7b-instruct-v0.1,41,63
mistralai/mixtral-8x7b-instruct-v0.1,38,35
mistralai/mixtral-8x7b-instruct-v0.1,41,59
mistralai/mixtral-8x7b-instruct-v0.1,40,150
mistralai/mixtral-8x7b-instruct-v0.1,46,135
mistralai/mixtral-8x7b-instruct-v0.1,38,57
mistralai/mixtral-8x7b-instruct-v0.1,41,91
mistralai/mixtral-8x7b-instruct-v0.1,41,65
mistralai/mixtral-8x7b-instruct-v0.1,39,65
mistralai/mixtral-8x7b-instruct-v0.1,38,51
mistralai/mixtral-8x7b-instruct-v0.1,42,82
mistralai/mixtral-8x7b-instruct-v0.1,42,99
mistralai/mixtral-8x7b-instruct-v0.1,41,85
mistralai/mixtral-8x7b-instruct-v0.1,49,125
mistralai/mixtral-8x7b-instruct-v0.1,38,49
mistralai/mixtral-8x7b-instruct-v0.1,42,55
mistralai/mixtral-8x7b-instruct-v0.1,42,62
mistralai/mixtral-8x7b-instruct-v0.1,45,92
mistralai/mixtral-8x7b-instruct-v0.1,39,76
mistralai/mixtral-8x7b-instruct-v0.1,39,81
mistralai/mixtral-8x7b-instruct-v0.1,42,62
mistralai/mixtral-8x7b-instruct-v0.1,38,71
mistralai/mixtral-8x7b-instruct-v0.1,45,150
mistralai/mixtral-8x7b-instruct-v0.1,39,75
mistralai/mixtral-8x7b-instruct-v0.1,45,150
mistralai/mixtral-8x7b-instruct-v0.1,39,82
mistralai/mixtral-8x7b-instruct-v0.1,42,69
mistralai/mixtral-8x7b-instruct-v0.1,38,43
mistralai/mixtral-8x7b-instruct-v0.1,42,127
mistralai/mixtral-8x7b-instruct-v0.1,42,112
mistralai/mixtral-8x7b-instruct-v0.1,45,150
mistralai/mixtral-8x7b-instruct-v0.1,39,90
mistralai/mixtral-8x7b-instruct-v0.1,37,67
mistralai/mixtral-8x7b-instruct-v0.1,38,82
mistralai/mixtral-8x7b-instruct-v0.1,37,69
mistralai/mixtral-8x7b-instruct-v0.1,38,55
mistralai/mixtral-8x7b-instruct-v0.1,37,72
mistralai/mixtral-8x7b-instruct-v0.1,41,114
mistralai/mixtral-8x7b-instruct-v0.1,39,103
mistralai/mixtral-8x7b-instruct-v0.1,39,104
mistralai/mixtral-8x7b-instruct-v0.1,42,141
mistralai/mixtral-8x7b-instruct-v0.1,39,102
mistralai/mixtral-8x7b-instruct-v0.1,38,86
mistralai/mixtral-8x7b-instruct-v0.1,37,61
mistralai/mixtral-8x7b-instruct-v0.1,42,138
mistralai/mixtral-8x7b-instruct-v0.1,37,88
mistralai/mixtral-8x7b-instruct-v0.1,38,56
mistralai/mixtral-8x7b-instruct-v0.1,38,83
mistralai/mixtral-8x7b-instruct-v0.1,38,83
mistralai/mixtral-8x7b-instruct-v0.1,37,64
mistralai/mixtral-8x7b-instruct-v0.1,38,85
mistralai/mixtral-8x7b-instruct-v0.1,45,131
mistralai/mixtral-8x7b-instruct-v0.1,38,65
mistralai/mixtral-8x7b-instruct-v0.1,37,76
mistralai/mixtral-8x7b-instruct-v0.1,37,70
mistralai/mixtral-8x7b-instruct-v0.1,37,38
mistralai/mixtral-8x7b-instruct-v0.1,38,82
mistralai/mixtral-8x7b-instruct-v0.1,37,89
mistralai/mixtral-8x7b-instruct-v0.1,39,125
mistralai/mixtral-8x7b-instruct-v0.1,41,150
mistralai/mixtral-8x7b-instruct-v0.1,36,37
mistralai/mixtral-8x7b-instruct-v0.1,38,100
mistralai/mixtral-8x7b-instruct-v0.1,45,150
mistralai/mixtral-8x7b-instruct-v0.1,36,42
mistralai/mixtral-8x7b-instruct-v0.1,45,150
mistralai/mixtral-8x7b-instruct-v0.1,36,74
mistralai/mixtral-8x7b-instruct-v0.1,37,104
mistralai/mixtral-8x7b-instruct-v0.1,41,150
mistralai/mixtral-8x7b-instruct-v0.1,38,109
mistralai/mixtral-8x7b-instruct-v0.1,36,44
mistralai/mixtral-8x7b-instruct-v0.1,38,89
mistralai/mixtral-8x7b-instruct-v0.1,36,82
mistralai/mixtral-8x7b-instruct-v0.1,31,41
mistralai/mixtral-8x7b-instruct-v0.1,36,83
mistralai/mixtral-8x7b-instruct-v0.1,37,61
mistralai/mixtral-8x7b-instruct-v0.1,38,117
mistralai/mixtral-8x7b-instruct-v0.1,31,48
mistralai/mixtral-8x7b-instruct-v0.1,37,115
mistralai/mixtral-8x7b-instruct-v0.1,38,123
mistralai/mixtral-8x7b-instruct-v0.1,38,113
mistralai/mixtral-8x7b-instruct-v0.1,37,83
mistralai/mixtral-8x7b-instruct-v0.1,36,87
mistralai/mixtral-8x7b-instruct-v0.1,32,52
mistralai/mixtral-8x7b-instruct-v0.1,31,53
mistralai/mixtral-8x7b-instruct-v0.1,37,82
mistralai/mixtral-8x7b-instruct-v0.1,37,84
mistralai/mixtral-8x7b-instruct-v0.1,31,45
mistralai/mixtral-8x7b-instruct-v0.1,32,39
mistralai/mixtral-8x7b-instruct-v0.1,32,57
mistralai/mixtral-8x7b-instruct-v0.1,37,92
mistralai/mixtral-8x7b-instruct-v0.1,37,133
mistralai/mixtral-8x7b-instruct-v0.1,31,69
mistralai/mixtral-8x7b-instruct-v0.1,32,56
mistralai/mixtral-8x7b-instruct-v0.1,32,51
mistralai/mixtral-8x7b-instruct-v0.1,38,141
mistralai/mixtral-8x7b-instruct-v0.1,37,85
mistralai/mixtral-8x7b-instruct-v0.1,36,84
mistralai/mixtral-8x7b-instruct-v0.1,32,66
mistralai/mixtral-8x7b-instruct-v0.1,37,78
mistralai/mixtral-8x7b-instruct-v0.1,37,110
mistralai/mixtral-8x7b-instruct-v0.1,37,91
mistralai/mixtral-8x7b-instruct-v0.1,31,68
mistralai/mixtral-8x7b-instruct-v0.1,32,75
mistralai/mixtral-8x7b-instruct-v0.1,32,61
mistralai/mixtral-8x7b-instruct-v0.1,37,90
mistralai/mixtral-8x7b-instruct-v0.1,31,61
mistralai/mixtral-8x7b-instruct-v0.1,32,44
mistralai/mixtral-8x7b-instruct-v0.1,37,114
mistralai/mixtral-8x7b-instruct-v0.1,36,109
mistralai/mixtral-8x7b-instruct-v0.1,32,69
mistralai/mixtral-8x7b-instruct-v0.1,31,63
mistralai/mixtral-8x7b-instruct-v0.1,37,105
mistralai/mixtral-8x7b-instruct-v0.1,31,64
mistralai/mixtral-8x7b-instruct-v0.1,38,134
mistralai/mixtral-8x7b-instruct-v0.1,37,125
mistralai/mixtral-8x7b-instruct-v0.1,37,103
mistralai/mixtral-8x7b-instruct-v0.1,32,88
mistralai/mixtral-8x7b-instruct-v0.1,32,60
mistralai/mixtral-8x7b-instruct-v0.1,31,72
mistralai/mixtral-8x7b-instruct-v0.1,32,93
mistralai/mixtral-8x7b-instruct-v0.1,31,38
mistralai/mixtral-8x7b-instruct-v0.1,32,98
mistralai/mixtral-8x7b-instruct-v0.1,31,72
mistralai/mixtral-8x7b-instruct-v0.1,32,78
mistralai/mixtral-8x7b-instruct-v0.1,31,71
mistralai/mixtral-8x7b-instruct-v0.1,37,133
mistralai/mixtral-8x7b-instruct-v0.1,32,62
mistralai/mixtral-8x7b-instruct-v0.1,31,55
mistralai/mixtral-8x7b-instruct-v0.1,32,62
mistralai/mixtral-8x7b-instruct-v0.1,31,106
mistralai/mixtral-8x7b-instruct-v0.1,32,92
mistralai/mixtral-8x7b-instruct-v0.1,37,31
mistralai/mixtral-8x7b-instruct-v0.1,31,91
mistralai/mixtral-8x7b-instruct-v0.1,36,150
mistralai/mixtral-8x7b-instruct-v0.1,36,150
mistralai/mixtral-8x7b-instruct-v0.1,36,150
mistralai/mixtral-8x7b-instruct-v0.1,40,35
mistralai/mixtral-8x7b-instruct-v0.1,31,82
mistralai/mixtral-8x7b-instruct-v0.1,32,88
mistralai/mixtral-8x7b-instruct-v0.1,40,39
mistralai/mixtral-8x7b-instruct-v0.1,37,63
mistralai/mixtral-8x7b-instruct-v0.1,32,91
mistralai/mixtral-8x7b-instruct-v0.1,32,98
mistralai/mixtral-8x7b-instruct-v0.1,37,45
mistralai/mixtral-8x7b-instruct-v0.1,32,81
mistralai/mixtral-8x7b-instruct-v0.1,31,89
mistralai/mixtral-8x7b-instruct-v0.1,32,108
mistralai/mixtral-8x7b-instruct-v0.1,32,74
mistralai/mixtral-8x7b-instruct-v0.1,31,90
mistralai/mixtral-8x7b-instruct-v0.1,32,74
mistralai/mixtral-8x7b-instruct-v0.1,32,112
mistralai/mixtral-8x7b-instruct-v0.1,37,52
mistralai/mixtral-8x7b-instruct-v0.1,31,86
mistralai/mixtral-8x7b-instruct-v0.1,31,88
mistralai/mixtral-8x7b-instruct-v0.1,37,78
mistralai/mixtral-8x7b-instruct-v0.1,37,81
mistralai/mixtral-8x7b-instruct-v0.1,46,46
mistralai/mixtral-8x7b-instruct-v0.1,31,123
mistralai/mixtral-8x7b-instruct-v0.1,47,49
mistralai/mixtral-8x7b-instruct-v0.1,46,55
mistralai/mixtral-8x7b-instruct-v0.1,47,47
mistralai/mixtral-8x7b-instruct-v0.1,46,54
mistralai/mixtral-8x7b-instruct-v0.1,32,98
mistralai/mixtral-8x7b-instruct-v0.1,31,150
mistralai/mixtral-8x7b-instruct-v0.1,38,84
mistralai/mixtral-8x7b-instruct-v0.1,47,48
mistralai/mixtral-8x7b-instruct-v0.1,38,79
mistralai/mixtral-8x7b-instruct-v0.1,37,69
mistralai/mixtral-8x7b-instruct-v0.1,32,122
mistralai/mixtral-8x7b-instruct-v0.1,32,126
mistralai/mixtral-8x7b-instruct-v0.1,49,36
mistralai/mixtral-8x7b-instruct-v0.1,49,36
mistralai/mixtral-8x7b-instruct-v0.1,32,118
mistralai/mixtral-8x7b-instruct-v0.1,46,69
mistralai/mixtral-8x7b-instruct-v0.1,32,111
mistralai/mixtral-8x7b-instruct-v0.1,37,108
mistralai/mixtral-8x7b-instruct-v0.1,37,95
mistralai/mixtral-8x7b-instruct-v0.1,47,70
mistralai/mixtral-8x7b-instruct-v0.1,42,41
mistralai/mixtral-8x7b-instruct-v0.1,37,84
mistralai/mixtral-8x7b-instruct-v0.1,46,46
mistralai/mixtral-8x7b-instruct-v0.1,37,86
mistralai/mixtral-8x7b-instruct-v0.1,42,45
mistralai/mixtral-8x7b-instruct-v0.1,38,107
mistralai/mixtral-8x7b-instruct-v0.1,47,76
mistralai/mixtral-8x7b-instruct-v0.1,40,100
mistralai/mixtral-8x7b-instruct-v0.1,42,52
mistralai/mixtral-8x7b-instruct-v0.1,49,61
mistralai/mixtral-8x7b-instruct-v0.1,31,150
mistralai/mixtral-8x7b-instruct-v0.1,46,66
mistralai/mixtral-8x7b-instruct-v0.1,43,50
mistralai/mixtral-8x7b-instruct-v0.1,32,150
mistralai/mixtral-8x7b-instruct-v0.1,43,43
mistralai/mixtral-8x7b-instruct-v0.1,46,68
mistralai/mixtral-8x7b-instruct-v0.1,45,40
mistralai/mixtral-8x7b-instruct-v0.1,38,136
mistralai/mixtral-8x7b-instruct-v0.1,38,128
mistralai/mixtral-8x7b-instruct-v0.1,43,51
mistralai/mixtral-8x7b-instruct-v0.1,46,84
mistralai/mixtral-8x7b-instruct-v0.1,46,77
mistralai/mixtral-8x7b-instruct-v0.1,42,3
mistralai/mixtral-8x7b-instruct-v0.1,42,3
mistralai/mixtral-8x7b-instruct-v0.1,38,139
mistralai/mixtral-8x7b-instruct-v0.1,45,47
mistralai/mixtral-8x7b-instruct-v0.1,38,136
mistralai/mixtral-8x7b-instruct-v0.1,38,141
mistralai/mixtral-8x7b-instruct-v0.1,40,130
mistralai/mixtral-8x7b-instruct-v0.1,47,95
mistralai/mixtral-8x7b-instruct-v0.1,42,3
mistralai/mixtral-8x7b-instruct-v0.1,42,78
mistralai/mixtral-8x7b-instruct-v0.1,38,150
mistralai/mixtral-8x7b-instruct-v0.1,47,104
mistralai/mixtral-8x7b-instruct-v0.1,45,50
mistralai/mixtral-8x7b-instruct-v0.1,46,96
mistralai/mixtral-8x7b-instruct-v0.1,37,132
mistralai/mixtral-8x7b-instruct-v0.1,43,82
mistralai/mixtral-8x7b-instruct-v0.1,42,45
mistralai/mixtral-8x7b-instruct-v0.1,43,67
mistralai/mixtral-8x7b-instruct-v0.1,42,65
mistralai/mixtral-8x7b-instruct-v0.1,45,58
mistralai/mixtral-8x7b-instruct-v0.1,38,147
mistralai/mixtral-8x7b-instruct-v0.1,49,97
mistralai/mixtral-8x7b-instruct-v0.1,38,150
mistralai/mixtral-8x7b-instruct-v0.1,38,150
mistralai/mixtral-8x7b-instruct-v0.1,47,113
mistralai/mixtral-8x7b-instruct-v0.1,39,56
mistralai/mixtral-8x7b-instruct-v0.1,39,57
mistralai/mixtral-8x7b-instruct-v0.1,39,61
mistralai/mixtral-8x7b-instruct-v0.1,39,33
mistralai/mixtral-8x7b-instruct-v0.1,47,121
mistralai/mixtral-8x7b-instruct-v0.1,42,71
mistralai/mixtral-8x7b-instruct-v0.1,42,81
mistralai/mixtral-8x7b-instruct-v0.1,42,74
mistralai/mixtral-8x7b-instruct-v0.1,47,134
mistralai/mixtral-8x7b-instruct-v0.1,46,116
mistralai/mixtral-8x7b-instruct-v0.1,47,131
mistralai/mixtral-8x7b-instruct-v0.1,40,63
mistralai/mixtral-8x7b-instruct-v0.1,39,37
mistralai/mixtral-8x7b-instruct-v0.1,40,64
mistralai/mixtral-8x7b-instruct-v0.1,43,106
mistralai/mixtral-8x7b-instruct-v0.1,40,77
mistralai/mixtral-8x7b-instruct-v0.1,40,70
mistralai/mixtral-8x7b-instruct-v0.1,40,76
mistralai/mixtral-8x7b-instruct-v0.1,42,100
mistralai/mixtral-8x7b-instruct-v0.1,40,67
mistralai/mixtral-8x7b-instruct-v0.1,43,111
mistralai/mixtral-8x7b-instruct-v0.1,42,96
mistralai/mixtral-8x7b-instruct-v0.1,47,150
mistralai/mixtral-8x7b-instruct-v0.1,38,47
mistralai/mixtral-8x7b-instruct-v0.1,46,150
mistralai/mixtral-8x7b-instruct-v0.1,39,74
mistralai/mixtral-8x7b-instruct-v0.1,42,120
mistralai/mixtral-8x7b-instruct-v0.1,43,132
mistralai/mixtral-8x7b-instruct-v0.1,39,64
mistralai/mixtral-8x7b-instruct-v0.1,40,96
mistralai/mixtral-8x7b-instruct-v0.1,39,82
mistralai/mixtral-8x7b-instruct-v0.1,37,68
mistralai/mixtral-8x7b-instruct-v0.1,38,63
mistralai/mixtral-8x7b-instruct-v0.1,39,111
mistralai/mixtral-8x7b-instruct-v0.1,37,73
mistralai/mixtral-8x7b-instruct-v0.1,38,75
mistralai/mixtral-8x7b-instruct-v0.1,43,150
mistralai/mixtral-8x7b-instruct-v0.1,43,150
mistralai/mixtral-8x7b-instruct-v0.1,43,150
mistralai/mixtral-8x7b-instruct-v0.1,43,150
mistralai/mixtral-8x7b-instruct-v0.1,38,83
mistralai/mixtral-8x7b-instruct-v0.1,38,84
mistralai/mixtral-8x7b-instruct-v0.1,37,66
mistralai/mixtral-8x7b-instruct-v0.1,39,100
mistralai/mixtral-8x7b-instruct-v0.1,37,31
mistralai/mixtral-8x7b-instruct-v0.1,40,113
mistralai/mixtral-8x7b-instruct-v0.1,38,77
mistralai/mixtral-8x7b-instruct-v0.1,36,57
mistralai/mixtral-8x7b-instruct-v0.1,39,94
mistralai/mixtral-8x7b-instruct-v0.1,40,129
mistralai/mixtral-8x7b-instruct-v0.1,38,75
mistralai/mixtral-8x7b-instruct-v0.1,39,67
mistralai/mixtral-8x7b-instruct-v0.1,42,98
mistralai/mixtral-8x7b-instruct-v0.1,37,31
mistralai/mixtral-8x7b-instruct-v0.1,37,95
mistralai/mixtral-8x7b-instruct-v0.1,36,60
mistralai/mixtral-8x7b-instruct-v0.1,38,94
mistralai/mixtral-8x7b-instruct-v0.1,40,125
mistralai/mixtral-8x7b-instruct-v0.1,37,77
mistralai/mixtral-8x7b-instruct-v0.1,39,104
mistralai/mixtral-8x7b-instruct-v0.1,37,104
mistralai/mixtral-8x7b-instruct-v0.1,36,56
mistralai/mixtral-8x7b-instruct-v0.1,36,71
mistralai/mixtral-8x7b-instruct-v0.1,37,83
mistralai/mixtral-8x7b-instruct-v0.1,38,95
mistralai/mixtral-8x7b-instruct-v0.1,39,85
mistralai/mixtral-8x7b-instruct-v0.1,37,50
mistralai/mixtral-8x7b-instruct-v0.1,38,111
mistralai/mixtral-8x7b-instruct-v0.1,37,103
mistralai/mixtral-8x7b-instruct-v0.1,37,108
mistralai/mixtral-8x7b-instruct-v0.1,37,74
mistralai/mixtral-8x7b-instruct-v0.1,37,98
mistralai/mixtral-8x7b-instruct-v0.1,37,76
mistralai/mixtral-8x7b-instruct-v0.1,38,108
mistralai/mixtral-8x7b-instruct-v0.1,36,57
mistralai/mixtral-8x7b-instruct-v0.1,36,67
mistralai/mixtral-8x7b-instruct-v0.1,37,85
mistralai/mixtral-8x7b-instruct-v0.1,37,115
mistralai/mixtral-8x7b-instruct-v0.1,36,55
mistralai/mixtral-8x7b-instruct-v0.1,37,60
mistralai/mixtral-8x7b-instruct-v0.1,38,121
mistralai/mixtral-8x7b-instruct-v0.1,37,81
mistralai/mixtral-8x7b-instruct-v0.1,37,117
mistralai/mixtral-8x7b-instruct-v0.1,37,86
mistralai/mixtral-8x7b-instruct-v0.1,32,39
mistralai/mixtral-8x7b-instruct-v0.1,39,100
mistralai/mixtral-8x7b-instruct-v0.1,37,85
mistralai/mixtral-8x7b-instruct-v0.1,40,150
mistralai/mixtral-8x7b-instruct-v0.1,32,39
mistralai/mixtral-8x7b-instruct-v0.1,36,63
mistralai/mixtral-8x7b-instruct-v0.1,36,64
mistralai/mixtral-8x7b-instruct-v0.1,40,150
mistralai/mixtral-8x7b-instruct-v0.1,31,50
mistralai/mixtral-8x7b-instruct-v0.1,31,49
mistralai/mixtral-8x7b-instruct-v0.1,37,92
mistralai/mixtral-8x7b-instruct-v0.1,31,60
mistralai/mixtral-8x7b-instruct-v0.1,31,66
mistralai/mixtral-8x7b-instruct-v0.1,36,112
mistralai/mixtral-8x7b-instruct-v0.1,38,79
mistralai/mixtral-8x7b-instruct-v0.1,36,104
mistralai/mixtral-8x7b-instruct-v0.1,31,62
mistralai/mixtral-8x7b-instruct-v0.1,33,51
mistralai/mixtral-8x7b-instruct-v0.1,31,64
mistralai/mixtral-8x7b-instruct-v0.1,32,69
mistralai/mixtral-8x7b-instruct-v0.1,38,85
mistralai/mixtral-8x7b-instruct-v0.1,32,78
mistralai/mixtral-8x7b-instruct-v0.1,31,70
mistralai/mixtral-8x7b-instruct-v0.1,31,60
mistralai/mixtral-8x7b-instruct-v0.1,36,115
mistralai/mixtral-8x7b-instruct-v0.1,32,79
mistralai/mixtral-8x7b-instruct-v0.1,31,77
mistralai/mixtral-8x7b-instruct-v0.1,33,66
mistralai/mixtral-8x7b-instruct-v0.1,33,65
mistralai/mixtral-8x7b-instruct-v0.1,39,150
mistralai/mixtral-8x7b-instruct-v0.1,32,87
mistralai/mixtral-8x7b-instruct-v0.1,33,42
mistralai/mixtral-8x7b-instruct-v0.1,32,86
mistralai/mixtral-8x7b-instruct-v0.1,31,79
mistralai/mixtral-8x7b-instruct-v0.1,38,110
mistralai/mixtral-8x7b-instruct-v0.1,31,70
mistralai/mixtral-8x7b-instruct-v0.1,31,54
mistralai/mixtral-8x7b-instruct-v0.1,32,99
mistralai/mixtral-8x7b-instruct-v0.1,32,74
mistralai/mixtral-8x7b-instruct-v0.1,31,78
mistralai/mixtral-8x7b-instruct-v0.1,32,69
mistralai/mixtral-8x7b-instruct-v0.1,36,36
mistralai/mixtral-8x7b-instruct-v0.1,37,150
mistralai/mixtral-8x7b-instruct-v0.1,31,95
mistralai/mixtral-8x7b-instruct-v0.1,32,76
mistralai/mixtral-8x7b-instruct-v0.1,31,65
mistralai/mixtral-8x7b-instruct-v0.1,32,101
mistralai/mixtral-8x7b-instruct-v0.1,31,70
mistralai/mixtral-8x7b-instruct-v0.1,36,35
mistralai/mixtral-8x7b-instruct-v0.1,35,66
mistralai/mixtral-8x7b-instruct-v0.1,31,78
mistralai/mixtral-8x7b-instruct-v0.1,31,78
mistralai/mixtral-8x7b-instruct-v0.1,32,84
mistralai/mixtral-8x7b-instruct-v0.1,33,103
mistralai/mixtral-8x7b-instruct-v0.1,31,78
mistralai/mixtral-8x7b-instruct-v0.1,31,102
mistralai/mixtral-8x7b-instruct-v0.1,36,54
mistralai/mixtral-8x7b-instruct-v0.1,32,95
mistralai/mixtral-8x7b-instruct-v0.1,32,92
mistralai/mixtral-8x7b-instruct-v0.1,38,150
mistralai/mixtral-8x7b-instruct-v0.1,31,119
mistralai/mixtral-8x7b-instruct-v0.1,31,110
mistralai/mixtral-8x7b-instruct-v0.1,32,102
mistralai/mixtral-8x7b-instruct-v0.1,45,38
mistralai/mixtral-8x7b-instruct-v0.1,36,73
mistralai/mixtral-8x7b-instruct-v0.1,35,87
mistralai/mixtral-8x7b-instruct-v0.1,32,107
mistralai/mixtral-8x7b-instruct-v0.1,31,116
mistralai/mixtral-8x7b-instruct-v0.1,36,94
mistralai/mixtral-8x7b-instruct-v0.1,35,71
mistralai/mixtral-8x7b-instruct-v0.1,35,107
mistralai/mixtral-8x7b-instruct-v0.1,42,71
mistralai/mixtral-8x7b-instruct-v0.1,35,109
mistralai/mixtral-8x7b-instruct-v0.1,32,150
mistralai/mixtral-8x7b-instruct-v0.1,32,150
mistralai/mixtral-8x7b-instruct-v0.1,32,150
mistralai/mixtral-8x7b-instruct-v0.1,45,53
mistralai/mixtral-8x7b-instruct-v0.1,35,82
mistralai/mixtral-8x7b-instruct-v0.1,35,75
mistralai/mixtral-8x7b-instruct-v0.1,35,84
mistralai/mixtral-8x7b-instruct-v0.1,45,62
mistralai/mixtral-8x7b-instruct-v0.1,36,101
mistralai/mixtral-8x7b-instruct-v0.1,35,73
mistralai/mixtral-8x7b-instruct-v0.1,45,63
mistralai/mixtral-8x7b-instruct-v0.1,33,130
mistralai/mixtral-8x7b-instruct-v0.1,35,84
mistralai/mixtral-8x7b-instruct-v0.1,33,131
mistralai/mixtral-8x7b-instruct-v0.1,32,150
mistralai/mixtral-8x7b-instruct-v0.1,35,99
mistralai/mixtral-8x7b-instruct-v0.1,31,150
mistralai/mixtral-8x7b-instruct-v0.1,45,72
mistralai/mixtral-8x7b-instruct-v0.1,42,96
mistralai/mixtral-8x7b-instruct-v0.1,32,150
mistralai/mixtral-8x7b-instruct-v0.1,51,62
mistralai/mixtral-8x7b-instruct-v0.1,35,92
mistralai/mixtral-8x7b-instruct-v0.1,32,150
mistralai/mixtral-8x7b-instruct-v0.1,45,87
mistralai/mixtral-8x7b-instruct-v0.1,32,150
mistralai/mixtral-8x7b-instruct-v0.1,42,105
mistralai/mixtral-8x7b-instruct-v0.1,44,89
mistralai/mixtral-8x7b-instruct-v0.1,44,93
mistralai/mixtral-8x7b-instruct-v0.1,40,50
mistralai/mixtral-8x7b-instruct-v0.1,44,93
mistralai/mixtral-8x7b-instruct-v0.1,36,119
mistralai/mixtral-8x7b-instruct-v0.1,41,35
mistralai/mixtral-8x7b-instruct-v0.1,33,150
mistralai/mixtral-8x7b-instruct-v0.1,42,111
mistralai/mixtral-8x7b-instruct-v0.1,51,74
mistralai/mixtral-8x7b-instruct-v0.1,44,62
mistralai/mixtral-8x7b-instruct-v0.1,44,81
mistralai/mixtral-8x7b-instruct-v0.1,44,73
mistralai/mixtral-8x7b-instruct-v0.1,41,52
mistralai/mixtral-8x7b-instruct-v0.1,36,131
mistralai/mixtral-8x7b-instruct-v0.1,45,94
mistralai/mixtral-8x7b-instruct-v0.1,36,150
mistralai/mixtral-8x7b-instruct-v0.1,51,77
mistralai/mixtral-8x7b-instruct-v0.1,45,104
mistralai/mixtral-8x7b-instruct-v0.1,40,28
mistralai/mixtral-8x7b-instruct-v0.1,40,62
mistralai/mixtral-8x7b-instruct-v0.1,47,39
mistralai/mixtral-8x7b-instruct-v0.1,40,50
mistralai/mixtral-8x7b-instruct-v0.1,47,44
mistralai/mixtral-8x7b-instruct-v0.1,41,64
mistralai/mixtral-8x7b-instruct-v0.1,36,150
mistralai/mixtral-8x7b-instruct-v0.1,36,150
mistralai/mixtral-8x7b-instruct-v0.1,38,33
mistralai/mixtral-8x7b-instruct-v0.1,36,150
mistralai/mixtral-8x7b-instruct-v0.1,38,35
mistralai/mixtral-8x7b-instruct-v0.1,45,120
mistralai/mixtral-8x7b-instruct-v0.1,41,69
mistralai/mixtral-8x7b-instruct-v0.1,40,47
mistralai/mixtral-8x7b-instruct-v0.1,44,92
mistralai/mixtral-8x7b-instruct-v0.1,40,93
mistralai/mixtral-8x7b-instruct-v0.1,44,139
mistralai/mixtral-8x7b-instruct-v0.1,38,47
mistralai/mixtral-8x7b-instruct-v0.1,40,56
mistralai/mixtral-8x7b-instruct-v0.1,40,74
mistralai/mixtral-8x7b-instruct-v0.1,40,73
mistralai/mixtral-8x7b-instruct-v0.1,37,57
mistralai/mixtral-8x7b-instruct-v0.1,40,72
mistralai/mixtral-8x7b-instruct-v0.1,41,82
mistralai/mixtral-8x7b-instruct-v0.1,37,45
mistralai/mixtral-8x7b-instruct-v0.1,41,100
mistralai/mixtral-8x7b-instruct-v0.1,47,81
mistralai/mixtral-8x7b-instruct-v0.1,38,67
mistralai/mixtral-8x7b-instruct-v0.1,45,149
mistralai/mixtral-8x7b-instruct-v0.1,45,150
mistralai/mixtral-8x7b-instruct-v0.1,45,150
mistralai/mixtral-8x7b-instruct-v0.1,37,79
mistralai/mixtral-8x7b-instruct-v0.1,44,144
mistralai/mixtral-8x7b-instruct-v0.1,38,76
mistralai/mixtral-8x7b-instruct-v0.1,44,150
mistralai/mixtral-8x7b-instruct-v0.1,41,24
mistralai/mixtral-8x7b-instruct-v0.1,40,86
mistralai/mixtral-8x7b-instruct-v0.1,37,56
mistralai/mixtral-8x7b-instruct-v0.1,44,150
mistralai/mixtral-8x7b-instruct-v0.1,38,73
mistralai/mixtral-8x7b-instruct-v0.1,47,96
mistralai/mixtral-8x7b-instruct-v0.1,38,76
mistralai/mixtral-8x7b-instruct-v0.1,51,150
mistralai/mixtral-8x7b-instruct-v0.1,37,71
mistralai/mixtral-8x7b-instruct-v0.1,37,60
mistralai/mixtral-8x7b-instruct-v0.1,41,119
mistralai/mixtral-8x7b-instruct-v0.1,37,72
mistralai/mixtral-8x7b-instruct-v0.1,37,78
mistralai/mixtral-8x7b-instruct-v0.1,44,150
mistralai/mixtral-8x7b-instruct-v0.1,38,91
mistralai/mixtral-8x7b-instruct-v0.1,40,150
mistralai/mixtral-8x7b-instruct-v0.1,38,100
mistralai/mixtral-8x7b-instruct-v0.1,38,96
mistralai/mixtral-8x7b-instruct-v0.1,41,62
mistralai/mixtral-8x7b-instruct-v0.1,41,50
mistralai/mixtral-8x7b-instruct-v0.1,41,49
mistralai/mixtral-8x7b-instruct-v0.1,41,53
mistralai/mixtral-8x7b-instruct-v0.1,37,82
mistralai/mixtral-8x7b-instruct-v0.1,44,89
mistralai/mixtral-8x7b-instruct-v0.1,39,31
mistralai/mixtral-8x7b-instruct-v0.1,37,86
mistralai/mixtral-8x7b-instruct-v0.1,41,148
mistralai/mixtral-8x7b-instruct-v0.1,41,150
mistralai/mixtral-8x7b-instruct-v0.1,38,113
mistralai/mixtral-8x7b-instruct-v0.1,41,150
mistralai/mixtral-8x7b-instruct-v0.1,38,120
mistralai/mixtral-8x7b-instruct-v0.1,41,143
mistralai/mixtral-8x7b-instruct-v0.1,40,69
mistralai/mixtral-8x7b-instruct-v0.1,41,89
mistralai/mixtral-8x7b-instruct-v0.1,41,150
mistralai/mixtral-8x7b-instruct-v0.1,39,52
mistralai/mixtral-8x7b-instruct-v0.1,41,54
mistralai/mixtral-8x7b-instruct-v0.1,41,94
mistralai/mixtral-8x7b-instruct-v0.1,40,100
mistralai/mixtral-8x7b-instruct-v0.1,40,74
mistralai/mixtral-8x7b-instruct-v0.1,40,100
mistralai/mixtral-8x7b-instruct-v0.1,40,65
mistralai/mixtral-8x7b-instruct-v0.1,40,103
mistralai/mixtral-8x7b-instruct-v0.1,40,31
mistralai/mixtral-8x7b-instruct-v0.1,41,94
mistralai/mixtral-8x7b-instruct-v0.1,40,111
mistralai/mixtral-8x7b-instruct-v0.1,40,47
mistralai/mixtral-8x7b-instruct-v0.1,40,49
mistralai/mixtral-8x7b-instruct-v0.1,40,57
mistralai/mixtral-8x7b-instruct-v0.1,37,145
mistralai/mixtral-8x7b-instruct-v0.1,40,49
mistralai/mixtral-8x7b-instruct-v0.1,40,98
mistralai/mixtral-8x7b-instruct-v0.1,40,83
mistralai/mixtral-8x7b-instruct-v0.1,37,150
mistralai/mixtral-8x7b-instruct-v0.1,39,71
mistralai/mixtral-8x7b-instruct-v0.1,40,68
mistralai/mixtral-8x7b-instruct-v0.1,40,99
mistralai/mixtral-8x7b-instruct-v0.1,41,117
mistralai/mixtral-8x7b-instruct-v0.1,34,35
mistralai/mixtral-8x7b-instruct-v0.1,40,83
mistralai/mixtral-8x7b-instruct-v0.1,40,75
mistralai/mixtral-8x7b-instruct-v0.1,41,82
mistralai/mixtral-8x7b-instruct-v0.1,34,47
mistralai/mixtral-8x7b-instruct-v0.1,35,24
mistralai/mixtral-8x7b-instruct-v0.1,39,78
mistralai/mixtral-8x7b-instruct-v0.1,40,80
mistralai/mixtral-8x7b-instruct-v0.1,39,88
mistralai/mixtral-8x7b-instruct-v0.1,39,80
mistralai/mixtral-8x7b-instruct-v0.1,40,55
mistralai/mixtral-8x7b-instruct-v0.1,44,150
mistralai/mixtral-8x7b-instruct-v0.1,44,150
mistralai/mixtral-8x7b-instruct-v0.1,40,84
mistralai/mixtral-8x7b-instruct-v0.1,44,150
mistralai/mixtral-8x7b-instruct-v0.1,34,56
mistralai/mixtral-8x7b-instruct-v0.1,41,97
mistralai/mixtral-8x7b-instruct-v0.1,40,64
mistralai/mixtral-8x7b-instruct-v0.1,41,135
mistralai/mixtral-8x7b-instruct-v0.1,35,36
mistralai/mixtral-8x7b-instruct-v0.1,39,67
mistralai/mixtral-8x7b-instruct-v0.1,35,36
mistralai/mixtral-8x7b-instruct-v0.1,40,126
mistralai/mixtral-8x7b-instruct-v0.1,39,73
mistralai/mixtral-8x7b-instruct-v0.1,40,97
mistralai/mixtral-8x7b-instruct-v0.1,40,72
mistralai/mixtral-8x7b-instruct-v0.1,40,101
mistralai/mixtral-8x7b-instruct-v0.1,35,47
mistralai/mixtral-8x7b-instruct-v0.1,41,150
mistralai/mixtral-8x7b-instruct-v0.1,39,80
mistralai/mixtral-8x7b-instruct-v0.1,35,66
mistralai/mixtral-8x7b-instruct-v0.1,35,43
mistralai/mixtral-8x7b-instruct-v0.1,35,66
mistralai/mixtral-8x7b-instruct-v0.1,35,65
mistralai/mixtral-8x7b-instruct-v0.1,35,70
mistralai/mixtral-8x7b-instruct-v0.1,35,41
mistralai/mixtral-8x7b-instruct-v0.1,34,74
mistralai/mixtral-8x7b-instruct-v0.1,41,150
mistralai/mixtral-8x7b-instruct-v0.1,39,84
mistralai/mixtral-8x7b-instruct-v0.1,40,82
mistralai/mixtral-8x7b-instruct-v0.1,35,49
mistralai/mixtral-8x7b-instruct-v0.1,34,46
mistralai/mixtral-8x7b-instruct-v0.1,35,70
mistralai/mixtral-8x7b-instruct-v0.1,34,64
mistralai/mixtral-8x7b-instruct-v0.1,40,121
mistralai/mixtral-8x7b-instruct-v0.1,34,59
mistralai/mixtral-8x7b-instruct-v0.1,35,34
mistralai/mixtral-8x7b-instruct-v0.1,34,71
mistralai/mixtral-8x7b-instruct-v0.1,34,56
mistralai/mixtral-8x7b-instruct-v0.1,35,88
mistralai/mixtral-8x7b-instruct-v0.1,34,72
mistralai/mixtral-8x7b-instruct-v0.1,34,85
mistralai/mixtral-8x7b-instruct-v0.1,35,70
mistralai/mixtral-8x7b-instruct-v0.1,35,96
mistralai/mixtral-8x7b-instruct-v0.1,34,74
mistralai/mixtral-8x7b-instruct-v0.1,41,150
mistralai/mixtral-8x7b-instruct-v0.1,35,95
mistralai/mixtral-8x7b-instruct-v0.1,37,46
mistralai/mixtral-8x7b-instruct-v0.1,34,93
mistralai/mixtral-8x7b-instruct-v0.1,34,77
mistralai/mixtral-8x7b-instruct-v0.1,38,41
mistralai/mixtral-8x7b-instruct-v0.1,38,41
mistralai/mixtral-8x7b-instruct-v0.1,34,90
mistralai/mixtral-8x7b-instruct-v0.1,34,91
mistralai/mixtral-8x7b-instruct-v0.1,34,62
mistralai/mixtral-8x7b-instruct-v0.1,35,62
mistralai/mixtral-8x7b-instruct-v0.1,38,47
mistralai/mixtral-8x7b-instruct-v0.1,39,150
mistralai/mixtral-8x7b-instruct-v0.1,35,83
mistralai/mixtral-8x7b-instruct-v0.1,42,40
mistralai/mixtral-8x7b-instruct-v0.1,39,150
mistralai/mixtral-8x7b-instruct-v0.1,38,58
mistralai/mixtral-8x7b-instruct-v0.1,34,78
mistralai/mixtral-8x7b-instruct-v0.1,35,76
mistralai/mixtral-8x7b-instruct-v0.1,37,71
mistralai/mixtral-8x7b-instruct-v0.1,35,82
mistralai/mixtral-8x7b-instruct-v0.1,37,58
mistralai/mixtral-8x7b-instruct-v0.1,35,95
mistralai/mixtral-8x7b-instruct-v0.1,46,41
mistralai/mixtral-8x7b-instruct-v0.1,38,65
mistralai/mixtral-8x7b-instruct-v0.1,37,74
mistralai/mixtral-8x7b-instruct-v0.1,47,32
mistralai/mixtral-8x7b-instruct-v0.1,35,85
mistralai/mixtral-8x7b-instruct-v0.1,35,91
mistralai/mixtral-8x7b-instruct-v0.1,35,83
mistralai/mixtral-8x7b-instruct-v0.1,38,72
mistralai/mixtral-8x7b-instruct-v0.1,34,88
mistralai/mixtral-8x7b-instruct-v0.1,47,33
mistralai/mixtral-8x7b-instruct-v0.1,35,109
mistralai/mixtral-8x7b-instruct-v0.1,35,95
mistralai/mixtral-8x7b-instruct-v0.1,46,9
mistralai/mixtral-8x7b-instruct-v0.1,35,114
mistralai/mixtral-8x7b-instruct-v0.1,34,102
mistralai/mixtral-8x7b-instruct-v0.1,34,100
mistralai/mixtral-8x7b-instruct-v0.1,37,73
mistralai/mixtral-8x7b-instruct-v0.1,37,61
mistralai/mixtral-8x7b-instruct-v0.1,35,116
mistralai/mixtral-8x7b-instruct-v0.1,34,114
mistralai/mixtral-8x7b-instruct-v0.1,38,94
mistralai/mixtral-8x7b-instruct-v0.1,46,42
mistralai/mixtral-8x7b-instruct-v0.1,46,67
mistralai/mixtral-8x7b-instruct-v0.1,37,91
mistralai/mixtral-8x7b-instruct-v0.1,34,119
mistralai/mixtral-8x7b-instruct-v0.1,34,113
mistralai/mixtral-8x7b-instruct-v0.1,35,128
mistralai/mixtral-8x7b-instruct-v0.1,37,83
mistralai/mixtral-8x7b-instruct-v0.1,35,132
mistralai/mixtral-8x7b-instruct-v0.1,37,117
mistralai/mixtral-8x7b-instruct-v0.1,47,67
mistralai/mixtral-8x7b-instruct-v0.1,35,141
mistralai/mixtral-8x7b-instruct-v0.1,43,38
mistralai/mixtral-8x7b-instruct-v0.1,47,68
mistralai/mixtral-8x7b-instruct-v0.1,38,113
mistralai/mixtral-8x7b-instruct-v0.1,46,82
mistralai/mixtral-8x7b-instruct-v0.1,42,108
mistralai/mixtral-8x7b-instruct-v0.1,46,88
mistralai/mixtral-8x7b-instruct-v0.1,37,99
mistralai/mixtral-8x7b-instruct-v0.1,42,38
mistralai/mixtral-8x7b-instruct-v0.1,47,83
mistralai/mixtral-8x7b-instruct-v0.1,43,48
mistralai/mixtral-8x7b-instruct-v0.1,38,118
mistralai/mixtral-8x7b-instruct-v0.1,47,86
mistralai/mixtral-8x7b-instruct-v0.1,47,84
mistralai/mixtral-8x7b-instruct-v0.1,47,79
mistralai/mixtral-8x7b-instruct-v0.1,46,59
mistralai/mixtral-8x7b-instruct-v0.1,37,105
mistralai/mixtral-8x7b-instruct-v0.1,46,61
mistralai/mixtral-8x7b-instruct-v0.1,43,54
mistralai/mixtral-8x7b-instruct-v0.1,47,97
mistralai/mixtral-8x7b-instruct-v0.1,39,37
mistralai/mixtral-8x7b-instruct-v0.1,42,127
mistralai/mixtral-8x7b-instruct-v0.1,46,90
mistralai/mixtral-8x7b-instruct-v0.1,39,20
mistralai/mixtral-8x7b-instruct-v0.1,51,86
mistralai/mixtral-8x7b-instruct-v0.1,39,22
mistralai/mixtral-8x7b-instruct-v0.1,38,150
mistralai/mixtral-8x7b-instruct-v0.1,42,135
mistralai/mixtral-8x7b-instruct-v0.1,38,150
mistralai/mixtral-8x7b-instruct-v0.1,47,111
mistralai/mixtral-8x7b-instruct-v0.1,42,80
mistralai/mixtral-8x7b-instruct-v0.1,43,79
mistralai/mixtral-8x7b-instruct-v0.1,43,78
mistralai/mixtral-8x7b-instruct-v0.1,38,150
mistralai/mixtral-8x7b-instruct-v0.1,40,37
mistralai/mixtral-8x7b-instruct-v0.1,37,148
mistralai/mixtral-8x7b-instruct-v0.1,42,90
mistralai/mixtral-8x7b-instruct-v0.1,42,91
mistralai/mixtral-8x7b-instruct-v0.1,42,61
mistralai/mixtral-8x7b-instruct-v0.1,46,116
mistralai/mixtral-8x7b-instruct-v0.1,43,87
mistralai/mixtral-8x7b-instruct-v0.1,42,86
mistralai/mixtral-8x7b-instruct-v0.1,42,84
mistralai/mixtral-8x7b-instruct-v0.1,47,131
mistralai/mixtral-8x7b-instruct-v0.1,42,80
mistralai/mixtral-8x7b-instruct-v0.1,39,29
mistralai/mixtral-8x7b-instruct-v0.1,51,125
mistralai/mixtral-8x7b-instruct-v0.1,40,59
mistralai/mixtral-8x7b-instruct-v0.1,40,63
mistralai/mixtral-8x7b-instruct-v0.1,39,67
mistralai/mixtral-8x7b-instruct-v0.1,40,59
mistralai/mixtral-8x7b-instruct-v0.1,39,54
mistralai/mixtral-8x7b-instruct-v0.1,44,50
mistralai/mixtral-8x7b-instruct-v0.1,51,119
mistralai/mixtral-8x7b-instruct-v0.1,39,34
mistralai/mixtral-8x7b-instruct-v0.1,47,89
mistralai/mixtral-8x7b-instruct-v0.1,47,150
mistralai/mixtral-8x7b-instruct-v0.1,44,49
mistralai/mixtral-8x7b-instruct-v0.1,42,123
mistralai/mixtral-8x7b-instruct-v0.1,40,73
mistralai/mixtral-8x7b-instruct-v0.1,46,144
mistralai/mixtral-8x7b-instruct-v0.1,39,51
mistralai/mixtral-8x7b-instruct-v0.1,47,100
mistralai/mixtral-8x7b-instruct-v0.1,39,75
mistralai/mixtral-8x7b-instruct-v0.1,40,80
mistralai/mixtral-8x7b-instruct-v0.1,39,88
mistralai/mixtral-8x7b-instruct-v0.1,40,85
mistralai/mixtral-8x7b-instruct-v0.1,39,25
mistralai/mixtral-8x7b-instruct-v0.1,40,87
mistralai/mixtral-8x7b-instruct-v0.1,51,150
mistralai/mixtral-8x7b-instruct-v0.1,43,133
mistralai/mixtral-8x7b-instruct-v0.1,39,30
mistralai/mixtral-8x7b-instruct-v0.1,46,150
mistralai/mixtral-8x7b-instruct-v0.1,47,122
mistralai/mixtral-8x7b-instruct-v0.1,42,135
mistralai/mixtral-8x7b-instruct-v0.1,39,105
mistralai/mixtral-8x7b-instruct-v0.1,43,150
mistralai/mixtral-8x7b-instruct-v0.1,38,72
mistralai/mixtral-8x7b-instruct-v0.1,38,74
mistralai/mixtral-8x7b-instruct-v0.1,43,150
mistralai/mixtral-8x7b-instruct-v0.1,43,150
mistralai/mixtral-8x7b-instruct-v0.1,43,150
mistralai/mixtral-8x7b-instruct-v0.1,40,102
mistralai/mixtral-8x7b-instruct-v0.1,47,129
mistralai/mixtral-8x7b-instruct-v0.1,38,74
mistralai/mixtral-8x7b-instruct-v0.1,40,100
mistralai/mixtral-8x7b-instruct-v0.1,38,42
mistralai/mixtral-8x7b-instruct-v0.1,42,125
mistralai/mixtral-8x7b-instruct-v0.1,38,75
mistralai/mixtral-8x7b-instruct-v0.1,43,150
mistralai/mixtral-8x7b-instruct-v0.1,37,52
mistralai/mixtral-8x7b-instruct-v0.1,38,77
mistralai/mixtral-8x7b-instruct-v0.1,39,73
mistralai/mixtral-8x7b-instruct-v0.1,38,79
mistralai/mixtral-8x7b-instruct-v0.1,39,64
mistralai/mixtral-8x7b-instruct-v0.1,38,61
mistralai/mixtral-8x7b-instruct-v0.1,42,150
mistralai/mixtral-8x7b-instruct-v0.1,37,55
mistralai/mixtral-8x7b-instruct-v0.1,37,65
mistralai/mixtral-8x7b-instruct-v0.1,38,71
mistralai/mixtral-8x7b-instruct-v0.1,37,75
mistralai/mixtral-8x7b-instruct-v0.1,39,108
mistralai/mixtral-8x7b-instruct-v0.1,32,35
mistralai/mixtral-8x7b-instruct-v0.1,38,69
mistralai/mixtral-8x7b-instruct-v0.1,38,85
mistralai/mixtral-8x7b-instruct-v0.1,39,111
mistralai/mixtral-8x7b-instruct-v0.1,38,101
mistralai/mixtral-8x7b-instruct-v0.1,40,150
mistralai/mixtral-8x7b-instruct-v0.1,38,92
mistralai/mixtral-8x7b-instruct-v0.1,39,114
mistralai/mixtral-8x7b-instruct-v0.1,39,119
mistralai/mixtral-8x7b-instruct-v0.1,40,150
mistralai/mixtral-8x7b-instruct-v0.1,32,48
mistralai/mixtral-8x7b-instruct-v0.1,38,83
mistralai/mixtral-8x7b-instruct-v0.1,38,80
mistralai/mixtral-8x7b-instruct-v0.1,38,77
mistralai/mixtral-8x7b-instruct-v0.1,38,83
mistralai/mixtral-8x7b-instruct-v0.1,39,125
mistralai/mixtral-8x7b-instruct-v0.1,38,71
mistralai/mixtral-8x7b-instruct-v0.1,39,127
mistralai/mixtral-8x7b-instruct-v0.1,38,114
mistralai/mixtral-8x7b-instruct-v0.1,37,80
mistralai/mixtral-8x7b-instruct-v0.1,32,39
mistralai/mixtral-8x7b-instruct-v0.1,44,150
mistralai/mixtral-8x7b-instruct-v0.1,37,63
mistralai/mixtral-8x7b-instruct-v0.1,38,74
mistralai/mixtral-8x7b-instruct-v0.1,37,83
mistralai/mixtral-8x7b-instruct-v0.1,39,134
mistralai/mixtral-8x7b-instruct-v0.1,37,63
mistralai/mixtral-8x7b-instruct-v0.1,38,80
mistralai/mixtral-8x7b-instruct-v0.1,32,44
mistralai/mixtral-8x7b-instruct-v0.1,44,150
mistralai/mixtral-8x7b-instruct-v0.1,38,112
mistralai/mixtral-8x7b-instruct-v0.1,39,150
mistralai/mixtral-8x7b-instruct-v0.1,38,97
mistralai/mixtral-8x7b-instruct-v0.1,32,68
mistralai/mixtral-8x7b-instruct-v0.1,37,79
mistralai/mixtral-8x7b-instruct-v0.1,32,70
mistralai/mixtral-8x7b-instruct-v0.1,39,137
mistralai/mixtral-8x7b-instruct-v0.1,37,84
mistralai/mixtral-8x7b-instruct-v0.1,33,60
mistralai/mixtral-8x7b-instruct-v0.1,38,123
mistralai/mixtral-8x7b-instruct-v0.1,37,99
mistralai/mixtral-8x7b-instruct-v0.1,33,84
mistralai/mixtral-8x7b-instruct-v0.1,33,87
mistralai/mixtral-8x7b-instruct-v0.1,37,95
mistralai/mixtral-8x7b-instruct-v0.1,33,58
mistralai/mixtral-8x7b-instruct-v0.1,33,93
mistralai/mixtral-8x7b-instruct-v0.1,33,84
mistralai/mixtral-8x7b-instruct-v0.1,37,99
mistralai/mixtral-8x7b-instruct-v0.1,32,58
mistralai/mixtral-8x7b-instruct-v0.1,37,103
mistralai/mixtral-8x7b-instruct-v0.1,38,128
mistralai/mixtral-8x7b-instruct-v0.1,38,150
mistralai/mixtral-8x7b-instruct-v0.1,33,80
mistralai/mixtral-8x7b-instruct-v0.1,32,74
mistralai/mixtral-8x7b-instruct-v0.1,33,89
mistralai/mixtral-8x7b-instruct-v0.1,32,67
mistralai/mixtral-8x7b-instruct-v0.1,32,95
mistralai/mixtral-8x7b-instruct-v0.1,32,100
mistralai/mixtral-8x7b-instruct-v0.1,32,76
mistralai/mixtral-8x7b-instruct-v0.1,38,150
mistralai/mixtral-8x7b-instruct-v0.1,33,117
mistralai/mixtral-8x7b-instruct-v0.1,33,65
mistralai/mixtral-8x7b-instruct-v0.1,32,73
mistralai/mixtral-8x7b-instruct-v0.1,33,71
mistralai/mixtral-8x7b-instruct-v0.1,37,150
mistralai/mixtral-8x7b-instruct-v0.1,38,140
mistralai/mixtral-8x7b-instruct-v0.1,32,86
mistralai/mixtral-8x7b-instruct-v0.1,33,126
mistralai/mixtral-8x7b-instruct-v0.1,32,64
mistralai/mixtral-8x7b-instruct-v0.1,32,87
mistralai/mixtral-8x7b-instruct-v0.1,32,71
mistralai/mixtral-8x7b-instruct-v0.1,32,90
mistralai/mixtral-8x7b-instruct-v0.1,33,82
mistralai/mixtral-8x7b-instruct-v0.1,33,113
mistralai/mixtral-8x7b-instruct-v0.1,32,68
mistralai/mixtral-8x7b-instruct-v0.1,37,34
mistralai/mixtral-8x7b-instruct-v0.1,32,105
mistralai/mixtral-8x7b-instruct-v0.1,32,83
mistralai/mixtral-8x7b-instruct-v0.1,33,88
mistralai/mixtral-8x7b-instruct-v0.1,32,77
mistralai/mixtral-8x7b-instruct-v0.1,32,110
mistralai/mixtral-8x7b-instruct-v0.1,32,80
mistralai/mixtral-8x7b-instruct-v0.1,37,35
mistralai/mixtral-8x7b-instruct-v0.1,32,83
mistralai/mixtral-8x7b-instruct-v0.1,33,84
mistralai/mixtral-8x7b-instruct-v0.1,37,150
mistralai/mixtral-8x7b-instruct-v0.1,33,134
mistralai/mixtral-8x7b-instruct-v0.1,33,91
mistralai/mixtral-8x7b-instruct-v0.1,37,36
mistralai/mixtral-8x7b-instruct-v0.1,32,115
mistralai/mixtral-8x7b-instruct-v0.1,33,95
mistralai/mixtral-8x7b-instruct-v0.1,33,105
mistralai/mixtral-8x7b-instruct-v0.1,38,81
mistralai/mixtral-8x7b-instruct-v0.1,37,53
mistralai/mixtral-8x7b-instruct-v0.1,32,93
mistralai/mixtral-8x7b-instruct-v0.1,33,102
mistralai/mixtral-8x7b-instruct-v0.1,32,116
mistralai/mixtral-8x7b-instruct-v0.1,37,43
mistralai/mixtral-8x7b-instruct-v0.1,33,102
mistralai/mixtral-8x7b-instruct-v0.1,32,110
mistralai/mixtral-8x7b-instruct-v0.1,32,100
mistralai/mixtral-8x7b-instruct-v0.1,33,117
mistralai/mixtral-8x7b-instruct-v0.1,37,97
mistralai/mixtral-8x7b-instruct-v0.1,37,50
mistralai/mixtral-8x7b-instruct-v0.1,37,58
mistralai/mixtral-8x7b-instruct-v0.1,38,85
mistralai/mixtral-8x7b-instruct-v0.1,47,47
mistralai/mixtral-8x7b-instruct-v0.1,37,105
mistralai/mixtral-8x7b-instruct-v0.1,46,39
mistralai/mixtral-8x7b-instruct-v0.1,46,59
mistralai/mixtral-8x7b-instruct-v0.1,38,97
mistralai/mixtral-8x7b-instruct-v0.1,46,63
mistralai/mixtral-8x7b-instruct-v0.1,47,59
mistralai/mixtral-8x7b-instruct-v0.1,47,53
mistralai/mixtral-8x7b-instruct-v0.1,42,34
mistralai/mixtral-8x7b-instruct-v0.1,33,150
mistralai/mixtral-8x7b-instruct-v0.1,46,54
mistralai/mixtral-8x7b-instruct-v0.1,46,75
mistralai/mixtral-8x7b-instruct-v0.1,37,81
mistralai/mixtral-8x7b-instruct-v0.1,46,59
mistralai/mixtral-8x7b-instruct-v0.1,32,150
mistralai/mixtral-8x7b-instruct-v0.1,46,56
mistralai/mixtral-8x7b-instruct-v0.1,38,118
mistralai/mixtral-8x7b-instruct-v0.1,32,150
mistralai/mixtral-8x7b-instruct-v0.1,38,125
mistralai/mixtral-8x7b-instruct-v0.1,42,13
mistralai/mixtral-8x7b-instruct-v0.1,47,85
mistralai/mixtral-8x7b-instruct-v0.1,46,61
mistralai/mixtral-8x7b-instruct-v0.1,47,77
mistralai/mixtral-8x7b-instruct-v0.1,42,57
mistralai/mixtral-8x7b-instruct-v0.1,37,149
mistralai/mixtral-8x7b-instruct-v0.1,48,74
mistralai/mixtral-8x7b-instruct-v0.1,38,126
mistralai/mixtral-8x7b-instruct-v0.1,37,150
mistralai/mixtral-8x7b-instruct-v0.1,38,150
mistralai/mixtral-8x7b-instruct-v0.1,47,90
mistralai/mixtral-8x7b-instruct-v0.1,46,83
mistralai/mixtral-8x7b-instruct-v0.1,42,25
mistralai/mixtral-8x7b-instruct-v0.1,46,85
mistralai/mixtral-8x7b-instruct-v0.1,38,129
mistralai/mixtral-8x7b-instruct-v0.1,42,28
mistralai/mixtral-8x7b-instruct-v0.1,39,3
mistralai/mixtral-8x7b-instruct-v0.1,38,129
mistralai/mixtral-8x7b-instruct-v0.1,39,3
mistralai/mixtral-8x7b-instruct-v0.1,39,3
mistralai/mixtral-8x7b-instruct-v0.1,39,30
mistralai/mixtral-8x7b-instruct-v0.1,46,114
mistralai/mixtral-8x7b-instruct-v0.1,42,39
mistralai/mixtral-8x7b-instruct-v0.1,47,105
mistralai/mixtral-8x7b-instruct-v0.1,38,150
mistralai/mixtral-8x7b-instruct-v0.1,38,150
mistralai/mixtral-8x7b-instruct-v0.1,47,107
mistralai/mixtral-8x7b-instruct-v0.1,39,135
mistralai/mixtral-8x7b-instruct-v0.1,38,150
mistralai/mixtral-8x7b-instruct-v0.1,42,94
mistralai/mixtral-8x7b-instruct-v0.1,42,66
mistralai/mixtral-8x7b-instruct-v0.1,42,95
mistralai/mixtral-8x7b-instruct-v0.1,46,101
mistralai/mixtral-8x7b-instruct-v0.1,39,52
mistralai/mixtral-8x7b-instruct-v0.1,43,91
mistralai/mixtral-8x7b-instruct-v0.1,39,58
mistralai/mixtral-8x7b-instruct-v0.1,39,150
mistralai/mixtral-8x7b-instruct-v0.1,39,150
mistralai/mixtral-8x7b-instruct-v0.1,39,150
mistralai/mixtral-8x7b-instruct-v0.1,48,121
mistralai/mixtral-8x7b-instruct-v0.1,48,123
mistralai/mixtral-8x7b-instruct-v0.1,42,80
mistralai/mixtral-8x7b-instruct-v0.1,43,101
mistralai/mixtral-8x7b-instruct-v0.1,40,58
mistralai/mixtral-8x7b-instruct-v0.1,43,98
mistralai/mixtral-8x7b-instruct-v0.1,47,139
mistralai/mixtral-8x7b-instruct-v0.1,47,136
mistralai/mixtral-8x7b-instruct-v0.1,43,117
mistralai/mixtral-8x7b-instruct-v0.1,44,84
mistralai/mixtral-8x7b-instruct-v0.1,47,150
mistralai/mixtral-8x7b-instruct-v0.1,44,84
mistralai/mixtral-8x7b-instruct-v0.1,42,92
mistralai/mixtral-8x7b-instruct-v0.1,39,52
mistralai/mixtral-8x7b-instruct-v0.1,40,58
mistralai/mixtral-8x7b-instruct-v0.1,43,103
mistralai/mixtral-8x7b-instruct-v0.1,47,144
mistralai/mixtral-8x7b-instruct-v0.1,44,93
mistralai/mixtral-8x7b-instruct-v0.1,43,125
mistralai/mixtral-8x7b-instruct-v0.1,43,121
mistralai/mixtral-8x7b-instruct-v0.1,40,84
mistralai/mixtral-8x7b-instruct-v0.1,41,61
mistralai/mixtral-8x7b-instruct-v0.1,43,114
mistralai/mixtral-8x7b-instruct-v0.1,43,129
mistralai/mixtral-8x7b-instruct-v0.1,48,150
mistralai/mixtral-8x7b-instruct-v0.1,40,90
mistralai/mixtral-8x7b-instruct-v0.1,44,111
mistralai/mixtral-8x7b-instruct-v0.1,40,89
mistralai/mixtral-8x7b-instruct-v0.1,43,150
mistralai/mixtral-8x7b-instruct-v0.1,43,150
mistralai/mixtral-8x7b-instruct-v0.1,41,80
mistralai/mixtral-8x7b-instruct-v0.1,39,74
mistralai/mixtral-8x7b-instruct-v0.1,39,79
mistralai/mixtral-8x7b-instruct-v0.1,40,96
mistralai/mixtral-8x7b-instruct-v0.1,39,80
mistralai/mixtral-8x7b-instruct-v0.1,43,150
mistralai/mixtral-8x7b-instruct-v0.1,41,87
mistralai/mixtral-8x7b-instruct-v0.1,40,99
mistralai/mixtral-8x7b-instruct-v0.1,40,94
mistralai/mixtral-8x7b-instruct-v0.1,39,86
mistralai/mixtral-8x7b-instruct-v0.1,41,84
mistralai/mixtral-8x7b-instruct-v0.1,42,150
mistralai/mixtral-8x7b-instruct-v0.1,40,116
mistralai/mixtral-8x7b-instruct-v0.1,40,91
mistralai/mixtral-8x7b-instruct-v0.1,41,80
mistralai/mixtral-8x7b-instruct-v0.1,41,78
mistralai/mixtral-8x7b-instruct-v0.1,41,91
mistralai/mixtral-8x7b-instruct-v0.1,40,98
mistralai/mixtral-8x7b-instruct-v0.1,41,66
mistralai/mixtral-8x7b-instruct-v0.1,41,86
mistralai/mixtral-8x7b-instruct-v0.1,40,83
mistralai/mixtral-8x7b-instruct-v0.1,40,126
mistralai/mixtral-8x7b-instruct-v0.1,41,92
mistralai/mixtral-8x7b-instruct-v0.1,40,88
mistralai/mixtral-8x7b-instruct-v0.1,39,72
mistralai/mixtral-8x7b-instruct-v0.1,40,112
mistralai/mixtral-8x7b-instruct-v0.1,39,150
mistralai/mixtral-8x7b-instruct-v0.1,40,81
mistralai/mixtral-8x7b-instruct-v0.1,40,90
mistralai/mixtral-8x7b-instruct-v0.1,40,140
mistralai/mixtral-8x7b-instruct-v0.1,40,95
mistralai/mixtral-8x7b-instruct-v0.1,40,120
mistralai/mixtral-8x7b-instruct-v0.1,41,112
mistralai/mixtral-8x7b-instruct-v0.1,39,83
mistralai/mixtral-8x7b-instruct-v0.1,41,86
mistralai/mixtral-8x7b-instruct-v0.1,41,88
mistralai/mixtral-8x7b-instruct-v0.1,40,150
mistralai/mixtral-8x7b-instruct-v0.1,39,74
mistralai/mixtral-8x7b-instruct-v0.1,39,89
mistralai/mixtral-8x7b-instruct-v0.1,41,104
mistralai/mixtral-8x7b-instruct-v0.1,34,48
mistralai/mixtral-8x7b-instruct-v0.1,34,40
mistralai/mixtral-8x7b-instruct-v0.1,40,101
mistralai/mixtral-8x7b-instruct-v0.1,40,111
mistralai/mixtral-8x7b-instruct-v0.1,41,150
mistralai/mixtral-8x7b-instruct-v0.1,40,96
mistralai/mixtral-8x7b-instruct-v0.1,39,102
mistralai/mixtral-8x7b-instruct-v0.1,34,51
mistralai/mixtral-8x7b-instruct-v0.1,41,108
mistralai/mixtral-8x7b-instruct-v0.1,41,120
mistralai/mixtral-8x7b-instruct-v0.1,40,81
mistralai/mixtral-8x7b-instruct-v0.1,34,59
mistralai/mixtral-8x7b-instruct-v0.1,40,117
mistralai/mixtral-8x7b-instruct-v0.1,41,138
mistralai/mixtral-8x7b-instruct-v0.1,39,97
mistralai/mixtral-8x7b-instruct-v0.1,40,102
mistralai/mixtral-8x7b-instruct-v0.1,40,74
mistralai/mixtral-8x7b-instruct-v0.1,39,81
mistralai/mixtral-8x7b-instruct-v0.1,39,84
mistralai/mixtral-8x7b-instruct-v0.1,40,84
mistralai/mixtral-8x7b-instruct-v0.1,35,65
mistralai/mixtral-8x7b-instruct-v0.1,34,53
mistralai/mixtral-8x7b-instruct-v0.1,35,57
mistralai/mixtral-8x7b-instruct-v0.1,34,49
mistralai/mixtral-8x7b-instruct-v0.1,40,117
mistralai/mixtral-8x7b-instruct-v0.1,35,57
mistralai/mixtral-8x7b-instruct-v0.1,39,104
mistralai/mixtral-8x7b-instruct-v0.1,35,65
mistralai/mixtral-8x7b-instruct-v0.1,35,40
mistralai/mixtral-8x7b-instruct-v0.1,40,87
mistralai/mixtral-8x7b-instruct-v0.1,40,123
mistralai/mixtral-8x7b-instruct-v0.1,35,69
mistralai/mixtral-8x7b-instruct-v0.1,35,73
mistralai/mixtral-8x7b-instruct-v0.1,41,146
mistralai/mixtral-8x7b-instruct-v0.1,41,148
mistralai/mixtral-8x7b-instruct-v0.1,40,124
mistralai/mixtral-8x7b-instruct-v0.1,40,131
mistralai/mixtral-8x7b-instruct-v0.1,34,59
mistralai/mixtral-8x7b-instruct-v0.1,35,77
mistralai/mixtral-8x7b-instruct-v0.1,34,60
mistralai/mixtral-8x7b-instruct-v0.1,40,111
mistralai/mixtral-8x7b-instruct-v0.1,40,103
mistralai/mixtral-8x7b-instruct-v0.1,39,123
mistralai/mixtral-8x7b-instruct-v0.1,40,150
mistralai/mixtral-8x7b-instruct-v0.1,34,60
mistralai/mixtral-8x7b-instruct-v0.1,34,87
mistralai/mixtral-8x7b-instruct-v0.1,34,64
mistralai/mixtral-8x7b-instruct-v0.1,34,62
mistralai/mixtral-8x7b-instruct-v0.1,35,81
mistralai/mixtral-8x7b-instruct-v0.1,40,128
mistralai/mixtral-8x7b-instruct-v0.1,34,87
mistralai/mixtral-8x7b-instruct-v0.1,40,150
mistralai/mixtral-8x7b-instruct-v0.1,35,109
mistralai/mixtral-8x7b-instruct-v0.1,35,95
mistralai/mixtral-8x7b-instruct-v0.1,40,141
mistralai/mixtral-8x7b-instruct-v0.1,34,81
mistralai/mixtral-8x7b-instruct-v0.1,39,45
mistralai/mixtral-8x7b-instruct-v0.1,38,29
mistralai/mixtral-8x7b-instruct-v0.1,39,143
mistralai/mixtral-8x7b-instruct-v0.1,40,19
mistralai/mixtral-8x7b-instruct-v0.1,39,150
mistralai/mixtral-8x7b-instruct-v0.1,39,58
mistralai/mixtral-8x7b-instruct-v0.1,34,110
mistralai/mixtral-8x7b-instruct-v0.1,34,110
mistralai/mixtral-8x7b-instruct-v0.1,39,63
mistralai/mixtral-8x7b-instruct-v0.1,35,96
mistralai/mixtral-8x7b-instruct-v0.1,35,88
mistralai/mixtral-8x7b-instruct-v0.1,34,87
mistralai/mixtral-8x7b-instruct-v0.1,38,81
mistralai/mixtral-8x7b-instruct-v0.1,35,97
mistralai/mixtral-8x7b-instruct-v0.1,34,101
mistralai/mixtral-8x7b-instruct-v0.1,38,87
mistralai/mixtral-8x7b-instruct-v0.1,35,136
mistralai/mixtral-8x7b-instruct-v0.1,39,90
mistralai/mixtral-8x7b-instruct-v0.1,34,111
mistralai/mixtral-8x7b-instruct-v0.1,38,61
mistralai/mixtral-8x7b-instruct-v0.1,40,66
mistralai/mixtral-8x7b-instruct-v0.1,39,80
mistralai/mixtral-8x7b-instruct-v0.1,39,80
mistralai/mixtral-8x7b-instruct-v0.1,35,150
mistralai/mixtral-8x7b-instruct-v0.1,38,98
mistralai/mixtral-8x7b-instruct-v0.1,38,59
mistralai/mixtral-8x7b-instruct-v0.1,38,68
mistralai/mixtral-8x7b-instruct-v0.1,38,67
mistralai/mixtral-8x7b-instruct-v0.1,35,144
mistralai/mixtral-8x7b-instruct-v0.1,35,135
mistralai/mixtral-8x7b-instruct-v0.1,38,110
mistralai/mixtral-8x7b-instruct-v0.1,39,95
mistralai/mixtral-8x7b-instruct-v0.1,35,150
mistralai/mixtral-8x7b-instruct-v0.1,40,82
mistralai/mixtral-8x7b-instruct-v0.1,34,116
mistralai/mixtral-8x7b-instruct-v0.1,35,150
mistralai/mixtral-8x7b-instruct-v0.1,35,145
mistralai/mixtral-8x7b-instruct-v0.1,38,95
mistralai/mixtral-8x7b-instruct-v0.1,35,150
mistralai/mixtral-8x7b-instruct-v0.1,35,123
mistralai/mixtral-8x7b-instruct-v0.1,39,109
mistralai/mixtral-8x7b-instruct-v0.1,40,92
mistralai/mixtral-8x7b-instruct-v0.1,39,119
mistralai/mixtral-8x7b-instruct-v0.1,35,150
mistralai/mixtral-8x7b-instruct-v0.1,35,150
mistralai/mixtral-8x7b-instruct-v0.1,35,150
mistralai/mixtral-8x7b-instruct-v0.1,35,150
mistralai/mixtral-8x7b-instruct-v0.1,48,76
mistralai/mixtral-8x7b-instruct-v0.1,34,148
mistralai/mixtral-8x7b-instruct-v0.1,48,79
mistralai/mixtral-8x7b-instruct-v0.1,34,150
mistralai/mixtral-8x7b-instruct-v0.1,35,150
mistralai/mixtral-8x7b-instruct-v0.1,35,150
mistralai/mixtral-8x7b-instruct-v0.1,35,145
mistralai/mixtral-8x7b-instruct-v0.1,43,38
mistralai/mixtral-8x7b-instruct-v0.1,43,41
mistralai/mixtral-8x7b-instruct-v0.1,34,150
mistralai/mixtral-8x7b-instruct-v0.1,43,22
mistralai/mixtral-8x7b-instruct-v0.1,34,150
mistralai/mixtral-8x7b-instruct-v0.1,43,40
mistralai/mixtral-8x7b-instruct-v0.1,35,150
mistralai/mixtral-8x7b-instruct-v0.1,35,150
mistralai/mixtral-8x7b-instruct-v0.1,48,84
mistralai/mixtral-8x7b-instruct-v0.1,38,122
mistralai/mixtral-8x7b-instruct-v0.1,47,109
mistralai/mixtral-8x7b-instruct-v0.1,45,27
mistralai/mixtral-8x7b-instruct-v0.1,39,146
mistralai/mixtral-8x7b-instruct-v0.1,45,28
mistralai/mixtral-8x7b-instruct-v0.1,38,129
mistralai/mixtral-8x7b-instruct-v0.1,45,30
mistralai/mixtral-8x7b-instruct-v0.1,47,65
mistralai/mixtral-8x7b-instruct-v0.1,45,33
mistralai/mixtral-8x7b-instruct-v0.1,39,146
mistralai/mixtral-8x7b-instruct-v0.1,39,150
mistralai/mixtral-8x7b-instruct-v0.1,47,72
mistralai/mixtral-8x7b-instruct-v0.1,47,78
mistralai/mixtral-8x7b-instruct-v0.1,47,130
mistralai/mixtral-8x7b-instruct-v0.1,49,80
mistralai/mixtral-8x7b-instruct-v0.1,48,123
mistralai/mixtral-8x7b-instruct-v0.1,43,42
mistralai/mixtral-8x7b-instruct-v0.1,44,74
mistralai/mixtral-8x7b-instruct-v0.1,48,104
mistralai/mixtral-8x7b-instruct-v0.1,43,81
mistralai/mixtral-8x7b-instruct-v0.1,40,43
mistralai/mixtral-8x7b-instruct-v0.1,44,70
mistralai/mixtral-8x7b-instruct-v0.1,41,40
mistralai/mixtral-8x7b-instruct-v0.1,40,43
mistralai/mixtral-8x7b-instruct-v0.1,41,31
mistralai/mixtral-8x7b-instruct-v0.1,43,62
mistralai/mixtral-8x7b-instruct-v0.1,47,147
mistralai/mixtral-8x7b-instruct-v0.1,47,105
mistralai/mixtral-8x7b-instruct-v0.1,43,63
mistralai/mixtral-8x7b-instruct-v0.1,40,49
mistralai/mixtral-8x7b-instruct-v0.1,41,38
mistralai/mixtral-8x7b-instruct-v0.1,41,36
mistralai/mixtral-8x7b-instruct-v0.1,47,150
mistralai/mixtral-8x7b-instruct-v0.1,49,99
mistralai/mixtral-8x7b-instruct-v0.1,41,49
mistralai/mixtral-8x7b-instruct-v0.1,44,88
mistralai/mixtral-8x7b-instruct-v0.1,48,130
mistralai/mixtral-8x7b-instruct-v0.1,48,145
mistralai/mixtral-8x7b-instruct-v0.1,41,52
mistralai/mixtral-8x7b-instruct-v0.1,47,117
mistralai/mixtral-8x7b-instruct-v0.1,43,67
mistralai/mixtral-8x7b-instruct-v0.1,40,44
mistralai/mixtral-8x7b-instruct-v0.1,41,59
mistralai/mixtral-8x7b-instruct-v0.1,40,44
mistralai/mixtral-8x7b-instruct-v0.1,48,150
mistralai/mixtral-8x7b-instruct-v0.1,48,138
mistralai/mixtral-8x7b-instruct-v0.1,48,150
mistralai/mixtral-8x7b-instruct-v0.1,40,75
mistralai/mixtral-8x7b-instruct-v0.1,48,143
mistralai/mixtral-8x7b-instruct-v0.1,41,65
mistralai/mixtral-8x7b-instruct-v0.1,40,57
mistralai/mixtral-8x7b-instruct-v0.1,43,85
mistralai/mixtral-8x7b-instruct-v0.1,44,110
mistralai/mixtral-8x7b-instruct-v0.1,41,77
mistralai/mixtral-8x7b-instruct-v0.1,41,75
mistralai/mixtral-8x7b-instruct-v0.1,49,127
mistralai/mixtral-8x7b-instruct-v0.1,44,121
mistralai/mixtral-8x7b-instruct-v0.1,48,150
mistralai/mixtral-8x7b-instruct-v0.1,41,32
mistralai/mixtral-8x7b-instruct-v0.1,47,135
mistralai/mixtral-8x7b-instruct-v0.1,41,75
mistralai/mixtral-8x7b-instruct-v0.1,41,89
mistralai/mixtral-8x7b-instruct-v0.1,44,122
mistralai/mixtral-8x7b-instruct-v0.1,47,145
mistralai/mixtral-8x7b-instruct-v0.1,47,150
mistralai/mixtral-8x7b-instruct-v0.1,43,109
mistralai/mixtral-8x7b-instruct-v0.1,44,115
mistralai/mixtral-8x7b-instruct-v0.1,41,40
mistralai/mixtral-8x7b-instruct-v0.1,44,126
mistralai/mixtral-8x7b-instruct-v0.1,49,144
mistralai/mixtral-8x7b-instruct-v0.1,41,42
mistralai/mixtral-8x7b-instruct-v0.1,43,118
mistralai/mixtral-8x7b-instruct-v0.1,40,59
mistralai/mixtral-8x7b-instruct-v0.1,41,43
mistralai/mixtral-8x7b-instruct-v0.1,40,69
mistralai/mixtral-8x7b-instruct-v0.1,40,67
mistralai/mixtral-8x7b-instruct-v0.1,44,150
mistralai/mixtral-8x7b-instruct-v0.1,40,101
mistralai/mixtral-8x7b-instruct-v0.1,44,143
mistralai/mixtral-8x7b-instruct-v0.1,44,150
mistralai/mixtral-8x7b-instruct-v0.1,44,148
mistralai/mixtral-8x7b-instruct-v0.1,40,91
mistralai/mixtral-8x7b-instruct-v0.1,39,55
mistralai/mixtral-8x7b-instruct-v0.1,40,88
mistralai/mixtral-8x7b-instruct-v0.1,40,78
mistralai/mixtral-8x7b-instruct-v0.1,40,88
mistralai/mixtral-8x7b-instruct-v0.1,40,67
mistralai/mixtral-8x7b-instruct-v0.1,41,84
mistralai/mixtral-8x7b-instruct-v0.1,41,69
mistralai/mixtral-8x7b-instruct-v0.1,40,78
mistralai/mixtral-8x7b-instruct-v0.1,40,96
mistralai/mixtral-8x7b-instruct-v0.1,41,69
mistralai/mixtral-8x7b-instruct-v0.1,40,87
mistralai/mixtral-8x7b-instruct-v0.1,40,77
mistralai/mixtral-8x7b-instruct-v0.1,40,89
mistralai/mixtral-8x7b-instruct-v0.1,39,63
mistralai/mixtral-8x7b-instruct-v0.1,41,75
mistralai/mixtral-8x7b-instruct-v0.1,39,64
mistralai/mixtral-8x7b-instruct-v0.1,40,100
mistralai/mixtral-8x7b-instruct-v0.1,39,48
mistralai/mixtral-8x7b-instruct-v0.1,39,49
mistralai/mixtral-8x7b-instruct-v0.1,42,111
mistralai/mixtral-8x7b-instruct-v0.1,39,56
mistralai/mixtral-8x7b-instruct-v0.1,41,75
mistralai/mixtral-8x7b-instruct-v0.1,39,76
mistralai/mixtral-8x7b-instruct-v0.1,39,61
mistralai/mixtral-8x7b-instruct-v0.1,40,62
mistralai/mixtral-8x7b-instruct-v0.1,39,66
mistralai/mixtral-8x7b-instruct-v0.1,34,21
mistralai/mixtral-8x7b-instruct-v0.1,34,21
mistralai/mixtral-8x7b-instruct-v0.1,34,21
mistralai/mixtral-8x7b-instruct-v0.1,40,68
mistralai/mixtral-8x7b-instruct-v0.1,40,82
mistralai/mixtral-8x7b-instruct-v0.1,34,54
mistralai/mixtral-8x7b-instruct-v0.1,41,114
mistralai/mixtral-8x7b-instruct-v0.1,40,75
mistralai/mixtral-8x7b-instruct-v0.1,41,123
mistralai/mixtral-8x7b-instruct-v0.1,40,117
mistralai/mixtral-8x7b-instruct-v0.1,40,68
mistralai/mixtral-8x7b-instruct-v0.1,40,77
mistralai/mixtral-8x7b-instruct-v0.1,41,121
mistralai/mixtral-8x7b-instruct-v0.1,39,81
mistralai/mixtral-8x7b-instruct-v0.1,42,150
mistralai/mixtral-8x7b-instruct-v0.1,34,70
mistralai/mixtral-8x7b-instruct-v0.1,41,132
mistralai/mixtral-8x7b-instruct-v0.1,42,150
mistralai/mixtral-8x7b-instruct-v0.1,39,89
mistralai/mixtral-8x7b-instruct-v0.1,42,150
mistralai/mixtral-8x7b-instruct-v0.1,35,46
mistralai/mixtral-8x7b-instruct-v0.1,40,100
mistralai/mixtral-8x7b-instruct-v0.1,34,71
mistralai/mixtral-8x7b-instruct-v0.1,40,86
mistralai/mixtral-8x7b-instruct-v0.1,40,109
mistralai/mixtral-8x7b-instruct-v0.1,41,143
mistralai/mixtral-8x7b-instruct-v0.1,35,52
mistralai/mixtral-8x7b-instruct-v0.1,41,150
mistralai/mixtral-8x7b-instruct-v0.1,35,54
mistralai/mixtral-8x7b-instruct-v0.1,41,150
mistralai/mixtral-8x7b-instruct-v0.1,35,57
mistralai/mixtral-8x7b-instruct-v0.1,40,140
mistralai/mixtral-8x7b-instruct-v0.1,40,125
mistralai/mixtral-8x7b-instruct-v0.1,34,31
mistralai/mixtral-8x7b-instruct-v0.1,40,132
mistralai/mixtral-8x7b-instruct-v0.1,40,132
mistralai/mixtral-8x7b-instruct-v0.1,39,118
mistralai/mixtral-8x7b-instruct-v0.1,34,96
mistralai/mixtral-8x7b-instruct-v0.1,40,141
mistralai/mixtral-8x7b-instruct-v0.1,34,78
mistralai/mixtral-8x7b-instruct-v0.1,40,138
mistralai/mixtral-8x7b-instruct-v0.1,34,45
mistralai/mixtral-8x7b-instruct-v0.1,40,121
mistralai/mixtral-8x7b-instruct-v0.1,34,79
mistralai/mixtral-8x7b-instruct-v0.1,35,78
mistralai/mixtral-8x7b-instruct-v0.1,35,57
mistralai/mixtral-8x7b-instruct-v0.1,35,59
mistralai/mixtral-8x7b-instruct-v0.1,34,82
mistralai/mixtral-8x7b-instruct-v0.1,34,70
mistralai/mixtral-8x7b-instruct-v0.1,35,115
mistralai/mixtral-8x7b-instruct-v0.1,40,142
mistralai/mixtral-8x7b-instruct-v0.1,35,118
mistralai/mixtral-8x7b-instruct-v0.1,35,112
mistralai/mixtral-8x7b-instruct-v0.1,35,118
mistralai/mixtral-8x7b-instruct-v0.1,35,99
mistralai/mixtral-8x7b-instruct-v0.1,40,46
mistralai/mixtral-8x7b-instruct-v0.1,35,57
mistralai/mixtral-8x7b-instruct-v0.1,35,101
mistralai/mixtral-8x7b-instruct-v0.1,34,104
mistralai/mixtral-8x7b-instruct-v0.1,34,79
mistralai/mixtral-8x7b-instruct-v0.1,34,100
mistralai/mixtral-8x7b-instruct-v0.1,34,81
mistralai/mixtral-8x7b-instruct-v0.1,39,29
mistralai/mixtral-8x7b-instruct-v0.1,39,63
mistralai/mixtral-8x7b-instruct-v0.1,34,120
mistralai/mixtral-8x7b-instruct-v0.1,35,120
mistralai/mixtral-8x7b-instruct-v0.1,34,112
mistralai/mixtral-8x7b-instruct-v0.1,34,77
mistralai/mixtral-8x7b-instruct-v0.1,35,85
mistralai/mixtral-8x7b-instruct-v0.1,40,45
mistralai/mixtral-8x7b-instruct-v0.1,40,48
mistralai/mixtral-8x7b-instruct-v0.1,40,49
mistralai/mixtral-8x7b-instruct-v0.1,40,71
mistralai/mixtral-8x7b-instruct-v0.1,35,109
mistralai/mixtral-8x7b-instruct-v0.1,40,72
mistralai/mixtral-8x7b-instruct-v0.1,40,76
mistralai/mixtral-8x7b-instruct-v0.1,40,73
mistralai/mixtral-8x7b-instruct-v0.1,39,53
mistralai/mixtral-8x7b-instruct-v0.1,49,21
mistralai/mixtral-8x7b-instruct-v0.1,49,29
mistralai/mixtral-8x7b-instruct-v0.1,39,56
mistralai/mixtral-8x7b-instruct-v0.1,35,133
mistralai/mixtral-8x7b-instruct-v0.1,35,150
mistralai/mixtral-8x7b-instruct-v0.1,40,73
mistralai/mixtral-8x7b-instruct-v0.1,35,150
mistralai/mixtral-8x7b-instruct-v0.1,34,128
mistralai/mixtral-8x7b-instruct-v0.1,35,150
mistralai/mixtral-8x7b-instruct-v0.1,49,36
mistralai/mixtral-8x7b-instruct-v0.1,48,49
mistralai/mixtral-8x7b-instruct-v0.1,40,81
mistralai/mixtral-8x7b-instruct-v0.1,35,129
mistralai/mixtral-8x7b-instruct-v0.1,48,49
mistralai/mixtral-8x7b-instruct-v0.1,45,70
mistralai/mixtral-8x7b-instruct-v0.1,35,135
mistralai/mixtral-8x7b-instruct-v0.1,45,71
mistralai/mixtral-8x7b-instruct-v0.1,39,58
mistralai/mixtral-8x7b-instruct-v0.1,34,150
mistralai/mixtral-8x7b-instruct-v0.1,40,107
mistralai/mixtral-8x7b-instruct-v0.1,39,69
mistralai/mixtral-8x7b-instruct-v0.1,35,150
mistralai/mixtral-8x7b-instruct-v0.1,35,150
mistralai/mixtral-8x7b-instruct-v0.1,39,120
mistralai/mixtral-8x7b-instruct-v0.1,35,150
mistralai/mixtral-8x7b-instruct-v0.1,39,115
mistralai/mixtral-8x7b-instruct-v0.1,35,150
mistralai/mixtral-8x7b-instruct-v0.1,35,147
mistralai/mixtral-8x7b-instruct-v0.1,49,57
mistralai/mixtral-8x7b-instruct-v0.1,39,80
mistralai/mixtral-8x7b-instruct-v0.1,45,32
mistralai/mixtral-8x7b-instruct-v0.1,48,46
mistralai/mixtral-8x7b-instruct-v0.1,34,150
mistralai/mixtral-8x7b-instruct-v0.1,35,150
mistralai/mixtral-8x7b-instruct-v0.1,48,46
mistralai/mixtral-8x7b-instruct-v0.1,34,150
mistralai/mixtral-8x7b-instruct-v0.1,48,84
mistralai/mixtral-8x7b-instruct-v0.1,39,103
mistralai/mixtral-8x7b-instruct-v0.1,44,27
mistralai/mixtral-8x7b-instruct-v0.1,48,55
mistralai/mixtral-8x7b-instruct-v0.1,35,144
mistralai/mixtral-8x7b-instruct-v0.1,44,33
mistralai/mixtral-8x7b-instruct-v0.1,35,150
mistralai/mixtral-8x7b-instruct-v0.1,49,78
mistralai/mixtral-8x7b-instruct-v0.1,44,27
mistralai/mixtral-8x7b-instruct-v0.1,35,150
mistralai/mixtral-8x7b-instruct-v0.1,48,95
mistralai/mixtral-8x7b-instruct-v0.1,41,3
mistralai/mixtral-8x7b-instruct-v0.1,41,24
mistralai/mixtral-8x7b-instruct-v0.1,39,150
mistralai/mixtral-8x7b-instruct-v0.1,41,3
mistralai/mixtral-8x7b-instruct-v0.1,48,68
mistralai/mixtral-8x7b-instruct-v0.1,41,3
mistralai/mixtral-8x7b-instruct-v0.1,41,3
mistralai/mixtral-8x7b-instruct-v0.1,39,107
mistralai/mixtral-8x7b-instruct-v0.1,44,33
mistralai/mixtral-8x7b-instruct-v0.1,44,65
mistralai/mixtral-8x7b-instruct-v0.1,47,3
mistralai/mixtral-8x7b-instruct-v0.1,49,94
mistralai/mixtral-8x7b-instruct-v0.1,41,34
mistralai/mixtral-8x7b-instruct-v0.1,54,84
mistralai/mixtral-8x7b-instruct-v0.1,44,41
mistralai/mixtral-8x7b-instruct-v0.1,44,42
mistralai/mixtral-8x7b-instruct-v0.1,49,105
mistralai/mixtral-8x7b-instruct-v0.1,48,94
mistralai/mixtral-8x7b-instruct-v0.1,44,61
mistralai/mixtral-8x7b-instruct-v0.1,40,149
mistralai/mixtral-8x7b-instruct-v0.1,48,107
mistralai/mixtral-8x7b-instruct-v0.1,50,59
mistralai/mixtral-8x7b-instruct-v0.1,44,88
mistralai/mixtral-8x7b-instruct-v0.1,47,27
mistralai/mixtral-8x7b-instruct-v0.1,50,59
mistralai/mixtral-8x7b-instruct-v0.1,44,56
mistralai/mixtral-8x7b-instruct-v0.1,49,124
mistralai/mixtral-8x7b-instruct-v0.1,44,95
mistralai/mixtral-8x7b-instruct-v0.1,45,150
mistralai/mixtral-8x7b-instruct-v0.1,45,81
mistralai/mixtral-8x7b-instruct-v0.1,49,124
mistralai/mixtral-8x7b-instruct-v0.1,54,113
mistralai/mixtral-8x7b-instruct-v0.1,42,58
mistralai/mixtral-8x7b-instruct-v0.1,42,43
mistralai/mixtral-8x7b-instruct-v0.1,45,150
mistralai/mixtral-8x7b-instruct-v0.1,50,73
mistralai/mixtral-8x7b-instruct-v0.1,45,92
mistralai/mixtral-8x7b-instruct-v0.1,47,40
mistralai/mixtral-8x7b-instruct-v0.1,42,51
mistralai/mixtral-8x7b-instruct-v0.1,48,127
mistralai/mixtral-8x7b-instruct-v0.1,45,106
mistralai/mixtral-8x7b-instruct-v0.1,41,43
mistralai/mixtral-8x7b-instruct-v0.1,42,68
mistralai/mixtral-8x7b-instruct-v0.1,49,150
mistralai/mixtral-8x7b-instruct-v0.1,49,150
mistralai/mixtral-8x7b-instruct-v0.1,45,117
mistralai/mixtral-8x7b-instruct-v0.1,49,150
mistralai/mixtral-8x7b-instruct-v0.1,47,53
mistralai/mixtral-8x7b-instruct-v0.1,42,74
mistralai/mixtral-8x7b-instruct-v0.1,42,67
mistralai/mixtral-8x7b-instruct-v0.1,41,81
mistralai/mixtral-8x7b-instruct-v0.1,48,145
mistralai/mixtral-8x7b-instruct-v0.1,41,86
mistralai/mixtral-8x7b-instruct-v0.1,42,76
mistralai/mixtral-8x7b-instruct-v0.1,45,109
mistralai/mixtral-8x7b-instruct-v0.1,44,127
mistralai/mixtral-8x7b-instruct-v0.1,41,62
mistralai/mixtral-8x7b-instruct-v0.1,54,150
mistralai/mixtral-8x7b-instruct-v0.1,50,107
mistralai/mixtral-8x7b-instruct-v0.1,54,150
mistralai/mixtral-8x7b-instruct-v0.1,45,130
mistralai/mixtral-8x7b-instruct-v0.1,45,143
mistralai/mixtral-8x7b-instruct-v0.1,45,150
mistralai/mixtral-8x7b-instruct-v0.1,41,93
mistralai/mixtral-8x7b-instruct-v0.1,45,150
mistralai/mixtral-8x7b-instruct-v0.1,45,150
mistralai/mixtral-8x7b-instruct-v0.1,45,150
mistralai/mixtral-8x7b-instruct-v0.1,42,128
mistralai/mixtral-8x7b-instruct-v0.1,42,128
mistralai/mixtral-8x7b-instruct-v0.1,42,143
mistralai/mixtral-8x7b-instruct-v0.1,42,137
mistralai/mixtral-8x7b-instruct-v0.1,42,150
mistralai/mixtral-8x7b-instruct-v0.1,41,149
mistralai/mixtral-8x7b-instruct-v0.1,95,114
mistralai/mixtral-8x7b-instruct-v0.1,118,6
mistralai/mixtral-8x7b-instruct-v0.1,95,30
mistralai/mixtral-8x7b-instruct-v0.1,95,30
mistralai/mixtral-8x7b-instruct-v0.1,95,30
mistralai/mixtral-8x7b-instruct-v0.1,99,30
mistralai/mixtral-8x7b-instruct-v0.1,99,30
mistralai/mixtral-8x7b-instruct-v0.1,99,30
mistralai/mixtral-8x7b-instruct-v0.1,95,30
mistralai/mixtral-8x7b-instruct-v0.1,95,30
mistralai/mixtral-8x7b-instruct-v0.1,98,30
mistralai/mixtral-8x7b-instruct-v0.1,98,30
mistralai/mixtral-8x7b-instruct-v0.1,98,30
mistralai/mixtral-8x7b-instruct-v0.1,98,30
mistralai/mixtral-8x7b-instruct-v0.1,95,30
mistralai/mixtral-8x7b-instruct-v0.1,95,30
mistralai/mixtral-8x7b-instruct-v0.1,95,30
mistralai/mixtral-8x7b-instruct-v0.1,95,30
mistralai/mixtral-8x7b-instruct-v0.1,98,30
mistralai/mixtral-8x7b-instruct-v0.1,98,30
mistralai/mixtral-8x7b-instruct-v0.1,98,30
mistralai/mixtral-8x7b-instruct-v0.1,98,30
mistralai/mixtral-8x7b-instruct-v0.1,119,30
mistralai/mixtral-8x7b-instruct-v0.1,119,30
mistralai/mixtral-8x7b-instruct-v0.1,98,30
mistralai/mixtral-8x7b-instruct-v0.1,98,30
mistralai/mixtral-8x7b-instruct-v0.1,98,30
mistralai/mixtral-8x7b-instruct-v0.1,121,39
mistralai/mixtral-8x7b-instruct-v0.1,119,49
mistralai/mixtral-8x7b-instruct-v0.1,118,46
mistralai/mixtral-8x7b-instruct-v0.1,121,48
mistralai/mixtral-8x7b-instruct-v0.1,95,56
mistralai/mixtral-8x7b-instruct-v0.1,124,48
mistralai/mixtral-8x7b-instruct-v0.1,119,57
mistralai/mixtral-8x7b-instruct-v0.1,119,59
mistralai/mixtral-8x7b-instruct-v0.1,121,63
mistralai/mixtral-8x7b-instruct-v0.1,99,83
mistralai/mixtral-8x7b-instruct-v0.1,96,85
mistralai/mixtral-8x7b-instruct-v0.1,118,81
mistralai/mixtral-8x7b-instruct-v0.1,98,79
mistralai/mixtral-8x7b-instruct-v0.1,119,88
mistralai/mixtral-8x7b-instruct-v0.1,96,120
mistralai/mixtral-8x7b-instruct-v0.1,119,135
mistralai/mixtral-8x7b-instruct-v0.1,119,165
mistralai/mixtral-8x7b-instruct-v0.1,118,177
mistralai/mixtral-8x7b-instruct-v0.1,95,196
mistralai/mixtral-8x7b-instruct-v0.1,96,195
mistralai/mixtral-8x7b-instruct-v0.1,121,202
mistralai/mixtral-8x7b-instruct-v0.1,124,204
mistralai/mixtral-8x7b-instruct-v0.1,119,209
mistralai/mixtral-8x7b-instruct-v0.1,119,226
mistralai/mixtral-8x7b-instruct-v0.1,96,225
mistralai/mixtral-8x7b-instruct-v0.1,119,233
mistralai/mixtral-8x7b-instruct-v0.1,121,228
mistralai/mixtral-8x7b-instruct-v0.1,121,230
mistralai/mixtral-8x7b-instruct-v0.1,121,232
mistralai/mixtral-8x7b-instruct-v0.1,119,240
mistralai/mixtral-8x7b-instruct-v0.1,121,243
mistralai/mixtral-8x7b-instruct-v0.1,119,253
mistralai/mixtral-8x7b-instruct-v0.1,124,246
mistralai/mixtral-8x7b-instruct-v0.1,119,300
mistralai/mixtral-8x7b-instruct-v0.1,119,300
mistralai/mixtral-8x7b-instruct-v0.1,124,289
mistralai/mixtral-8x7b-instruct-v0.1,119,300
meta/llama-3.3-70b-instruct,63,2
meta/llama-3.3-70b-instruct,63,2
meta/llama-3.3-70b-instruct,63,2
meta/llama-3.3-70b-instruct,63,2
meta/llama-3.3-70b-instruct,64,2
meta/llama-3.3-70b-instruct,64,2
meta/llama-3.3-70b-instruct,64,2
meta/llama-3.3-70b-instruct,64,2
meta/llama-3.3-70b-instruct,63,2
meta/llama-3.3-70b-instruct,64,2
meta/llama-3.3-70b-instruct,64,2
meta/llama-3.3-70b-instruct,64,2
meta/llama-3.3-70b-instruct,64,2
meta/llama-3.3-70b-instruct,63,2
meta/llama-3.3-70b-instruct,63,2
meta/llama-3.3-70b-instruct,63,2
meta/llama-3.3-70b-instruct,63,2
meta/llama-3.3-70b-instruct,63,2
meta/llama-3.3-70b-instruct,63,2
meta/llama-3.3-70b-instruct,63,2
meta/llama-3.3-70b-instruct,63,2
meta/llama-3.3-70b-instruct,63,2
meta/llama-3.3-70b-instruct,63,2
meta/llama-3.3-70b-instruct,63,2
meta/llama-3.3-70b-instruct,64,2
meta/llama-3.3-70b-instruct,62,2
meta/llama-3.3-70b-instruct,64,2
meta/llama-3.3-70b-instruct,64,2
meta/llama-3.3-70b-instruct,62,2
meta/llama-3.3-70b-instruct,64,2
meta/llama-3.3-70b-instruct,62,2
meta/llama-3.3-70b-instruct,62,2
meta/llama-3.3-70b-instruct,63,2
meta/llama-3.3-70b-instruct,62,2
meta/llama-3.3-70b-instruct,62,2
meta/llama-3.3-70b-instruct,63,2
meta/llama-3.3-70b-instruct,63,2
meta/llama-3.3-70b-instruct,63,2
meta/llama-3.3-70b-instruct,63,2
meta/llama-3.3-70b-instruct,63,2
meta/llama-3.3-70b-instruct,63,2
meta/llama-3.3-70b-instruct,63,2
meta/llama-3.3-70b-instruct,62,2
meta/llama-3.3-70b-instruct,62,2
meta/llama-3.3-70b-instruct,62,2
meta/llama-3.3-70b-instruct,62,2
meta/llama-3.3-70b-instruct,62,2
meta/llama-3.3-70b-instruct,62,2
meta/llama-3.3-70b-instruct,62,2
meta/llama-3.3-70b-instruct,62,2
meta/llama-3.3-70b-instruct,62,2
meta/llama-3.3-70b-instruct,62,2
meta/llama-3.3-70b-instruct,59,2
meta/llama-3.3-70b-instruct,58,2
meta/llama-3.3-70b-instruct,58,2
meta/llama-3.3-70b-instruct,59,2
meta/llama-3.3-70b-instruct,63,2
meta/llama-3.3-70b-instruct,59,2
meta/llama-3.3-70b-instruct,59,2
meta/llama-3.3-70b-instruct,58,2
meta/llama-3.3-70b-instruct,58,2
meta/llama-3.3-70b-instruct,63,2
meta/llama-3.3-70b-instruct,59,2
meta/llama-3.3-70b-instruct,58,2
meta/llama-3.3-70b-instruct,58,2
meta/llama-3.3-70b-instruct,58,2
meta/llama-3.3-70b-instruct,58,2
meta/llama-3.3-70b-instruct,63,2
meta/llama-3.3-70b-instruct,59,2
meta/llama-3.3-70b-instruct,59,2
meta/llama-3.3-70b-instruct,63,2
meta/llama-3.3-70b-instruct,59,2
meta/llama-3.3-70b-instruct,58,2
meta/llama-3.3-70b-instruct,59,2
meta/llama-3.3-70b-instruct,58,2
meta/llama-3.3-70b-instruct,58,2
meta/llama-3.3-70b-instruct,58,2
meta/llama-3.3-70b-instruct,58,2
meta/llama-3.3-70b-instruct,58,2
meta/llama-3.3-70b-instruct,59,2
meta/llama-3.3-70b-instruct,59,2
meta/llama-3.3-70b-instruct,58,2
meta/llama-3.3-70b-instruct,58,2
meta/llama-3.3-70b-instruct,59,2
meta/llama-3.3-70b-instruct,58,2
meta/llama-3.3-70b-instruct,59,2
meta/llama-3.3-70b-instruct,58,2
meta/llama-3.3-70b-instruct,59,2
meta/llama-3.3-70b-instruct,59,2
meta/llama-3.3-70b-instruct,58,2
meta/llama-3.3-70b-instruct,58,2
meta/llama-3.3-70b-instruct,59,2
meta/llama-3.3-70b-instruct,59,2
meta/llama-3.3-70b-instruct,58,2
meta/llama-3.3-70b-instruct,58,2
meta/llama-3.3-70b-instruct,58,2
meta/llama-3.3-70b-instruct,59,2
meta/llama-3.3-70b-instruct,58,2
meta/llama-3.3-70b-instruct,58,2
meta/llama-3.3-70b-instruct,58,2
meta/llama-3.3-70b-instruct,58,2
meta/llama-3.3-70b-instruct,58,2
meta/llama-3.3-70b-instruct,59,2
meta/llama-3.3-70b-instruct,59,2
meta/llama-3.3-70b-instruct,58,2
meta/llama-3.3-70b-instruct,60,2
meta/llama-3.3-70b-instruct,59,2
meta/llama-3.3-70b-instruct,60,2
meta/llama-3.3-70b-instruct,60,2
meta/llama-3.3-70b-instruct,59,2
meta/llama-3.3-70b-instruct,59,2
meta/llama-3.3-70b-instruct,59,2
meta/llama-3.3-70b-instruct,58,2
meta/llama-3.3-70b-instruct,60,2
meta/llama-3.3-70b-instruct,58,2
meta/llama-3.3-70b-instruct,59,2
meta/llama-3.3-70b-instruct,59,2
meta/llama-3.3-70b-instruct,59,2
meta/llama-3.3-70b-instruct,59,2
meta/llama-3.3-70b-instruct,58,2
meta/llama-3.3-70b-instruct,59,2
meta/llama-3.3-70b-instruct,59,2
meta/llama-3.3-70b-instruct,59,2
meta/llama-3.3-70b-instruct,59,2
meta/llama-3.3-70b-instruct,60,2
meta/llama-3.3-70b-instruct,60,2
meta/llama-3.3-70b-instruct,59,2
meta/llama-3.3-70b-instruct,60,2
meta/llama-3.3-70b-instruct,59,2
meta/llama-3.3-70b-instruct,59,2
meta/llama-3.3-70b-instruct,60,2
meta/llama-3.3-70b-instruct,59,2
meta/llama-3.3-70b-instruct,61,2
meta/llama-3.3-70b-instruct,66,2
meta/llama-3.3-70b-instruct,61,2
meta/llama-3.3-70b-instruct,67,2
meta/llama-3.3-70b-instruct,61,2
meta/llama-3.3-70b-instruct,59,2
meta/llama-3.3-70b-instruct,66,2
meta/llama-3.3-70b-instruct,59,2
meta/llama-3.3-70b-instruct,59,2
meta/llama-3.3-70b-instruct,66,2
meta/llama-3.3-70b-instruct,67,2
meta/llama-3.3-70b-instruct,61,2
meta/llama-3.3-70b-instruct,59,2
meta/llama-3.3-70b-instruct,66,2
meta/llama-3.3-70b-instruct,66,2
meta/llama-3.3-70b-instruct,67,2
meta/llama-3.3-70b-instruct,67,2
meta/llama-3.3-70b-instruct,67,2
meta/llama-3.3-70b-instruct,66,2
meta/llama-3.3-70b-instruct,67,2
meta/llama-3.3-70b-instruct,66,2
meta/llama-3.3-70b-instruct,66,2
meta/llama-3.3-70b-instruct,67,2
meta/llama-3.3-70b-instruct,67,2
meta/llama-3.3-70b-instruct,67,2
meta/llama-3.3-70b-instruct,62,2
meta/llama-3.3-70b-instruct,66,2
meta/llama-3.3-70b-instruct,66,2
meta/llama-3.3-70b-instruct,66,2
meta/llama-3.3-70b-instruct,66,2
meta/llama-3.3-70b-instruct,62,2
meta/llama-3.3-70b-instruct,66,2
meta/llama-3.3-70b-instruct,67,2
meta/llama-3.3-70b-instruct,66,2
meta/llama-3.3-70b-instruct,67,2
meta/llama-3.3-70b-instruct,67,2
meta/llama-3.3-70b-instruct,66,2
meta/llama-3.3-70b-instruct,66,2
meta/llama-3.3-70b-instruct,62,2
meta/llama-3.3-70b-instruct,63,2
meta/llama-3.3-70b-instruct,63,2
meta/llama-3.3-70b-instruct,62,2
meta/llama-3.3-70b-instruct,63,2
meta/llama-3.3-70b-instruct,62,2
meta/llama-3.3-70b-instruct,62,2
meta/llama-3.3-70b-instruct,63,2
meta/llama-3.3-70b-instruct,62,2
meta/llama-3.3-70b-instruct,63,2
meta/llama-3.3-70b-instruct,62,2
meta/llama-3.3-70b-instruct,63,2
meta/llama-3.3-70b-instruct,63,2
meta/llama-3.3-70b-instruct,62,2
meta/llama-3.3-70b-instruct,63,2
meta/llama-3.3-70b-instruct,62,2
meta/llama-3.3-70b-instruct,62,2
meta/llama-3.3-70b-instruct,62,2
meta/llama-3.3-70b-instruct,64,2
meta/llama-3.3-70b-instruct,62,2
meta/llama-3.3-70b-instruct,62,2
meta/llama-3.3-70b-instruct,62,2
meta/llama-3.3-70b-instruct,64,2
meta/llama-3.3-70b-instruct,62,2
meta/llama-3.3-70b-instruct,64,2
meta/llama-3.3-70b-instruct,64,2
meta/llama-3.3-70b-instruct,59,2
meta/llama-3.3-70b-instruct,59,2
meta/llama-3.3-70b-instruct,60,2
meta/llama-3.3-70b-instruct,59,2
meta/llama-3.3-70b-instruct,59,2
meta/llama-3.3-70b-instruct,60,2
meta/llama-3.3-70b-instruct,60,2
meta/llama-3.3-70b-instruct,59,2
meta/llama-3.3-70b-instruct,60,2
meta/llama-3.3-70b-instruct,59,2
meta/llama-3.3-70b-instruct,60,2
meta/llama-3.3-70b-instruct,60,2
meta/llama-3.3-70b-instruct,59,2
meta/llama-3.3-70b-instruct,59,2
meta/llama-3.3-70b-instruct,60,2
meta/llama-3.3-70b-instruct,59,2
meta/llama-3.3-70b-instruct,60,2
meta/llama-3.3-70b-instruct,59,2
meta/llama-3.3-70b-instruct,60,2
meta/llama-3.3-70b-instruct,60,2
meta/llama-3.3-70b-instruct,59,2
meta/llama-3.3-70b-instruct,60,2
meta/llama-3.3-70b-instruct,60,2
meta/llama-3.3-70b-instruct,59,2
meta/llama-3.3-70b-instruct,59,2
meta/llama-3.3-70b-instruct,59,2
meta/llama-3.3-70b-instruct,59,2
meta/llama-3.3-70b-instruct,65,2
meta/llama-3.3-70b-instruct,64,2
meta/llama-3.3-70b-instruct,64,2
meta/llama-3.3-70b-instruct,64,2
meta/llama-3.3-70b-instruct,64,2
meta/llama-3.3-70b-instruct,59,2
meta/llama-3.3-70b-instruct,65,2
meta/llama-3.3-70b-instruct,64,2
meta/llama-3.3-70b-instruct,64,2
meta/llama-3.3-70b-instruct,65,2
meta/llama-3.3-70b-instruct,64,2
meta/llama-3.3-70b-instruct,65,2
meta/llama-3.3-70b-instruct,65,2
meta/llama-3.3-70b-instruct,64,2
meta/llama-3.3-70b-instruct,64,2
meta/llama-3.3-70b-instruct,64,2
meta/llama-3.3-70b-instruct,65,2
meta/llama-3.3-70b-instruct,65,2
meta/llama-3.3-70b-instruct,65,2
meta/llama-3.3-70b-instruct,64,2
meta/llama-3.3-70b-instruct,64,2
meta/llama-3.3-70b-instruct,66,2
meta/llama-3.3-70b-instruct,64,2
meta/llama-3.3-70b-instruct,66,2
meta/llama-3.3-70b-instruct,66,2
meta/llama-3.3-70b-instruct,66,2
meta/llama-3.3-70b-instruct,64,2
meta/llama-3.3-70b-instruct,63,2
meta/llama-3.3-70b-instruct,64,2
meta/llama-3.3-70b-instruct,63,2
meta/llama-3.3-70b-instruct,64,2
meta/llama-3.3-70b-instruct,63,2
meta/llama-3.3-70b-instruct,63,2
meta/llama-3.3-70b-instruct,64,2
meta/llama-3.3-70b-instruct,64,2
meta/llama-3.3-70b-instruct,64,2
meta/llama-3.3-70b-instruct,64,2
meta/llama-3.3-70b-instruct,63,2
meta/llama-3.3-70b-instruct,64,2
meta/llama-3.3-70b-instruct,63,2
meta/llama-3.3-70b-instruct,63,2
meta/llama-3.3-70b-instruct,64,2
meta/llama-3.3-70b-instruct,64,2
meta/llama-3.3-70b-instruct,64,2
meta/llama-3.3-70b-instruct,63,2
meta/llama-3.3-70b-instruct,63,2
meta/llama-3.3-70b-instruct,59,2
meta/llama-3.3-70b-instruct,63,2
meta/llama-3.3-70b-instruct,65,2
meta/llama-3.3-70b-instruct,63,2
meta/llama-3.3-70b-instruct,65,2
meta/llama-3.3-70b-instruct,65,2
meta/llama-3.3-70b-instruct,59,2
meta/llama-3.3-70b-instruct,63,2
meta/llama-3.3-70b-instruct,63,2
meta/llama-3.3-70b-instruct,65,2
meta/llama-3.3-70b-instruct,63,2
meta/llama-3.3-70b-instruct,63,2
meta/llama-3.3-70b-instruct,63,2
meta/llama-3.3-70b-instruct,60,2
meta/llama-3.3-70b-instruct,59,2
meta/llama-3.3-70b-instruct,59,2
meta/llama-3.3-70b-instruct,60,2
meta/llama-3.3-70b-instruct,59,2
meta/llama-3.3-70b-instruct,60,2
meta/llama-3.3-70b-instruct,59,2
meta/llama-3.3-70b-instruct,59,2
meta/llama-3.3-70b-instruct,59,2
meta/llama-3.3-70b-instruct,60,2
meta/llama-3.3-70b-instruct,60,2
meta/llama-3.3-70b-instruct,59,2
meta/llama-3.3-70b-instruct,60,2
meta/llama-3.3-70b-instruct,59,2
meta/llama-3.3-70b-instruct,60,2
meta/llama-3.3-70b-instruct,59,2
meta/llama-3.3-70b-instruct,59,2
meta/llama-3.3-70b-instruct,59,2
meta/llama-3.3-70b-instruct,60,2
meta/llama-3.3-70b-instruct,59,2
meta/llama-3.3-70b-instruct,59,2
meta/llama-3.3-70b-instruct,59,2
meta/llama-3.3-70b-instruct,61,2
meta/llama-3.3-70b-instruct,60,2
meta/llama-3.3-70b-instruct,60,2
meta/llama-3.3-70b-instruct,59,2
meta/llama-3.3-70b-instruct,61,2
meta/llama-3.3-70b-instruct,60,2
meta/llama-3.3-70b-instruct,59,2
meta/llama-3.3-70b-instruct,60,2
meta/llama-3.3-70b-instruct,61,2
meta/llama-3.3-70b-instruct,60,2
meta/llama-3.3-70b-instruct,59,2
meta/llama-3.3-70b-instruct,61,2
meta/llama-3.3-70b-instruct,60,2
meta/llama-3.3-70b-instruct,59,2
meta/llama-3.3-70b-instruct,60,2
meta/llama-3.3-70b-instruct,59,2
meta/llama-3.3-70b-instruct,59,2
meta/llama-3.3-70b-instruct,60,2
meta/llama-3.3-70b-instruct,59,2
meta/llama-3.3-70b-instruct,59,2
meta/llama-3.3-70b-instruct,59,2
meta/llama-3.3-70b-instruct,59,2
meta/llama-3.3-70b-instruct,58,2
meta/llama-3.3-70b-instruct,59,2
meta/llama-3.3-70b-instruct,59,2
meta/llama-3.3-70b-instruct,58,2
meta/llama-3.3-70b-instruct,59,2
meta/llama-3.3-70b-instruct,58,2
meta/llama-3.3-70b-instruct,59,2
meta/llama-3.3-70b-instruct,59,2
meta/llama-3.3-70b-instruct,59,2
meta/llama-3.3-70b-instruct,58,2
meta/llama-3.3-70b-instruct,59,2
meta/llama-3.3-70b-instruct,58,2
meta/llama-3.3-70b-instruct,59,2
meta/llama-3.3-70b-instruct,61,2
meta/llama-3.3-70b-instruct,61,2
meta/llama-3.3-70b-instruct,59,2
meta/llama-3.3-70b-instruct,61,2
meta/llama-3.3-70b-instruct,59,2
meta/llama-3.3-70b-instruct,58,2
meta/llama-3.3-70b-instruct,61,2
meta/llama-3.3-70b-instruct,58,2
meta/llama-3.3-70b-instruct,61,2
meta/llama-3.3-70b-instruct,59,2
meta/llama-3.3-70b-instruct,58,2
meta/llama-3.3-70b-instruct,58,2
meta/llama-3.3-70b-instruct,58,2
meta/llama-3.3-70b-instruct,58,2
meta/llama-3.3-70b-instruct,61,2
meta/llama-3.3-70b-instruct,61,2
meta/llama-3.3-70b-instruct,59,2
meta/llama-3.3-70b-instruct,58,2
meta/llama-3.3-70b-instruct,59,2
meta/llama-3.3-70b-instruct,58,2
meta/llama-3.3-70b-instruct,58,2
meta/llama-3.3-70b-instruct,59,2
meta/llama-3.3-70b-instruct,61,2
meta/llama-3.3-70b-instruct,65,2
meta/llama-3.3-70b-instruct,58,2
meta/llama-3.3-70b-instruct,58,2
meta/llama-3.3-70b-instruct,65,2
meta/llama-3.3-70b-instruct,67,2
meta/llama-3.3-70b-instruct,66,2
meta/llama-3.3-70b-instruct,65,2
meta/llama-3.3-70b-instruct,67,2
meta/llama-3.3-70b-instruct,67,2
meta/llama-3.3-70b-instruct,65,2
meta/llama-3.3-70b-instruct,66,2
meta/llama-3.3-70b-instruct,66,2
meta/llama-3.3-70b-instruct,66,2
meta/llama-3.3-70b-instruct,65,2
meta/llama-3.3-70b-instruct,66,2
meta/llama-3.3-70b-instruct,65,2
meta/llama-3.3-70b-instruct,65,2
meta/llama-3.3-70b-instruct,65,2
meta/llama-3.3-70b-instruct,65,2
meta/llama-3.3-70b-instruct,66,2
meta/llama-3.3-70b-instruct,66,2
meta/llama-3.3-70b-instruct,65,2
meta/llama-3.3-70b-instruct,66,2
meta/llama-3.3-70b-instruct,65,2
meta/llama-3.3-70b-instruct,65,2
meta/llama-3.3-70b-instruct,67,2
meta/llama-3.3-70b-instruct,65,2
meta/llama-3.3-70b-instruct,65,2
meta/llama-3.3-70b-instruct,65,2
meta/llama-3.3-70b-instruct,61,2
meta/llama-3.3-70b-instruct,65,2
meta/llama-3.3-70b-instruct,61,2
meta/llama-3.3-70b-instruct,62,2
meta/llama-3.3-70b-instruct,62,2
meta/llama-3.3-70b-instruct,62,2
meta/llama-3.3-70b-instruct,61,2
meta/llama-3.3-70b-instruct,61,2
meta/llama-3.3-70b-instruct,61,2
meta/llama-3.3-70b-instruct,62,2
meta/llama-3.3-70b-instruct,61,2
meta/llama-3.3-70b-instruct,62,2
meta/llama-3.3-70b-instruct,61,2
meta/llama-3.3-70b-instruct,62,2
meta/llama-3.3-70b-instruct,62,2
meta/llama-3.3-70b-instruct,61,2
meta/llama-3.3-70b-instruct,62,2
meta/llama-3.3-70b-instruct,64,2
meta/llama-3.3-70b-instruct,61,2
meta/llama-3.3-70b-instruct,61,2
meta/llama-3.3-70b-instruct,61,2
meta/llama-3.3-70b-instruct,61,2
meta/llama-3.3-70b-instruct,59,2
meta/llama-3.3-70b-instruct,58,2
meta/llama-3.3-70b-instruct,58,2
meta/llama-3.3-70b-instruct,64,2
meta/llama-3.3-70b-instruct,64,2
meta/llama-3.3-70b-instruct,61,2
meta/llama-3.3-70b-instruct,59,2
meta/llama-3.3-70b-instruct,61,2
meta/llama-3.3-70b-instruct,64,2
meta/llama-3.3-70b-instruct,61,2
meta/llama-3.3-70b-instruct,58,2
meta/llama-3.3-70b-instruct,58,2
meta/llama-3.3-70b-instruct,58,2
meta/llama-3.3-70b-instruct,58,2
meta/llama-3.3-70b-instruct,59,2
meta/llama-3.3-70b-instruct,59,2
meta/llama-3.3-70b-instruct,61,2
meta/llama-3.3-70b-instruct,59,2
meta/llama-3.3-70b-instruct,58,2
meta/llama-3.3-70b-instruct,58,2
meta/llama-3.3-70b-instruct,60,2
meta/llama-3.3-70b-instruct,59,2
meta/llama-3.3-70b-instruct,59,2
meta/llama-3.3-70b-instruct,59,2
meta/llama-3.3-70b-instruct,58,2
meta/llama-3.3-70b-instruct,58,2
meta/llama-3.3-70b-instruct,58,2
meta/llama-3.3-70b-instruct,58,2
meta/llama-3.3-70b-instruct,63,2
meta/llama-3.3-70b-instruct,64,2
meta/llama-3.3-70b-instruct,64,2
meta/llama-3.3-70b-instruct,63,2
meta/llama-3.3-70b-instruct,63,2
meta/llama-3.3-70b-instruct,58,2
meta/llama-3.3-70b-instruct,64,2
meta/llama-3.3-70b-instruct,64,2
meta/llama-3.3-70b-instruct,60,2
meta/llama-3.3-70b-instruct,60,2
meta/llama-3.3-70b-instruct,58,2
meta/llama-3.3-70b-instruct,64,2
meta/llama-3.3-70b-instruct,64,2
meta/llama-3.3-70b-instruct,63,2
meta/llama-3.3-70b-instruct,64,2
meta/llama-3.3-70b-instruct,58,2
meta/llama-3.3-70b-instruct,63,2
meta/llama-3.3-70b-instruct,58,2
meta/llama-3.3-70b-instruct,64,2
meta/llama-3.3-70b-instruct,63,2
meta/llama-3.3-70b-instruct,60,2
meta/llama-3.3-70b-instruct,63,2
meta/llama-3.3-70b-instruct,63,2
meta/llama-3.3-70b-instruct,64,2
meta/llama-3.3-70b-instruct,63,2
meta/llama-3.3-70b-instruct,64,2
meta/llama-3.3-70b-instruct,64,2
meta/llama-3.3-70b-instruct,63,2
meta/llama-3.3-70b-instruct,63,2
meta/llama-3.3-70b-instruct,64,2
meta/llama-3.3-70b-instruct,63,2
meta/llama-3.3-70b-instruct,63,2
meta/llama-3.3-70b-instruct,63,2
meta/llama-3.3-70b-instruct,63,2
meta/llama-3.3-70b-instruct,63,2
meta/llama-3.3-70b-instruct,62,2
meta/llama-3.3-70b-instruct,63,2
meta/llama-3.3-70b-instruct,63,2
meta/llama-3.3-70b-instruct,62,2
meta/llama-3.3-70b-instruct,62,2
meta/llama-3.3-70b-instruct,63,2
meta/llama-3.3-70b-instruct,62,2
meta/llama-3.3-70b-instruct,62,2
meta/llama-3.3-70b-instruct,63,2
meta/llama-3.3-70b-instruct,63,2
meta/llama-3.3-70b-instruct,63,2
meta/llama-3.3-70b-instruct,62,2
meta/llama-3.3-70b-instruct,63,2
meta/llama-3.3-70b-instruct,62,2
meta/llama-3.3-70b-instruct,62,2
meta/llama-3.3-70b-instruct,62,2
meta/llama-3.3-70b-instruct,62,2
meta/llama-3.3-70b-instruct,63,2
meta/llama-3.3-70b-instruct,62,2
meta/llama-3.3-70b-instruct,62,2
meta/llama-3.3-70b-instruct,63,2
meta/llama-3.3-70b-instruct,58,2
meta/llama-3.3-70b-instruct,62,2
meta/llama-3.3-70b-instruct,62,2
meta/llama-3.3-70b-instruct,62,2
meta/llama-3.3-70b-instruct,62,2
meta/llama-3.3-70b-instruct,63,2
meta/llama-3.3-70b-instruct,63,2
meta/llama-3.3-70b-instruct,63,2
meta/llama-3.3-70b-instruct,58,2
meta/llama-3.3-70b-instruct,58,2
meta/llama-3.3-70b-instruct,58,2
meta/llama-3.3-70b-instruct,59,2
meta/llama-3.3-70b-instruct,58,2
meta/llama-3.3-70b-instruct,59,2
meta/llama-3.3-70b-instruct,58,2
meta/llama-3.3-70b-instruct,59,2
meta/llama-3.3-70b-instruct,58,2
meta/llama-3.3-70b-instruct,58,2
meta/llama-3.3-70b-instruct,59,2
meta/llama-3.3-70b-instruct,59,2
meta/llama-3.3-70b-instruct,58,2
meta/llama-3.3-70b-instruct,58,2
meta/llama-3.3-70b-instruct,58,2
meta/llama-3.3-70b-instruct,59,2
meta/llama-3.3-70b-instruct,59,2
meta/llama-3.3-70b-instruct,59,2
meta/llama-3.3-70b-instruct,59,2
meta/llama-3.3-70b-instruct,59,2
meta/llama-3.3-70b-instruct,59,2
meta/llama-3.3-70b-instruct,59,2
meta/llama-3.3-70b-instruct,58,2
meta/llama-3.3-70b-instruct,59,2
meta/llama-3.3-70b-instruct,59,2
meta/llama-3.3-70b-instruct,58,2
meta/llama-3.3-70b-instruct,58,2
meta/llama-3.3-70b-instruct,58,2
meta/llama-3.3-70b-instruct,58,2
meta/llama-3.3-70b-instruct,58,2
meta/llama-3.3-70b-instruct,58,2
meta/llama-3.3-70b-instruct,59,2
meta/llama-3.3-70b-instruct,58,2
meta/llama-3.3-70b-instruct,59,2
meta/llama-3.3-70b-instruct,59,2
meta/llama-3.3-70b-instruct,59,2
meta/llama-3.3-70b-instruct,58,2
meta/llama-3.3-70b-instruct,59,2
meta/llama-3.3-70b-instruct,59,2
meta/llama-3.3-70b-instruct,58,2
meta/llama-3.3-70b-instruct,58,2
meta/llama-3.3-70b-instruct,58,2
meta/llama-3.3-70b-instruct,58,2
meta/llama-3.3-70b-instruct,58,2
meta/llama-3.3-70b-instruct,58,2
meta/llama-3.3-70b-instruct,58,2
meta/llama-3.3-70b-instruct,58,2
meta/llama-3.3-70b-instruct,58,2
meta/llama-3.3-70b-instruct,59,2
meta/llama-3.3-70b-instruct,58,2
meta/llama-3.3-70b-instruct,59,2
meta/llama-3.3-70b-instruct,58,2
meta/llama-3.3-70b-instruct,57,2
meta/llama-3.3-70b-instruct,58,2
meta/llama-3.3-70b-instruct,58,2
meta/llama-3.3-70b-instruct,57,2
meta/llama-3.3-70b-instruct,59,2
meta/llama-3.3-70b-instruct,57,2
meta/llama-3.3-70b-instruct,57,2
meta/llama-3.3-70b-instruct,59,2
meta/llama-3.3-70b-instruct,58,2
meta/llama-3.3-70b-instruct,57,2
meta/llama-3.3-70b-instruct,58,2
meta/llama-3.3-70b-instruct,58,2
meta/llama-3.3-70b-instruct,58,2
meta/llama-3.3-70b-instruct,57,2
meta/llama-3.3-70b-instruct,57,2
meta/llama-3.3-70b-instruct,57,2
meta/llama-3.3-70b-instruct,57,2
meta/llama-3.3-70b-instruct,57,2
meta/llama-3.3-70b-instruct,64,2
meta/llama-3.3-70b-instruct,59,2
meta/llama-3.3-70b-instruct,58,2
meta/llama-3.3-70b-instruct,57,2
meta/llama-3.3-70b-instruct,64,2
meta/llama-3.3-70b-instruct,57,2
meta/llama-3.3-70b-instruct,58,2
meta/llama-3.3-70b-instruct,57,2
meta/llama-3.3-70b-instruct,59,2
meta/llama-3.3-70b-instruct,64,2
meta/llama-3.3-70b-instruct,58,2
meta/llama-3.3-70b-instruct,57,2
meta/llama-3.3-70b-instruct,57,2
meta/llama-3.3-70b-instruct,59,2
meta/llama-3.3-70b-instruct,64,2
meta/llama-3.3-70b-instruct,57,2
meta/llama-3.3-70b-instruct,59,2
meta/llama-3.3-70b-instruct,65,2
meta/llama-3.3-70b-instruct,65,2
meta/llama-3.3-70b-instruct,65,2
meta/llama-3.3-70b-instruct,64,2
meta/llama-3.3-70b-instruct,64,2
meta/llama-3.3-70b-instruct,64,2
meta/llama-3.3-70b-instruct,65,2
meta/llama-3.3-70b-instruct,64,2
meta/llama-3.3-70b-instruct,64,2
meta/llama-3.3-70b-instruct,64,2
meta/llama-3.3-70b-instruct,64,2
meta/llama-3.3-70b-instruct,65,2
meta/llama-3.3-70b-instruct,65,2
meta/llama-3.3-70b-instruct,65,2
meta/llama-3.3-70b-instruct,64,2
meta/llama-3.3-70b-instruct,65,2
meta/llama-3.3-70b-instruct,64,2
meta/llama-3.3-70b-instruct,66,2
meta/llama-3.3-70b-instruct,64,2
meta/llama-3.3-70b-instruct,64,2
meta/llama-3.3-70b-instruct,66,2
meta/llama-3.3-70b-instruct,66,2
meta/llama-3.3-70b-instruct,66,2
meta/llama-3.3-70b-instruct,61,2
meta/llama-3.3-70b-instruct,64,2
meta/llama-3.3-70b-instruct,60,2
meta/llama-3.3-70b-instruct,60,2
meta/llama-3.3-70b-instruct,60,2
meta/llama-3.3-70b-instruct,60,2
meta/llama-3.3-70b-instruct,61,2
meta/llama-3.3-70b-instruct,61,2
meta/llama-3.3-70b-instruct,61,2
meta/llama-3.3-70b-instruct,60,2
meta/llama-3.3-70b-instruct,60,2
meta/llama-3.3-70b-instruct,60,2
meta/llama-3.3-70b-instruct,62,2
meta/llama-3.3-70b-instruct,61,2
meta/llama-3.3-70b-instruct,61,2
meta/llama-3.3-70b-instruct,60,2
meta/llama-3.3-70b-instruct,60,2
meta/llama-3.3-70b-instruct,62,2
meta/llama-3.3-70b-instruct,61,2
meta/llama-3.3-70b-instruct,61,2
meta/llama-3.3-70b-instruct,62,2
meta/llama-3.3-70b-instruct,62,2
meta/llama-3.3-70b-instruct,60,2
meta/llama-3.3-70b-instruct,60,2
meta/llama-3.3-70b-instruct,60,2
meta/llama-3.3-70b-instruct,60,2
meta/llama-3.3-70b-instruct,57,2
meta/llama-3.3-70b-instruct,58,2
meta/llama-3.3-70b-instruct,58,2
meta/llama-3.3-70b-instruct,60,2
meta/llama-3.3-70b-instruct,60,2
meta/llama-3.3-70b-instruct,57,2
meta/llama-3.3-70b-instruct,58,2
meta/llama-3.3-70b-instruct,57,2
meta/llama-3.3-70b-instruct,58,2
meta/llama-3.3-70b-instruct,58,2
meta/llama-3.3-70b-instruct,57,2
meta/llama-3.3-70b-instruct,57,2
meta/llama-3.3-70b-instruct,57,2
meta/llama-3.3-70b-instruct,57,2
meta/llama-3.3-70b-instruct,57,2
meta/llama-3.3-70b-instruct,58,2
meta/llama-3.3-70b-instruct,60,2
meta/llama-3.3-70b-instruct,57,2
meta/llama-3.3-70b-instruct,58,2
meta/llama-3.3-70b-instruct,57,2
meta/llama-3.3-70b-instruct,58,2
meta/llama-3.3-70b-instruct,59,2
meta/llama-3.3-70b-instruct,63,2
meta/llama-3.3-70b-instruct,63,2
meta/llama-3.3-70b-instruct,59,2
meta/llama-3.3-70b-instruct,64,2
meta/llama-3.3-70b-instruct,63,2
meta/llama-3.3-70b-instruct,57,2
meta/llama-3.3-70b-instruct,57,2
meta/llama-3.3-70b-instruct,59,2
meta/llama-3.3-70b-instruct,57,2
meta/llama-3.3-70b-instruct,59,2
meta/llama-3.3-70b-instruct,63,2
meta/llama-3.3-70b-instruct,57,2
meta/llama-3.3-70b-instruct,57,2
meta/llama-3.3-70b-instruct,57,2
meta/llama-3.3-70b-instruct,63,2
meta/llama-3.3-70b-instruct,64,2
meta/llama-3.3-70b-instruct,64,2
meta/llama-3.3-70b-instruct,64,2
meta/llama-3.3-70b-instruct,64,2
meta/llama-3.3-70b-instruct,64,2
meta/llama-3.3-70b-instruct,63,2
meta/llama-3.3-70b-instruct,63,2
meta/llama-3.3-70b-instruct,63,2
meta/llama-3.3-70b-instruct,63,2
meta/llama-3.3-70b-instruct,63,2
meta/llama-3.3-70b-instruct,64,2
meta/llama-3.3-70b-instruct,64,2
meta/llama-3.3-70b-instruct,63,2
meta/llama-3.3-70b-instruct,63,2
meta/llama-3.3-70b-instruct,65,2
meta/llama-3.3-70b-instruct,63,2
meta/llama-3.3-70b-instruct,63,2
meta/llama-3.3-70b-instruct,63,2
meta/llama-3.3-70b-instruct,65,2
meta/llama-3.3-70b-instruct,63,2
meta/llama-3.3-70b-instruct,65,2
meta/llama-3.3-70b-instruct,63,2
meta/llama-3.3-70b-instruct,63,2
meta/llama-3.3-70b-instruct,62,2
meta/llama-3.3-70b-instruct,65,2
meta/llama-3.3-70b-instruct,62,2
meta/llama-3.3-70b-instruct,62,2
meta/llama-3.3-70b-instruct,62,2
meta/llama-3.3-70b-instruct,63,2
meta/llama-3.3-70b-instruct,63,2
meta/llama-3.3-70b-instruct,63,2
meta/llama-3.3-70b-instruct,63,2
meta/llama-3.3-70b-instruct,63,2
meta/llama-3.3-70b-instruct,62,2
meta/llama-3.3-70b-instruct,62,2
meta/llama-3.3-70b-instruct,62,2
meta/llama-3.3-70b-instruct,62,2
meta/llama-3.3-70b-instruct,62,2
meta/llama-3.3-70b-instruct,62,2
meta/llama-3.3-70b-instruct,62,2
meta/llama-3.3-70b-instruct,62,2
meta/llama-3.3-70b-instruct,62,2
meta/llama-3.3-70b-instruct,62,2
meta/llama-3.3-70b-instruct,63,2
meta/llama-3.3-70b-instruct,59,2
meta/llama-3.3-70b-instruct,58,2
meta/llama-3.3-70b-instruct,59,2
meta/llama-3.3-70b-instruct,59,2
meta/llama-3.3-70b-instruct,58,2
meta/llama-3.3-70b-instruct,58,2
meta/llama-3.3-70b-instruct,62,2
meta/llama-3.3-70b-instruct,64,2
meta/llama-3.3-70b-instruct,59,2
meta/llama-3.3-70b-instruct,62,2
meta/llama-3.3-70b-instruct,58,2
meta/llama-3.3-70b-instruct,58,2
meta/llama-3.3-70b-instruct,64,2
meta/llama-3.3-70b-instruct,59,2
meta/llama-3.3-70b-instruct,59,2
meta/llama-3.3-70b-instruct,58,2
meta/llama-3.3-70b-instruct,64,2
meta/llama-3.3-70b-instruct,64,2
meta/llama-3.3-70b-instruct,58,2
meta/llama-3.3-70b-instruct,58,2
meta/llama-3.3-70b-instruct,59,2
meta/llama-3.3-70b-instruct,59,2
meta/llama-3.3-70b-instruct,58,2
meta/llama-3.3-70b-instruct,58,2
meta/llama-3.3-70b-instruct,58,2
meta/llama-3.3-70b-instruct,58,2
meta/llama-3.3-70b-instruct,60,2
meta/llama-3.3-70b-instruct,58,2
meta/llama-3.3-70b-instruct,58,2
meta/llama-3.3-70b-instruct,60,2
meta/llama-3.3-70b-instruct,58,2
meta/llama-3.3-70b-instruct,59,2
meta/llama-3.3-70b-instruct,58,2
meta/llama-3.3-70b-instruct,58,2
meta/llama-3.3-70b-instruct,59,2
meta/llama-3.3-70b-instruct,59,2
meta/llama-3.3-70b-instruct,60,2
meta/llama-3.3-70b-instruct,60,2
meta/llama-3.3-70b-instruct,58,2
meta/llama-3.3-70b-instruct,58,2
meta/llama-3.3-70b-instruct,58,2
meta/llama-3.3-70b-instruct,59,2
meta/llama-3.3-70b-instruct,58,2
meta/llama-3.3-70b-instruct,58,2
meta/llama-3.3-70b-instruct,58,2
meta/llama-3.3-70b-instruct,58,2
meta/llama-3.3-70b-instruct,59,2
meta/llama-3.3-70b-instruct,58,2
meta/llama-3.3-70b-instruct,59,2
meta/llama-3.3-70b-instruct,58,2
meta/llama-3.3-70b-instruct,59,2
meta/llama-3.3-70b-instruct,58,2
meta/llama-3.3-70b-instruct,59,2
meta/llama-3.3-70b-instruct,58,2
meta/llama-3.3-70b-instruct,58,2
meta/llama-3.3-70b-instruct,58,2
meta/llama-3.3-70b-instruct,57,2
meta/llama-3.3-70b-instruct,58,2
meta/llama-3.3-70b-instruct,60,2
meta/llama-3.3-70b-instruct,58,2
meta/llama-3.3-70b-instruct,57,2
meta/llama-3.3-70b-instruct,60,2
meta/llama-3.3-70b-instruct,60,2
meta/llama-3.3-70b-instruct,60,2
meta/llama-3.3-70b-instruct,57,2
meta/llama-3.3-70b-instruct,58,2
meta/llama-3.3-70b-instruct,58,2
meta/llama-3.3-70b-instruct,58,2
meta/llama-3.3-70b-instruct,57,2
meta/llama-3.3-70b-instruct,57,2
meta/llama-3.3-70b-instruct,58,2
meta/llama-3.3-70b-instruct,58,2
meta/llama-3.3-70b-instruct,57,2
meta/llama-3.3-70b-instruct,57,2
meta/llama-3.3-70b-instruct,57,2
meta/llama-3.3-70b-instruct,58,2
meta/llama-3.3-70b-instruct,57,2
meta/llama-3.3-70b-instruct,57,2
meta/llama-3.3-70b-instruct,61,2
meta/llama-3.3-70b-instruct,58,2
meta/llama-3.3-70b-instruct,58,2
meta/llama-3.3-70b-instruct,57,2
meta/llama-3.3-70b-instruct,57,2
meta/llama-3.3-70b-instruct,61,2
meta/llama-3.3-70b-instruct,57,2
meta/llama-3.3-70b-instruct,57,2
meta/llama-3.3-70b-instruct,57,2
meta/llama-3.3-70b-instruct,61,2
meta/llama-3.3-70b-instruct,61,2
meta/llama-3.3-70b-instruct,65,2
meta/llama-3.3-70b-instruct,65,2
meta/llama-3.3-70b-instruct,57,2
meta/llama-3.3-70b-instruct,65,2
meta/llama-3.3-70b-instruct,64,2
meta/llama-3.3-70b-instruct,64,2
meta/llama-3.3-70b-instruct,64,2
meta/llama-3.3-70b-instruct,64,2
meta/llama-3.3-70b-instruct,65,2
meta/llama-3.3-70b-instruct,64,2
meta/llama-3.3-70b-instruct,65,2
meta/llama-3.3-70b-instruct,64,2
meta/llama-3.3-70b-instruct,65,2
meta/llama-3.3-70b-instruct,64,2
meta/llama-3.3-70b-instruct,65,2
meta/llama-3.3-70b-instruct,65,2
meta/llama-3.3-70b-instruct,64,2
meta/llama-3.3-70b-instruct,64,2
meta/llama-3.3-70b-instruct,64,2
meta/llama-3.3-70b-instruct,64,2
meta/llama-3.3-70b-instruct,64,2
meta/llama-3.3-70b-instruct,64,2
meta/llama-3.3-70b-instruct,68,2
meta/llama-3.3-70b-instruct,68,2
meta/llama-3.3-70b-instruct,64,2
meta/llama-3.3-70b-instruct,68,2
meta/llama-3.3-70b-instruct,68,2
meta/llama-3.3-70b-instruct,64,2
meta/llama-3.3-70b-instruct,61,2
meta/llama-3.3-70b-instruct,61,2
meta/llama-3.3-70b-instruct,60,2
meta/llama-3.3-70b-instruct,60,2
meta/llama-3.3-70b-instruct,60,2
meta/llama-3.3-70b-instruct,64,2
meta/llama-3.3-70b-instruct,60,2
meta/llama-3.3-70b-instruct,61,2
meta/llama-3.3-70b-instruct,61,2
meta/llama-3.3-70b-instruct,60,2
meta/llama-3.3-70b-instruct,60,2
meta/llama-3.3-70b-instruct,60,2
meta/llama-3.3-70b-instruct,61,2
meta/llama-3.3-70b-instruct,60,2
meta/llama-3.3-70b-instruct,60,2
meta/llama-3.3-70b-instruct,60,2
meta/llama-3.3-70b-instruct,64,2
meta/llama-3.3-70b-instruct,64,2
meta/llama-3.3-70b-instruct,61,2
meta/llama-3.3-70b-instruct,61,2
meta/llama-3.3-70b-instruct,64,2
meta/llama-3.3-70b-instruct,64,2
meta/llama-3.3-70b-instruct,60,2
meta/llama-3.3-70b-instruct,61,2
meta/llama-3.3-70b-instruct,60,2
meta/llama-3.3-70b-instruct,60,2
meta/llama-3.3-70b-instruct,60,2
meta/llama-3.3-70b-instruct,57,2
meta/llama-3.3-70b-instruct,58,2
meta/llama-3.3-70b-instruct,58,2
meta/llama-3.3-70b-instruct,57,2
meta/llama-3.3-70b-instruct,60,2
meta/llama-3.3-70b-instruct,57,2
meta/llama-3.3-70b-instruct,57,2
meta/llama-3.3-70b-instruct,60,2
meta/llama-3.3-70b-instruct,57,2
meta/llama-3.3-70b-instruct,58,2
meta/llama-3.3-70b-instruct,58,2
meta/llama-3.3-70b-instruct,58,2
meta/llama-3.3-70b-instruct,58,2
meta/llama-3.3-70b-instruct,57,2
meta/llama-3.3-70b-instruct,57,2
meta/llama-3.3-70b-instruct,57,2
meta/llama-3.3-70b-instruct,58,2
meta/llama-3.3-70b-instruct,57,2
meta/llama-3.3-70b-instruct,57,2
meta/llama-3.3-70b-instruct,58,2
meta/llama-3.3-70b-instruct,57,2
meta/llama-3.3-70b-instruct,61,2
meta/llama-3.3-70b-instruct,65,2
meta/llama-3.3-70b-instruct,66,2
meta/llama-3.3-70b-instruct,65,2
meta/llama-3.3-70b-instruct,65,2
meta/llama-3.3-70b-instruct,57,2
meta/llama-3.3-70b-instruct,61,2
meta/llama-3.3-70b-instruct,57,2
meta/llama-3.3-70b-instruct,65,2
meta/llama-3.3-70b-instruct,57,2
meta/llama-3.3-70b-instruct,57,2
meta/llama-3.3-70b-instruct,61,2
meta/llama-3.3-70b-instruct,57,2
meta/llama-3.3-70b-instruct,61,2
meta/llama-3.3-70b-instruct,66,2
meta/llama-3.3-70b-instruct,65,2
meta/llama-3.3-70b-instruct,66,2
meta/llama-3.3-70b-instruct,65,2
meta/llama-3.3-70b-instruct,65,2
meta/llama-3.3-70b-instruct,65,2
meta/llama-3.3-70b-instruct,66,2
meta/llama-3.3-70b-instruct,66,2
meta/llama-3.3-70b-instruct,66,2
meta/llama-3.3-70b-instruct,66,2
meta/llama-3.3-70b-instruct,66,2
meta/llama-3.3-70b-instruct,65,2
meta/llama-3.3-70b-instruct,65,2
meta/llama-3.3-70b-instruct,66,2
meta/llama-3.3-70b-instruct,64,2
meta/llama-3.3-70b-instruct,64,2
meta/llama-3.3-70b-instruct,65,2
meta/llama-3.3-70b-instruct,65,2
meta/llama-3.3-70b-instruct,65,2
meta/llama-3.3-70b-instruct,66,2
meta/llama-3.3-70b-instruct,64,2
meta/llama-3.3-70b-instruct,64,2
meta/llama-3.3-70b-instruct,65,2
meta/llama-3.3-70b-instruct,65,2
meta/llama-3.3-70b-instruct,66,2
meta/llama-3.3-70b-instruct,66,2
meta/llama-3.3-70b-instruct,65,2
meta/llama-3.3-70b-instruct,65,2
meta/llama-3.3-70b-instruct,65,2
meta/llama-3.3-70b-instruct,65,2
meta/llama-3.3-70b-instruct,65,2
meta/llama-3.3-70b-instruct,64,2
meta/llama-3.3-70b-instruct,64,2
meta/llama-3.3-70b-instruct,64,2
meta/llama-3.3-70b-instruct,65,2
meta/llama-3.3-70b-instruct,64,2
meta/llama-3.3-70b-instruct,65,2
meta/llama-3.3-70b-instruct,65,2
meta/llama-3.3-70b-instruct,65,2
meta/llama-3.3-70b-instruct,64,2
meta/llama-3.3-70b-instruct,64,2
meta/llama-3.3-70b-instruct,64,2
meta/llama-3.3-70b-instruct,64,2
meta/llama-3.3-70b-instruct,65,2
meta/llama-3.3-70b-instruct,64,2
meta/llama-3.3-70b-instruct,64,2
meta/llama-3.3-70b-instruct,64,2
meta/llama-3.3-70b-instruct,64,2
meta/llama-3.3-70b-instruct,65,2
meta/llama-3.3-70b-instruct,60,2
meta/llama-3.3-70b-instruct,60,2
meta/llama-3.3-70b-instruct,65,2
meta/llama-3.3-70b-instruct,65,2
meta/llama-3.3-70b-instruct,60,2
meta/llama-3.3-70b-instruct,60,2
meta/llama-3.3-70b-instruct,61,2
meta/llama-3.3-70b-instruct,61,2
meta/llama-3.3-70b-instruct,60,2
meta/llama-3.3-70b-instruct,60,2
meta/llama-3.3-70b-instruct,60,2
meta/llama-3.3-70b-instruct,61,2
meta/llama-3.3-70b-instruct,61,2
meta/llama-3.3-70b-instruct,61,2
meta/llama-3.3-70b-instruct,61,2
meta/llama-3.3-70b-instruct,61,2
meta/llama-3.3-70b-instruct,61,2
meta/llama-3.3-70b-instruct,60,2
meta/llama-3.3-70b-instruct,60,2
meta/llama-3.3-70b-instruct,60,2
meta/llama-3.3-70b-instruct,60,2
meta/llama-3.3-70b-instruct,60,2
meta/llama-3.3-70b-instruct,60,2
meta/llama-3.3-70b-instruct,60,2
meta/llama-3.3-70b-instruct,60,2
meta/llama-3.3-70b-instruct,61,2
meta/llama-3.3-70b-instruct,60,2
meta/llama-3.3-70b-instruct,61,2
meta/llama-3.3-70b-instruct,61,2
meta/llama-3.3-70b-instruct,61,2
meta/llama-3.3-70b-instruct,60,2
meta/llama-3.3-70b-instruct,60,2
meta/llama-3.3-70b-instruct,61,2
meta/llama-3.3-70b-instruct,61,2
meta/llama-3.3-70b-instruct,60,2
meta/llama-3.3-70b-instruct,60,2
meta/llama-3.3-70b-instruct,61,2
meta/llama-3.3-70b-instruct,61,2
meta/llama-3.3-70b-instruct,61,2
meta/llama-3.3-70b-instruct,60,2
meta/llama-3.3-70b-instruct,60,2
meta/llama-3.3-70b-instruct,60,2
meta/llama-3.3-70b-instruct,61,2
meta/llama-3.3-70b-instruct,60,2
meta/llama-3.3-70b-instruct,60,2
meta/llama-3.3-70b-instruct,60,2
meta/llama-3.3-70b-instruct,61,2
meta/llama-3.3-70b-instruct,60,2
meta/llama-3.3-70b-instruct,61,2
meta/llama-3.3-70b-instruct,60,2
meta/llama-3.3-70b-instruct,61,2
meta/llama-3.3-70b-instruct,60,2
meta/llama-3.3-70b-instruct,60,2
meta/llama-3.3-70b-instruct,60,2
meta/llama-3.3-70b-instruct,61,2
meta/llama-3.3-70b-instruct,61,2
meta/llama-3.3-70b-instruct,59,2
meta/llama-3.3-70b-instruct,59,2
meta/llama-3.3-70b-instruct,60,2
meta/llama-3.3-70b-instruct,59,2
meta/llama-3.3-70b-instruct,60,2
meta/llama-3.3-70b-instruct,59,2
meta/llama-3.3-70b-instruct,60,2
meta/llama-3.3-70b-instruct,59,2
meta/llama-3.3-70b-instruct,60,2
meta/llama-3.3-70b-instruct,59,2
meta/llama-3.3-70b-instruct,60,2
meta/llama-3.3-70b-instruct,60,2
meta/llama-3.3-70b-instruct,61,2
meta/llama-3.3-70b-instruct,59,2
meta/llama-3.3-70b-instruct,60,2
meta/llama-3.3-70b-instruct,59,2
meta/llama-3.3-70b-instruct,60,2
meta/llama-3.3-70b-instruct,59,2
meta/llama-3.3-70b-instruct,59,2
meta/llama-3.3-70b-instruct,61,2
meta/llama-3.3-70b-instruct,61,2
meta/llama-3.3-70b-instruct,61,2
meta/llama-3.3-70b-instruct,59,2
meta/llama-3.3-70b-instruct,60,2
meta/llama-3.3-70b-instruct,59,2
meta/llama-3.3-70b-instruct,61,2
meta/llama-3.3-70b-instruct,59,2
meta/llama-3.3-70b-instruct,59,2
meta/llama-3.3-70b-instruct,67,2
meta/llama-3.3-70b-instruct,67,2
meta/llama-3.3-70b-instruct,66,2
meta/llama-3.3-70b-instruct,67,2
meta/llama-3.3-70b-instruct,67,2
meta/llama-3.3-70b-instruct,66,2
meta/llama-3.3-70b-instruct,66,2
meta/llama-3.3-70b-instruct,66,2
meta/llama-3.3-70b-instruct,66,2
meta/llama-3.3-70b-instruct,66,2
meta/llama-3.3-70b-instruct,67,2
meta/llama-3.3-70b-instruct,67,2
meta/llama-3.3-70b-instruct,59,2
meta/llama-3.3-70b-instruct,67,2
meta/llama-3.3-70b-instruct,67,2
meta/llama-3.3-70b-instruct,66,2
meta/llama-3.3-70b-instruct,66,2
meta/llama-3.3-70b-instruct,59,2
meta/llama-3.3-70b-instruct,66,2
meta/llama-3.3-70b-instruct,66,2
meta/llama-3.3-70b-instruct,66,2
meta/llama-3.3-70b-instruct,66,2
meta/llama-3.3-70b-instruct,66,2
meta/llama-3.3-70b-instruct,66,2
meta/llama-3.3-70b-instruct,68,2
meta/llama-3.3-70b-instruct,66,2
meta/llama-3.3-70b-instruct,66,2
meta/llama-3.3-70b-instruct,68,2
meta/llama-3.3-70b-instruct,68,2
meta/llama-3.3-70b-instruct,68,2
meta/llama-3.3-70b-instruct,62,2
meta/llama-3.3-70b-instruct,63,2
meta/llama-3.3-70b-instruct,62,2
meta/llama-3.3-70b-instruct,62,2
meta/llama-3.3-70b-instruct,63,2
meta/llama-3.3-70b-instruct,63,2
meta/llama-3.3-70b-instruct,62,2
meta/llama-3.3-70b-instruct,62,2
meta/llama-3.3-70b-instruct,63,2
meta/llama-3.3-70b-instruct,62,2
meta/llama-3.3-70b-instruct,63,2
meta/llama-3.3-70b-instruct,63,2
meta/llama-3.3-70b-instruct,62,2
meta/llama-3.3-70b-instruct,62,2
meta/llama-3.3-70b-instruct,64,2
meta/llama-3.3-70b-instruct,63,2
meta/llama-3.3-70b-instruct,62,2
meta/llama-3.3-70b-instruct,64,2
meta/llama-3.3-70b-instruct,62,2
meta/llama-3.3-70b-instruct,63,2
meta/llama-3.3-70b-instruct,64,2
meta/llama-3.3-70b-instruct,62,2
meta/llama-3.3-70b-instruct,62,2
meta/llama-3.3-70b-instruct,64,2
meta/llama-3.3-70b-instruct,59,2
meta/llama-3.3-70b-instruct,62,2
meta/llama-3.3-70b-instruct,62,2
meta/llama-3.3-70b-instruct,62,2
meta/llama-3.3-70b-instruct,59,2
meta/llama-3.3-70b-instruct,59,2
meta/llama-3.3-70b-instruct,62,2
meta/llama-3.3-70b-instruct,59,2
meta/llama-3.3-70b-instruct,59,2
meta/llama-3.3-70b-instruct,59,2
meta/llama-3.3-70b-instruct,60,2
meta/llama-3.3-70b-instruct,59,2
meta/llama-3.3-70b-instruct,60,2
meta/llama-3.3-70b-instruct,60,2
meta/llama-3.3-70b-instruct,60,2
meta/llama-3.3-70b-instruct,60,2
meta/llama-3.3-70b-instruct,60,2
meta/llama-3.3-70b-instruct,59,2
meta/llama-3.3-70b-instruct,59,2
meta/llama-3.3-70b-instruct,59,2
meta/llama-3.3-70b-instruct,60,2
meta/llama-3.3-70b-instruct,60,2
meta/llama-3.3-70b-instruct,59,2
meta/llama-3.3-70b-instruct,63,2
meta/llama-3.3-70b-instruct,59,2
meta/llama-3.3-70b-instruct,61,2
meta/llama-3.3-70b-instruct,61,2
meta/llama-3.3-70b-instruct,61,2
meta/llama-3.3-70b-instruct,59,2
meta/llama-3.3-70b-instruct,59,2
meta/llama-3.3-70b-instruct,59,2
meta/llama-3.3-70b-instruct,61,2
meta/llama-3.3-70b-instruct,59,2
meta/llama-3.3-70b-instruct,63,2
meta/llama-3.3-70b-instruct,64,2
meta/llama-3.3-70b-instruct,64,2
meta/llama-3.3-70b-instruct,63,2
meta/llama-3.3-70b-instruct,63,2
meta/llama-3.3-70b-instruct,64,2
meta/llama-3.3-70b-instruct,63,2
meta/llama-3.3-70b-instruct,64,2
meta/llama-3.3-70b-instruct,64,2
meta/llama-3.3-70b-instruct,64,2
meta/llama-3.3-70b-instruct,64,2
meta/llama-3.3-70b-instruct,63,2
meta/llama-3.3-70b-instruct,63,2
meta/llama-3.3-70b-instruct,63,2
meta/llama-3.3-70b-instruct,63,2
meta/llama-3.3-70b-instruct,64,2
meta/llama-3.3-70b-instruct,63,2
meta/llama-3.3-70b-instruct,63,2
meta/llama-3.3-70b-instruct,62,2
meta/llama-3.3-70b-instruct,62,2
meta/llama-3.3-70b-instruct,63,2
meta/llama-3.3-70b-instruct,62,2
meta/llama-3.3-70b-instruct,63,2
meta/llama-3.3-70b-instruct,63,2
meta/llama-3.3-70b-instruct,62,2
meta/llama-3.3-70b-instruct,63,2
meta/llama-3.3-70b-instruct,63,2
meta/llama-3.3-70b-instruct,63,2
meta/llama-3.3-70b-instruct,63,2
meta/llama-3.3-70b-instruct,63,2
meta/llama-3.3-70b-instruct,63,2
meta/llama-3.3-70b-instruct,63,2
meta/llama-3.3-70b-instruct,63,2
meta/llama-3.3-70b-instruct,63,2
meta/llama-3.3-70b-instruct,63,2
meta/llama-3.3-70b-instruct,63,2
meta/llama-3.3-70b-instruct,63,2
meta/llama-3.3-70b-instruct,63,2
meta/llama-3.3-70b-instruct,62,2
meta/llama-3.3-70b-instruct,62,2
meta/llama-3.3-70b-instruct,62,2
meta/llama-3.3-70b-instruct,62,2
meta/llama-3.3-70b-instruct,62,2
meta/llama-3.3-70b-instruct,62,2
meta/llama-3.3-70b-instruct,63,2
meta/llama-3.3-70b-instruct,62,2
meta/llama-3.3-70b-instruct,62,2
meta/llama-3.3-70b-instruct,62,2
meta/llama-3.3-70b-instruct,62,2
meta/llama-3.3-70b-instruct,62,2
meta/llama-3.3-70b-instruct,62,2
meta/llama-3.3-70b-instruct,62,2
meta/llama-3.3-70b-instruct,62,2
meta/llama-3.3-70b-instruct,62,2
meta/llama-3.3-70b-instruct,59,2
meta/llama-3.3-70b-instruct,58,2
meta/llama-3.3-70b-instruct,59,2
meta/llama-3.3-70b-instruct,58,2
meta/llama-3.3-70b-instruct,62,2
meta/llama-3.3-70b-instruct,59,2
meta/llama-3.3-70b-instruct,59,2
meta/llama-3.3-70b-instruct,59,2
meta/llama-3.3-70b-instruct,58,2
meta/llama-3.3-70b-instruct,58,2
meta/llama-3.3-70b-instruct,59,2
meta/llama-3.3-70b-instruct,58,2
meta/llama-3.3-70b-instruct,58,2
meta/llama-3.3-70b-instruct,58,2
meta/llama-3.3-70b-instruct,58,2
meta/llama-3.3-70b-instruct,58,2
meta/llama-3.3-70b-instruct,58,2
meta/llama-3.3-70b-instruct,58,2
meta/llama-3.3-70b-instruct,59,2
meta/llama-3.3-70b-instruct,58,2
meta/llama-3.3-70b-instruct,58,2
meta/llama-3.3-70b-instruct,58,2
meta/llama-3.3-70b-instruct,59,2
meta/llama-3.3-70b-instruct,58,2
meta/llama-3.3-70b-instruct,58,2
meta/llama-3.3-70b-instruct,58,2
meta/llama-3.3-70b-instruct,59,2
meta/llama-3.3-70b-instruct,58,2
meta/llama-3.3-70b-instruct,58,2
meta/llama-3.3-70b-instruct,58,2
meta/llama-3.3-70b-instruct,58,2
meta/llama-3.3-70b-instruct,58,2
meta/llama-3.3-70b-instruct,58,2
meta/llama-3.3-70b-instruct,58,2
meta/llama-3.3-70b-instruct,59,2
meta/llama-3.3-70b-instruct,59,2
meta/llama-3.3-70b-instruct,58,2
meta/llama-3.3-70b-instruct,59,2
meta/llama-3.3-70b-instruct,58,2
meta/llama-3.3-70b-instruct,58,2
meta/llama-3.3-70b-instruct,59,2
meta/llama-3.3-70b-instruct,59,2
meta/llama-3.3-70b-instruct,58,2
meta/llama-3.3-70b-instruct,58,2
meta/llama-3.3-70b-instruct,58,2
meta/llama-3.3-70b-instruct,58,2
meta/llama-3.3-70b-instruct,59,2
meta/llama-3.3-70b-instruct,58,2
meta/llama-3.3-70b-instruct,58,2
meta/llama-3.3-70b-instruct,58,2
meta/llama-3.3-70b-instruct,58,2
meta/llama-3.3-70b-instruct,58,2
meta/llama-3.3-70b-instruct,59,2
meta/llama-3.3-70b-instruct,58,2
meta/llama-3.3-70b-instruct,58,2
meta/llama-3.3-70b-instruct,58,2
meta/llama-3.3-70b-instruct,58,2
meta/llama-3.3-70b-instruct,59,2
meta/llama-3.3-70b-instruct,59,2
meta/llama-3.3-70b-instruct,60,2
meta/llama-3.3-70b-instruct,60,2
meta/llama-3.3-70b-instruct,60,2
meta/llama-3.3-70b-instruct,59,2
meta/llama-3.3-70b-instruct,60,2
meta/llama-3.3-70b-instruct,59,2
meta/llama-3.3-70b-instruct,60,2
meta/llama-3.3-70b-instruct,59,2
meta/llama-3.3-70b-instruct,59,2
meta/llama-3.3-70b-instruct,60,2
meta/llama-3.3-70b-instruct,59,2
meta/llama-3.3-70b-instruct,59,2
meta/llama-3.3-70b-instruct,60,2
meta/llama-3.3-70b-instruct,59,2
meta/llama-3.3-70b-instruct,59,2
meta/llama-3.3-70b-instruct,62,2
meta/llama-3.3-70b-instruct,60,2
meta/llama-3.3-70b-instruct,59,2
meta/llama-3.3-70b-instruct,59,2
meta/llama-3.3-70b-instruct,66,2
meta/llama-3.3-70b-instruct,66,2
meta/llama-3.3-70b-instruct,67,2
meta/llama-3.3-70b-instruct,67,2
meta/llama-3.3-70b-instruct,67,2
meta/llama-3.3-70b-instruct,59,2
meta/llama-3.3-70b-instruct,62,2
meta/llama-3.3-70b-instruct,67,2
meta/llama-3.3-70b-instruct,62,2
meta/llama-3.3-70b-instruct,67,2
meta/llama-3.3-70b-instruct,66,2
meta/llama-3.3-70b-instruct,59,2
meta/llama-3.3-70b-instruct,67,2
meta/llama-3.3-70b-instruct,66,2
meta/llama-3.3-70b-instruct,66,2
meta/llama-3.3-70b-instruct,66,2
meta/llama-3.3-70b-instruct,66,2
meta/llama-3.3-70b-instruct,67,2
meta/llama-3.3-70b-instruct,59,2
meta/llama-3.3-70b-instruct,59,2
meta/llama-3.3-70b-instruct,62,2
meta/llama-3.3-70b-instruct,66,2
meta/llama-3.3-70b-instruct,68,2
meta/llama-3.3-70b-instruct,68,2
meta/llama-3.3-70b-instruct,66,2
meta/llama-3.3-70b-instruct,66,2
meta/llama-3.3-70b-instruct,68,2
meta/llama-3.3-70b-instruct,66,2
meta/llama-3.3-70b-instruct,67,2
meta/llama-3.3-70b-instruct,66,2
meta/llama-3.3-70b-instruct,66,2
meta/llama-3.3-70b-instruct,63,2
meta/llama-3.3-70b-instruct,63,2
meta/llama-3.3-70b-instruct,63,2
meta/llama-3.3-70b-instruct,66,2
meta/llama-3.3-70b-instruct,63,2
meta/llama-3.3-70b-instruct,62,2
meta/llama-3.3-70b-instruct,62,2
meta/llama-3.3-70b-instruct,62,2
meta/llama-3.3-70b-instruct,63,2
meta/llama-3.3-70b-instruct,63,2
meta/llama-3.3-70b-instruct,63,2
meta/llama-3.3-70b-instruct,62,2
meta/llama-3.3-70b-instruct,62,2
meta/llama-3.3-70b-instruct,66,2
meta/llama-3.3-70b-instruct,66,2
meta/llama-3.3-70b-instruct,68,2
meta/llama-3.3-70b-instruct,62,2
meta/llama-3.3-70b-instruct,62,2
meta/llama-3.3-70b-instruct,62,2
meta/llama-3.3-70b-instruct,62,2
meta/llama-3.3-70b-instruct,63,2
meta/llama-3.3-70b-instruct,62,2
meta/llama-3.3-70b-instruct,62,2
meta/llama-3.3-70b-instruct,62,2
meta/llama-3.3-70b-instruct,65,2
meta/llama-3.3-70b-instruct,62,2
meta/llama-3.3-70b-instruct,65,2
meta/llama-3.3-70b-instruct,65,2
meta/llama-3.3-70b-instruct,65,2
meta/llama-3.3-70b-instruct,62,2
meta/llama-3.3-70b-instruct,59,2
meta/llama-3.3-70b-instruct,59,2
meta/llama-3.3-70b-instruct,60,2
meta/llama-3.3-70b-instruct,59,2
meta/llama-3.3-70b-instruct,59,2
meta/llama-3.3-70b-instruct,59,2
meta/llama-3.3-70b-instruct,60,2
meta/llama-3.3-70b-instruct,59,2
meta/llama-3.3-70b-instruct,59,2
meta/llama-3.3-70b-instruct,60,2
meta/llama-3.3-70b-instruct,60,2
meta/llama-3.3-70b-instruct,60,2
meta/llama-3.3-70b-instruct,62,2
meta/llama-3.3-70b-instruct,59,2
meta/llama-3.3-70b-instruct,59,2
meta/llama-3.3-70b-instruct,60,2
meta/llama-3.3-70b-instruct,60,2
meta/llama-3.3-70b-instruct,59,2
meta/llama-3.3-70b-instruct,59,2
meta/llama-3.3-70b-instruct,62,2
meta/llama-3.3-70b-instruct,59,2
meta/llama-3.3-70b-instruct,60,2
meta/llama-3.3-70b-instruct,61,2
meta/llama-3.3-70b-instruct,61,2
meta/llama-3.3-70b-instruct,59,2
meta/llama-3.3-70b-instruct,66,2
meta/llama-3.3-70b-instruct,66,2
meta/llama-3.3-70b-instruct,59,2
meta/llama-3.3-70b-instruct,59,2
meta/llama-3.3-70b-instruct,66,2
meta/llama-3.3-70b-instruct,61,2
meta/llama-3.3-70b-instruct,59,2
meta/llama-3.3-70b-instruct,61,2
meta/llama-3.3-70b-instruct,67,2
meta/llama-3.3-70b-instruct,67,2
meta/llama-3.3-70b-instruct,66,2
meta/llama-3.3-70b-instruct,67,2
meta/llama-3.3-70b-instruct,67,2
meta/llama-3.3-70b-instruct,66,2
meta/llama-3.3-70b-instruct,67,2
meta/llama-3.3-70b-instruct,66,2
meta/llama-3.3-70b-instruct,66,2
meta/llama-3.3-70b-instruct,67,2
meta/llama-3.3-70b-instruct,66,2
meta/llama-3.3-70b-instruct,66,2
meta/llama-3.3-70b-instruct,67,2
meta/llama-3.3-70b-instruct,67,2
meta/llama-3.3-70b-instruct,67,2
meta/llama-3.3-70b-instruct,66,2
meta/llama-3.3-70b-instruct,66,2
meta/llama-3.3-70b-instruct,66,2
meta/llama-3.3-70b-instruct,66,2
meta/llama-3.3-70b-instruct,66,2
meta/llama-3.3-70b-instruct,67,2
meta/llama-3.3-70b-instruct,66,2
meta/llama-3.3-70b-instruct,67,2
meta/llama-3.3-70b-instruct,66,2
meta/llama-3.3-70b-instruct,67,2
meta/llama-3.3-70b-instruct,65,2
meta/llama-3.3-70b-instruct,66,2
meta/llama-3.3-70b-instruct,66,2
meta/llama-3.3-70b-instruct,66,2
meta/llama-3.3-70b-instruct,65,2
meta/llama-3.3-70b-instruct,65,2
meta/llama-3.3-70b-instruct,65,2
meta/llama-3.3-70b-instruct,65,2
meta/llama-3.3-70b-instruct,65,2
meta/llama-3.3-70b-instruct,66,2
meta/llama-3.3-70b-instruct,65,2
meta/llama-3.3-70b-instruct,66,2
meta/llama-3.3-70b-instruct,65,2
meta/llama-3.3-70b-instruct,66,2
meta/llama-3.3-70b-instruct,66,2
meta/llama-3.3-70b-instruct,65,2
meta/llama-3.3-70b-instruct,65,2
meta/llama-3.3-70b-instruct,66,2
meta/llama-3.3-70b-instruct,65,2
meta/llama-3.3-70b-instruct,65,2
meta/llama-3.3-70b-instruct,65,2
meta/llama-3.3-70b-instruct,65,2
meta/llama-3.3-70b-instruct,65,2
meta/llama-3.3-70b-instruct,65,2
meta/llama-3.3-70b-instruct,61,2
meta/llama-3.3-70b-instruct,62,2
meta/llama-3.3-70b-instruct,62,2
meta/llama-3.3-70b-instruct,62,2
meta/llama-3.3-70b-instruct,66,2
meta/llama-3.3-70b-instruct,61,2
meta/llama-3.3-70b-instruct,62,2
meta/llama-3.3-70b-instruct,66,2
meta/llama-3.3-70b-instruct,62,2
meta/llama-3.3-70b-instruct,62,2
meta/llama-3.3-70b-instruct,62,2
meta/llama-3.3-70b-instruct,61,2
meta/llama-3.3-70b-instruct,61,2
meta/llama-3.3-70b-instruct,62,2
meta/llama-3.3-70b-instruct,66,2
meta/llama-3.3-70b-instruct,66,2
meta/llama-3.3-70b-instruct,61,2
meta/llama-3.3-70b-instruct,62,2
meta/llama-3.3-70b-instruct,61,2
meta/llama-3.3-70b-instruct,61,2
meta/llama-3.3-70b-instruct,62,2
meta/llama-3.3-70b-instruct,62,2
meta/llama-3.3-70b-instruct,61,2
meta/llama-3.3-70b-instruct,61,2
meta/llama-3.3-70b-instruct,62,2
meta/llama-3.3-70b-instruct,61,2
meta/llama-3.3-70b-instruct,61,2
meta/llama-3.3-70b-instruct,61,2
meta/llama-3.3-70b-instruct,61,2
meta/llama-3.3-70b-instruct,61,2
meta/llama-3.3-70b-instruct,61,2
meta/llama-3.3-70b-instruct,61,2
meta/llama-3.3-70b-instruct,61,2
meta/llama-3.3-70b-instruct,61,2
meta/llama-3.3-70b-instruct,61,2
meta/llama-3.3-70b-instruct,61,2
meta/llama-3.3-70b-instruct,62,2
meta/llama-3.3-70b-instruct,61,2
meta/llama-3.3-70b-instruct,61,2
meta/llama-3.3-70b-instruct,61,2
meta/llama-3.3-70b-instruct,61,2
meta/llama-3.3-70b-instruct,62,2
meta/llama-3.3-70b-instruct,62,2
meta/llama-3.3-70b-instruct,61,2
meta/llama-3.3-70b-instruct,62,2
meta/llama-3.3-70b-instruct,61,2
meta/llama-3.3-70b-instruct,61,2
meta/llama-3.3-70b-instruct,61,2
meta/llama-3.3-70b-instruct,62,2
meta/llama-3.3-70b-instruct,62,2
meta/llama-3.3-70b-instruct,62,2
meta/llama-3.3-70b-instruct,61,2
meta/llama-3.3-70b-instruct,61,2
meta/llama-3.3-70b-instruct,61,2
meta/llama-3.3-70b-instruct,62,2
meta/llama-3.3-70b-instruct,61,2
meta/llama-3.3-70b-instruct,62,2
meta/llama-3.3-70b-instruct,62,2
meta/llama-3.3-70b-instruct,59,2
meta/llama-3.3-70b-instruct,62,2
meta/llama-3.3-70b-instruct,59,2
meta/llama-3.3-70b-instruct,62,2
meta/llama-3.3-70b-instruct,59,2
meta/llama-3.3-70b-instruct,60,2
meta/llama-3.3-70b-instruct,60,2
meta/llama-3.3-70b-instruct,59,2
meta/llama-3.3-70b-instruct,59,2
meta/llama-3.3-70b-instruct,60,2
meta/llama-3.3-70b-instruct,60,2
meta/llama-3.3-70b-instruct,59,2
meta/llama-3.3-70b-instruct,59,2
meta/llama-3.3-70b-instruct,59,2
meta/llama-3.3-70b-instruct,59,2
meta/llama-3.3-70b-instruct,60,2
meta/llama-3.3-70b-instruct,60,2
meta/llama-3.3-70b-instruct,60,2
meta/llama-3.3-70b-instruct,59,2
meta/llama-3.3-70b-instruct,60,2
meta/llama-3.3-70b-instruct,59,2
meta/llama-3.3-70b-instruct,59,2
meta/llama-3.3-70b-instruct,61,2
meta/llama-3.3-70b-instruct,59,2
meta/llama-3.3-70b-instruct,61,2
meta/llama-3.3-70b-instruct,59,2
meta/llama-3.3-70b-instruct,66,2
meta/llama-3.3-70b-instruct,59,2
meta/llama-3.3-70b-instruct,61,2
meta/llama-3.3-70b-instruct,61,2
meta/llama-3.3-70b-instruct,59,2
meta/llama-3.3-70b-instruct,66,2
meta/llama-3.3-70b-instruct,66,2
meta/llama-3.3-70b-instruct,66,2
meta/llama-3.3-70b-instruct,68,2
meta/llama-3.3-70b-instruct,66,2
meta/llama-3.3-70b-instruct,66,2
meta/llama-3.3-70b-instruct,67,2
meta/llama-3.3-70b-instruct,68,2
meta/llama-3.3-70b-instruct,67,2
meta/llama-3.3-70b-instruct,67,2
meta/llama-3.3-70b-instruct,66,2
meta/llama-3.3-70b-instruct,67,2
meta/llama-3.3-70b-instruct,66,2
meta/llama-3.3-70b-instruct,66,2
meta/llama-3.3-70b-instruct,67,2
meta/llama-3.3-70b-instruct,67,2
meta/llama-3.3-70b-instruct,66,2
meta/llama-3.3-70b-instruct,67,2
meta/llama-3.3-70b-instruct,68,2
meta/llama-3.3-70b-instruct,66,2
meta/llama-3.3-70b-instruct,67,2
meta/llama-3.3-70b-instruct,66,2
meta/llama-3.3-70b-instruct,62,2
meta/llama-3.3-70b-instruct,63,2
meta/llama-3.3-70b-instruct,62,2
meta/llama-3.3-70b-instruct,63,2
meta/llama-3.3-70b-instruct,63,2
meta/llama-3.3-70b-instruct,63,2
meta/llama-3.3-70b-instruct,66,2
meta/llama-3.3-70b-instruct,66,2
meta/llama-3.3-70b-instruct,62,2
meta/llama-3.3-70b-instruct,66,2
meta/llama-3.3-70b-instruct,62,2
meta/llama-3.3-70b-instruct,62,2
meta/llama-3.3-70b-instruct,68,2
meta/llama-3.3-70b-instruct,66,2
meta/llama-3.3-70b-instruct,62,2
meta/llama-3.3-70b-instruct,64,2
meta/llama-3.3-70b-instruct,62,2
meta/llama-3.3-70b-instruct,64,2
meta/llama-3.3-70b-instruct,62,2
meta/llama-3.3-70b-instruct,64,2
meta/llama-3.3-70b-instruct,62,2
meta/llama-3.3-70b-instruct,62,2
meta/llama-3.3-70b-instruct,62,2
meta/llama-3.3-70b-instruct,63,2
meta/llama-3.3-70b-instruct,63,2
meta/llama-3.3-70b-instruct,64,2
meta/llama-3.3-70b-instruct,63,2
meta/llama-3.3-70b-instruct,62,2
meta/llama-3.3-70b-instruct,63,2
meta/llama-3.3-70b-instruct,60,2
meta/llama-3.3-70b-instruct,62,2
meta/llama-3.3-70b-instruct,59,2
meta/llama-3.3-70b-instruct,62,2
meta/llama-3.3-70b-instruct,60,2
meta/llama-3.3-70b-instruct,59,2
meta/llama-3.3-70b-instruct,62,2
meta/llama-3.3-70b-instruct,59,2
meta/llama-3.3-70b-instruct,60,2
meta/llama-3.3-70b-instruct,59,2
meta/llama-3.3-70b-instruct,59,2
meta/llama-3.3-70b-instruct,62,2
meta/llama-3.3-70b-instruct,60,2
meta/llama-3.3-70b-instruct,60,2
meta/llama-3.3-70b-instruct,60,2
meta/llama-3.3-70b-instruct,59,2
meta/llama-3.3-70b-instruct,59,2
meta/llama-3.3-70b-instruct,59,2
meta/llama-3.3-70b-instruct,60,2
meta/llama-3.3-70b-instruct,59,2
meta/llama-3.3-70b-instruct,60,2
meta/llama-3.3-70b-instruct,59,2
meta/llama-3.3-70b-instruct,59,2
meta/llama-3.3-70b-instruct,61,2
meta/llama-3.3-70b-instruct,61,2
meta/llama-3.3-70b-instruct,59,2
meta/llama-3.3-70b-instruct,67,2
meta/llama-3.3-70b-instruct,59,2
meta/llama-3.3-70b-instruct,61,2
meta/llama-3.3-70b-instruct,59,2
meta/llama-3.3-70b-instruct,66,2
meta/llama-3.3-70b-instruct,59,2
meta/llama-3.3-70b-instruct,66,2
meta/llama-3.3-70b-instruct,67,2
meta/llama-3.3-70b-instruct,66,2
meta/llama-3.3-70b-instruct,61,2
meta/llama-3.3-70b-instruct,66,2
meta/llama-3.3-70b-instruct,59,2
meta/llama-3.3-70b-instruct,67,2
meta/llama-3.3-70b-instruct,67,2
meta/llama-3.3-70b-instruct,67,2
meta/llama-3.3-70b-instruct,67,2
meta/llama-3.3-70b-instruct,66,2
meta/llama-3.3-70b-instruct,66,2
meta/llama-3.3-70b-instruct,66,2
meta/llama-3.3-70b-instruct,66,2
meta/llama-3.3-70b-instruct,67,2
meta/llama-3.3-70b-instruct,66,2
meta/llama-3.3-70b-instruct,67,2
meta/llama-3.3-70b-instruct,65,2
meta/llama-3.3-70b-instruct,66,2
meta/llama-3.3-70b-instruct,66,2
meta/llama-3.3-70b-instruct,67,2
meta/llama-3.3-70b-instruct,66,2
meta/llama-3.3-70b-instruct,65,2
meta/llama-3.3-70b-instruct,65,2
meta/llama-3.3-70b-instruct,67,2
meta/llama-3.3-70b-instruct,67,2
meta/llama-3.3-70b-instruct,66,2
meta/llama-3.3-70b-instruct,66,2
meta/llama-3.3-70b-instruct,65,2
meta/llama-3.3-70b-instruct,66,2
meta/llama-3.3-70b-instruct,66,2
meta/llama-3.3-70b-instruct,66,2
meta/llama-3.3-70b-instruct,67,2
meta/llama-3.3-70b-instruct,66,2
meta/llama-3.3-70b-instruct,66,2
meta/llama-3.3-70b-instruct,65,2
meta/llama-3.3-70b-instruct,66,2
meta/llama-3.3-70b-instruct,65,2
meta/llama-3.3-70b-instruct,66,2
meta/llama-3.3-70b-instruct,66,2
meta/llama-3.3-70b-instruct,66,2
meta/llama-3.3-70b-instruct,65,2
meta/llama-3.3-70b-instruct,65,2
meta/llama-3.3-70b-instruct,66,2
meta/llama-3.3-70b-instruct,65,2
meta/llama-3.3-70b-instruct,65,2
meta/llama-3.3-70b-instruct,66,2
meta/llama-3.3-70b-instruct,65,2
meta/llama-3.3-70b-instruct,65,2
meta/llama-3.3-70b-instruct,65,2
meta/llama-3.3-70b-instruct,65,2
meta/llama-3.3-70b-instruct,66,2
meta/llama-3.3-70b-instruct,66,2
meta/llama-3.3-70b-instruct,66,2
meta/llama-3.3-70b-instruct,65,2
meta/llama-3.3-70b-instruct,65,2
meta/llama-3.3-70b-instruct,62,2
meta/llama-3.3-70b-instruct,62,2
meta/llama-3.3-70b-instruct,62,2
meta/llama-3.3-70b-instruct,62,2
meta/llama-3.3-70b-instruct,62,2
meta/llama-3.3-70b-instruct,61,2
meta/llama-3.3-70b-instruct,62,2
meta/llama-3.3-70b-instruct,61,2
meta/llama-3.3-70b-instruct,62,2
meta/llama-3.3-70b-instruct,61,2
meta/llama-3.3-70b-instruct,61,2
meta/llama-3.3-70b-instruct,61,2
meta/llama-3.3-70b-instruct,61,2
meta/llama-3.3-70b-instruct,62,2
meta/llama-3.3-70b-instruct,61,2
meta/llama-3.3-70b-instruct,61,2
meta/llama-3.3-70b-instruct,61,2
meta/llama-3.3-70b-instruct,61,2
meta/llama-3.3-70b-instruct,61,2
meta/llama-3.3-70b-instruct,61,2
meta/llama-3.3-70b-instruct,61,2
meta/llama-3.3-70b-instruct,61,2
meta/llama-3.3-70b-instruct,61,2
meta/llama-3.3-70b-instruct,61,2
meta/llama-3.3-70b-instruct,61,2
meta/llama-3.3-70b-instruct,62,2
meta/llama-3.3-70b-instruct,62,2
meta/llama-3.3-70b-instruct,62,2
meta/llama-3.3-70b-instruct,62,2
meta/llama-3.3-70b-instruct,62,2
meta/llama-3.3-70b-instruct,62,2
meta/llama-3.3-70b-instruct,62,2
meta/llama-3.3-70b-instruct,61,2
meta/llama-3.3-70b-instruct,61,2
meta/llama-3.3-70b-instruct,61,2
meta/llama-3.3-70b-instruct,62,2
meta/llama-3.3-70b-instruct,62,2
meta/llama-3.3-70b-instruct,62,2
meta/llama-3.3-70b-instruct,61,2
meta/llama-3.3-70b-instruct,62,2
meta/llama-3.3-70b-instruct,62,2
meta/llama-3.3-70b-instruct,61,2
meta/llama-3.3-70b-instruct,61,2
meta/llama-3.3-70b-instruct,61,2
meta/llama-3.3-70b-instruct,61,2
meta/llama-3.3-70b-instruct,61,2
meta/llama-3.3-70b-instruct,61,2
meta/llama-3.3-70b-instruct,61,2
meta/llama-3.3-70b-instruct,61,2
meta/llama-3.3-70b-instruct,61,2
meta/llama-3.3-70b-instruct,61,2
meta/llama-3.3-70b-instruct,61,2
meta/llama-3.3-70b-instruct,60,2
meta/llama-3.3-70b-instruct,61,2
meta/llama-3.3-70b-instruct,62,2
meta/llama-3.3-70b-instruct,61,2
meta/llama-3.3-70b-instruct,60,2
meta/llama-3.3-70b-instruct,60,2
meta/llama-3.3-70b-instruct,61,2
meta/llama-3.3-70b-instruct,60,2
meta/llama-3.3-70b-instruct,61,2
meta/llama-3.3-70b-instruct,60,2
meta/llama-3.3-70b-instruct,62,2
meta/llama-3.3-70b-instruct,60,2
meta/llama-3.3-70b-instruct,60,2
meta/llama-3.3-70b-instruct,60,2
meta/llama-3.3-70b-instruct,62,2
meta/llama-3.3-70b-instruct,60,2
meta/llama-3.3-70b-instruct,62,2
meta/llama-3.3-70b-instruct,61,2
meta/llama-3.3-70b-instruct,60,2
meta/llama-3.3-70b-instruct,60,2
meta/llama-3.3-70b-instruct,61,2
meta/llama-3.3-70b-instruct,61,2
meta/llama-3.3-70b-instruct,61,2
meta/llama-3.3-70b-instruct,60,2
meta/llama-3.3-70b-instruct,65,2
meta/llama-3.3-70b-instruct,65,2
meta/llama-3.3-70b-instruct,60,2
meta/llama-3.3-70b-instruct,60,2
meta/llama-3.3-70b-instruct,65,2
meta/llama-3.3-70b-instruct,65,2
meta/llama-3.3-70b-instruct,60,2
meta/llama-3.3-70b-instruct,67,2
meta/llama-3.3-70b-instruct,67,2
meta/llama-3.3-70b-instruct,67,2
meta/llama-3.3-70b-instruct,71,2
meta/llama-3.3-70b-instruct,67,2
meta/llama-3.3-70b-instruct,60,2
meta/llama-3.3-70b-instruct,68,2
meta/llama-3.3-70b-instruct,68,2
meta/llama-3.3-70b-instruct,68,2
meta/llama-3.3-70b-instruct,68,2
meta/llama-3.3-70b-instruct,67,2
meta/llama-3.3-70b-instruct,68,2
meta/llama-3.3-70b-instruct,67,2
meta/llama-3.3-70b-instruct,67,2
meta/llama-3.3-70b-instruct,67,2
meta/llama-3.3-70b-instruct,67,2
meta/llama-3.3-70b-instruct,67,2
meta/llama-3.3-70b-instruct,68,2
meta/llama-3.3-70b-instruct,67,2
meta/llama-3.3-70b-instruct,67,2
meta/llama-3.3-70b-instruct,68,2
meta/llama-3.3-70b-instruct,68,2
meta/llama-3.3-70b-instruct,71,2
meta/llama-3.3-70b-instruct,67,2
meta/llama-3.3-70b-instruct,67,2
meta/llama-3.3-70b-instruct,71,2
meta/llama-3.3-70b-instruct,71,2
meta/llama-3.3-70b-instruct,67,2
meta/llama-3.3-70b-instruct,63,2
meta/llama-3.3-70b-instruct,63,2
meta/llama-3.3-70b-instruct,63,2
meta/llama-3.3-70b-instruct,64,2
meta/llama-3.3-70b-instruct,63,2
meta/llama-3.3-70b-instruct,64,2
meta/llama-3.3-70b-instruct,67,2
meta/llama-3.3-70b-instruct,64,2
meta/llama-3.3-70b-instruct,63,2
meta/llama-3.3-70b-instruct,63,2
meta/llama-3.3-70b-instruct,64,2
meta/llama-3.3-70b-instruct,63,2
meta/llama-3.3-70b-instruct,63,2
meta/llama-3.3-70b-instruct,64,2
meta/llama-3.3-70b-instruct,63,2
meta/llama-3.3-70b-instruct,63,2
meta/llama-3.3-70b-instruct,63,2
meta/llama-3.3-70b-instruct,64,2
meta/llama-3.3-70b-instruct,63,2
meta/llama-3.3-70b-instruct,64,2
meta/llama-3.3-70b-instruct,64,2
meta/llama-3.3-70b-instruct,63,2
meta/llama-3.3-70b-instruct,68,2
meta/llama-3.3-70b-instruct,68,2
meta/llama-3.3-70b-instruct,68,2
meta/llama-3.3-70b-instruct,63,2
meta/llama-3.3-70b-instruct,63,2
meta/llama-3.3-70b-instruct,68,2
meta/llama-3.3-70b-instruct,61,2
meta/llama-3.3-70b-instruct,60,2
meta/llama-3.3-70b-instruct,61,2
meta/llama-3.3-70b-instruct,60,2
meta/llama-3.3-70b-instruct,60,2
meta/llama-3.3-70b-instruct,63,2
meta/llama-3.3-70b-instruct,60,2
meta/llama-3.3-70b-instruct,61,2
meta/llama-3.3-70b-instruct,61,2
meta/llama-3.3-70b-instruct,60,2
meta/llama-3.3-70b-instruct,61,2
meta/llama-3.3-70b-instruct,61,2
meta/llama-3.3-70b-instruct,60,2
meta/llama-3.3-70b-instruct,60,2
meta/llama-3.3-70b-instruct,61,2
meta/llama-3.3-70b-instruct,60,2
meta/llama-3.3-70b-instruct,61,2
meta/llama-3.3-70b-instruct,64,2
meta/llama-3.3-70b-instruct,60,2
meta/llama-3.3-70b-instruct,60,2
meta/llama-3.3-70b-instruct,64,2
meta/llama-3.3-70b-instruct,60,2
meta/llama-3.3-70b-instruct,64,2
meta/llama-3.3-70b-instruct,64,2
meta/llama-3.3-70b-instruct,60,2
meta/llama-3.3-70b-instruct,60,2
meta/llama-3.3-70b-instruct,60,2
meta/llama-3.3-70b-instruct,60,2
meta/llama-3.3-70b-instruct,60,2
meta/llama-3.3-70b-instruct,118,30
meta/llama-3.3-70b-instruct,118,30
meta/llama-3.3-70b-instruct,118,30
meta/llama-3.3-70b-instruct,124,30
meta/llama-3.3-70b-instruct,118,30
meta/llama-3.3-70b-instruct,124,30
meta/llama-3.3-70b-instruct,124,30
meta/llama-3.3-70b-instruct,120,30
meta/llama-3.3-70b-instruct,124,30
meta/llama-3.3-70b-instruct,120,30
meta/llama-3.3-70b-instruct,123,30
meta/llama-3.3-70b-instruct,123,30
meta/llama-3.3-70b-instruct,118,30
meta/llama-3.3-70b-instruct,120,30
meta/llama-3.3-70b-instruct,118,30
meta/llama-3.3-70b-instruct,118,30
meta/llama-3.3-70b-instruct,123,30
meta/llama-3.3-70b-instruct,123,30
meta/llama-3.3-70b-instruct,120,30
meta/llama-3.3-70b-instruct,121,30
meta/llama-3.3-70b-instruct,121,30
meta/llama-3.3-70b-instruct,119,30
meta/llama-3.3-70b-instruct,121,30
meta/llama-3.3-70b-instruct,118,30
meta/llama-3.3-70b-instruct,119,30
meta/llama-3.3-70b-instruct,119,30
meta/llama-3.3-70b-instruct,123,30
meta/llama-3.3-70b-instruct,121,30
meta/llama-3.3-70b-instruct,119,30
meta/llama-3.3-70b-instruct,117,30
meta/llama-3.3-70b-instruct,124,30
meta/llama-3.3-70b-instruct,123,30
meta/llama-3.3-70b-instruct,121,30
meta/llama-3.3-70b-instruct,127,30
meta/llama-3.3-70b-instruct,123,30
meta/llama-3.3-70b-instruct,123,30
meta/llama-3.3-70b-instruct,120,30
meta/llama-3.3-70b-instruct,121,30
meta/llama-3.3-70b-instruct,120,30
meta/llama-3.3-70b-instruct,127,30
meta/llama-3.3-70b-instruct,123,30
meta/llama-3.3-70b-instruct,124,30
meta/llama-3.3-70b-instruct,120,30
meta/llama-3.3-70b-instruct,120,30
meta/llama-3.3-70b-instruct,123,30
meta/llama-3.3-70b-instruct,117,30
meta/llama-3.3-70b-instruct,127,30
meta/llama-3.3-70b-instruct,123,30
meta/llama-3.3-70b-instruct,121,30
meta/llama-3.3-70b-instruct,127,30
meta/llama-3.3-70b-instruct,123,30
meta/llama-3.3-70b-instruct,123,30
meta/llama-3.3-70b-instruct,123,30
meta/llama-3.3-70b-instruct,117,30
meta/llama-3.3-70b-instruct,117,30
meta/llama-3.3-70b-instruct,121,30
meta/llama-3.3-70b-instruct,123,30
meta/llama-3.3-70b-instruct,123,30
meta/llama-3.3-70b-instruct,121,30
meta/llama-3.3-70b-instruct,121,30
meta/llama-3.3-70b-instruct,124,30
meta/llama-3.3-70b-instruct,124,30
meta/llama-3.3-70b-instruct,121,30
meta/llama-3.3-70b-instruct,121,30
qwen/qwen3-next-80b-a3b-instruct,36,2
qwen/qwen3-next-80b-a3b-instruct,36,2
qwen/qwen3-next-80b-a3b-instruct,37,2
qwen/qwen3-next-80b-a3b-instruct,36,2
qwen/qwen3-next-80b-a3b-instruct,36,2
qwen/qwen3-next-80b-a3b-instruct,36,2
qwen/qwen3-next-80b-a3b-instruct,36,2
qwen/qwen3-next-80b-a3b-instruct,37,2
qwen/qwen3-next-80b-a3b-instruct,35,2
qwen/qwen3-next-80b-a3b-instruct,35,2
qwen/qwen3-next-80b-a3b-instruct,35,2
qwen/qwen3-next-80b-a3b-instruct,36,2
qwen/qwen3-next-80b-a3b-instruct,37,2
qwen/qwen3-next-80b-a3b-instruct,37,2
qwen/qwen3-next-80b-a3b-instruct,36,2
qwen/qwen3-next-80b-a3b-instruct,36,2
qwen/qwen3-next-80b-a3b-instruct,37,2
qwen/qwen3-next-80b-a3b-instruct,37,2
qwen/qwen3-next-80b-a3b-instruct,35,2
qwen/qwen3-next-80b-a3b-instruct,37,2
qwen/qwen3-next-80b-a3b-instruct,37,2
qwen/qwen3-next-80b-a3b-instruct,36,2
qwen/qwen3-next-80b-a3b-instruct,36,2
qwen/qwen3-next-80b-a3b-instruct,36,2
qwen/qwen3-next-80b-a3b-instruct,37,2
qwen/qwen3-next-80b-a3b-instruct,36,2
qwen/qwen3-next-80b-a3b-instruct,37,2
qwen/qwen3-next-80b-a3b-instruct,36,2
qwen/qwen3-next-80b-a3b-instruct,36,2
qwen/qwen3-next-80b-a3b-instruct,37,2
qwen/qwen3-next-80b-a3b-instruct,36,2
qwen/qwen3-next-80b-a3b-instruct,36,2
qwen/qwen3-next-80b-a3b-instruct,36,2
qwen/qwen3-next-80b-a3b-instruct,37,2
qwen/qwen3-next-80b-a3b-instruct,36,2
qwen/qwen3-next-80b-a3b-instruct,36,2
qwen/qwen3-next-80b-a3b-instruct,36,2
qwen/qwen3-next-80b-a3b-instruct,35,2
qwen/qwen3-next-80b-a3b-instruct,36,2
qwen/qwen3-next-80b-a3b-instruct,31,2
qwen/qwen3-next-80b-a3b-instruct,36,2
qwen/qwen3-next-80b-a3b-instruct,31,2
qwen/qwen3-next-80b-a3b-instruct,32,2
qwen/qwen3-next-80b-a3b-instruct,31,2
qwen/qwen3-next-80b-a3b-instruct,32,2
qwen/qwen3-next-80b-a3b-instruct,32,2
qwen/qwen3-next-80b-a3b-instruct,32,2
qwen/qwen3-next-80b-a3b-instruct,32,2
qwen/qwen3-next-80b-a3b-instruct,32,2
qwen/qwen3-next-80b-a3b-instruct,32,2
qwen/qwen3-next-80b-a3b-instruct,36,2
qwen/qwen3-next-80b-a3b-instruct,35,2
qwen/qwen3-next-80b-a3b-instruct,35,2
qwen/qwen3-next-80b-a3b-instruct,35,2
qwen/qwen3-next-80b-a3b-instruct,35,2
qwen/qwen3-next-80b-a3b-instruct,35,2
qwen/qwen3-next-80b-a3b-instruct,35,2
qwen/qwen3-next-80b-a3b-instruct,35,2
qwen/qwen3-next-80b-a3b-instruct,36,2
qwen/qwen3-next-80b-a3b-instruct,32,2
qwen/qwen3-next-80b-a3b-instruct,31,2
qwen/qwen3-next-80b-a3b-instruct,36,2
qwen/qwen3-next-80b-a3b-instruct,35,2
qwen/qwen3-next-80b-a3b-instruct,36,2
qwen/qwen3-next-80b-a3b-instruct,31,2
qwen/qwen3-next-80b-a3b-instruct,36,2
qwen/qwen3-next-80b-a3b-instruct,35,2
qwen/qwen3-next-80b-a3b-instruct,35,2
qwen/qwen3-next-80b-a3b-instruct,35,2
qwen/qwen3-next-80b-a3b-instruct,31,2
qwen/qwen3-next-80b-a3b-instruct,32,2
qwen/qwen3-next-80b-a3b-instruct,32,2
qwen/qwen3-next-80b-a3b-instruct,32,2
qwen/qwen3-next-80b-a3b-instruct,32,2
qwen/qwen3-next-80b-a3b-instruct,31,2
qwen/qwen3-next-80b-a3b-instruct,32,2
qwen/qwen3-next-80b-a3b-instruct,31,2
qwen/qwen3-next-80b-a3b-instruct,31,2
qwen/qwen3-next-80b-a3b-instruct,31,2
qwen/qwen3-next-80b-a3b-instruct,31,2
qwen/qwen3-next-80b-a3b-instruct,31,2
qwen/qwen3-next-80b-a3b-instruct,31,2
qwen/qwen3-next-80b-a3b-instruct,31,2
qwen/qwen3-next-80b-a3b-instruct,31,2
qwen/qwen3-next-80b-a3b-instruct,32,2
qwen/qwen3-next-80b-a3b-instruct,32,2
qwen/qwen3-next-80b-a3b-instruct,32,2
qwen/qwen3-next-80b-a3b-instruct,31,2
qwen/qwen3-next-80b-a3b-instruct,32,2
qwen/qwen3-next-80b-a3b-instruct,32,2
qwen/qwen3-next-80b-a3b-instruct,31,2
qwen/qwen3-next-80b-a3b-instruct,31,2
qwen/qwen3-next-80b-a3b-instruct,31,2
qwen/qwen3-next-80b-a3b-instruct,31,2
qwen/qwen3-next-80b-a3b-instruct,31,2
qwen/qwen3-next-80b-a3b-instruct,32,2
qwen/qwen3-next-80b-a3b-instruct,31,2
qwen/qwen3-next-80b-a3b-instruct,31,2
qwen/qwen3-next-80b-a3b-instruct,31,2
qwen/qwen3-next-80b-a3b-instruct,31,2
qwen/qwen3-next-80b-a3b-instruct,32,2
qwen/qwen3-next-80b-a3b-instruct,31,2
qwen/qwen3-next-80b-a3b-instruct,31,2
qwen/qwen3-next-80b-a3b-instruct,28,2
qwen/qwen3-next-80b-a3b-instruct,29,2
qwen/qwen3-next-80b-a3b-instruct,28,2
qwen/qwen3-next-80b-a3b-instruct,29,2
qwen/qwen3-next-80b-a3b-instruct,28,2
qwen/qwen3-next-80b-a3b-instruct,28,2
qwen/qwen3-next-80b-a3b-instruct,28,2
qwen/qwen3-next-80b-a3b-instruct,29,2
qwen/qwen3-next-80b-a3b-instruct,31,2
qwen/qwen3-next-80b-a3b-instruct,31,2
qwen/qwen3-next-80b-a3b-instruct,28,2
qwen/qwen3-next-80b-a3b-instruct,29,2
qwen/qwen3-next-80b-a3b-instruct,29,2
qwen/qwen3-next-80b-a3b-instruct,28,2
qwen/qwen3-next-80b-a3b-instruct,28,2
qwen/qwen3-next-80b-a3b-instruct,28,2
qwen/qwen3-next-80b-a3b-instruct,32,2
qwen/qwen3-next-80b-a3b-instruct,32,2
qwen/qwen3-next-80b-a3b-instruct,32,2
qwen/qwen3-next-80b-a3b-instruct,28,2
qwen/qwen3-next-80b-a3b-instruct,28,2
qwen/qwen3-next-80b-a3b-instruct,28,2
qwen/qwen3-next-80b-a3b-instruct,28,2
qwen/qwen3-next-80b-a3b-instruct,31,2
qwen/qwen3-next-80b-a3b-instruct,31,2
qwen/qwen3-next-80b-a3b-instruct,32,2
qwen/qwen3-next-80b-a3b-instruct,28,2
qwen/qwen3-next-80b-a3b-instruct,28,2
qwen/qwen3-next-80b-a3b-instruct,31,2
qwen/qwen3-next-80b-a3b-instruct,28,2
qwen/qwen3-next-80b-a3b-instruct,36,2
qwen/qwen3-next-80b-a3b-instruct,36,2
qwen/qwen3-next-80b-a3b-instruct,36,2
qwen/qwen3-next-80b-a3b-instruct,35,2
qwen/qwen3-next-80b-a3b-instruct,35,2
qwen/qwen3-next-80b-a3b-instruct,37,2
qwen/qwen3-next-80b-a3b-instruct,37,2
qwen/qwen3-next-80b-a3b-instruct,28,2
qwen/qwen3-next-80b-a3b-instruct,36,2
qwen/qwen3-next-80b-a3b-instruct,28,2
qwen/qwen3-next-80b-a3b-instruct,36,2
qwen/qwen3-next-80b-a3b-instruct,36,2
qwen/qwen3-next-80b-a3b-instruct,35,2
qwen/qwen3-next-80b-a3b-instruct,37,2
qwen/qwen3-next-80b-a3b-instruct,36,2
qwen/qwen3-next-80b-a3b-instruct,29,2
qwen/qwen3-next-80b-a3b-instruct,29,2
qwen/qwen3-next-80b-a3b-instruct,28,2
qwen/qwen3-next-80b-a3b-instruct,36,2
qwen/qwen3-next-80b-a3b-instruct,28,2
qwen/qwen3-next-80b-a3b-instruct,36,2
qwen/qwen3-next-80b-a3b-instruct,36,2
qwen/qwen3-next-80b-a3b-instruct,36,2
qwen/qwen3-next-80b-a3b-instruct,35,2
qwen/qwen3-next-80b-a3b-instruct,37,2
qwen/qwen3-next-80b-a3b-instruct,29,2
qwen/qwen3-next-80b-a3b-instruct,36,2
qwen/qwen3-next-80b-a3b-instruct,36,2
qwen/qwen3-next-80b-a3b-instruct,36,2
qwen/qwen3-next-80b-a3b-instruct,36,2
qwen/qwen3-next-80b-a3b-instruct,36,2
qwen/qwen3-next-80b-a3b-instruct,36,2
qwen/qwen3-next-80b-a3b-instruct,30,2
qwen/qwen3-next-80b-a3b-instruct,30,2
qwen/qwen3-next-80b-a3b-instruct,31,2
qwen/qwen3-next-80b-a3b-instruct,31,2
qwen/qwen3-next-80b-a3b-instruct,31,2
qwen/qwen3-next-80b-a3b-instruct,30,2
qwen/qwen3-next-80b-a3b-instruct,36,2
qwen/qwen3-next-80b-a3b-instruct,30,2
qwen/qwen3-next-80b-a3b-instruct,30,2
qwen/qwen3-next-80b-a3b-instruct,31,2
qwen/qwen3-next-80b-a3b-instruct,30,2
qwen/qwen3-next-80b-a3b-instruct,30,2
qwen/qwen3-next-80b-a3b-instruct,30,2
qwen/qwen3-next-80b-a3b-instruct,30,2
qwen/qwen3-next-80b-a3b-instruct,30,2
qwen/qwen3-next-80b-a3b-instruct,31,2
qwen/qwen3-next-80b-a3b-instruct,28,2
qwen/qwen3-next-80b-a3b-instruct,30,2
qwen/qwen3-next-80b-a3b-instruct,30,2
qwen/qwen3-next-80b-a3b-instruct,31,2
qwen/qwen3-next-80b-a3b-instruct,31,2
qwen/qwen3-next-80b-a3b-instruct,30,2
qwen/qwen3-next-80b-a3b-instruct,30,2
qwen/qwen3-next-80b-a3b-instruct,30,2
qwen/qwen3-next-80b-a3b-instruct,30,2
qwen/qwen3-next-80b-a3b-instruct,30,2
qwen/qwen3-next-80b-a3b-instruct,30,2
qwen/qwen3-next-80b-a3b-instruct,36,2
qwen/qwen3-next-80b-a3b-instruct,36,2
qwen/qwen3-next-80b-a3b-instruct,30,2
qwen/qwen3-next-80b-a3b-instruct,31,2
qwen/qwen3-next-80b-a3b-instruct,30,2
qwen/qwen3-next-80b-a3b-instruct,28,2
qwen/qwen3-next-80b-a3b-instruct,29,2
qwen/qwen3-next-80b-a3b-instruct,29,2
qwen/qwen3-next-80b-a3b-instruct,28,2
qwen/qwen3-next-80b-a3b-instruct,37,2
qwen/qwen3-next-80b-a3b-instruct,28,2
qwen/qwen3-next-80b-a3b-instruct,37,2
qwen/qwen3-next-80b-a3b-instruct,28,2
qwen/qwen3-next-80b-a3b-instruct,28,2
qwen/qwen3-next-80b-a3b-instruct,28,2
qwen/qwen3-next-80b-a3b-instruct,28,2
qwen/qwen3-next-80b-a3b-instruct,27,2
qwen/qwen3-next-80b-a3b-instruct,29,2
qwen/qwen3-next-80b-a3b-instruct,37,2
qwen/qwen3-next-80b-a3b-instruct,37,2
qwen/qwen3-next-80b-a3b-instruct,38,2
qwen/qwen3-next-80b-a3b-instruct,28,2
qwen/qwen3-next-80b-a3b-instruct,28,2
qwen/qwen3-next-80b-a3b-instruct,27,2
qwen/qwen3-next-80b-a3b-instruct,28,2
qwen/qwen3-next-80b-a3b-instruct,28,2
qwen/qwen3-next-80b-a3b-instruct,28,2
qwen/qwen3-next-80b-a3b-instruct,28,2
qwen/qwen3-next-80b-a3b-instruct,28,2
qwen/qwen3-next-80b-a3b-instruct,28,2
qwen/qwen3-next-80b-a3b-instruct,29,2
qwen/qwen3-next-80b-a3b-instruct,27,2
qwen/qwen3-next-80b-a3b-instruct,27,2
qwen/qwen3-next-80b-a3b-instruct,28,2
qwen/qwen3-next-80b-a3b-instruct,28,2
qwen/qwen3-next-80b-a3b-instruct,28,2
qwen/qwen3-next-80b-a3b-instruct,28,2
qwen/qwen3-next-80b-a3b-instruct,37,2
qwen/qwen3-next-80b-a3b-instruct,39,2
qwen/qwen3-next-80b-a3b-instruct,39,2
qwen/qwen3-next-80b-a3b-instruct,36,2
qwen/qwen3-next-80b-a3b-instruct,37,2
qwen/qwen3-next-80b-a3b-instruct,37,2
qwen/qwen3-next-80b-a3b-instruct,38,2
qwen/qwen3-next-80b-a3b-instruct,37,2
qwen/qwen3-next-80b-a3b-instruct,38,2
qwen/qwen3-next-80b-a3b-instruct,37,2
qwen/qwen3-next-80b-a3b-instruct,39,2
qwen/qwen3-next-80b-a3b-instruct,39,2
qwen/qwen3-next-80b-a3b-instruct,36,2
qwen/qwen3-next-80b-a3b-instruct,37,2
qwen/qwen3-next-80b-a3b-instruct,37,2
qwen/qwen3-next-80b-a3b-instruct,37,2
qwen/qwen3-next-80b-a3b-instruct,36,2
qwen/qwen3-next-80b-a3b-instruct,37,2
qwen/qwen3-next-80b-a3b-instruct,37,2
qwen/qwen3-next-80b-a3b-instruct,37,2
qwen/qwen3-next-80b-a3b-instruct,38,2
qwen/qwen3-next-80b-a3b-instruct,38,2
qwen/qwen3-next-80b-a3b-instruct,37,2
qwen/qwen3-next-80b-a3b-instruct,37,2
qwen/qwen3-next-80b-a3b-instruct,37,2
qwen/qwen3-next-80b-a3b-instruct,38,2
qwen/qwen3-next-80b-a3b-instruct,38,2
qwen/qwen3-next-80b-a3b-instruct,37,2
qwen/qwen3-next-80b-a3b-instruct,37,2
qwen/qwen3-next-80b-a3b-instruct,37,2
qwen/qwen3-next-80b-a3b-instruct,38,2
qwen/qwen3-next-80b-a3b-instruct,36,2
qwen/qwen3-next-80b-a3b-instruct,36,2
qwen/qwen3-next-80b-a3b-instruct,36,2
qwen/qwen3-next-80b-a3b-instruct,38,2
qwen/qwen3-next-80b-a3b-instruct,32,2
qwen/qwen3-next-80b-a3b-instruct,32,2
qwen/qwen3-next-80b-a3b-instruct,32,2
qwen/qwen3-next-80b-a3b-instruct,33,2
qwen/qwen3-next-80b-a3b-instruct,33,2
qwen/qwen3-next-80b-a3b-instruct,33,2
qwen/qwen3-next-80b-a3b-instruct,32,2
qwen/qwen3-next-80b-a3b-instruct,37,2
qwen/qwen3-next-80b-a3b-instruct,37,2
qwen/qwen3-next-80b-a3b-instruct,36,2
qwen/qwen3-next-80b-a3b-instruct,36,2
qwen/qwen3-next-80b-a3b-instruct,36,2
qwen/qwen3-next-80b-a3b-instruct,36,2
qwen/qwen3-next-80b-a3b-instruct,38,2
qwen/qwen3-next-80b-a3b-instruct,32,2
qwen/qwen3-next-80b-a3b-instruct,33,2
qwen/qwen3-next-80b-a3b-instruct,33,2
qwen/qwen3-next-80b-a3b-instruct,37,2
qwen/qwen3-next-80b-a3b-instruct,36,2
qwen/qwen3-next-80b-a3b-instruct,36,2
qwen/qwen3-next-80b-a3b-instruct,36,2
qwen/qwen3-next-80b-a3b-instruct,36,2
qwen/qwen3-next-80b-a3b-instruct,36,2
qwen/qwen3-next-80b-a3b-instruct,38,2
qwen/qwen3-next-80b-a3b-instruct,38,2
qwen/qwen3-next-80b-a3b-instruct,33,2
qwen/qwen3-next-80b-a3b-instruct,36,2
qwen/qwen3-next-80b-a3b-instruct,33,2
qwen/qwen3-next-80b-a3b-instruct,33,2
qwen/qwen3-next-80b-a3b-instruct,32,2
qwen/qwen3-next-80b-a3b-instruct,32,2
qwen/qwen3-next-80b-a3b-instruct,33,2
qwen/qwen3-next-80b-a3b-instruct,32,2
qwen/qwen3-next-80b-a3b-instruct,32,2
qwen/qwen3-next-80b-a3b-instruct,32,2
qwen/qwen3-next-80b-a3b-instruct,32,2
qwen/qwen3-next-80b-a3b-instruct,32,2
qwen/qwen3-next-80b-a3b-instruct,32,2
qwen/qwen3-next-80b-a3b-instruct,34,2
qwen/qwen3-next-80b-a3b-instruct,34,2
qwen/qwen3-next-80b-a3b-instruct,34,2
qwen/qwen3-next-80b-a3b-instruct,34,2
qwen/qwen3-next-80b-a3b-instruct,33,2
qwen/qwen3-next-80b-a3b-instruct,33,2
qwen/qwen3-next-80b-a3b-instruct,33,2
qwen/qwen3-next-80b-a3b-instruct,32,2
qwen/qwen3-next-80b-a3b-instruct,33,2
qwen/qwen3-next-80b-a3b-instruct,32,2
qwen/qwen3-next-80b-a3b-instruct,32,2
qwen/qwen3-next-80b-a3b-instruct,32,2
qwen/qwen3-next-80b-a3b-instruct,32,2
qwen/qwen3-next-80b-a3b-instruct,33,2
qwen/qwen3-next-80b-a3b-instruct,33,2
qwen/qwen3-next-80b-a3b-instruct,32,2
qwen/qwen3-next-80b-a3b-instruct,32,2
qwen/qwen3-next-80b-a3b-instruct,32,2
qwen/qwen3-next-80b-a3b-instruct,32,2
qwen/qwen3-next-80b-a3b-instruct,33,2
qwen/qwen3-next-80b-a3b-instruct,32,2
qwen/qwen3-next-80b-a3b-instruct,32,2
qwen/qwen3-next-80b-a3b-instruct,32,2
qwen/qwen3-next-80b-a3b-instruct,34,2
qwen/qwen3-next-80b-a3b-instruct,34,2
qwen/qwen3-next-80b-a3b-instruct,29,2
qwen/qwen3-next-80b-a3b-instruct,29,2
qwen/qwen3-next-80b-a3b-instruct,29,2
qwen/qwen3-next-80b-a3b-instruct,28,2
qwen/qwen3-next-80b-a3b-instruct,29,2
qwen/qwen3-next-80b-a3b-instruct,32,2
qwen/qwen3-next-80b-a3b-instruct,32,2
qwen/qwen3-next-80b-a3b-instruct,34,2
qwen/qwen3-next-80b-a3b-instruct,28,2
qwen/qwen3-next-80b-a3b-instruct,28,2
qwen/qwen3-next-80b-a3b-instruct,28,2
qwen/qwen3-next-80b-a3b-instruct,28,2
qwen/qwen3-next-80b-a3b-instruct,28,2
qwen/qwen3-next-80b-a3b-instruct,32,2
qwen/qwen3-next-80b-a3b-instruct,32,2
qwen/qwen3-next-80b-a3b-instruct,34,2
qwen/qwen3-next-80b-a3b-instruct,28,2
qwen/qwen3-next-80b-a3b-instruct,28,2
qwen/qwen3-next-80b-a3b-instruct,28,2
qwen/qwen3-next-80b-a3b-instruct,28,2
qwen/qwen3-next-80b-a3b-instruct,32,2
qwen/qwen3-next-80b-a3b-instruct,32,2
qwen/qwen3-next-80b-a3b-instruct,29,2
qwen/qwen3-next-80b-a3b-instruct,28,2
qwen/qwen3-next-80b-a3b-instruct,28,2
qwen/qwen3-next-80b-a3b-instruct,28,2
qwen/qwen3-next-80b-a3b-instruct,28,2
qwen/qwen3-next-80b-a3b-instruct,32,2
qwen/qwen3-next-80b-a3b-instruct,28,2
qwen/qwen3-next-80b-a3b-instruct,28,2
qwen/qwen3-next-80b-a3b-instruct,36,2
qwen/qwen3-next-80b-a3b-instruct,36,2
qwen/qwen3-next-80b-a3b-instruct,36,2
qwen/qwen3-next-80b-a3b-instruct,36,2
qwen/qwen3-next-80b-a3b-instruct,35,2
qwen/qwen3-next-80b-a3b-instruct,36,2
qwen/qwen3-next-80b-a3b-instruct,37,2
qwen/qwen3-next-80b-a3b-instruct,37,2
qwen/qwen3-next-80b-a3b-instruct,37,2
qwen/qwen3-next-80b-a3b-instruct,36,2
qwen/qwen3-next-80b-a3b-instruct,29,2
qwen/qwen3-next-80b-a3b-instruct,28,2
qwen/qwen3-next-80b-a3b-instruct,36,2
qwen/qwen3-next-80b-a3b-instruct,36,2
qwen/qwen3-next-80b-a3b-instruct,36,2
qwen/qwen3-next-80b-a3b-instruct,35,2
qwen/qwen3-next-80b-a3b-instruct,29,2
qwen/qwen3-next-80b-a3b-instruct,28,2
qwen/qwen3-next-80b-a3b-instruct,36,2
qwen/qwen3-next-80b-a3b-instruct,28,2
qwen/qwen3-next-80b-a3b-instruct,37,2
qwen/qwen3-next-80b-a3b-instruct,29,2
qwen/qwen3-next-80b-a3b-instruct,36,2
qwen/qwen3-next-80b-a3b-instruct,28,2
qwen/qwen3-next-80b-a3b-instruct,36,2
qwen/qwen3-next-80b-a3b-instruct,36,2
qwen/qwen3-next-80b-a3b-instruct,36,2
qwen/qwen3-next-80b-a3b-instruct,35,2
qwen/qwen3-next-80b-a3b-instruct,35,2
qwen/qwen3-next-80b-a3b-instruct,36,2
qwen/qwen3-next-80b-a3b-instruct,36,2
qwen/qwen3-next-80b-a3b-instruct,36,2
qwen/qwen3-next-80b-a3b-instruct,30,2
qwen/qwen3-next-80b-a3b-instruct,30,2
qwen/qwen3-next-80b-a3b-instruct,30,2
qwen/qwen3-next-80b-a3b-instruct,30,2
qwen/qwen3-next-80b-a3b-instruct,30,2
qwen/qwen3-next-80b-a3b-instruct,28,2
qwen/qwen3-next-80b-a3b-instruct,36,2
qwen/qwen3-next-80b-a3b-instruct,30,2
qwen/qwen3-next-80b-a3b-instruct,31,2
qwen/qwen3-next-80b-a3b-instruct,31,2
qwen/qwen3-next-80b-a3b-instruct,30,2
qwen/qwen3-next-80b-a3b-instruct,30,2
qwen/qwen3-next-80b-a3b-instruct,31,2
qwen/qwen3-next-80b-a3b-instruct,30,2
qwen/qwen3-next-80b-a3b-instruct,31,2
qwen/qwen3-next-80b-a3b-instruct,36,2
qwen/qwen3-next-80b-a3b-instruct,30,2
qwen/qwen3-next-80b-a3b-instruct,36,2
qwen/qwen3-next-80b-a3b-instruct,30,2
qwen/qwen3-next-80b-a3b-instruct,30,2
qwen/qwen3-next-80b-a3b-instruct,31,2
qwen/qwen3-next-80b-a3b-instruct,31,2
qwen/qwen3-next-80b-a3b-instruct,30,2
qwen/qwen3-next-80b-a3b-instruct,30,2
qwen/qwen3-next-80b-a3b-instruct,30,2
qwen/qwen3-next-80b-a3b-instruct,30,2
qwen/qwen3-next-80b-a3b-instruct,30,2
qwen/qwen3-next-80b-a3b-instruct,31,2
qwen/qwen3-next-80b-a3b-instruct,30,2
qwen/qwen3-next-80b-a3b-instruct,30,2
qwen/qwen3-next-80b-a3b-instruct,31,2
qwen/qwen3-next-80b-a3b-instruct,30,2
qwen/qwen3-next-80b-a3b-instruct,27,2
qwen/qwen3-next-80b-a3b-instruct,29,2
qwen/qwen3-next-80b-a3b-instruct,29,2
qwen/qwen3-next-80b-a3b-instruct,28,2
qwen/qwen3-next-80b-a3b-instruct,28,2
qwen/qwen3-next-80b-a3b-instruct,36,2
qwen/qwen3-next-80b-a3b-instruct,37,2
qwen/qwen3-next-80b-a3b-instruct,28,2
qwen/qwen3-next-80b-a3b-instruct,28,2
qwen/qwen3-next-80b-a3b-instruct,28,2
qwen/qwen3-next-80b-a3b-instruct,28,2
qwen/qwen3-next-80b-a3b-instruct,28,2
qwen/qwen3-next-80b-a3b-instruct,28,2
qwen/qwen3-next-80b-a3b-instruct,27,2
qwen/qwen3-next-80b-a3b-instruct,27,2
qwen/qwen3-next-80b-a3b-instruct,29,2
qwen/qwen3-next-80b-a3b-instruct,28,2
qwen/qwen3-next-80b-a3b-instruct,36,2
qwen/qwen3-next-80b-a3b-instruct,28,2
qwen/qwen3-next-80b-a3b-instruct,28,2
qwen/qwen3-next-80b-a3b-instruct,28,2
qwen/qwen3-next-80b-a3b-instruct,28,2
qwen/qwen3-next-80b-a3b-instruct,27,2
qwen/qwen3-next-80b-a3b-instruct,29,2
qwen/qwen3-next-80b-a3b-instruct,28,2
qwen/qwen3-next-80b-a3b-instruct,36,2
qwen/qwen3-next-80b-a3b-instruct,28,2
qwen/qwen3-next-80b-a3b-instruct,28,2
qwen/qwen3-next-80b-a3b-instruct,28,2
qwen/qwen3-next-80b-a3b-instruct,28,2
qwen/qwen3-next-80b-a3b-instruct,28,2
qwen/qwen3-next-80b-a3b-instruct,36,2
qwen/qwen3-next-80b-a3b-instruct,37,2
qwen/qwen3-next-80b-a3b-instruct,36,2
qwen/qwen3-next-80b-a3b-instruct,36,2
qwen/qwen3-next-80b-a3b-instruct,36,2
qwen/qwen3-next-80b-a3b-instruct,36,2
qwen/qwen3-next-80b-a3b-instruct,37,2
qwen/qwen3-next-80b-a3b-instruct,37,2
qwen/qwen3-next-80b-a3b-instruct,35,2
qwen/qwen3-next-80b-a3b-instruct,35,2
qwen/qwen3-next-80b-a3b-instruct,37,2
qwen/qwen3-next-80b-a3b-instruct,36,2
qwen/qwen3-next-80b-a3b-instruct,36,2
qwen/qwen3-next-80b-a3b-instruct,36,2
qwen/qwen3-next-80b-a3b-instruct,37,2
qwen/qwen3-next-80b-a3b-instruct,37,2
qwen/qwen3-next-80b-a3b-instruct,35,2
qwen/qwen3-next-80b-a3b-instruct,36,2
qwen/qwen3-next-80b-a3b-instruct,36,2
qwen/qwen3-next-80b-a3b-instruct,37,2
qwen/qwen3-next-80b-a3b-instruct,37,2
qwen/qwen3-next-80b-a3b-instruct,36,2
qwen/qwen3-next-80b-a3b-instruct,35,2
qwen/qwen3-next-80b-a3b-instruct,36,2
qwen/qwen3-next-80b-a3b-instruct,36,2
qwen/qwen3-next-80b-a3b-instruct,36,2
qwen/qwen3-next-80b-a3b-instruct,36,2
qwen/qwen3-next-80b-a3b-instruct,37,2
qwen/qwen3-next-80b-a3b-instruct,37,2
qwen/qwen3-next-80b-a3b-instruct,36,2
qwen/qwen3-next-80b-a3b-instruct,36,2
qwen/qwen3-next-80b-a3b-instruct,36,2
qwen/qwen3-next-80b-a3b-instruct,37,2
qwen/qwen3-next-80b-a3b-instruct,35,2
qwen/qwen3-next-80b-a3b-instruct,35,2
qwen/qwen3-next-80b-a3b-instruct,36,2
qwen/qwen3-next-80b-a3b-instruct,36,2
qwen/qwen3-next-80b-a3b-instruct,36,2
qwen/qwen3-next-80b-a3b-instruct,31,2
qwen/qwen3-next-80b-a3b-instruct,32,2
qwen/qwen3-next-80b-a3b-instruct,36,2
qwen/qwen3-next-80b-a3b-instruct,32,2
qwen/qwen3-next-80b-a3b-instruct,32,2
qwen/qwen3-next-80b-a3b-instruct,32,2
qwen/qwen3-next-80b-a3b-instruct,36,2
qwen/qwen3-next-80b-a3b-instruct,35,2
qwen/qwen3-next-80b-a3b-instruct,35,2
qwen/qwen3-next-80b-a3b-instruct,35,2
qwen/qwen3-next-80b-a3b-instruct,35,2
qwen/qwen3-next-80b-a3b-instruct,35,2
qwen/qwen3-next-80b-a3b-instruct,35,2
qwen/qwen3-next-80b-a3b-instruct,32,2
qwen/qwen3-next-80b-a3b-instruct,31,2
qwen/qwen3-next-80b-a3b-instruct,32,2
qwen/qwen3-next-80b-a3b-instruct,31,2
qwen/qwen3-next-80b-a3b-instruct,35,2
qwen/qwen3-next-80b-a3b-instruct,35,2
qwen/qwen3-next-80b-a3b-instruct,31,2
qwen/qwen3-next-80b-a3b-instruct,36,2
qwen/qwen3-next-80b-a3b-instruct,36,2
qwen/qwen3-next-80b-a3b-instruct,32,2
qwen/qwen3-next-80b-a3b-instruct,35,2
qwen/qwen3-next-80b-a3b-instruct,31,2
qwen/qwen3-next-80b-a3b-instruct,35,2
qwen/qwen3-next-80b-a3b-instruct,32,2
qwen/qwen3-next-80b-a3b-instruct,31,2
qwen/qwen3-next-80b-a3b-instruct,31,2
qwen/qwen3-next-80b-a3b-instruct,32,2
qwen/qwen3-next-80b-a3b-instruct,32,2
qwen/qwen3-next-80b-a3b-instruct,32,2
qwen/qwen3-next-80b-a3b-instruct,31,2
qwen/qwen3-next-80b-a3b-instruct,31,2
qwen/qwen3-next-80b-a3b-instruct,31,2
qwen/qwen3-next-80b-a3b-instruct,31,2
qwen/qwen3-next-80b-a3b-instruct,32,2
qwen/qwen3-next-80b-a3b-instruct,32,2
qwen/qwen3-next-80b-a3b-instruct,32,2
qwen/qwen3-next-80b-a3b-instruct,32,2
qwen/qwen3-next-80b-a3b-instruct,32,2
qwen/qwen3-next-80b-a3b-instruct,32,2
qwen/qwen3-next-80b-a3b-instruct,31,2
qwen/qwen3-next-80b-a3b-instruct,32,2
qwen/qwen3-next-80b-a3b-instruct,31,2
qwen/qwen3-next-80b-a3b-instruct,31,2
qwen/qwen3-next-80b-a3b-instruct,31,2
qwen/qwen3-next-80b-a3b-instruct,32,2
qwen/qwen3-next-80b-a3b-instruct,31,2
qwen/qwen3-next-80b-a3b-instruct,32,2
qwen/qwen3-next-80b-a3b-instruct,31,2
qwen/qwen3-next-80b-a3b-instruct,31,2
qwen/qwen3-next-80b-a3b-instruct,31,2
qwen/qwen3-next-80b-a3b-instruct,31,2
qwen/qwen3-next-80b-a3b-instruct,31,2
qwen/qwen3-next-80b-a3b-instruct,31,2
qwen/qwen3-next-80b-a3b-instruct,31,2
qwen/qwen3-next-80b-a3b-instruct,31,2
qwen/qwen3-next-80b-a3b-instruct,31,2
qwen/qwen3-next-80b-a3b-instruct,28,2
qwen/qwen3-next-80b-a3b-instruct,28,2
qwen/qwen3-next-80b-a3b-instruct,27,2
qwen/qwen3-next-80b-a3b-instruct,27,2
qwen/qwen3-next-80b-a3b-instruct,28,2
qwen/qwen3-next-80b-a3b-instruct,31,2
qwen/qwen3-next-80b-a3b-instruct,31,2
qwen/qwen3-next-80b-a3b-instruct,27,2
qwen/qwen3-next-80b-a3b-instruct,32,2
qwen/qwen3-next-80b-a3b-instruct,32,2
qwen/qwen3-next-80b-a3b-instruct,27,2
qwen/qwen3-next-80b-a3b-instruct,27,2
qwen/qwen3-next-80b-a3b-instruct,27,2
qwen/qwen3-next-80b-a3b-instruct,27,2
qwen/qwen3-next-80b-a3b-instruct,27,2
qwen/qwen3-next-80b-a3b-instruct,31,2
qwen/qwen3-next-80b-a3b-instruct,31,2
qwen/qwen3-next-80b-a3b-instruct,32,2
qwen/qwen3-next-80b-a3b-instruct,32,2
qwen/qwen3-next-80b-a3b-instruct,27,2
qwen/qwen3-next-80b-a3b-instruct,27,2
qwen/qwen3-next-80b-a3b-instruct,28,2
qwen/qwen3-next-80b-a3b-instruct,27,2
qwen/qwen3-next-80b-a3b-instruct,27,2
qwen/qwen3-next-80b-a3b-instruct,31,2
qwen/qwen3-next-80b-a3b-instruct,31,2
qwen/qwen3-next-80b-a3b-instruct,27,2
qwen/qwen3-next-80b-a3b-instruct,27,2
qwen/qwen3-next-80b-a3b-instruct,31,2
qwen/qwen3-next-80b-a3b-instruct,27,2
qwen/qwen3-next-80b-a3b-instruct,28,2
qwen/qwen3-next-80b-a3b-instruct,27,2
qwen/qwen3-next-80b-a3b-instruct,35,2
qwen/qwen3-next-80b-a3b-instruct,35,2
qwen/qwen3-next-80b-a3b-instruct,35,2
qwen/qwen3-next-80b-a3b-instruct,36,2
qwen/qwen3-next-80b-a3b-instruct,35,2
qwen/qwen3-next-80b-a3b-instruct,28,2
qwen/qwen3-next-80b-a3b-instruct,27,2
qwen/qwen3-next-80b-a3b-instruct,35,2
qwen/qwen3-next-80b-a3b-instruct,35,2
qwen/qwen3-next-80b-a3b-instruct,35,2
qwen/qwen3-next-80b-a3b-instruct,34,2
qwen/qwen3-next-80b-a3b-instruct,36,2
qwen/qwen3-next-80b-a3b-instruct,34,2
qwen/qwen3-next-80b-a3b-instruct,28,2
qwen/qwen3-next-80b-a3b-instruct,27,2
qwen/qwen3-next-80b-a3b-instruct,35,2
qwen/qwen3-next-80b-a3b-instruct,35,2
qwen/qwen3-next-80b-a3b-instruct,35,2
qwen/qwen3-next-80b-a3b-instruct,35,2
qwen/qwen3-next-80b-a3b-instruct,34,2
qwen/qwen3-next-80b-a3b-instruct,35,2
qwen/qwen3-next-80b-a3b-instruct,35,2
qwen/qwen3-next-80b-a3b-instruct,34,2
qwen/qwen3-next-80b-a3b-instruct,28,2
qwen/qwen3-next-80b-a3b-instruct,27,2
qwen/qwen3-next-80b-a3b-instruct,27,2
qwen/qwen3-next-80b-a3b-instruct,35,2
qwen/qwen3-next-80b-a3b-instruct,35,2
qwen/qwen3-next-80b-a3b-instruct,36,2
qwen/qwen3-next-80b-a3b-instruct,36,2
qwen/qwen3-next-80b-a3b-instruct,35,2
qwen/qwen3-next-80b-a3b-instruct,35,2
qwen/qwen3-next-80b-a3b-instruct,35,2
qwen/qwen3-next-80b-a3b-instruct,29,2
qwen/qwen3-next-80b-a3b-instruct,29,2
qwen/qwen3-next-80b-a3b-instruct,29,2
qwen/qwen3-next-80b-a3b-instruct,29,2
qwen/qwen3-next-80b-a3b-instruct,29,2
qwen/qwen3-next-80b-a3b-instruct,30,2
qwen/qwen3-next-80b-a3b-instruct,29,2
qwen/qwen3-next-80b-a3b-instruct,35,2
qwen/qwen3-next-80b-a3b-instruct,35,2
qwen/qwen3-next-80b-a3b-instruct,30,2
qwen/qwen3-next-80b-a3b-instruct,29,2
qwen/qwen3-next-80b-a3b-instruct,29,2
qwen/qwen3-next-80b-a3b-instruct,29,2
qwen/qwen3-next-80b-a3b-instruct,29,2
qwen/qwen3-next-80b-a3b-instruct,29,2
qwen/qwen3-next-80b-a3b-instruct,29,2
qwen/qwen3-next-80b-a3b-instruct,29,2
qwen/qwen3-next-80b-a3b-instruct,29,2
qwen/qwen3-next-80b-a3b-instruct,29,2
qwen/qwen3-next-80b-a3b-instruct,29,2
qwen/qwen3-next-80b-a3b-instruct,29,2
qwen/qwen3-next-80b-a3b-instruct,30,2
qwen/qwen3-next-80b-a3b-instruct,30,2
qwen/qwen3-next-80b-a3b-instruct,29,2
qwen/qwen3-next-80b-a3b-instruct,30,2
qwen/qwen3-next-80b-a3b-instruct,30,2
qwen/qwen3-next-80b-a3b-instruct,30,2
qwen/qwen3-next-80b-a3b-instruct,27,2
qwen/qwen3-next-80b-a3b-instruct,29,2
qwen/qwen3-next-80b-a3b-instruct,30,2
qwen/qwen3-next-80b-a3b-instruct,29,2
qwen/qwen3-next-80b-a3b-instruct,27,2
qwen/qwen3-next-80b-a3b-instruct,27,2
qwen/qwen3-next-80b-a3b-instruct,28,2
qwen/qwen3-next-80b-a3b-instruct,27,2
qwen/qwen3-next-80b-a3b-instruct,36,2
qwen/qwen3-next-80b-a3b-instruct,27,2
qwen/qwen3-next-80b-a3b-instruct,27,2
qwen/qwen3-next-80b-a3b-instruct,27,2
qwen/qwen3-next-80b-a3b-instruct,27,2
qwen/qwen3-next-80b-a3b-instruct,27,2
qwen/qwen3-next-80b-a3b-instruct,27,2
qwen/qwen3-next-80b-a3b-instruct,27,2
qwen/qwen3-next-80b-a3b-instruct,26,2
qwen/qwen3-next-80b-a3b-instruct,26,2
qwen/qwen3-next-80b-a3b-instruct,27,2
qwen/qwen3-next-80b-a3b-instruct,27,2
qwen/qwen3-next-80b-a3b-instruct,27,2
qwen/qwen3-next-80b-a3b-instruct,36,2
qwen/qwen3-next-80b-a3b-instruct,37,2
qwen/qwen3-next-80b-a3b-instruct,27,2
qwen/qwen3-next-80b-a3b-instruct,27,2
qwen/qwen3-next-80b-a3b-instruct,28,2
qwen/qwen3-next-80b-a3b-instruct,36,2
qwen/qwen3-next-80b-a3b-instruct,27,2
qwen/qwen3-next-80b-a3b-instruct,27,2
qwen/qwen3-next-80b-a3b-instruct,26,2
qwen/qwen3-next-80b-a3b-instruct,27,2
qwen/qwen3-next-80b-a3b-instruct,26,2
qwen/qwen3-next-80b-a3b-instruct,36,2
qwen/qwen3-next-80b-a3b-instruct,27,2
qwen/qwen3-next-80b-a3b-instruct,28,2
qwen/qwen3-next-80b-a3b-instruct,28,2
qwen/qwen3-next-80b-a3b-instruct,37,2
qwen/qwen3-next-80b-a3b-instruct,36,2
qwen/qwen3-next-80b-a3b-instruct,36,2
qwen/qwen3-next-80b-a3b-instruct,36,2
qwen/qwen3-next-80b-a3b-instruct,38,2
qwen/qwen3-next-80b-a3b-instruct,35,2
qwen/qwen3-next-80b-a3b-instruct,35,2
qwen/qwen3-next-80b-a3b-instruct,36,2
qwen/qwen3-next-80b-a3b-instruct,35,2
qwen/qwen3-next-80b-a3b-instruct,36,2
qwen/qwen3-next-80b-a3b-instruct,36,2
qwen/qwen3-next-80b-a3b-instruct,36,2
qwen/qwen3-next-80b-a3b-instruct,37,2
qwen/qwen3-next-80b-a3b-instruct,37,2
qwen/qwen3-next-80b-a3b-instruct,37,2
qwen/qwen3-next-80b-a3b-instruct,37,2
qwen/qwen3-next-80b-a3b-instruct,36,2
qwen/qwen3-next-80b-a3b-instruct,36,2
qwen/qwen3-next-80b-a3b-instruct,36,2
qwen/qwen3-next-80b-a3b-instruct,36,2
qwen/qwen3-next-80b-a3b-instruct,35,2
qwen/qwen3-next-80b-a3b-instruct,38,2
qwen/qwen3-next-80b-a3b-instruct,38,2
qwen/qwen3-next-80b-a3b-instruct,37,2
qwen/qwen3-next-80b-a3b-instruct,36,2
qwen/qwen3-next-80b-a3b-instruct,36,2
qwen/qwen3-next-80b-a3b-instruct,36,2
qwen/qwen3-next-80b-a3b-instruct,36,2
qwen/qwen3-next-80b-a3b-instruct,36,2
qwen/qwen3-next-80b-a3b-instruct,37,2
qwen/qwen3-next-80b-a3b-instruct,38,2
qwen/qwen3-next-80b-a3b-instruct,36,2
qwen/qwen3-next-80b-a3b-instruct,35,2
qwen/qwen3-next-80b-a3b-instruct,37,2
qwen/qwen3-next-80b-a3b-instruct,31,2
qwen/qwen3-next-80b-a3b-instruct,32,2
qwen/qwen3-next-80b-a3b-instruct,32,2
qwen/qwen3-next-80b-a3b-instruct,36,2
qwen/qwen3-next-80b-a3b-instruct,36,2
qwen/qwen3-next-80b-a3b-instruct,35,2
qwen/qwen3-next-80b-a3b-instruct,35,2
qwen/qwen3-next-80b-a3b-instruct,36,2
qwen/qwen3-next-80b-a3b-instruct,35,2
qwen/qwen3-next-80b-a3b-instruct,35,2
qwen/qwen3-next-80b-a3b-instruct,35,2
qwen/qwen3-next-80b-a3b-instruct,35,2
qwen/qwen3-next-80b-a3b-instruct,35,2
qwen/qwen3-next-80b-a3b-instruct,35,2
qwen/qwen3-next-80b-a3b-instruct,35,2
qwen/qwen3-next-80b-a3b-instruct,37,2
qwen/qwen3-next-80b-a3b-instruct,35,2
qwen/qwen3-next-80b-a3b-instruct,37,2
qwen/qwen3-next-80b-a3b-instruct,31,2
qwen/qwen3-next-80b-a3b-instruct,31,2
qwen/qwen3-next-80b-a3b-instruct,32,2
qwen/qwen3-next-80b-a3b-instruct,31,2
qwen/qwen3-next-80b-a3b-instruct,32,2
qwen/qwen3-next-80b-a3b-instruct,31,2
qwen/qwen3-next-80b-a3b-instruct,32,2
qwen/qwen3-next-80b-a3b-instruct,32,2
qwen/qwen3-next-80b-a3b-instruct,32,2
qwen/qwen3-next-80b-a3b-instruct,32,2
qwen/qwen3-next-80b-a3b-instruct,35,2
qwen/qwen3-next-80b-a3b-instruct,37,2
qwen/qwen3-next-80b-a3b-instruct,31,2
qwen/qwen3-next-80b-a3b-instruct,31,2
qwen/qwen3-next-80b-a3b-instruct,32,2
qwen/qwen3-next-80b-a3b-instruct,32,2
qwen/qwen3-next-80b-a3b-instruct,31,2
qwen/qwen3-next-80b-a3b-instruct,31,2
qwen/qwen3-next-80b-a3b-instruct,31,2
qwen/qwen3-next-80b-a3b-instruct,31,2
qwen/qwen3-next-80b-a3b-instruct,33,2
qwen/qwen3-next-80b-a3b-instruct,33,2
qwen/qwen3-next-80b-a3b-instruct,31,2
qwen/qwen3-next-80b-a3b-instruct,32,2
qwen/qwen3-next-80b-a3b-instruct,32,2
qwen/qwen3-next-80b-a3b-instruct,32,2
qwen/qwen3-next-80b-a3b-instruct,32,2
qwen/qwen3-next-80b-a3b-instruct,31,2
qwen/qwen3-next-80b-a3b-instruct,31,2
qwen/qwen3-next-80b-a3b-instruct,31,2
qwen/qwen3-next-80b-a3b-instruct,31,2
qwen/qwen3-next-80b-a3b-instruct,31,2
qwen/qwen3-next-80b-a3b-instruct,31,2
qwen/qwen3-next-80b-a3b-instruct,33,2
qwen/qwen3-next-80b-a3b-instruct,31,2
qwen/qwen3-next-80b-a3b-instruct,32,2
qwen/qwen3-next-80b-a3b-instruct,32,2
qwen/qwen3-next-80b-a3b-instruct,31,2
qwen/qwen3-next-80b-a3b-instruct,31,2
qwen/qwen3-next-80b-a3b-instruct,31,2
qwen/qwen3-next-80b-a3b-instruct,31,2
qwen/qwen3-next-80b-a3b-instruct,31,2
qwen/qwen3-next-80b-a3b-instruct,33,2
qwen/qwen3-next-80b-a3b-instruct,31,2
qwen/qwen3-next-80b-a3b-instruct,28,2
qwen/qwen3-next-80b-a3b-instruct,28,2
qwen/qwen3-next-80b-a3b-instruct,27,2
qwen/qwen3-next-80b-a3b-instruct,27,2
qwen/qwen3-next-80b-a3b-instruct,27,2
qwen/qwen3-next-80b-a3b-instruct,31,2
qwen/qwen3-next-80b-a3b-instruct,31,2
qwen/qwen3-next-80b-a3b-instruct,31,2
qwen/qwen3-next-80b-a3b-instruct,31,2
qwen/qwen3-next-80b-a3b-instruct,33,2
qwen/qwen3-next-80b-a3b-instruct,31,2
qwen/qwen3-next-80b-a3b-instruct,33,2
qwen/qwen3-next-80b-a3b-instruct,27,2
qwen/qwen3-next-80b-a3b-instruct,27,2
qwen/qwen3-next-80b-a3b-instruct,27,2
qwen/qwen3-next-80b-a3b-instruct,27,2
qwen/qwen3-next-80b-a3b-instruct,27,2
qwen/qwen3-next-80b-a3b-instruct,27,2
qwen/qwen3-next-80b-a3b-instruct,28,2
qwen/qwen3-next-80b-a3b-instruct,27,2
qwen/qwen3-next-80b-a3b-instruct,27,2
qwen/qwen3-next-80b-a3b-instruct,29,2
qwen/qwen3-next-80b-a3b-instruct,31,2
qwen/qwen3-next-80b-a3b-instruct,31,2
qwen/qwen3-next-80b-a3b-instruct,27,2
qwen/qwen3-next-80b-a3b-instruct,27,2
qwen/qwen3-next-80b-a3b-instruct,27,2
qwen/qwen3-next-80b-a3b-instruct,33,2
qwen/qwen3-next-80b-a3b-instruct,27,2
qwen/qwen3-next-80b-a3b-instruct,33,2
qwen/qwen3-next-80b-a3b-instruct,27,2
qwen/qwen3-next-80b-a3b-instruct,28,2
qwen/qwen3-next-80b-a3b-instruct,35,2
qwen/qwen3-next-80b-a3b-instruct,35,2
qwen/qwen3-next-80b-a3b-instruct,35,2
qwen/qwen3-next-80b-a3b-instruct,37,2
qwen/qwen3-next-80b-a3b-instruct,29,2
qwen/qwen3-next-80b-a3b-instruct,37,2
qwen/qwen3-next-80b-a3b-instruct,29,2
qwen/qwen3-next-80b-a3b-instruct,27,2
qwen/qwen3-next-80b-a3b-instruct,35,2
qwen/qwen3-next-80b-a3b-instruct,35,2
qwen/qwen3-next-80b-a3b-instruct,35,2
qwen/qwen3-next-80b-a3b-instruct,35,2
qwen/qwen3-next-80b-a3b-instruct,35,2
qwen/qwen3-next-80b-a3b-instruct,35,2
qwen/qwen3-next-80b-a3b-instruct,35,2
qwen/qwen3-next-80b-a3b-instruct,34,2
qwen/qwen3-next-80b-a3b-instruct,37,2
qwen/qwen3-next-80b-a3b-instruct,27,2
qwen/qwen3-next-80b-a3b-instruct,27,2
qwen/qwen3-next-80b-a3b-instruct,35,2
qwen/qwen3-next-80b-a3b-instruct,35,2
qwen/qwen3-next-80b-a3b-instruct,35,2
qwen/qwen3-next-80b-a3b-instruct,34,2
qwen/qwen3-next-80b-a3b-instruct,34,2
qwen/qwen3-next-80b-a3b-instruct,35,2
qwen/qwen3-next-80b-a3b-instruct,35,2
qwen/qwen3-next-80b-a3b-instruct,35,2
qwen/qwen3-next-80b-a3b-instruct,35,2
qwen/qwen3-next-80b-a3b-instruct,37,2
qwen/qwen3-next-80b-a3b-instruct,27,2
qwen/qwen3-next-80b-a3b-instruct,34,2
qwen/qwen3-next-80b-a3b-instruct,29,2
qwen/qwen3-next-80b-a3b-instruct,29,2
qwen/qwen3-next-80b-a3b-instruct,29,2
qwen/qwen3-next-80b-a3b-instruct,29,2
qwen/qwen3-next-80b-a3b-instruct,29,2
qwen/qwen3-next-80b-a3b-instruct,29,2
qwen/qwen3-next-80b-a3b-instruct,31,2
qwen/qwen3-next-80b-a3b-instruct,29,2
qwen/qwen3-next-80b-a3b-instruct,27,2
qwen/qwen3-next-80b-a3b-instruct,35,2
qwen/qwen3-next-80b-a3b-instruct,30,2
qwen/qwen3-next-80b-a3b-instruct,29,2
qwen/qwen3-next-80b-a3b-instruct,30,2
qwen/qwen3-next-80b-a3b-instruct,29,2
qwen/qwen3-next-80b-a3b-instruct,29,2
qwen/qwen3-next-80b-a3b-instruct,29,2
qwen/qwen3-next-80b-a3b-instruct,29,2
qwen/qwen3-next-80b-a3b-instruct,29,2
qwen/qwen3-next-80b-a3b-instruct,29,2
qwen/qwen3-next-80b-a3b-instruct,29,2
qwen/qwen3-next-80b-a3b-instruct,29,2
qwen/qwen3-next-80b-a3b-instruct,31,2
qwen/qwen3-next-80b-a3b-instruct,35,2
qwen/qwen3-next-80b-a3b-instruct,29,2
qwen/qwen3-next-80b-a3b-instruct,30,2
qwen/qwen3-next-80b-a3b-instruct,29,2
qwen/qwen3-next-80b-a3b-instruct,29,2
qwen/qwen3-next-80b-a3b-instruct,29,2
qwen/qwen3-next-80b-a3b-instruct,31,2
qwen/qwen3-next-80b-a3b-instruct,35,2
qwen/qwen3-next-80b-a3b-instruct,29,2
qwen/qwen3-next-80b-a3b-instruct,30,2
qwen/qwen3-next-80b-a3b-instruct,31,2
qwen/qwen3-next-80b-a3b-instruct,27,2
qwen/qwen3-next-80b-a3b-instruct,27,2
qwen/qwen3-next-80b-a3b-instruct,29,2
qwen/qwen3-next-80b-a3b-instruct,29,2
qwen/qwen3-next-80b-a3b-instruct,38,2
qwen/qwen3-next-80b-a3b-instruct,39,2
qwen/qwen3-next-80b-a3b-instruct,27,2
qwen/qwen3-next-80b-a3b-instruct,27,2
qwen/qwen3-next-80b-a3b-instruct,27,2
qwen/qwen3-next-80b-a3b-instruct,27,2
qwen/qwen3-next-80b-a3b-instruct,27,2
qwen/qwen3-next-80b-a3b-instruct,26,2
qwen/qwen3-next-80b-a3b-instruct,26,2
qwen/qwen3-next-80b-a3b-instruct,27,2
qwen/qwen3-next-80b-a3b-instruct,29,2
qwen/qwen3-next-80b-a3b-instruct,29,2
qwen/qwen3-next-80b-a3b-instruct,38,2
qwen/qwen3-next-80b-a3b-instruct,38,2
qwen/qwen3-next-80b-a3b-instruct,38,2
qwen/qwen3-next-80b-a3b-instruct,27,2
qwen/qwen3-next-80b-a3b-instruct,27,2
qwen/qwen3-next-80b-a3b-instruct,27,2
qwen/qwen3-next-80b-a3b-instruct,27,2
qwen/qwen3-next-80b-a3b-instruct,27,2
qwen/qwen3-next-80b-a3b-instruct,27,2
qwen/qwen3-next-80b-a3b-instruct,27,2
qwen/qwen3-next-80b-a3b-instruct,27,2
qwen/qwen3-next-80b-a3b-instruct,27,2
qwen/qwen3-next-80b-a3b-instruct,26,2
qwen/qwen3-next-80b-a3b-instruct,26,2
qwen/qwen3-next-80b-a3b-instruct,27,2
qwen/qwen3-next-80b-a3b-instruct,27,2
qwen/qwen3-next-80b-a3b-instruct,38,2
qwen/qwen3-next-80b-a3b-instruct,39,2
qwen/qwen3-next-80b-a3b-instruct,37,2
qwen/qwen3-next-80b-a3b-instruct,38,2
qwen/qwen3-next-80b-a3b-instruct,38,2
qwen/qwen3-next-80b-a3b-instruct,39,2
qwen/qwen3-next-80b-a3b-instruct,39,2
qwen/qwen3-next-80b-a3b-instruct,39,2
qwen/qwen3-next-80b-a3b-instruct,39,2
qwen/qwen3-next-80b-a3b-instruct,38,2
qwen/qwen3-next-80b-a3b-instruct,38,2
qwen/qwen3-next-80b-a3b-instruct,38,2
qwen/qwen3-next-80b-a3b-instruct,38,2
qwen/qwen3-next-80b-a3b-instruct,39,2
qwen/qwen3-next-80b-a3b-instruct,37,2
qwen/qwen3-next-80b-a3b-instruct,37,2
qwen/qwen3-next-80b-a3b-instruct,38,2
qwen/qwen3-next-80b-a3b-instruct,38,2
qwen/qwen3-next-80b-a3b-instruct,39,2
qwen/qwen3-next-80b-a3b-instruct,38,2
qwen/qwen3-next-80b-a3b-instruct,38,2
qwen/qwen3-next-80b-a3b-instruct,39,2
qwen/qwen3-next-80b-a3b-instruct,38,2
qwen/qwen3-next-80b-a3b-instruct,37,2
qwen/qwen3-next-80b-a3b-instruct,38,2
qwen/qwen3-next-80b-a3b-instruct,39,2
qwen/qwen3-next-80b-a3b-instruct,39,2
qwen/qwen3-next-80b-a3b-instruct,38,2
qwen/qwen3-next-80b-a3b-instruct,38,2
qwen/qwen3-next-80b-a3b-instruct,38,2
qwen/qwen3-next-80b-a3b-instruct,39,2
qwen/qwen3-next-80b-a3b-instruct,38,2
qwen/qwen3-next-80b-a3b-instruct,38,2
qwen/qwen3-next-80b-a3b-instruct,33,2
qwen/qwen3-next-80b-a3b-instruct,34,2
qwen/qwen3-next-80b-a3b-instruct,34,2
qwen/qwen3-next-80b-a3b-instruct,33,2
qwen/qwen3-next-80b-a3b-instruct,37,2
qwen/qwen3-next-80b-a3b-instruct,37,2
qwen/qwen3-next-80b-a3b-instruct,37,2
qwen/qwen3-next-80b-a3b-instruct,37,2
qwen/qwen3-next-80b-a3b-instruct,37,2
qwen/qwen3-next-80b-a3b-instruct,38,2
qwen/qwen3-next-80b-a3b-instruct,38,2
qwen/qwen3-next-80b-a3b-instruct,34,2
qwen/qwen3-next-80b-a3b-instruct,38,2
qwen/qwen3-next-80b-a3b-instruct,38,2
qwen/qwen3-next-80b-a3b-instruct,33,2
qwen/qwen3-next-80b-a3b-instruct,38,2
qwen/qwen3-next-80b-a3b-instruct,37,2
qwen/qwen3-next-80b-a3b-instruct,37,2
qwen/qwen3-next-80b-a3b-instruct,33,2
qwen/qwen3-next-80b-a3b-instruct,37,2
qwen/qwen3-next-80b-a3b-instruct,34,2
qwen/qwen3-next-80b-a3b-instruct,34,2
qwen/qwen3-next-80b-a3b-instruct,34,2
qwen/qwen3-next-80b-a3b-instruct,34,2
qwen/qwen3-next-80b-a3b-instruct,33,2
qwen/qwen3-next-80b-a3b-instruct,37,2
qwen/qwen3-next-80b-a3b-instruct,37,2
qwen/qwen3-next-80b-a3b-instruct,37,2
qwen/qwen3-next-80b-a3b-instruct,37,2
qwen/qwen3-next-80b-a3b-instruct,34,2
qwen/qwen3-next-80b-a3b-instruct,38,2
qwen/qwen3-next-80b-a3b-instruct,33,2
qwen/qwen3-next-80b-a3b-instruct,33,2
qwen/qwen3-next-80b-a3b-instruct,34,2
qwen/qwen3-next-80b-a3b-instruct,33,2
qwen/qwen3-next-80b-a3b-instruct,33,2
qwen/qwen3-next-80b-a3b-instruct,34,2
qwen/qwen3-next-80b-a3b-instruct,34,2
qwen/qwen3-next-80b-a3b-instruct,33,2
qwen/qwen3-next-80b-a3b-instruct,33,2
qwen/qwen3-next-80b-a3b-instruct,33,2
qwen/qwen3-next-80b-a3b-instruct,33,2
qwen/qwen3-next-80b-a3b-instruct,33,2
qwen/qwen3-next-80b-a3b-instruct,33,2
qwen/qwen3-next-80b-a3b-instruct,33,2
qwen/qwen3-next-80b-a3b-instruct,33,2
qwen/qwen3-next-80b-a3b-instruct,34,2
qwen/qwen3-next-80b-a3b-instruct,33,2
qwen/qwen3-next-80b-a3b-instruct,33,2
qwen/qwen3-next-80b-a3b-instruct,34,2
qwen/qwen3-next-80b-a3b-instruct,34,2
qwen/qwen3-next-80b-a3b-instruct,34,2
qwen/qwen3-next-80b-a3b-instruct,34,2
qwen/qwen3-next-80b-a3b-instruct,33,2
qwen/qwen3-next-80b-a3b-instruct,33,2
qwen/qwen3-next-80b-a3b-instruct,33,2
qwen/qwen3-next-80b-a3b-instruct,34,2
qwen/qwen3-next-80b-a3b-instruct,34,2
qwen/qwen3-next-80b-a3b-instruct,34,2
qwen/qwen3-next-80b-a3b-instruct,33,2
qwen/qwen3-next-80b-a3b-instruct,33,2
qwen/qwen3-next-80b-a3b-instruct,33,2
qwen/qwen3-next-80b-a3b-instruct,34,2
qwen/qwen3-next-80b-a3b-instruct,33,2
qwen/qwen3-next-80b-a3b-instruct,30,2
qwen/qwen3-next-80b-a3b-instruct,31,2
qwen/qwen3-next-80b-a3b-instruct,30,2
qwen/qwen3-next-80b-a3b-instruct,30,2
qwen/qwen3-next-80b-a3b-instruct,30,2
qwen/qwen3-next-80b-a3b-instruct,30,2
qwen/qwen3-next-80b-a3b-instruct,30,2
qwen/qwen3-next-80b-a3b-instruct,30,2
qwen/qwen3-next-80b-a3b-instruct,30,2
qwen/qwen3-next-80b-a3b-instruct,33,2
qwen/qwen3-next-80b-a3b-instruct,33,2
qwen/qwen3-next-80b-a3b-instruct,33,2
qwen/qwen3-next-80b-a3b-instruct,30,2
qwen/qwen3-next-80b-a3b-instruct,31,2
qwen/qwen3-next-80b-a3b-instruct,33,2
qwen/qwen3-next-80b-a3b-instruct,30,2
qwen/qwen3-next-80b-a3b-instruct,30,2
qwen/qwen3-next-80b-a3b-instruct,34,2
qwen/qwen3-next-80b-a3b-instruct,30,2
qwen/qwen3-next-80b-a3b-instruct,34,2
qwen/qwen3-next-80b-a3b-instruct,31,2
qwen/qwen3-next-80b-a3b-instruct,33,2
qwen/qwen3-next-80b-a3b-instruct,31,2
qwen/qwen3-next-80b-a3b-instruct,31,2
qwen/qwen3-next-80b-a3b-instruct,30,2
qwen/qwen3-next-80b-a3b-instruct,30,2
qwen/qwen3-next-80b-a3b-instruct,33,2
qwen/qwen3-next-80b-a3b-instruct,34,2
qwen/qwen3-next-80b-a3b-instruct,30,2
qwen/qwen3-next-80b-a3b-instruct,34,2
qwen/qwen3-next-80b-a3b-instruct,30,2
qwen/qwen3-next-80b-a3b-instruct,38,2
qwen/qwen3-next-80b-a3b-instruct,38,2
qwen/qwen3-next-80b-a3b-instruct,38,2
qwen/qwen3-next-80b-a3b-instruct,38,2
qwen/qwen3-next-80b-a3b-instruct,38,2
qwen/qwen3-next-80b-a3b-instruct,38,2
qwen/qwen3-next-80b-a3b-instruct,37,2
qwen/qwen3-next-80b-a3b-instruct,37,2
qwen/qwen3-next-80b-a3b-instruct,37,2
qwen/qwen3-next-80b-a3b-instruct,37,2
qwen/qwen3-next-80b-a3b-instruct,38,2
qwen/qwen3-next-80b-a3b-instruct,39,2
qwen/qwen3-next-80b-a3b-instruct,31,2
qwen/qwen3-next-80b-a3b-instruct,30,2
qwen/qwen3-next-80b-a3b-instruct,31,2
qwen/qwen3-next-80b-a3b-instruct,30,2
qwen/qwen3-next-80b-a3b-instruct,38,2
qwen/qwen3-next-80b-a3b-instruct,38,2
qwen/qwen3-next-80b-a3b-instruct,38,2
qwen/qwen3-next-80b-a3b-instruct,30,2
qwen/qwen3-next-80b-a3b-instruct,31,2
qwen/qwen3-next-80b-a3b-instruct,30,2
qwen/qwen3-next-80b-a3b-instruct,38,2
qwen/qwen3-next-80b-a3b-instruct,38,2
qwen/qwen3-next-80b-a3b-instruct,38,2
qwen/qwen3-next-80b-a3b-instruct,38,2
qwen/qwen3-next-80b-a3b-instruct,38,2
qwen/qwen3-next-80b-a3b-instruct,39,2
qwen/qwen3-next-80b-a3b-instruct,39,2
qwen/qwen3-next-80b-a3b-instruct,39,2
qwen/qwen3-next-80b-a3b-instruct,38,2
qwen/qwen3-next-80b-a3b-instruct,38,2
qwen/qwen3-next-80b-a3b-instruct,33,2
qwen/qwen3-next-80b-a3b-instruct,32,2
qwen/qwen3-next-80b-a3b-instruct,32,2
qwen/qwen3-next-80b-a3b-instruct,32,2
qwen/qwen3-next-80b-a3b-instruct,33,2
qwen/qwen3-next-80b-a3b-instruct,32,2
qwen/qwen3-next-80b-a3b-instruct,38,2
qwen/qwen3-next-80b-a3b-instruct,33,2
qwen/qwen3-next-80b-a3b-instruct,32,2
qwen/qwen3-next-80b-a3b-instruct,33,2
qwen/qwen3-next-80b-a3b-instruct,32,2
qwen/qwen3-next-80b-a3b-instruct,33,2
qwen/qwen3-next-80b-a3b-instruct,33,2
qwen/qwen3-next-80b-a3b-instruct,32,2
qwen/qwen3-next-80b-a3b-instruct,32,2
qwen/qwen3-next-80b-a3b-instruct,38,2
qwen/qwen3-next-80b-a3b-instruct,32,2
qwen/qwen3-next-80b-a3b-instruct,32,2
qwen/qwen3-next-80b-a3b-instruct,32,2
qwen/qwen3-next-80b-a3b-instruct,33,2
qwen/qwen3-next-80b-a3b-instruct,32,2
qwen/qwen3-next-80b-a3b-instruct,32,2
qwen/qwen3-next-80b-a3b-instruct,32,2
qwen/qwen3-next-80b-a3b-instruct,32,2
qwen/qwen3-next-80b-a3b-instruct,30,2
qwen/qwen3-next-80b-a3b-instruct,38,2
qwen/qwen3-next-80b-a3b-instruct,32,2
qwen/qwen3-next-80b-a3b-instruct,32,2
qwen/qwen3-next-80b-a3b-instruct,32,2
qwen/qwen3-next-80b-a3b-instruct,32,2
qwen/qwen3-next-80b-a3b-instruct,33,2
qwen/qwen3-next-80b-a3b-instruct,32,2
qwen/qwen3-next-80b-a3b-instruct,30,2
qwen/qwen3-next-80b-a3b-instruct,29,2
qwen/qwen3-next-80b-a3b-instruct,29,2
qwen/qwen3-next-80b-a3b-instruct,31,2
qwen/qwen3-next-80b-a3b-instruct,30,2
qwen/qwen3-next-80b-a3b-instruct,30,2
qwen/qwen3-next-80b-a3b-instruct,36,2
qwen/qwen3-next-80b-a3b-instruct,31,2
qwen/qwen3-next-80b-a3b-instruct,37,2
qwen/qwen3-next-80b-a3b-instruct,36,2
qwen/qwen3-next-80b-a3b-instruct,36,2
qwen/qwen3-next-80b-a3b-instruct,30,2
qwen/qwen3-next-80b-a3b-instruct,30,2
qwen/qwen3-next-80b-a3b-instruct,30,2
qwen/qwen3-next-80b-a3b-instruct,30,2
qwen/qwen3-next-80b-a3b-instruct,30,2
qwen/qwen3-next-80b-a3b-instruct,31,2
qwen/qwen3-next-80b-a3b-instruct,30,2
qwen/qwen3-next-80b-a3b-instruct,30,2
qwen/qwen3-next-80b-a3b-instruct,36,2
qwen/qwen3-next-80b-a3b-instruct,30,2
qwen/qwen3-next-80b-a3b-instruct,30,2
qwen/qwen3-next-80b-a3b-instruct,30,2
qwen/qwen3-next-80b-a3b-instruct,29,2
qwen/qwen3-next-80b-a3b-instruct,31,2
qwen/qwen3-next-80b-a3b-instruct,30,2
qwen/qwen3-next-80b-a3b-instruct,29,2
qwen/qwen3-next-80b-a3b-instruct,30,2
qwen/qwen3-next-80b-a3b-instruct,30,2
qwen/qwen3-next-80b-a3b-instruct,30,2
qwen/qwen3-next-80b-a3b-instruct,30,2
qwen/qwen3-next-80b-a3b-instruct,30,2
qwen/qwen3-next-80b-a3b-instruct,36,2
qwen/qwen3-next-80b-a3b-instruct,36,2
qwen/qwen3-next-80b-a3b-instruct,35,2
qwen/qwen3-next-80b-a3b-instruct,35,2
qwen/qwen3-next-80b-a3b-instruct,36,2
qwen/qwen3-next-80b-a3b-instruct,36,2
qwen/qwen3-next-80b-a3b-instruct,37,2
qwen/qwen3-next-80b-a3b-instruct,37,2
qwen/qwen3-next-80b-a3b-instruct,36,2
qwen/qwen3-next-80b-a3b-instruct,36,2
qwen/qwen3-next-80b-a3b-instruct,36,2
qwen/qwen3-next-80b-a3b-instruct,36,2
qwen/qwen3-next-80b-a3b-instruct,36,2
qwen/qwen3-next-80b-a3b-instruct,36,2
qwen/qwen3-next-80b-a3b-instruct,36,2
qwen/qwen3-next-80b-a3b-instruct,36,2
qwen/qwen3-next-80b-a3b-instruct,35,2
qwen/qwen3-next-80b-a3b-instruct,36,2
qwen/qwen3-next-80b-a3b-instruct,37,2
qwen/qwen3-next-80b-a3b-instruct,37,2
qwen/qwen3-next-80b-a3b-instruct,36,2
qwen/qwen3-next-80b-a3b-instruct,36,2
qwen/qwen3-next-80b-a3b-instruct,36,2
qwen/qwen3-next-80b-a3b-instruct,36,2
qwen/qwen3-next-80b-a3b-instruct,36,2
qwen/qwen3-next-80b-a3b-instruct,36,2
qwen/qwen3-next-80b-a3b-instruct,36,2
qwen/qwen3-next-80b-a3b-instruct,37,2
qwen/qwen3-next-80b-a3b-instruct,37,2
qwen/qwen3-next-80b-a3b-instruct,35,2
qwen/qwen3-next-80b-a3b-instruct,37,2
qwen/qwen3-next-80b-a3b-instruct,36,2
qwen/qwen3-next-80b-a3b-instruct,35,2
qwen/qwen3-next-80b-a3b-instruct,36,2
qwen/qwen3-next-80b-a3b-instruct,35,2
qwen/qwen3-next-80b-a3b-instruct,35,2
qwen/qwen3-next-80b-a3b-instruct,35,2
qwen/qwen3-next-80b-a3b-instruct,35,2
qwen/qwen3-next-80b-a3b-instruct,35,2
qwen/qwen3-next-80b-a3b-instruct,35,2
qwen/qwen3-next-80b-a3b-instruct,31,2
qwen/qwen3-next-80b-a3b-instruct,32,2
qwen/qwen3-next-80b-a3b-instruct,31,2
qwen/qwen3-next-80b-a3b-instruct,32,2
qwen/qwen3-next-80b-a3b-instruct,36,2
qwen/qwen3-next-80b-a3b-instruct,35,2
qwen/qwen3-next-80b-a3b-instruct,32,2
qwen/qwen3-next-80b-a3b-instruct,31,2
qwen/qwen3-next-80b-a3b-instruct,35,2
qwen/qwen3-next-80b-a3b-instruct,32,2
qwen/qwen3-next-80b-a3b-instruct,32,2
qwen/qwen3-next-80b-a3b-instruct,35,2
qwen/qwen3-next-80b-a3b-instruct,35,2
qwen/qwen3-next-80b-a3b-instruct,32,2
qwen/qwen3-next-80b-a3b-instruct,32,2
qwen/qwen3-next-80b-a3b-instruct,32,2
qwen/qwen3-next-80b-a3b-instruct,35,2
qwen/qwen3-next-80b-a3b-instruct,31,2
qwen/qwen3-next-80b-a3b-instruct,35,2
qwen/qwen3-next-80b-a3b-instruct,36,2
qwen/qwen3-next-80b-a3b-instruct,35,2
qwen/qwen3-next-80b-a3b-instruct,35,2
qwen/qwen3-next-80b-a3b-instruct,35,2
qwen/qwen3-next-80b-a3b-instruct,31,2
qwen/qwen3-next-80b-a3b-instruct,31,2
qwen/qwen3-next-80b-a3b-instruct,31,2
qwen/qwen3-next-80b-a3b-instruct,32,2
qwen/qwen3-next-80b-a3b-instruct,32,2
qwen/qwen3-next-80b-a3b-instruct,32,2
qwen/qwen3-next-80b-a3b-instruct,31,2
qwen/qwen3-next-80b-a3b-instruct,31,2
qwen/qwen3-next-80b-a3b-instruct,31,2
qwen/qwen3-next-80b-a3b-instruct,31,2
qwen/qwen3-next-80b-a3b-instruct,31,2
qwen/qwen3-next-80b-a3b-instruct,31,2
qwen/qwen3-next-80b-a3b-instruct,31,2
qwen/qwen3-next-80b-a3b-instruct,32,2
qwen/qwen3-next-80b-a3b-instruct,31,2
qwen/qwen3-next-80b-a3b-instruct,32,2
qwen/qwen3-next-80b-a3b-instruct,32,2
qwen/qwen3-next-80b-a3b-instruct,31,2
qwen/qwen3-next-80b-a3b-instruct,31,2
qwen/qwen3-next-80b-a3b-instruct,31,2
qwen/qwen3-next-80b-a3b-instruct,31,2
qwen/qwen3-next-80b-a3b-instruct,31,2
qwen/qwen3-next-80b-a3b-instruct,31,2
qwen/qwen3-next-80b-a3b-instruct,31,2
qwen/qwen3-next-80b-a3b-instruct,31,2
qwen/qwen3-next-80b-a3b-instruct,31,2
qwen/qwen3-next-80b-a3b-instruct,31,2
qwen/qwen3-next-80b-a3b-instruct,31,2
qwen/qwen3-next-80b-a3b-instruct,32,2
qwen/qwen3-next-80b-a3b-instruct,31,2
qwen/qwen3-next-80b-a3b-instruct,31,2
qwen/qwen3-next-80b-a3b-instruct,32,2
qwen/qwen3-next-80b-a3b-instruct,31,2
qwen/qwen3-next-80b-a3b-instruct,31,2
qwen/qwen3-next-80b-a3b-instruct,28,2
qwen/qwen3-next-80b-a3b-instruct,29,2
qwen/qwen3-next-80b-a3b-instruct,28,2
qwen/qwen3-next-80b-a3b-instruct,28,2
qwen/qwen3-next-80b-a3b-instruct,28,2
qwen/qwen3-next-80b-a3b-instruct,28,2
qwen/qwen3-next-80b-a3b-instruct,31,2
qwen/qwen3-next-80b-a3b-instruct,28,2
qwen/qwen3-next-80b-a3b-instruct,28,2
qwen/qwen3-next-80b-a3b-instruct,29,2
qwen/qwen3-next-80b-a3b-instruct,31,2
qwen/qwen3-next-80b-a3b-instruct,31,2
qwen/qwen3-next-80b-a3b-instruct,31,2
qwen/qwen3-next-80b-a3b-instruct,31,2
qwen/qwen3-next-80b-a3b-instruct,31,2
qwen/qwen3-next-80b-a3b-instruct,29,2
qwen/qwen3-next-80b-a3b-instruct,28,2
qwen/qwen3-next-80b-a3b-instruct,28,2
qwen/qwen3-next-80b-a3b-instruct,28,2
qwen/qwen3-next-80b-a3b-instruct,31,2
qwen/qwen3-next-80b-a3b-instruct,29,2
qwen/qwen3-next-80b-a3b-instruct,31,2
qwen/qwen3-next-80b-a3b-instruct,31,2
qwen/qwen3-next-80b-a3b-instruct,28,2
qwen/qwen3-next-80b-a3b-instruct,28,2
qwen/qwen3-next-80b-a3b-instruct,28,2
qwen/qwen3-next-80b-a3b-instruct,28,2
qwen/qwen3-next-80b-a3b-instruct,31,2
qwen/qwen3-next-80b-a3b-instruct,28,2
qwen/qwen3-next-80b-a3b-instruct,28,2
qwen/qwen3-next-80b-a3b-instruct,29,2
qwen/qwen3-next-80b-a3b-instruct,29,2
qwen/qwen3-next-80b-a3b-instruct,36,2
qwen/qwen3-next-80b-a3b-instruct,36,2
qwen/qwen3-next-80b-a3b-instruct,36,2
qwen/qwen3-next-80b-a3b-instruct,36,2
qwen/qwen3-next-80b-a3b-instruct,36,2
qwen/qwen3-next-80b-a3b-instruct,36,2
qwen/qwen3-next-80b-a3b-instruct,36,2
qwen/qwen3-next-80b-a3b-instruct,35,2
qwen/qwen3-next-80b-a3b-instruct,37,2
qwen/qwen3-next-80b-a3b-instruct,37,2
qwen/qwen3-next-80b-a3b-instruct,29,2
qwen/qwen3-next-80b-a3b-instruct,28,2
qwen/qwen3-next-80b-a3b-instruct,28,2
qwen/qwen3-next-80b-a3b-instruct,36,2
qwen/qwen3-next-80b-a3b-instruct,35,2
qwen/qwen3-next-80b-a3b-instruct,28,2
qwen/qwen3-next-80b-a3b-instruct,36,2
qwen/qwen3-next-80b-a3b-instruct,36,2
qwen/qwen3-next-80b-a3b-instruct,36,2
qwen/qwen3-next-80b-a3b-instruct,35,2
qwen/qwen3-next-80b-a3b-instruct,36,2
qwen/qwen3-next-80b-a3b-instruct,35,2
qwen/qwen3-next-80b-a3b-instruct,36,2
qwen/qwen3-next-80b-a3b-instruct,28,2
qwen/qwen3-next-80b-a3b-instruct,36,2
qwen/qwen3-next-80b-a3b-instruct,36,2
qwen/qwen3-next-80b-a3b-instruct,36,2
qwen/qwen3-next-80b-a3b-instruct,37,2
qwen/qwen3-next-80b-a3b-instruct,37,2
qwen/qwen3-next-80b-a3b-instruct,29,2
qwen/qwen3-next-80b-a3b-instruct,36,2
qwen/qwen3-next-80b-a3b-instruct,31,2
qwen/qwen3-next-80b-a3b-instruct,30,2
qwen/qwen3-next-80b-a3b-instruct,30,2
qwen/qwen3-next-80b-a3b-instruct,31,2
qwen/qwen3-next-80b-a3b-instruct,31,2
qwen/qwen3-next-80b-a3b-instruct,30,2
qwen/qwen3-next-80b-a3b-instruct,36,2
qwen/qwen3-next-80b-a3b-instruct,30,2
qwen/qwen3-next-80b-a3b-instruct,30,2
qwen/qwen3-next-80b-a3b-instruct,30,2
qwen/qwen3-next-80b-a3b-instruct,30,2
qwen/qwen3-next-80b-a3b-instruct,28,2
qwen/qwen3-next-80b-a3b-instruct,31,2
qwen/qwen3-next-80b-a3b-instruct,36,2
qwen/qwen3-next-80b-a3b-instruct,30,2
qwen/qwen3-next-80b-a3b-instruct,30,2
qwen/qwen3-next-80b-a3b-instruct,31,2
qwen/qwen3-next-80b-a3b-instruct,30,2
qwen/qwen3-next-80b-a3b-instruct,30,2
qwen/qwen3-next-80b-a3b-instruct,31,2
qwen/qwen3-next-80b-a3b-instruct,30,2
qwen/qwen3-next-80b-a3b-instruct,30,2
qwen/qwen3-next-80b-a3b-instruct,30,2
qwen/qwen3-next-80b-a3b-instruct,31,2
qwen/qwen3-next-80b-a3b-instruct,30,2
qwen/qwen3-next-80b-a3b-instruct,30,2
qwen/qwen3-next-80b-a3b-instruct,36,2
qwen/qwen3-next-80b-a3b-instruct,31,2
qwen/qwen3-next-80b-a3b-instruct,30,2
qwen/qwen3-next-80b-a3b-instruct,30,2
qwen/qwen3-next-80b-a3b-instruct,30,2
qwen/qwen3-next-80b-a3b-instruct,30,2
qwen/qwen3-next-80b-a3b-instruct,28,2
qwen/qwen3-next-80b-a3b-instruct,28,2
qwen/qwen3-next-80b-a3b-instruct,28,2
qwen/qwen3-next-80b-a3b-instruct,27,2
qwen/qwen3-next-80b-a3b-instruct,28,2
qwen/qwen3-next-80b-a3b-instruct,39,2
qwen/qwen3-next-80b-a3b-instruct,39,2
qwen/qwen3-next-80b-a3b-instruct,28,2
qwen/qwen3-next-80b-a3b-instruct,28,2
qwen/qwen3-next-80b-a3b-instruct,28,2
qwen/qwen3-next-80b-a3b-instruct,28,2
qwen/qwen3-next-80b-a3b-instruct,29,2
qwen/qwen3-next-80b-a3b-instruct,27,2
qwen/qwen3-next-80b-a3b-instruct,28,2
qwen/qwen3-next-80b-a3b-instruct,39,2
qwen/qwen3-next-80b-a3b-instruct,40,2
qwen/qwen3-next-80b-a3b-instruct,28,2
qwen/qwen3-next-80b-a3b-instruct,28,2
qwen/qwen3-next-80b-a3b-instruct,29,2
qwen/qwen3-next-80b-a3b-instruct,39,2
qwen/qwen3-next-80b-a3b-instruct,28,2
qwen/qwen3-next-80b-a3b-instruct,28,2
qwen/qwen3-next-80b-a3b-instruct,27,2
qwen/qwen3-next-80b-a3b-instruct,28,2
qwen/qwen3-next-80b-a3b-instruct,28,2
qwen/qwen3-next-80b-a3b-instruct,28,2
qwen/qwen3-next-80b-a3b-instruct,28,2
qwen/qwen3-next-80b-a3b-instruct,28,2
qwen/qwen3-next-80b-a3b-instruct,29,2
qwen/qwen3-next-80b-a3b-instruct,27,2
qwen/qwen3-next-80b-a3b-instruct,28,2
qwen/qwen3-next-80b-a3b-instruct,29,2
qwen/qwen3-next-80b-a3b-instruct,39,2
qwen/qwen3-next-80b-a3b-instruct,39,2
qwen/qwen3-next-80b-a3b-instruct,39,2
qwen/qwen3-next-80b-a3b-instruct,39,2
qwen/qwen3-next-80b-a3b-instruct,38,2
qwen/qwen3-next-80b-a3b-instruct,38,2
qwen/qwen3-next-80b-a3b-instruct,40,2
qwen/qwen3-next-80b-a3b-instruct,40,2
qwen/qwen3-next-80b-a3b-instruct,39,2
qwen/qwen3-next-80b-a3b-instruct,39,2
qwen/qwen3-next-80b-a3b-instruct,40,2
qwen/qwen3-next-80b-a3b-instruct,40,2
qwen/qwen3-next-80b-a3b-instruct,39,2
qwen/qwen3-next-80b-a3b-instruct,38,2
qwen/qwen3-next-80b-a3b-instruct,40,2
qwen/qwen3-next-80b-a3b-instruct,40,2
qwen/qwen3-next-80b-a3b-instruct,40,2
qwen/qwen3-next-80b-a3b-instruct,39,2
qwen/qwen3-next-80b-a3b-instruct,39,2
qwen/qwen3-next-80b-a3b-instruct,39,2
qwen/qwen3-next-80b-a3b-instruct,40,2
qwen/qwen3-next-80b-a3b-instruct,40,2
qwen/qwen3-next-80b-a3b-instruct,39,2
qwen/qwen3-next-80b-a3b-instruct,40,2
qwen/qwen3-next-80b-a3b-instruct,39,2
qwen/qwen3-next-80b-a3b-instruct,39,2
qwen/qwen3-next-80b-a3b-instruct,40,2
qwen/qwen3-next-80b-a3b-instruct,38,2
qwen/qwen3-next-80b-a3b-instruct,39,2
qwen/qwen3-next-80b-a3b-instruct,39,2
qwen/qwen3-next-80b-a3b-instruct,39,2
qwen/qwen3-next-80b-a3b-instruct,39,2
qwen/qwen3-next-80b-a3b-instruct,38,2
qwen/qwen3-next-80b-a3b-instruct,38,2
qwen/qwen3-next-80b-a3b-instruct,39,2
qwen/qwen3-next-80b-a3b-instruct,34,2
qwen/qwen3-next-80b-a3b-instruct,34,2
qwen/qwen3-next-80b-a3b-instruct,35,2
qwen/qwen3-next-80b-a3b-instruct,34,2
qwen/qwen3-next-80b-a3b-instruct,35,2
qwen/qwen3-next-80b-a3b-instruct,35,2
qwen/qwen3-next-80b-a3b-instruct,34,2
qwen/qwen3-next-80b-a3b-instruct,39,2
qwen/qwen3-next-80b-a3b-instruct,38,2
qwen/qwen3-next-80b-a3b-instruct,38,2
qwen/qwen3-next-80b-a3b-instruct,38,2
qwen/qwen3-next-80b-a3b-instruct,39,2
qwen/qwen3-next-80b-a3b-instruct,34,2
qwen/qwen3-next-80b-a3b-instruct,35,2
qwen/qwen3-next-80b-a3b-instruct,39,2
qwen/qwen3-next-80b-a3b-instruct,38,2
qwen/qwen3-next-80b-a3b-instruct,38,2
qwen/qwen3-next-80b-a3b-instruct,38,2
qwen/qwen3-next-80b-a3b-instruct,38,2
qwen/qwen3-next-80b-a3b-instruct,35,2
qwen/qwen3-next-80b-a3b-instruct,35,2
qwen/qwen3-next-80b-a3b-instruct,35,2
qwen/qwen3-next-80b-a3b-instruct,39,2
qwen/qwen3-next-80b-a3b-instruct,38,2
qwen/qwen3-next-80b-a3b-instruct,35,2
qwen/qwen3-next-80b-a3b-instruct,38,2
qwen/qwen3-next-80b-a3b-instruct,38,2
qwen/qwen3-next-80b-a3b-instruct,39,2
qwen/qwen3-next-80b-a3b-instruct,39,2
qwen/qwen3-next-80b-a3b-instruct,35,2
qwen/qwen3-next-80b-a3b-instruct,34,2
qwen/qwen3-next-80b-a3b-instruct,35,2
qwen/qwen3-next-80b-a3b-instruct,34,2
qwen/qwen3-next-80b-a3b-instruct,34,2
qwen/qwen3-next-80b-a3b-instruct,35,2
qwen/qwen3-next-80b-a3b-instruct,35,2
qwen/qwen3-next-80b-a3b-instruct,34,2
qwen/qwen3-next-80b-a3b-instruct,34,2
qwen/qwen3-next-80b-a3b-instruct,34,2
qwen/qwen3-next-80b-a3b-instruct,34,2
qwen/qwen3-next-80b-a3b-instruct,34,2
qwen/qwen3-next-80b-a3b-instruct,34,2
qwen/qwen3-next-80b-a3b-instruct,34,2
qwen/qwen3-next-80b-a3b-instruct,34,2
qwen/qwen3-next-80b-a3b-instruct,34,2
qwen/qwen3-next-80b-a3b-instruct,34,2
qwen/qwen3-next-80b-a3b-instruct,34,2
qwen/qwen3-next-80b-a3b-instruct,34,2
qwen/qwen3-next-80b-a3b-instruct,35,2
qwen/qwen3-next-80b-a3b-instruct,34,2
qwen/qwen3-next-80b-a3b-instruct,34,2
qwen/qwen3-next-80b-a3b-instruct,35,2
qwen/qwen3-next-80b-a3b-instruct,34,2
qwen/qwen3-next-80b-a3b-instruct,35,2
qwen/qwen3-next-80b-a3b-instruct,35,2
qwen/qwen3-next-80b-a3b-instruct,34,2
qwen/qwen3-next-80b-a3b-instruct,35,2
qwen/qwen3-next-80b-a3b-instruct,34,2
qwen/qwen3-next-80b-a3b-instruct,35,2
qwen/qwen3-next-80b-a3b-instruct,35,2
qwen/qwen3-next-80b-a3b-instruct,35,2
qwen/qwen3-next-80b-a3b-instruct,29,2
qwen/qwen3-next-80b-a3b-instruct,30,2
qwen/qwen3-next-80b-a3b-instruct,29,2
qwen/qwen3-next-80b-a3b-instruct,29,2
qwen/qwen3-next-80b-a3b-instruct,29,2
qwen/qwen3-next-80b-a3b-instruct,29,2
qwen/qwen3-next-80b-a3b-instruct,34,2
qwen/qwen3-next-80b-a3b-instruct,34,2
qwen/qwen3-next-80b-a3b-instruct,35,2
qwen/qwen3-next-80b-a3b-instruct,35,2
qwen/qwen3-next-80b-a3b-instruct,35,2
qwen/qwen3-next-80b-a3b-instruct,29,2
qwen/qwen3-next-80b-a3b-instruct,30,2
qwen/qwen3-next-80b-a3b-instruct,29,2
qwen/qwen3-next-80b-a3b-instruct,29,2
qwen/qwen3-next-80b-a3b-instruct,29,2
qwen/qwen3-next-80b-a3b-instruct,29,2
qwen/qwen3-next-80b-a3b-instruct,34,2
qwen/qwen3-next-80b-a3b-instruct,34,2
qwen/qwen3-next-80b-a3b-instruct,35,2
qwen/qwen3-next-80b-a3b-instruct,29,2
qwen/qwen3-next-80b-a3b-instruct,30,2
qwen/qwen3-next-80b-a3b-instruct,34,2
qwen/qwen3-next-80b-a3b-instruct,29,2
qwen/qwen3-next-80b-a3b-instruct,34,2
qwen/qwen3-next-80b-a3b-instruct,29,2
qwen/qwen3-next-80b-a3b-instruct,34,2
qwen/qwen3-next-80b-a3b-instruct,29,2
qwen/qwen3-next-80b-a3b-instruct,29,2
qwen/qwen3-next-80b-a3b-instruct,30,2
qwen/qwen3-next-80b-a3b-instruct,29,2
qwen/qwen3-next-80b-a3b-instruct,29,2
qwen/qwen3-next-80b-a3b-instruct,37,2
qwen/qwen3-next-80b-a3b-instruct,37,2
qwen/qwen3-next-80b-a3b-instruct,37,2
qwen/qwen3-next-80b-a3b-instruct,37,2
qwen/qwen3-next-80b-a3b-instruct,37,2
qwen/qwen3-next-80b-a3b-instruct,37,2
qwen/qwen3-next-80b-a3b-instruct,37,2
qwen/qwen3-next-80b-a3b-instruct,29,2
qwen/qwen3-next-80b-a3b-instruct,29,2
qwen/qwen3-next-80b-a3b-instruct,29,2
qwen/qwen3-next-80b-a3b-instruct,37,2
qwen/qwen3-next-80b-a3b-instruct,37,2
qwen/qwen3-next-80b-a3b-instruct,37,2
qwen/qwen3-next-80b-a3b-instruct,36,2
qwen/qwen3-next-80b-a3b-instruct,36,2
qwen/qwen3-next-80b-a3b-instruct,37,2
qwen/qwen3-next-80b-a3b-instruct,37,2
qwen/qwen3-next-80b-a3b-instruct,29,2
qwen/qwen3-next-80b-a3b-instruct,29,2
qwen/qwen3-next-80b-a3b-instruct,29,2
qwen/qwen3-next-80b-a3b-instruct,37,2
qwen/qwen3-next-80b-a3b-instruct,37,2
qwen/qwen3-next-80b-a3b-instruct,36,2
qwen/qwen3-next-80b-a3b-instruct,36,2
qwen/qwen3-next-80b-a3b-instruct,29,2
qwen/qwen3-next-80b-a3b-instruct,37,2
qwen/qwen3-next-80b-a3b-instruct,37,2
qwen/qwen3-next-80b-a3b-instruct,37,2
qwen/qwen3-next-80b-a3b-instruct,37,2
qwen/qwen3-next-80b-a3b-instruct,37,2
qwen/qwen3-next-80b-a3b-instruct,37,2
qwen/qwen3-next-80b-a3b-instruct,37,2
qwen/qwen3-next-80b-a3b-instruct,32,2
qwen/qwen3-next-80b-a3b-instruct,31,2
qwen/qwen3-next-80b-a3b-instruct,31,2
qwen/qwen3-next-80b-a3b-instruct,31,2
qwen/qwen3-next-80b-a3b-instruct,31,2
qwen/qwen3-next-80b-a3b-instruct,31,2
qwen/qwen3-next-80b-a3b-instruct,31,2
qwen/qwen3-next-80b-a3b-instruct,31,2
qwen/qwen3-next-80b-a3b-instruct,31,2
qwen/qwen3-next-80b-a3b-instruct,29,2
qwen/qwen3-next-80b-a3b-instruct,31,2
qwen/qwen3-next-80b-a3b-instruct,37,2
qwen/qwen3-next-80b-a3b-instruct,31,2
qwen/qwen3-next-80b-a3b-instruct,31,2
qwen/qwen3-next-80b-a3b-instruct,32,2
qwen/qwen3-next-80b-a3b-instruct,31,2
qwen/qwen3-next-80b-a3b-instruct,32,2
qwen/qwen3-next-80b-a3b-instruct,31,2
qwen/qwen3-next-80b-a3b-instruct,31,2
qwen/qwen3-next-80b-a3b-instruct,31,2
qwen/qwen3-next-80b-a3b-instruct,31,2
qwen/qwen3-next-80b-a3b-instruct,31,2
qwen/qwen3-next-80b-a3b-instruct,37,2
qwen/qwen3-next-80b-a3b-instruct,31,2
qwen/qwen3-next-80b-a3b-instruct,32,2
qwen/qwen3-next-80b-a3b-instruct,31,2
qwen/qwen3-next-80b-a3b-instruct,31,2
qwen/qwen3-next-80b-a3b-instruct,37,2
qwen/qwen3-next-80b-a3b-instruct,31,2
qwen/qwen3-next-80b-a3b-instruct,31,2
qwen/qwen3-next-80b-a3b-instruct,31,2
qwen/qwen3-next-80b-a3b-instruct,31,2
qwen/qwen3-next-80b-a3b-instruct,29,2
qwen/qwen3-next-80b-a3b-instruct,29,2
qwen/qwen3-next-80b-a3b-instruct,29,2
qwen/qwen3-next-80b-a3b-instruct,29,2
qwen/qwen3-next-80b-a3b-instruct,29,2
qwen/qwen3-next-80b-a3b-instruct,28,2
qwen/qwen3-next-80b-a3b-instruct,29,2
qwen/qwen3-next-80b-a3b-instruct,29,2
qwen/qwen3-next-80b-a3b-instruct,39,2
qwen/qwen3-next-80b-a3b-instruct,29,2
qwen/qwen3-next-80b-a3b-instruct,29,2
qwen/qwen3-next-80b-a3b-instruct,29,2
qwen/qwen3-next-80b-a3b-instruct,29,2
qwen/qwen3-next-80b-a3b-instruct,39,2
qwen/qwen3-next-80b-a3b-instruct,29,2
qwen/qwen3-next-80b-a3b-instruct,29,2
qwen/qwen3-next-80b-a3b-instruct,29,2
qwen/qwen3-next-80b-a3b-instruct,29,2
qwen/qwen3-next-80b-a3b-instruct,29,2
qwen/qwen3-next-80b-a3b-instruct,29,2
qwen/qwen3-next-80b-a3b-instruct,29,2
qwen/qwen3-next-80b-a3b-instruct,29,2
qwen/qwen3-next-80b-a3b-instruct,28,2
qwen/qwen3-next-80b-a3b-instruct,29,2
qwen/qwen3-next-80b-a3b-instruct,39,2
qwen/qwen3-next-80b-a3b-instruct,40,2
qwen/qwen3-next-80b-a3b-instruct,29,2
qwen/qwen3-next-80b-a3b-instruct,28,2
qwen/qwen3-next-80b-a3b-instruct,29,2
qwen/qwen3-next-80b-a3b-instruct,39,2
qwen/qwen3-next-80b-a3b-instruct,29,2
qwen/qwen3-next-80b-a3b-instruct,28,2
qwen/qwen3-next-80b-a3b-instruct,39,2
qwen/qwen3-next-80b-a3b-instruct,40,2
qwen/qwen3-next-80b-a3b-instruct,40,2
qwen/qwen3-next-80b-a3b-instruct,39,2
qwen/qwen3-next-80b-a3b-instruct,39,2
qwen/qwen3-next-80b-a3b-instruct,39,2
qwen/qwen3-next-80b-a3b-instruct,39,2
qwen/qwen3-next-80b-a3b-instruct,40,2
qwen/qwen3-next-80b-a3b-instruct,40,2
qwen/qwen3-next-80b-a3b-instruct,39,2
qwen/qwen3-next-80b-a3b-instruct,39,2
qwen/qwen3-next-80b-a3b-instruct,39,2
qwen/qwen3-next-80b-a3b-instruct,39,2
qwen/qwen3-next-80b-a3b-instruct,39,2
qwen/qwen3-next-80b-a3b-instruct,39,2
qwen/qwen3-next-80b-a3b-instruct,39,2
qwen/qwen3-next-80b-a3b-instruct,40,2
qwen/qwen3-next-80b-a3b-instruct,38,2
qwen/qwen3-next-80b-a3b-instruct,38,2
qwen/qwen3-next-80b-a3b-instruct,40,2
qwen/qwen3-next-80b-a3b-instruct,39,2
qwen/qwen3-next-80b-a3b-instruct,40,2
qwen/qwen3-next-80b-a3b-instruct,39,2
qwen/qwen3-next-80b-a3b-instruct,39,2
qwen/qwen3-next-80b-a3b-instruct,38,2
qwen/qwen3-next-80b-a3b-instruct,40,2
qwen/qwen3-next-80b-a3b-instruct,38,2
qwen/qwen3-next-80b-a3b-instruct,39,2
qwen/qwen3-next-80b-a3b-instruct,40,2
qwen/qwen3-next-80b-a3b-instruct,40,2
qwen/qwen3-next-80b-a3b-instruct,40,2
qwen/qwen3-next-80b-a3b-instruct,39,2
qwen/qwen3-next-80b-a3b-instruct,38,2
qwen/qwen3-next-80b-a3b-instruct,38,2
qwen/qwen3-next-80b-a3b-instruct,38,2
qwen/qwen3-next-80b-a3b-instruct,38,2
qwen/qwen3-next-80b-a3b-instruct,39,2
qwen/qwen3-next-80b-a3b-instruct,39,2
qwen/qwen3-next-80b-a3b-instruct,34,2
qwen/qwen3-next-80b-a3b-instruct,34,2
qwen/qwen3-next-80b-a3b-instruct,35,2
qwen/qwen3-next-80b-a3b-instruct,35,2
qwen/qwen3-next-80b-a3b-instruct,35,2
qwen/qwen3-next-80b-a3b-instruct,35,2
qwen/qwen3-next-80b-a3b-instruct,38,2
qwen/qwen3-next-80b-a3b-instruct,38,2
qwen/qwen3-next-80b-a3b-instruct,38,2
qwen/qwen3-next-80b-a3b-instruct,38,2
qwen/qwen3-next-80b-a3b-instruct,38,2
qwen/qwen3-next-80b-a3b-instruct,34,2
qwen/qwen3-next-80b-a3b-instruct,35,2
qwen/qwen3-next-80b-a3b-instruct,35,2
qwen/qwen3-next-80b-a3b-instruct,34,2
qwen/qwen3-next-80b-a3b-instruct,39,2
qwen/qwen3-next-80b-a3b-instruct,38,2
qwen/qwen3-next-80b-a3b-instruct,38,2
qwen/qwen3-next-80b-a3b-instruct,38,2
qwen/qwen3-next-80b-a3b-instruct,39,2
qwen/qwen3-next-80b-a3b-instruct,39,2
qwen/qwen3-next-80b-a3b-instruct,34,2
qwen/qwen3-next-80b-a3b-instruct,35,2
qwen/qwen3-next-80b-a3b-instruct,39,2
qwen/qwen3-next-80b-a3b-instruct,39,2
qwen/qwen3-next-80b-a3b-instruct,35,2
qwen/qwen3-next-80b-a3b-instruct,34,2
qwen/qwen3-next-80b-a3b-instruct,35,2
qwen/qwen3-next-80b-a3b-instruct,34,2
qwen/qwen3-next-80b-a3b-instruct,35,2
qwen/qwen3-next-80b-a3b-instruct,35,2
qwen/qwen3-next-80b-a3b-instruct,35,2
qwen/qwen3-next-80b-a3b-instruct,35,2
qwen/qwen3-next-80b-a3b-instruct,34,2
qwen/qwen3-next-80b-a3b-instruct,34,2
qwen/qwen3-next-80b-a3b-instruct,34,2
qwen/qwen3-next-80b-a3b-instruct,34,2
qwen/qwen3-next-80b-a3b-instruct,35,2
qwen/qwen3-next-80b-a3b-instruct,34,2
qwen/qwen3-next-80b-a3b-instruct,35,2
qwen/qwen3-next-80b-a3b-instruct,35,2
qwen/qwen3-next-80b-a3b-instruct,35,2
qwen/qwen3-next-80b-a3b-instruct,34,2
qwen/qwen3-next-80b-a3b-instruct,34,2
qwen/qwen3-next-80b-a3b-instruct,34,2
qwen/qwen3-next-80b-a3b-instruct,34,2
qwen/qwen3-next-80b-a3b-instruct,34,2
qwen/qwen3-next-80b-a3b-instruct,35,2
qwen/qwen3-next-80b-a3b-instruct,34,2
qwen/qwen3-next-80b-a3b-instruct,34,2
qwen/qwen3-next-80b-a3b-instruct,34,2
qwen/qwen3-next-80b-a3b-instruct,34,2
qwen/qwen3-next-80b-a3b-instruct,34,2
qwen/qwen3-next-80b-a3b-instruct,35,2
qwen/qwen3-next-80b-a3b-instruct,34,2
qwen/qwen3-next-80b-a3b-instruct,34,2
qwen/qwen3-next-80b-a3b-instruct,34,2
qwen/qwen3-next-80b-a3b-instruct,35,2
qwen/qwen3-next-80b-a3b-instruct,28,2
qwen/qwen3-next-80b-a3b-instruct,29,2
qwen/qwen3-next-80b-a3b-instruct,29,2
qwen/qwen3-next-80b-a3b-instruct,28,2
qwen/qwen3-next-80b-a3b-instruct,28,2
qwen/qwen3-next-80b-a3b-instruct,28,2
qwen/qwen3-next-80b-a3b-instruct,30,2
qwen/qwen3-next-80b-a3b-instruct,34,2
qwen/qwen3-next-80b-a3b-instruct,35,2
qwen/qwen3-next-80b-a3b-instruct,28,2
qwen/qwen3-next-80b-a3b-instruct,28,2
qwen/qwen3-next-80b-a3b-instruct,28,2
qwen/qwen3-next-80b-a3b-instruct,28,2
qwen/qwen3-next-80b-a3b-instruct,29,2
qwen/qwen3-next-80b-a3b-instruct,28,2
qwen/qwen3-next-80b-a3b-instruct,28,2
qwen/qwen3-next-80b-a3b-instruct,34,2
qwen/qwen3-next-80b-a3b-instruct,34,2
qwen/qwen3-next-80b-a3b-instruct,35,2
qwen/qwen3-next-80b-a3b-instruct,28,2
qwen/qwen3-next-80b-a3b-instruct,35,2
qwen/qwen3-next-80b-a3b-instruct,35,2
qwen/qwen3-next-80b-a3b-instruct,28,2
qwen/qwen3-next-80b-a3b-instruct,28,2
qwen/qwen3-next-80b-a3b-instruct,34,2
qwen/qwen3-next-80b-a3b-instruct,34,2
qwen/qwen3-next-80b-a3b-instruct,34,2
qwen/qwen3-next-80b-a3b-instruct,28,2
qwen/qwen3-next-80b-a3b-instruct,29,2
qwen/qwen3-next-80b-a3b-instruct,28,2
qwen/qwen3-next-80b-a3b-instruct,28,2
qwen/qwen3-next-80b-a3b-instruct,34,2
qwen/qwen3-next-80b-a3b-instruct,36,2
qwen/qwen3-next-80b-a3b-instruct,36,2
qwen/qwen3-next-80b-a3b-instruct,35,2
qwen/qwen3-next-80b-a3b-instruct,38,2
qwen/qwen3-next-80b-a3b-instruct,35,2
qwen/qwen3-next-80b-a3b-instruct,35,2
qwen/qwen3-next-80b-a3b-instruct,30,2
qwen/qwen3-next-80b-a3b-instruct,28,2
qwen/qwen3-next-80b-a3b-instruct,36,2
qwen/qwen3-next-80b-a3b-instruct,36,2
qwen/qwen3-next-80b-a3b-instruct,36,2
qwen/qwen3-next-80b-a3b-instruct,36,2
qwen/qwen3-next-80b-a3b-instruct,36,2
qwen/qwen3-next-80b-a3b-instruct,36,2
qwen/qwen3-next-80b-a3b-instruct,35,2
qwen/qwen3-next-80b-a3b-instruct,36,2
qwen/qwen3-next-80b-a3b-instruct,36,2
qwen/qwen3-next-80b-a3b-instruct,30,2
qwen/qwen3-next-80b-a3b-instruct,30,2
qwen/qwen3-next-80b-a3b-instruct,28,2
qwen/qwen3-next-80b-a3b-instruct,28,2
qwen/qwen3-next-80b-a3b-instruct,36,2
qwen/qwen3-next-80b-a3b-instruct,28,2
qwen/qwen3-next-80b-a3b-instruct,36,2
qwen/qwen3-next-80b-a3b-instruct,36,2
qwen/qwen3-next-80b-a3b-instruct,38,2
qwen/qwen3-next-80b-a3b-instruct,38,2
qwen/qwen3-next-80b-a3b-instruct,36,2
qwen/qwen3-next-80b-a3b-instruct,36,2
qwen/qwen3-next-80b-a3b-instruct,36,2
qwen/qwen3-next-80b-a3b-instruct,36,2
qwen/qwen3-next-80b-a3b-instruct,38,2
qwen/qwen3-next-80b-a3b-instruct,30,2
qwen/qwen3-next-80b-a3b-instruct,30,2
qwen/qwen3-next-80b-a3b-instruct,30,2
qwen/qwen3-next-80b-a3b-instruct,32,2
qwen/qwen3-next-80b-a3b-instruct,30,2
qwen/qwen3-next-80b-a3b-instruct,36,2
qwen/qwen3-next-80b-a3b-instruct,30,2
qwen/qwen3-next-80b-a3b-instruct,30,2
qwen/qwen3-next-80b-a3b-instruct,36,2
qwen/qwen3-next-80b-a3b-instruct,31,2
qwen/qwen3-next-80b-a3b-instruct,31,2
qwen/qwen3-next-80b-a3b-instruct,30,2
qwen/qwen3-next-80b-a3b-instruct,30,2
qwen/qwen3-next-80b-a3b-instruct,32,2
qwen/qwen3-next-80b-a3b-instruct,32,2
qwen/qwen3-next-80b-a3b-instruct,30,2
qwen/qwen3-next-80b-a3b-instruct,30,2
qwen/qwen3-next-80b-a3b-instruct,36,2
qwen/qwen3-next-80b-a3b-instruct,30,2
qwen/qwen3-next-80b-a3b-instruct,31,2
qwen/qwen3-next-80b-a3b-instruct,30,2
qwen/qwen3-next-80b-a3b-instruct,30,2
qwen/qwen3-next-80b-a3b-instruct,31,2
qwen/qwen3-next-80b-a3b-instruct,30,2
qwen/qwen3-next-80b-a3b-instruct,30,2
qwen/qwen3-next-80b-a3b-instruct,30,2
qwen/qwen3-next-80b-a3b-instruct,28,2
qwen/qwen3-next-80b-a3b-instruct,30,2
qwen/qwen3-next-80b-a3b-instruct,30,2
qwen/qwen3-next-80b-a3b-instruct,30,2
qwen/qwen3-next-80b-a3b-instruct,30,2
qwen/qwen3-next-80b-a3b-instruct,32,2
qwen/qwen3-next-80b-a3b-instruct,28,2
qwen/qwen3-next-80b-a3b-instruct,27,2
qwen/qwen3-next-80b-a3b-instruct,28,2
qwen/qwen3-next-80b-a3b-instruct,28,2
qwen/qwen3-next-80b-a3b-instruct,27,2
qwen/qwen3-next-80b-a3b-instruct,30,2
qwen/qwen3-next-80b-a3b-instruct,30,2
qwen/qwen3-next-80b-a3b-instruct,28,2
qwen/qwen3-next-80b-a3b-instruct,28,2
qwen/qwen3-next-80b-a3b-instruct,28,2
qwen/qwen3-next-80b-a3b-instruct,28,2
qwen/qwen3-next-80b-a3b-instruct,28,2
qwen/qwen3-next-80b-a3b-instruct,28,2
qwen/qwen3-next-80b-a3b-instruct,28,2
qwen/qwen3-next-80b-a3b-instruct,28,2
qwen/qwen3-next-80b-a3b-instruct,27,2
qwen/qwen3-next-80b-a3b-instruct,28,2
qwen/qwen3-next-80b-a3b-instruct,30,2
qwen/qwen3-next-80b-a3b-instruct,28,2
qwen/qwen3-next-80b-a3b-instruct,28,2
qwen/qwen3-next-80b-a3b-instruct,28,2
qwen/qwen3-next-80b-a3b-instruct,28,2
qwen/qwen3-next-80b-a3b-instruct,28,2
qwen/qwen3-next-80b-a3b-instruct,28,2
qwen/qwen3-next-80b-a3b-instruct,28,2
qwen/qwen3-next-80b-a3b-instruct,27,2
qwen/qwen3-next-80b-a3b-instruct,30,2
qwen/qwen3-next-80b-a3b-instruct,91,30
qwen/qwen3-next-80b-a3b-instruct,91,30
qwen/qwen3-next-80b-a3b-instruct,94,30
qwen/qwen3-next-80b-a3b-instruct,91,30
qwen/qwen3-next-80b-a3b-instruct,91,30
qwen/qwen3-next-80b-a3b-instruct,91,30
qwen/qwen3-next-80b-a3b-instruct,91,30
qwen/qwen3-next-80b-a3b-instruct,94,30
qwen/qwen3-next-80b-a3b-instruct,93,30
qwen/qwen3-next-80b-a3b-instruct,93,30
qwen/qwen3-next-80b-a3b-instruct,93,30
qwen/qwen3-next-80b-a3b-instruct,96,30
qwen/qwen3-next-80b-a3b-instruct,94,30
qwen/qwen3-next-80b-a3b-instruct,94,30
qwen/qwen3-next-80b-a3b-instruct,94,30
qwen/qwen3-next-80b-a3b-instruct,92,30
qwen/qwen3-next-80b-a3b-instruct,92,30
qwen/qwen3-next-80b-a3b-instruct,91,30
qwen/qwen3-next-80b-a3b-instruct,91,30
qwen/qwen3-next-80b-a3b-instruct,91,30
qwen/qwen3-next-80b-a3b-instruct,92,30
qwen/qwen3-next-80b-a3b-instruct,93,30
qwen/qwen3-next-80b-a3b-instruct,93,30
qwen/qwen3-next-80b-a3b-instruct,93,30
qwen/qwen3-next-80b-a3b-instruct,91,30
qwen/qwen3-next-80b-a3b-instruct,92,30
qwen/qwen3-next-80b-a3b-instruct,91,30
qwen/qwen3-next-80b-a3b-instruct,92,30
qwen/qwen3-next-80b-a3b-instruct,93,30
qwen/qwen3-next-80b-a3b-instruct,92,30
qwen/qwen3-next-80b-a3b-instruct,92,30
qwen/qwen3-next-80b-a3b-instruct,92,30
qwen/qwen3-next-80b-a3b-instruct,94,30
qwen/qwen3-next-80b-a3b-instruct,94,30
qwen/qwen3-next-80b-a3b-instruct,94,30
qwen/qwen3-next-80b-a3b-instruct,93,30
qwen/qwen3-next-80b-a3b-instruct,91,30
qwen/qwen3-next-80b-a3b-instruct,94,30
qwen/qwen3-next-80b-a3b-instruct,92,30
qwen/qwen3-next-80b-a3b-instruct,94,30
qwen/qwen3-next-80b-a3b-instruct,96,30
qwen/qwen3-next-80b-a3b-instruct,94,30
qwen/qwen3-next-80b-a3b-instruct,96,30
qwen/qwen3-next-80b-a3b-instruct,90,30
qwen/qwen3-next-80b-a3b-instruct,93,30
qwen/qwen3-next-80b-a3b-instruct,92,30
qwen/qwen3-next-80b-a3b-instruct,92,30
qwen/qwen3-next-80b-a3b-instruct,94,30
qwen/qwen3-next-80b-a3b-instruct,94,30
qwen/qwen3-next-80b-a3b-instruct,94,30
qwen/qwen3-next-80b-a3b-instruct,90,30
qwen/qwen3-next-80b-a3b-instruct,90,30
qwen/qwen3-next-80b-a3b-instruct,93,30
qwen/qwen3-next-80b-a3b-instruct,94,30
qwen/qwen3-next-80b-a3b-instruct,94,30
qwen/qwen3-next-80b-a3b-instruct,94,30
qwen/qwen3-next-80b-a3b-instruct,96,30
qwen/qwen3-next-80b-a3b-instruct,93,30
qwen/qwen3-next-80b-a3b-instruct,94,30
qwen/qwen3-next-80b-a3b-instruct,94,30
qwen/qwen3-next-80b-a3b-instruct,92,30
qwen/qwen3-next-80b-a3b-instruct,94,30
qwen/qwen3-next-80b-a3b-instruct,93,30
qwen/qwen3-next-80b-a3b-instruct,90,30
nvidia/llama-3.3-nemotron-super-49b-v1.5,43,448
nvidia/llama-3.3-nemotron-super-49b-v1.5,46,334
nvidia/llama-3.3-nemotron-super-49b-v1.5,43,391
nvidia/llama-3.3-nemotron-super-49b-v1.5,43,387
nvidia/llama-3.3-nemotron-super-49b-v1.5,40,404
nvidia/llama-3.3-nemotron-super-49b-v1.5,44,418
nvidia/llama-3.3-nemotron-super-49b-v1.5,44,434
nvidia/llama-3.3-nemotron-super-49b-v1.5,40,428
nvidia/llama-3.3-nemotron-super-49b-v1.5,43,468
nvidia/llama-3.3-nemotron-super-49b-v1.5,40,471
nvidia/llama-3.3-nemotron-super-49b-v1.5,40,479
nvidia/llama-3.3-nemotron-super-49b-v1.5,39,486
nvidia/llama-3.3-nemotron-super-49b-v1.5,46,487
nvidia/llama-3.3-nemotron-super-49b-v1.5,39,494
nvidia/llama-3.3-nemotron-super-49b-v1.5,39,500
nvidia/llama-3.3-nemotron-super-49b-v1.5,46,495
nvidia/llama-3.3-nemotron-super-49b-v1.5,47,498
nvidia/llama-3.3-nemotron-super-49b-v1.5,44,525
nvidia/llama-3.3-nemotron-super-49b-v1.5,44,524
nvidia/llama-3.3-nemotron-super-49b-v1.5,42,520
nvidia/llama-3.3-nemotron-super-49b-v1.5,42,551
nvidia/llama-3.3-nemotron-super-49b-v1.5,42,557
nvidia/llama-3.3-nemotron-super-49b-v1.5,44,572
nvidia/llama-3.3-nemotron-super-49b-v1.5,39,568
nvidia/llama-3.3-nemotron-super-49b-v1.5,38,574
nvidia/llama-3.3-nemotron-super-49b-v1.5,38,579
nvidia/llama-3.3-nemotron-super-49b-v1.5,39,584
nvidia/llama-3.3-nemotron-super-49b-v1.5,47,582
nvidia/llama-3.3-nemotron-super-49b-v1.5,46,586
nvidia/llama-3.3-nemotron-super-49b-v1.5,39,591
nvidia/llama-3.3-nemotron-super-49b-v1.5,42,588
nvidia/llama-3.3-nemotron-super-49b-v1.5,39,613
nvidia/llama-3.3-nemotron-super-49b-v1.5,46,614
nvidia/llama-3.3-nemotron-super-49b-v1.5,38,621
nvidia/llama-3.3-nemotron-super-49b-v1.5,47,620
nvidia/llama-3.3-nemotron-super-49b-v1.5,39,632
nvidia/llama-3.3-nemotron-super-49b-v1.5,43,648
nvidia/llama-3.3-nemotron-super-49b-v1.5,43,656
nvidia/llama-3.3-nemotron-super-49b-v1.5,42,660
nvidia/llama-3.3-nemotron-super-49b-v1.5,43,675
nvidia/llama-3.3-nemotron-super-49b-v1.5,38,695
nvidia/llama-3.3-nemotron-super-49b-v1.5,40,696
nvidia/llama-3.3-nemotron-super-49b-v1.5,39,702
nvidia/llama-3.3-nemotron-super-49b-v1.5,42,707
nvidia/llama-3.3-nemotron-super-49b-v1.5,38,722
nvidia/llama-3.3-nemotron-super-49b-v1.5,39,768
nvidia/llama-3.3-nemotron-super-49b-v1.5,42,775
nvidia/llama-3.3-nemotron-super-49b-v1.5,39,787
nvidia/llama-3.3-nemotron-super-49b-v1.5,47,788
nvidia/llama-3.3-nemotron-super-49b-v1.5,39,809
nvidia/llama-3.3-nemotron-super-49b-v1.5,38,828
nvidia/llama-3.3-nemotron-super-49b-v1.5,47,836
nvidia/llama-3.3-nemotron-super-49b-v1.5,43,492
nvidia/llama-3.3-nemotron-super-49b-v1.5,38,897
nvidia/llama-3.3-nemotron-super-49b-v1.5,43,523
nvidia/llama-3.3-nemotron-super-49b-v1.5,39,462
nvidia/llama-3.3-nemotron-super-49b-v1.5,43,535
nvidia/llama-3.3-nemotron-super-49b-v1.5,39,527
nvidia/llama-3.3-nemotron-super-49b-v1.5,45,397
nvidia/llama-3.3-nemotron-super-49b-v1.5,39,508
nvidia/llama-3.3-nemotron-super-49b-v1.5,45,412
nvidia/llama-3.3-nemotron-super-49b-v1.5,39,993
nvidia/llama-3.3-nemotron-super-49b-v1.5,39,999
nvidia/llama-3.3-nemotron-super-49b-v1.5,42,1013
nvidia/llama-3.3-nemotron-super-49b-v1.5,39,587
nvidia/llama-3.3-nemotron-super-49b-v1.5,38,1032
nvidia/llama-3.3-nemotron-super-49b-v1.5,38,1031
nvidia/llama-3.3-nemotron-super-49b-v1.5,39,547
nvidia/llama-3.3-nemotron-super-49b-v1.5,43,697
nvidia/llama-3.3-nemotron-super-49b-v1.5,40,545
nvidia/llama-3.3-nemotron-super-49b-v1.5,43,1060
nvidia/llama-3.3-nemotron-super-49b-v1.5,42,1057
nvidia/llama-3.3-nemotron-super-49b-v1.5,45,483
nvidia/llama-3.3-nemotron-super-49b-v1.5,42,1051
nvidia/llama-3.3-nemotron-super-49b-v1.5,40,561
nvidia/llama-3.3-nemotron-super-49b-v1.5,45,493
nvidia/llama-3.3-nemotron-super-49b-v1.5,39,413
nvidia/llama-3.3-nemotron-super-49b-v1.5,39,1070
nvidia/llama-3.3-nemotron-super-49b-v1.5,40,586
nvidia/llama-3.3-nemotron-super-49b-v1.5,43,1105
nvidia/llama-3.3-nemotron-super-49b-v1.5,43,1133
nvidia/llama-3.3-nemotron-super-49b-v1.5,44,626
nvidia/llama-3.3-nemotron-super-49b-v1.5,43,751
nvidia/llama-3.3-nemotron-super-49b-v1.5,40,443
nvidia/llama-3.3-nemotron-super-49b-v1.5,44,665
nvidia/llama-3.3-nemotron-super-49b-v1.5,39,519
nvidia/llama-3.3-nemotron-super-49b-v1.5,44,703
nvidia/llama-3.3-nemotron-super-49b-v1.5,39,563
nvidia/llama-3.3-nemotron-super-49b-v1.5,40,526
nvidia/llama-3.3-nemotron-super-49b-v1.5,44,621
nvidia/llama-3.3-nemotron-super-49b-v1.5,43,659
nvidia/llama-3.3-nemotron-super-49b-v1.5,40,801
nvidia/llama-3.3-nemotron-super-49b-v1.5,44,688
nvidia/llama-3.3-nemotron-super-49b-v1.5,43,730
nvidia/llama-3.3-nemotron-super-49b-v1.5,44,778
nvidia/llama-3.3-nemotron-super-49b-v1.5,43,742
nvidia/llama-3.3-nemotron-super-49b-v1.5,40,563
nvidia/llama-3.3-nemotron-super-49b-v1.5,44,823
nvidia/llama-3.3-nemotron-super-49b-v1.5,40,876
nvidia/llama-3.3-nemotron-super-49b-v1.5,39,378
nvidia/llama-3.3-nemotron-super-49b-v1.5,39,370
nvidia/llama-3.3-nemotron-super-49b-v1.5,45,822
nvidia/llama-3.3-nemotron-super-49b-v1.5,39,722
nvidia/llama-3.3-nemotron-super-49b-v1.5,39,391
nvidia/llama-3.3-nemotron-super-49b-v1.5,43,828
nvidia/llama-3.3-nemotron-super-49b-v1.5,39,787
nvidia/llama-3.3-nemotron-super-49b-v1.5,44,8
nvidia/llama-3.3-nemotron-super-49b-v1.5,44,824
nvidia/llama-3.3-nemotron-super-49b-v1.5,38,1460
nvidia/llama-3.3-nemotron-super-49b-v1.5,40,768
nvidia/llama-3.3-nemotron-super-49b-v1.5,38,507
nvidia/llama-3.3-nemotron-super-49b-v1.5,41,419
nvidia/llama-3.3-nemotron-super-49b-v1.5,40,831
nvidia/llama-3.3-nemotron-super-49b-v1.5,39,538
nvidia/llama-3.3-nemotron-super-49b-v1.5,38,587
nvidia/llama-3.3-nemotron-super-49b-v1.5,38,634
nvidia/llama-3.3-nemotron-super-49b-v1.5,43,991
nvidia/llama-3.3-nemotron-super-49b-v1.5,38,626
nvidia/llama-3.3-nemotron-super-49b-v1.5,39,602
nvidia/llama-3.3-nemotron-super-49b-v1.5,45,578
nvidia/llama-3.3-nemotron-super-49b-v1.5,40,752
nvidia/llama-3.3-nemotron-super-49b-v1.5,41,499
nvidia/llama-3.3-nemotron-super-49b-v1.5,39,8
nvidia/llama-3.3-nemotron-super-49b-v1.5,44,1048
nvidia/llama-3.3-nemotron-super-49b-v1.5,41,575
nvidia/llama-3.3-nemotron-super-49b-v1.5,41,627
nvidia/llama-3.3-nemotron-super-49b-v1.5,46,658
nvidia/llama-3.3-nemotron-super-49b-v1.5,46,664
nvidia/llama-3.3-nemotron-super-49b-v1.5,42,560
nvidia/llama-3.3-nemotron-super-49b-v1.5,43,387
nvidia/llama-3.3-nemotron-super-49b-v1.5,42,572
nvidia/llama-3.3-nemotron-super-49b-v1.5,46,679
nvidia/llama-3.3-nemotron-super-49b-v1.5,41,672
nvidia/llama-3.3-nemotron-super-49b-v1.5,40,815
nvidia/llama-3.3-nemotron-super-49b-v1.5,46,699
nvidia/llama-3.3-nemotron-super-49b-v1.5,43,391
nvidia/llama-3.3-nemotron-super-49b-v1.5,39,966
nvidia/llama-3.3-nemotron-super-49b-v1.5,39,521
nvidia/llama-3.3-nemotron-super-49b-v1.5,44,407
nvidia/llama-3.3-nemotron-super-49b-v1.5,45,799
nvidia/llama-3.3-nemotron-super-49b-v1.5,43,497
nvidia/llama-3.3-nemotron-super-49b-v1.5,39,1030
nvidia/llama-3.3-nemotron-super-49b-v1.5,38,901
nvidia/llama-3.3-nemotron-super-49b-v1.5,43,375
nvidia/llama-3.3-nemotron-super-49b-v1.5,44,1247
nvidia/llama-3.3-nemotron-super-49b-v1.5,43,492
nvidia/llama-3.3-nemotron-super-49b-v1.5,45,852
nvidia/llama-3.3-nemotron-super-49b-v1.5,39,1103
nvidia/llama-3.3-nemotron-super-49b-v1.5,42,739
nvidia/llama-3.3-nemotron-super-49b-v1.5,44,554
nvidia/llama-3.3-nemotron-super-49b-v1.5,42,799
nvidia/llama-3.3-nemotron-super-49b-v1.5,46,920
nvidia/llama-3.3-nemotron-super-49b-v1.5,44,580
nvidia/llama-3.3-nemotron-super-49b-v1.5,44,582
nvidia/llama-3.3-nemotron-super-49b-v1.5,42,578
nvidia/llama-3.3-nemotron-super-49b-v1.5,38,813
nvidia/llama-3.3-nemotron-super-49b-v1.5,45,1017
nvidia/llama-3.3-nemotron-super-49b-v1.5,39,722
nvidia/llama-3.3-nemotron-super-49b-v1.5,39,1270
nvidia/llama-3.3-nemotron-super-49b-v1.5,38,436
nvidia/llama-3.3-nemotron-super-49b-v1.5,38,493
nvidia/llama-3.3-nemotron-super-49b-v1.5,39,765
nvidia/llama-3.3-nemotron-super-49b-v1.5,45,1045
nvidia/llama-3.3-nemotron-super-49b-v1.5,43,750
nvidia/llama-3.3-nemotron-super-49b-v1.5,40,1292
nvidia/llama-3.3-nemotron-super-49b-v1.5,38,577
nvidia/llama-3.3-nemotron-super-49b-v1.5,38,355
nvidia/llama-3.3-nemotron-super-49b-v1.5,39,584
nvidia/llama-3.3-nemotron-super-49b-v1.5,42,1059
nvidia/llama-3.3-nemotron-super-49b-v1.5,39,567
nvidia/llama-3.3-nemotron-super-49b-v1.5,38,1006
nvidia/llama-3.3-nemotron-super-49b-v1.5,39,550
nvidia/llama-3.3-nemotron-super-49b-v1.5,42,828
nvidia/llama-3.3-nemotron-super-49b-v1.5,43,740
nvidia/llama-3.3-nemotron-super-49b-v1.5,43,731
nvidia/llama-3.3-nemotron-super-49b-v1.5,39,1516
nvidia/llama-3.3-nemotron-super-49b-v1.5,38,432
nvidia/llama-3.3-nemotron-super-49b-v1.5,40,1416
nvidia/llama-3.3-nemotron-super-49b-v1.5,38,1127
nvidia/llama-3.3-nemotron-super-49b-v1.5,39,614
nvidia/llama-3.3-nemotron-super-49b-v1.5,38,1120
nvidia/llama-3.3-nemotron-super-49b-v1.5,38,503
nvidia/llama-3.3-nemotron-super-49b-v1.5,38,522
nvidia/llama-3.3-nemotron-super-49b-v1.5,42,939
nvidia/llama-3.3-nemotron-super-49b-v1.5,38,797
nvidia/llama-3.3-nemotron-super-49b-v1.5,39,1102
nvidia/llama-3.3-nemotron-super-49b-v1.5,37,604
nvidia/llama-3.3-nemotron-super-49b-v1.5,39,748
nvidia/llama-3.3-nemotron-super-49b-v1.5,39,685
nvidia/llama-3.3-nemotron-super-49b-v1.5,38,727
nvidia/llama-3.3-nemotron-super-49b-v1.5,41,370
nvidia/llama-3.3-nemotron-super-49b-v1.5,37,642
nvidia/llama-3.3-nemotron-super-49b-v1.5,42,1023
nvidia/llama-3.3-nemotron-super-49b-v1.5,38,749
nvidia/llama-3.3-nemotron-super-49b-v1.5,38,639
nvidia/llama-3.3-nemotron-super-49b-v1.5,45,499
nvidia/llama-3.3-nemotron-super-49b-v1.5,42,1037
nvidia/llama-3.3-nemotron-super-49b-v1.5,38,793
nvidia/llama-3.3-nemotron-super-49b-v1.5,43,944
nvidia/llama-3.3-nemotron-super-49b-v1.5,37,703
nvidia/llama-3.3-nemotron-super-49b-v1.5,40,1669
nvidia/llama-3.3-nemotron-super-49b-v1.5,44,633
nvidia/llama-3.3-nemotron-super-49b-v1.5,39,811
nvidia/llama-3.3-nemotron-super-49b-v1.5,44,682
nvidia/llama-3.3-nemotron-super-49b-v1.5,39,1284
nvidia/llama-3.3-nemotron-super-49b-v1.5,45,570
nvidia/llama-3.3-nemotron-super-49b-v1.5,44,706
nvidia/llama-3.3-nemotron-super-49b-v1.5,43,1106
nvidia/llama-3.3-nemotron-super-49b-v1.5,37,874
nvidia/llama-3.3-nemotron-super-49b-v1.5,37,429
nvidia/llama-3.3-nemotron-super-49b-v1.5,38,1038
nvidia/llama-3.3-nemotron-super-49b-v1.5,40,614
nvidia/llama-3.3-nemotron-super-49b-v1.5,41,555
nvidia/llama-3.3-nemotron-super-49b-v1.5,44,744
nvidia/llama-3.3-nemotron-super-49b-v1.5,41,586
nvidia/llama-3.3-nemotron-super-49b-v1.5,38,1464
nvidia/llama-3.3-nemotron-super-49b-v1.5,38,1041
nvidia/llama-3.3-nemotron-super-49b-v1.5,40,739
nvidia/llama-3.3-nemotron-super-49b-v1.5,40,750
nvidia/llama-3.3-nemotron-super-49b-v1.5,38,1077
nvidia/llama-3.3-nemotron-super-49b-v1.5,43,464
nvidia/llama-3.3-nemotron-super-49b-v1.5,43,492
nvidia/llama-3.3-nemotron-super-49b-v1.5,44,468
nvidia/llama-3.3-nemotron-super-49b-v1.5,44,461
nvidia/llama-3.3-nemotron-super-49b-v1.5,37,638
nvidia/llama-3.3-nemotron-super-49b-v1.5,37,1036
nvidia/llama-3.3-nemotron-super-49b-v1.5,40,812
nvidia/llama-3.3-nemotron-super-49b-v1.5,45,874
nvidia/llama-3.3-nemotron-super-49b-v1.5,44,991
nvidia/llama-3.3-nemotron-super-49b-v1.5,41,821
nvidia/llama-3.3-nemotron-super-49b-v1.5,41,716
nvidia/llama-3.3-nemotron-super-49b-v1.5,45,949
nvidia/llama-3.3-nemotron-super-49b-v1.5,42,501
nvidia/llama-3.3-nemotron-super-49b-v1.5,38,682
nvidia/llama-3.3-nemotron-super-49b-v1.5,43,663
nvidia/llama-3.3-nemotron-super-49b-v1.5,45,920
nvidia/llama-3.3-nemotron-super-49b-v1.5,38,335
nvidia/llama-3.3-nemotron-super-49b-v1.5,38,727
nvidia/llama-3.3-nemotron-super-49b-v1.5,39,413
nvidia/llama-3.3-nemotron-super-49b-v1.5,44,577
nvidia/llama-3.3-nemotron-super-49b-v1.5,43,513
nvidia/llama-3.3-nemotron-super-49b-v1.5,38,746
nvidia/llama-3.3-nemotron-super-49b-v1.5,38,520
nvidia/llama-3.3-nemotron-super-49b-v1.5,39,462
nvidia/llama-3.3-nemotron-super-49b-v1.5,43,689
nvidia/llama-3.3-nemotron-super-49b-v1.5,38,787
nvidia/llama-3.3-nemotron-super-49b-v1.5,38,798
nvidia/llama-3.3-nemotron-super-49b-v1.5,39,1343
nvidia/llama-3.3-nemotron-super-49b-v1.5,38,464
nvidia/llama-3.3-nemotron-super-49b-v1.5,40,1070
nvidia/llama-3.3-nemotron-super-49b-v1.5,39,572
nvidia/llama-3.3-nemotron-super-49b-v1.5,42,686
nvidia/llama-3.3-nemotron-super-49b-v1.5,38,603
nvidia/llama-3.3-nemotron-super-49b-v1.5,38,366
nvidia/llama-3.3-nemotron-super-49b-v1.5,42,768
nvidia/llama-3.3-nemotron-super-49b-v1.5,44,774
nvidia/llama-3.3-nemotron-super-49b-v1.5,42,729
nvidia/llama-3.3-nemotron-super-49b-v1.5,43,839
nvidia/llama-3.3-nemotron-super-49b-v1.5,39,636
nvidia/llama-3.3-nemotron-super-49b-v1.5,42,795
nvidia/llama-3.3-nemotron-super-49b-v1.5,38,353
nvidia/llama-3.3-nemotron-super-49b-v1.5,45,8
nvidia/llama-3.3-nemotron-super-49b-v1.5,44,833
nvidia/llama-3.3-nemotron-super-49b-v1.5,38,391
nvidia/llama-3.3-nemotron-super-49b-v1.5,46,8
nvidia/llama-3.3-nemotron-super-49b-v1.5,39,634
nvidia/llama-3.3-nemotron-super-49b-v1.5,43,773
nvidia/llama-3.3-nemotron-super-49b-v1.5,39,546
nvidia/llama-3.3-nemotron-super-49b-v1.5,46,8
nvidia/llama-3.3-nemotron-super-49b-v1.5,37,1035
nvidia/llama-3.3-nemotron-super-49b-v1.5,38,409
nvidia/llama-3.3-nemotron-super-49b-v1.5,44,8
nvidia/llama-3.3-nemotron-super-49b-v1.5,37,510
nvidia/llama-3.3-nemotron-super-49b-v1.5,37,494
nvidia/llama-3.3-nemotron-super-49b-v1.5,43,804
nvidia/llama-3.3-nemotron-super-49b-v1.5,43,803
nvidia/llama-3.3-nemotron-super-49b-v1.5,39,1558
nvidia/llama-3.3-nemotron-super-49b-v1.5,39,627
nvidia/llama-3.3-nemotron-super-49b-v1.5,37,1085
nvidia/llama-3.3-nemotron-super-49b-v1.5,45,356
nvidia/llama-3.3-nemotron-super-49b-v1.5,44,456
nvidia/llama-3.3-nemotron-super-49b-v1.5,37,522
nvidia/llama-3.3-nemotron-super-49b-v1.5,38,490
nvidia/llama-3.3-nemotron-super-49b-v1.5,38,843
nvidia/llama-3.3-nemotron-super-49b-v1.5,43,874
nvidia/llama-3.3-nemotron-super-49b-v1.5,37,638
nvidia/llama-3.3-nemotron-super-49b-v1.5,37,597
nvidia/llama-3.3-nemotron-super-49b-v1.5,39,695
nvidia/llama-3.3-nemotron-super-49b-v1.5,45,488
nvidia/llama-3.3-nemotron-super-49b-v1.5,44,532
nvidia/llama-3.3-nemotron-super-49b-v1.5,45,498
nvidia/llama-3.3-nemotron-super-49b-v1.5,38,935
nvidia/llama-3.3-nemotron-super-49b-v1.5,38,830
nvidia/llama-3.3-nemotron-super-49b-v1.5,44,598
nvidia/llama-3.3-nemotron-super-49b-v1.5,45,584
nvidia/llama-3.3-nemotron-super-49b-v1.5,38,1019
nvidia/llama-3.3-nemotron-super-49b-v1.5,41,484
nvidia/llama-3.3-nemotron-super-49b-v1.5,45,362
nvidia/llama-3.3-nemotron-super-49b-v1.5,39,889
nvidia/llama-3.3-nemotron-super-49b-v1.5,45,615
nvidia/llama-3.3-nemotron-super-49b-v1.5,41,543
nvidia/llama-3.3-nemotron-super-49b-v1.5,44,720
nvidia/llama-3.3-nemotron-super-49b-v1.5,38,451
nvidia/llama-3.3-nemotron-super-49b-v1.5,41,571
nvidia/llama-3.3-nemotron-super-49b-v1.5,44,761
nvidia/llama-3.3-nemotron-super-49b-v1.5,38,474
nvidia/llama-3.3-nemotron-super-49b-v1.5,38,466
nvidia/llama-3.3-nemotron-super-49b-v1.5,46,426
nvidia/llama-3.3-nemotron-super-49b-v1.5,38,481
nvidia/llama-3.3-nemotron-super-49b-v1.5,40,704
nvidia/llama-3.3-nemotron-super-49b-v1.5,38,538
nvidia/llama-3.3-nemotron-super-49b-v1.5,45,434
nvidia/llama-3.3-nemotron-super-49b-v1.5,41,694
nvidia/llama-3.3-nemotron-super-49b-v1.5,37,670
nvidia/llama-3.3-nemotron-super-49b-v1.5,38,1100
nvidia/llama-3.3-nemotron-super-49b-v1.5,40,751
nvidia/llama-3.3-nemotron-super-49b-v1.5,46,553
nvidia/llama-3.3-nemotron-super-49b-v1.5,45,496
nvidia/llama-3.3-nemotron-super-49b-v1.5,40,810
nvidia/llama-3.3-nemotron-super-49b-v1.5,38,1215
nvidia/llama-3.3-nemotron-super-49b-v1.5,45,612
nvidia/llama-3.3-nemotron-super-49b-v1.5,37,1603
nvidia/llama-3.3-nemotron-super-49b-v1.5,40,886
nvidia/llama-3.3-nemotron-super-49b-v1.5,41,818
nvidia/llama-3.3-nemotron-super-49b-v1.5,44,616
nvidia/llama-3.3-nemotron-super-49b-v1.5,44,628
nvidia/llama-3.3-nemotron-super-49b-v1.5,45,598
nvidia/llama-3.3-nemotron-super-49b-v1.5,41,519
nvidia/llama-3.3-nemotron-super-49b-v1.5,37,794
nvidia/llama-3.3-nemotron-super-49b-v1.5,39,365
nvidia/llama-3.3-nemotron-super-49b-v1.5,45,723
nvidia/llama-3.3-nemotron-super-49b-v1.5,39,1246
nvidia/llama-3.3-nemotron-super-49b-v1.5,41,591
nvidia/llama-3.3-nemotron-super-49b-v1.5,41,550
nvidia/llama-3.3-nemotron-super-49b-v1.5,41,625
nvidia/llama-3.3-nemotron-super-49b-v1.5,37,829
nvidia/llama-3.3-nemotron-super-49b-v1.5,37,833
nvidia/llama-3.3-nemotron-super-49b-v1.5,45,681
nvidia/llama-3.3-nemotron-super-49b-v1.5,46,737
nvidia/llama-3.3-nemotron-super-49b-v1.5,40,993
nvidia/llama-3.3-nemotron-super-49b-v1.5,44,736
nvidia/llama-3.3-nemotron-super-49b-v1.5,40,425
nvidia/llama-3.3-nemotron-super-49b-v1.5,40,721
nvidia/llama-3.3-nemotron-super-49b-v1.5,40,723
nvidia/llama-3.3-nemotron-super-49b-v1.5,40,459
nvidia/llama-3.3-nemotron-super-49b-v1.5,39,513
nvidia/llama-3.3-nemotron-super-49b-v1.5,40,436
nvidia/llama-3.3-nemotron-super-49b-v1.5,39,555
nvidia/llama-3.3-nemotron-super-49b-v1.5,37,1028
nvidia/llama-3.3-nemotron-super-49b-v1.5,41,763
nvidia/llama-3.3-nemotron-super-49b-v1.5,40,499
nvidia/llama-3.3-nemotron-super-49b-v1.5,45,923
nvidia/llama-3.3-nemotron-super-49b-v1.5,39,592
nvidia/llama-3.3-nemotron-super-49b-v1.5,40,826
nvidia/llama-3.3-nemotron-super-49b-v1.5,41,650
nvidia/llama-3.3-nemotron-super-49b-v1.5,40,538
nvidia/llama-3.3-nemotron-super-49b-v1.5,46,494
nvidia/llama-3.3-nemotron-super-49b-v1.5,42,377
nvidia/llama-3.3-nemotron-super-49b-v1.5,42,388
nvidia/llama-3.3-nemotron-super-49b-v1.5,42,424
nvidia/llama-3.3-nemotron-super-49b-v1.5,44,957
nvidia/llama-3.3-nemotron-super-49b-v1.5,46,585
nvidia/llama-3.3-nemotron-super-49b-v1.5,47,516
nvidia/llama-3.3-nemotron-super-49b-v1.5,40,862
nvidia/llama-3.3-nemotron-super-49b-v1.5,40,818
nvidia/llama-3.3-nemotron-super-49b-v1.5,41,752
nvidia/llama-3.3-nemotron-super-49b-v1.5,47,557
nvidia/llama-3.3-nemotron-super-49b-v1.5,40,980
nvidia/llama-3.3-nemotron-super-49b-v1.5,45,1038
nvidia/llama-3.3-nemotron-super-49b-v1.5,43,460
nvidia/llama-3.3-nemotron-super-49b-v1.5,46,642
nvidia/llama-3.3-nemotron-super-49b-v1.5,47,598
nvidia/llama-3.3-nemotron-super-49b-v1.5,40,896
nvidia/llama-3.3-nemotron-super-49b-v1.5,43,499
nvidia/llama-3.3-nemotron-super-49b-v1.5,41,910
nvidia/llama-3.3-nemotron-super-49b-v1.5,42,598
nvidia/llama-3.3-nemotron-super-49b-v1.5,39,803
nvidia/llama-3.3-nemotron-super-49b-v1.5,40,1075
nvidia/llama-3.3-nemotron-super-49b-v1.5,43,556
nvidia/llama-3.3-nemotron-super-49b-v1.5,43,593
nvidia/llama-3.3-nemotron-super-49b-v1.5,43,579
nvidia/llama-3.3-nemotron-super-49b-v1.5,47,719
nvidia/llama-3.3-nemotron-super-49b-v1.5,46,807
nvidia/llama-3.3-nemotron-super-49b-v1.5,46,814
nvidia/llama-3.3-nemotron-super-49b-v1.5,41,967
nvidia/llama-3.3-nemotron-super-49b-v1.5,43,352
nvidia/llama-3.3-nemotron-super-49b-v1.5,39,601
nvidia/llama-3.3-nemotron-super-49b-v1.5,39,635
nvidia/llama-3.3-nemotron-super-49b-v1.5,44,543
nvidia/llama-3.3-nemotron-super-49b-v1.5,47,874
nvidia/llama-3.3-nemotron-super-49b-v1.5,39,746
nvidia/llama-3.3-nemotron-super-49b-v1.5,38,422
nvidia/llama-3.3-nemotron-super-49b-v1.5,40,717
nvidia/llama-3.3-nemotron-super-49b-v1.5,43,488
nvidia/llama-3.3-nemotron-super-49b-v1.5,43,691
nvidia/llama-3.3-nemotron-super-49b-v1.5,39,431
nvidia/llama-3.3-nemotron-super-49b-v1.5,39,784
nvidia/llama-3.3-nemotron-super-49b-v1.5,44,642
nvidia/llama-3.3-nemotron-super-49b-v1.5,43,717
nvidia/llama-3.3-nemotron-super-49b-v1.5,44,672
nvidia/llama-3.3-nemotron-super-49b-v1.5,43,734
nvidia/llama-3.3-nemotron-super-49b-v1.5,41,1233
nvidia/llama-3.3-nemotron-super-49b-v1.5,39,481
nvidia/llama-3.3-nemotron-super-49b-v1.5,38,461
nvidia/llama-3.3-nemotron-super-49b-v1.5,40,318
nvidia/llama-3.3-nemotron-super-49b-v1.5,39,412
nvidia/llama-3.3-nemotron-super-49b-v1.5,39,878
nvidia/llama-3.3-nemotron-super-49b-v1.5,43,644
nvidia/llama-3.3-nemotron-super-49b-v1.5,40,334
nvidia/llama-3.3-nemotron-super-49b-v1.5,40,336
nvidia/llama-3.3-nemotron-super-49b-v1.5,42,693
nvidia/llama-3.3-nemotron-super-49b-v1.5,40,872
nvidia/llama-3.3-nemotron-super-49b-v1.5,40,896
nvidia/llama-3.3-nemotron-super-49b-v1.5,39,562
nvidia/llama-3.3-nemotron-super-49b-v1.5,43,861
nvidia/llama-3.3-nemotron-super-49b-v1.5,44,789
nvidia/llama-3.3-nemotron-super-49b-v1.5,39,471
nvidia/llama-3.3-nemotron-super-49b-v1.5,44,822
nvidia/llama-3.3-nemotron-super-49b-v1.5,42,1084
nvidia/llama-3.3-nemotron-super-49b-v1.5,38,620
nvidia/llama-3.3-nemotron-super-49b-v1.5,38,748
nvidia/llama-3.3-nemotron-super-49b-v1.5,38,730
nvidia/llama-3.3-nemotron-super-49b-v1.5,40,485
nvidia/llama-3.3-nemotron-super-49b-v1.5,40,1040
nvidia/llama-3.3-nemotron-super-49b-v1.5,39,702
nvidia/llama-3.3-nemotron-super-49b-v1.5,39,650
nvidia/llama-3.3-nemotron-super-49b-v1.5,39,653
nvidia/llama-3.3-nemotron-super-49b-v1.5,39,729
nvidia/llama-3.3-nemotron-super-49b-v1.5,39,634
nvidia/llama-3.3-nemotron-super-49b-v1.5,40,1630
nvidia/llama-3.3-nemotron-super-49b-v1.5,39,568
nvidia/llama-3.3-nemotron-super-49b-v1.5,38,804
nvidia/llama-3.3-nemotron-super-49b-v1.5,43,920
nvidia/llama-3.3-nemotron-super-49b-v1.5,47,431
nvidia/llama-3.3-nemotron-super-49b-v1.5,42,960
nvidia/llama-3.3-nemotron-super-49b-v1.5,38,915
nvidia/llama-3.3-nemotron-super-49b-v1.5,40,1699
nvidia/llama-3.3-nemotron-super-49b-v1.5,39,693
nvidia/llama-3.3-nemotron-super-49b-v1.5,43,1153
nvidia/llama-3.3-nemotron-super-49b-v1.5,47,493
nvidia/llama-3.3-nemotron-super-49b-v1.5,42,1054
nvidia/llama-3.3-nemotron-super-49b-v1.5,42,520
nvidia/llama-3.3-nemotron-super-49b-v1.5,43,440
nvidia/llama-3.3-nemotron-super-49b-v1.5,39,877
nvidia/llama-3.3-nemotron-super-49b-v1.5,42,578
nvidia/llama-3.3-nemotron-super-49b-v1.5,40,1291
nvidia/llama-3.3-nemotron-super-49b-v1.5,38,924
nvidia/llama-3.3-nemotron-super-49b-v1.5,42,1164
nvidia/llama-3.3-nemotron-super-49b-v1.5,42,1215
nvidia/llama-3.3-nemotron-super-49b-v1.5,46,398
nvidia/llama-3.3-nemotron-super-49b-v1.5,40,491
nvidia/llama-3.3-nemotron-super-49b-v1.5,43,561
nvidia/llama-3.3-nemotron-super-49b-v1.5,40,507
nvidia/llama-3.3-nemotron-super-49b-v1.5,39,918
nvidia/llama-3.3-nemotron-super-49b-v1.5,40,849
nvidia/llama-3.3-nemotron-super-49b-v1.5,47,414
nvidia/llama-3.3-nemotron-super-49b-v1.5,42,681
nvidia/llama-3.3-nemotron-super-49b-v1.5,46,793
nvidia/llama-3.3-nemotron-super-49b-v1.5,47,687
nvidia/llama-3.3-nemotron-super-49b-v1.5,46,472
nvidia/llama-3.3-nemotron-super-49b-v1.5,40,537
nvidia/llama-3.3-nemotron-super-49b-v1.5,47,771
nvidia/llama-3.3-nemotron-super-49b-v1.5,43,1259
nvidia/llama-3.3-nemotron-super-49b-v1.5,43,681
nvidia/llama-3.3-nemotron-super-49b-v1.5,43,739
nvidia/llama-3.3-nemotron-super-49b-v1.5,47,503
nvidia/llama-3.3-nemotron-super-49b-v1.5,38,1168
nvidia/llama-3.3-nemotron-super-49b-v1.5,39,683
nvidia/llama-3.3-nemotron-super-49b-v1.5,40,656
nvidia/llama-3.3-nemotron-super-49b-v1.5,45,515
nvidia/llama-3.3-nemotron-super-49b-v1.5,47,898
nvidia/llama-3.3-nemotron-super-49b-v1.5,46,907
nvidia/llama-3.3-nemotron-super-49b-v1.5,39,806
nvidia/llama-3.3-nemotron-super-49b-v1.5,43,838
nvidia/llama-3.3-nemotron-super-49b-v1.5,46,1043
nvidia/llama-3.3-nemotron-super-49b-v1.5,38,1358
nvidia/llama-3.3-nemotron-super-49b-v1.5,45,663
nvidia/llama-3.3-nemotron-super-49b-v1.5,45,667
nvidia/llama-3.3-nemotron-super-49b-v1.5,40,841
nvidia/llama-3.3-nemotron-super-49b-v1.5,42,442
nvidia/llama-3.3-nemotron-super-49b-v1.5,46,1168
nvidia/llama-3.3-nemotron-super-49b-v1.5,46,796
nvidia/llama-3.3-nemotron-super-49b-v1.5,45,682
nvidia/llama-3.3-nemotron-super-49b-v1.5,46,808
nvidia/llama-3.3-nemotron-super-49b-v1.5,42,523
nvidia/llama-3.3-nemotron-super-49b-v1.5,41,477
nvidia/llama-3.3-nemotron-super-49b-v1.5,39,1367
nvidia/llama-3.3-nemotron-super-49b-v1.5,41,647
nvidia/llama-3.3-nemotron-super-49b-v1.5,46,735
nvidia/llama-3.3-nemotron-super-49b-v1.5,40,387
nvidia/llama-3.3-nemotron-super-49b-v1.5,42,594
nvidia/llama-3.3-nemotron-super-49b-v1.5,45,808
nvidia/llama-3.3-nemotron-super-49b-v1.5,39,1020
nvidia/llama-3.3-nemotron-super-49b-v1.5,46,972
nvidia/llama-3.3-nemotron-super-49b-v1.5,46,808
nvidia/llama-3.3-nemotron-super-49b-v1.5,41,706
nvidia/llama-3.3-nemotron-super-49b-v1.5,40,384
nvidia/llama-3.3-nemotron-super-49b-v1.5,47,859
nvidia/llama-3.3-nemotron-super-49b-v1.5,46,778
nvidia/llama-3.3-nemotron-super-49b-v1.5,40,461
nvidia/llama-3.3-nemotron-super-49b-v1.5,47,947
nvidia/llama-3.3-nemotron-super-49b-v1.5,40,432
nvidia/llama-3.3-nemotron-super-49b-v1.5,40,472
nvidia/llama-3.3-nemotron-super-49b-v1.5,39,549
nvidia/llama-3.3-nemotron-super-49b-v1.5,39,555
nvidia/llama-3.3-nemotron-super-49b-v1.5,47,8
nvidia/llama-3.3-nemotron-super-49b-v1.5,47,8
nvidia/llama-3.3-nemotron-super-49b-v1.5,39,560
nvidia/llama-3.3-nemotron-super-49b-v1.5,41,837
nvidia/llama-3.3-nemotron-super-49b-v1.5,47,939
nvidia/llama-3.3-nemotron-super-49b-v1.5,46,1396
nvidia/llama-3.3-nemotron-super-49b-v1.5,42,708
nvidia/llama-3.3-nemotron-super-49b-v1.5,42,705
nvidia/llama-3.3-nemotron-super-49b-v1.5,41,668
nvidia/llama-3.3-nemotron-super-49b-v1.5,41,712
nvidia/llama-3.3-nemotron-super-49b-v1.5,41,811
nvidia/llama-3.3-nemotron-super-49b-v1.5,39,1225
nvidia/llama-3.3-nemotron-super-49b-v1.5,42,1334
nvidia/llama-3.3-nemotron-super-49b-v1.5,46,561
nvidia/llama-3.3-nemotron-super-49b-v1.5,46,499
nvidia/llama-3.3-nemotron-super-49b-v1.5,46,545
nvidia/llama-3.3-nemotron-super-49b-v1.5,41,935
nvidia/llama-3.3-nemotron-super-49b-v1.5,42,8
nvidia/llama-3.3-nemotron-super-49b-v1.5,42,1427
nvidia/llama-3.3-nemotron-super-49b-v1.5,47,481
nvidia/llama-3.3-nemotron-super-49b-v1.5,39,766
nvidia/llama-3.3-nemotron-super-49b-v1.5,41,826
nvidia/llama-3.3-nemotron-super-49b-v1.5,42,786
nvidia/llama-3.3-nemotron-super-49b-v1.5,47,599
nvidia/llama-3.3-nemotron-super-49b-v1.5,47,503
nvidia/llama-3.3-nemotron-super-49b-v1.5,42,508
nvidia/llama-3.3-nemotron-super-49b-v1.5,46,1112
nvidia/llama-3.3-nemotron-super-49b-v1.5,43,502
nvidia/llama-3.3-nemotron-super-49b-v1.5,41,915
nvidia/llama-3.3-nemotron-super-49b-v1.5,46,755
nvidia/llama-3.3-nemotron-super-49b-v1.5,46,359
nvidia/llama-3.3-nemotron-super-49b-v1.5,45,348
nvidia/llama-3.3-nemotron-super-49b-v1.5,39,910
nvidia/llama-3.3-nemotron-super-49b-v1.5,47,395
nvidia/llama-3.3-nemotron-super-49b-v1.5,40,476
nvidia/llama-3.3-nemotron-super-49b-v1.5,47,412
nvidia/llama-3.3-nemotron-super-49b-v1.5,40,525
nvidia/llama-3.3-nemotron-super-49b-v1.5,42,660
nvidia/llama-3.3-nemotron-super-49b-v1.5,47,711
nvidia/llama-3.3-nemotron-super-49b-v1.5,46,373
nvidia/llama-3.3-nemotron-super-49b-v1.5,43,645
nvidia/llama-3.3-nemotron-super-49b-v1.5,40,569
nvidia/llama-3.3-nemotron-super-49b-v1.5,47,475
nvidia/llama-3.3-nemotron-super-49b-v1.5,40,569
nvidia/llama-3.3-nemotron-super-49b-v1.5,46,529
nvidia/llama-3.3-nemotron-super-49b-v1.5,46,528
nvidia/llama-3.3-nemotron-super-49b-v1.5,42,743
nvidia/llama-3.3-nemotron-super-49b-v1.5,43,664
nvidia/llama-3.3-nemotron-super-49b-v1.5,39,647
nvidia/llama-3.3-nemotron-super-49b-v1.5,47,800
nvidia/llama-3.3-nemotron-super-49b-v1.5,43,737
nvidia/llama-3.3-nemotron-super-49b-v1.5,42,309
nvidia/llama-3.3-nemotron-super-49b-v1.5,46,605
nvidia/llama-3.3-nemotron-super-49b-v1.5,39,1631
nvidia/llama-3.3-nemotron-super-49b-v1.5,42,339
nvidia/llama-3.3-nemotron-super-49b-v1.5,43,8
nvidia/llama-3.3-nemotron-super-49b-v1.5,46,974
nvidia/llama-3.3-nemotron-super-49b-v1.5,43,762
nvidia/llama-3.3-nemotron-super-49b-v1.5,42,395
nvidia/llama-3.3-nemotron-super-49b-v1.5,45,590
nvidia/llama-3.3-nemotron-super-49b-v1.5,39,739
nvidia/llama-3.3-nemotron-super-49b-v1.5,39,763
nvidia/llama-3.3-nemotron-super-49b-v1.5,42,442
nvidia/llama-3.3-nemotron-super-49b-v1.5,42,1248
nvidia/llama-3.3-nemotron-super-49b-v1.5,46,743
nvidia/llama-3.3-nemotron-super-49b-v1.5,46,615
nvidia/llama-3.3-nemotron-super-49b-v1.5,45,658
nvidia/llama-3.3-nemotron-super-49b-v1.5,45,672
nvidia/llama-3.3-nemotron-super-49b-v1.5,39,855
nvidia/llama-3.3-nemotron-super-49b-v1.5,41,566
nvidia/llama-3.3-nemotron-super-49b-v1.5,41,589
nvidia/llama-3.3-nemotron-super-49b-v1.5,41,504
nvidia/llama-3.3-nemotron-super-49b-v1.5,42,986
nvidia/llama-3.3-nemotron-super-49b-v1.5,42,998
nvidia/llama-3.3-nemotron-super-49b-v1.5,46,721
nvidia/llama-3.3-nemotron-super-49b-v1.5,46,707
nvidia/llama-3.3-nemotron-super-49b-v1.5,41,360
nvidia/llama-3.3-nemotron-super-49b-v1.5,42,1378
nvidia/llama-3.3-nemotron-super-49b-v1.5,39,922
nvidia/llama-3.3-nemotron-super-49b-v1.5,41,662
nvidia/llama-3.3-nemotron-super-49b-v1.5,41,607
nvidia/llama-3.3-nemotron-super-49b-v1.5,41,718
nvidia/llama-3.3-nemotron-super-49b-v1.5,45,829
nvidia/llama-3.3-nemotron-super-49b-v1.5,41,470
nvidia/llama-3.3-nemotron-super-49b-v1.5,48,395
nvidia/llama-3.3-nemotron-super-49b-v1.5,41,725
nvidia/llama-3.3-nemotron-super-49b-v1.5,42,622
nvidia/llama-3.3-nemotron-super-49b-v1.5,42,1550
nvidia/llama-3.3-nemotron-super-49b-v1.5,40,614
nvidia/llama-3.3-nemotron-super-49b-v1.5,40,596
nvidia/llama-3.3-nemotron-super-49b-v1.5,44,439
nvidia/llama-3.3-nemotron-super-49b-v1.5,41,725
nvidia/llama-3.3-nemotron-super-49b-v1.5,47,537
nvidia/llama-3.3-nemotron-super-49b-v1.5,47,539
nvidia/llama-3.3-nemotron-super-49b-v1.5,47,548
nvidia/llama-3.3-nemotron-super-49b-v1.5,41,819
nvidia/llama-3.3-nemotron-super-49b-v1.5,42,716
nvidia/llama-3.3-nemotron-super-49b-v1.5,42,1635
nvidia/llama-3.3-nemotron-super-49b-v1.5,41,395
nvidia/llama-3.3-nemotron-super-49b-v1.5,41,639
nvidia/llama-3.3-nemotron-super-49b-v1.5,48,584
nvidia/llama-3.3-nemotron-super-49b-v1.5,46,1019
nvidia/llama-3.3-nemotron-super-49b-v1.5,43,547
nvidia/llama-3.3-nemotron-super-49b-v1.5,40,683
nvidia/llama-3.3-nemotron-super-49b-v1.5,42,792
nvidia/llama-3.3-nemotron-super-49b-v1.5,44,506
nvidia/llama-3.3-nemotron-super-49b-v1.5,47,632
nvidia/llama-3.3-nemotron-super-49b-v1.5,41,403
nvidia/llama-3.3-nemotron-super-49b-v1.5,40,739
nvidia/llama-3.3-nemotron-super-49b-v1.5,46,1956
nvidia/llama-3.3-nemotron-super-49b-v1.5,43,596
nvidia/llama-3.3-nemotron-super-49b-v1.5,48,630
nvidia/llama-3.3-nemotron-super-49b-v1.5,40,765
nvidia/llama-3.3-nemotron-super-49b-v1.5,40,502
nvidia/llama-3.3-nemotron-super-49b-v1.5,40,1261
nvidia/llama-3.3-nemotron-super-49b-v1.5,41,706
nvidia/llama-3.3-nemotron-super-49b-v1.5,48,689
nvidia/llama-3.3-nemotron-super-49b-v1.5,44,581
nvidia/llama-3.3-nemotron-super-49b-v1.5,41,1074
nvidia/llama-3.3-nemotron-super-49b-v1.5,44,590
nvidia/llama-3.3-nemotron-super-49b-v1.5,41,813
nvidia/llama-3.3-nemotron-super-49b-v1.5,47,778
nvidia/llama-3.3-nemotron-super-49b-v1.5,41,595
nvidia/llama-3.3-nemotron-super-49b-v1.5,42,1018
nvidia/llama-3.3-nemotron-super-49b-v1.5,40,665
nvidia/llama-3.3-nemotron-super-49b-v1.5,48,848
nvidia/llama-3.3-nemotron-super-49b-v1.5,41,702
nvidia/llama-3.3-nemotron-super-49b-v1.5,42,1062
nvidia/llama-3.3-nemotron-super-49b-v1.5,40,758
nvidia/llama-3.3-nemotron-super-49b-v1.5,43,891
nvidia/llama-3.3-nemotron-super-49b-v1.5,44,866
nvidia/llama-3.3-nemotron-super-49b-v1.5,41,776
nvidia/llama-3.3-nemotron-super-49b-v1.5,40,823
nvidia/llama-3.3-nemotron-super-49b-v1.5,40,848
nvidia/llama-3.3-nemotron-super-49b-v1.5,43,1060
