google/gemma-2-2b-it,37,4
google/gemma-2-2b-it,37,4
google/gemma-2-2b-it,37,4
google/gemma-2-2b-it,37,4
google/gemma-2-2b-it,38,4
google/gemma-2-2b-it,38,4
google/gemma-2-2b-it,38,4
google/gemma-2-2b-it,38,4
google/gemma-2-2b-it,35,4
google/gemma-2-2b-it,35,4
google/gemma-2-2b-it,35,4
google/gemma-2-2b-it,35,4
google/gemma-2-2b-it,36,4
google/gemma-2-2b-it,36,4
google/gemma-2-2b-it,36,4
google/gemma-2-2b-it,36,4
google/gemma-2-2b-it,32,4
google/gemma-2-2b-it,32,4
google/gemma-2-2b-it,32,4
google/gemma-2-2b-it,32,4
google/gemma-2-2b-it,33,4
google/gemma-2-2b-it,33,4
google/gemma-2-2b-it,33,4
google/gemma-2-2b-it,33,4
google/gemma-2-2b-it,33,4
google/gemma-2-2b-it,33,4
google/gemma-2-2b-it,33,4
google/gemma-2-2b-it,33,4
google/gemma-2-2b-it,30,4
google/gemma-2-2b-it,30,4
google/gemma-2-2b-it,30,4
google/gemma-2-2b-it,32,12
google/gemma-2-2b-it,30,4
google/gemma-2-2b-it,32,12
google/gemma-2-2b-it,31,4
google/gemma-2-2b-it,31,4
google/gemma-2-2b-it,32,12
google/gemma-2-2b-it,31,4
google/gemma-2-2b-it,32,12
google/gemma-2-2b-it,31,4
google/gemma-2-2b-it,38,4
google/gemma-2-2b-it,38,4
google/gemma-2-2b-it,38,4
google/gemma-2-2b-it,38,4
google/gemma-2-2b-it,38,4
google/gemma-2-2b-it,38,4
google/gemma-2-2b-it,38,4
google/gemma-2-2b-it,31,2
google/gemma-2-2b-it,31,4
google/gemma-2-2b-it,38,4
google/gemma-2-2b-it,31,4
google/gemma-2-2b-it,31,4
google/gemma-2-2b-it,32,4
google/gemma-2-2b-it,32,4
google/gemma-2-2b-it,32,4
google/gemma-2-2b-it,29,4
google/gemma-2-2b-it,32,4
google/gemma-2-2b-it,29,4
google/gemma-2-2b-it,29,4
google/gemma-2-2b-it,29,5
google/gemma-2-2b-it,38,4
google/gemma-2-2b-it,38,4
google/gemma-2-2b-it,39,4
google/gemma-2-2b-it,39,4
google/gemma-2-2b-it,39,4
google/gemma-2-2b-it,39,4
google/gemma-2-2b-it,30,12
google/gemma-2-2b-it,30,12
google/gemma-2-2b-it,30,12
google/gemma-2-2b-it,37,4
google/gemma-2-2b-it,30,12
google/gemma-2-2b-it,37,4
google/gemma-2-2b-it,37,4
google/gemma-2-2b-it,38,12
google/gemma-2-2b-it,38,12
google/gemma-2-2b-it,37,4
google/gemma-2-2b-it,33,4
google/gemma-2-2b-it,33,4
google/gemma-2-2b-it,33,5
google/gemma-2-2b-it,33,4
google/gemma-2-2b-it,34,4
google/gemma-2-2b-it,34,4
google/gemma-2-2b-it,34,4
google/gemma-2-2b-it,36,12
google/gemma-2-2b-it,36,12
google/gemma-2-2b-it,34,4
google/gemma-2-2b-it,36,12
google/gemma-2-2b-it,36,12
google/gemma-2-2b-it,29,4
google/gemma-2-2b-it,29,4
google/gemma-2-2b-it,29,4
google/gemma-2-2b-it,29,4
google/gemma-2-2b-it,30,4
google/gemma-2-2b-it,33,12
google/gemma-2-2b-it,30,4
google/gemma-2-2b-it,33,12
google/gemma-2-2b-it,30,4
google/gemma-2-2b-it,30,4
google/gemma-2-2b-it,33,12
google/gemma-2-2b-it,33,12
google/gemma-2-2b-it,34,12
google/gemma-2-2b-it,37,4
google/gemma-2-2b-it,37,4
google/gemma-2-2b-it,34,12
google/gemma-2-2b-it,34,12
google/gemma-2-2b-it,34,12
google/gemma-2-2b-it,37,4
google/gemma-2-2b-it,37,4
google/gemma-2-2b-it,37,4
google/gemma-2-2b-it,37,4
google/gemma-2-2b-it,37,4
google/gemma-2-2b-it,37,4
google/gemma-2-2b-it,30,4
google/gemma-2-2b-it,30,4
google/gemma-2-2b-it,30,4
google/gemma-2-2b-it,30,4
google/gemma-2-2b-it,31,4
google/gemma-2-2b-it,31,4
google/gemma-2-2b-it,31,4
google/gemma-2-2b-it,31,4
google/gemma-2-2b-it,29,4
google/gemma-2-2b-it,29,4
google/gemma-2-2b-it,37,4
google/gemma-2-2b-it,37,4
google/gemma-2-2b-it,37,4
google/gemma-2-2b-it,28,12
google/gemma-2-2b-it,38,4
google/gemma-2-2b-it,37,4
google/gemma-2-2b-it,28,12
google/gemma-2-2b-it,38,4
google/gemma-2-2b-it,28,12
google/gemma-2-2b-it,28,12
google/gemma-2-2b-it,38,4
google/gemma-2-2b-it,38,4
google/gemma-2-2b-it,35,4
google/gemma-2-2b-it,35,4
google/gemma-2-2b-it,35,4
google/gemma-2-2b-it,29,12
google/gemma-2-2b-it,36,4
google/gemma-2-2b-it,29,12
google/gemma-2-2b-it,36,4
google/gemma-2-2b-it,35,6
google/gemma-2-2b-it,36,4
google/gemma-2-2b-it,36,4
google/gemma-2-2b-it,32,4
google/gemma-2-2b-it,32,4
google/gemma-2-2b-it,32,4
google/gemma-2-2b-it,32,4
google/gemma-2-2b-it,33,4
google/gemma-2-2b-it,33,4
google/gemma-2-2b-it,33,4
google/gemma-2-2b-it,33,4
google/gemma-2-2b-it,33,4
google/gemma-2-2b-it,33,4
google/gemma-2-2b-it,28,4
google/gemma-2-2b-it,28,4
google/gemma-2-2b-it,28,4
google/gemma-2-2b-it,32,12
google/gemma-2-2b-it,28,4
google/gemma-2-2b-it,29,4
google/gemma-2-2b-it,29,4
google/gemma-2-2b-it,32,12
google/gemma-2-2b-it,32,12
google/gemma-2-2b-it,32,12
google/gemma-2-2b-it,29,4
google/gemma-2-2b-it,29,4
google/gemma-2-2b-it,36,4
google/gemma-2-2b-it,36,4
google/gemma-2-2b-it,36,4
google/gemma-2-2b-it,33,12
google/gemma-2-2b-it,33,12
google/gemma-2-2b-it,36,4
google/gemma-2-2b-it,36,4
google/gemma-2-2b-it,36,4
google/gemma-2-2b-it,36,4
google/gemma-2-2b-it,36,4
google/gemma-2-2b-it,29,4
google/gemma-2-2b-it,29,4
google/gemma-2-2b-it,29,4
google/gemma-2-2b-it,29,6
google/gemma-2-2b-it,30,4
google/gemma-2-2b-it,30,4
google/gemma-2-2b-it,30,4
google/gemma-2-2b-it,30,4
google/gemma-2-2b-it,28,4
google/gemma-2-2b-it,28,4
google/gemma-2-2b-it,28,4
google/gemma-2-2b-it,28,4
google/gemma-2-2b-it,28,4
google/gemma-2-2b-it,28,4
google/gemma-2-2b-it,28,4
google/gemma-2-2b-it,37,4
google/gemma-2-2b-it,28,4
google/gemma-2-2b-it,37,4
google/gemma-2-2b-it,37,4
google/gemma-2-2b-it,37,4
google/gemma-2-2b-it,38,4
google/gemma-2-2b-it,38,4
google/gemma-2-2b-it,38,4
google/gemma-2-2b-it,38,4
google/gemma-2-2b-it,35,4
google/gemma-2-2b-it,35,4
google/gemma-2-2b-it,35,4
google/gemma-2-2b-it,35,4
google/gemma-2-2b-it,36,4
google/gemma-2-2b-it,32,4
google/gemma-2-2b-it,32,4
google/gemma-2-2b-it,32,4
google/gemma-2-2b-it,32,4
google/gemma-2-2b-it,33,4
google/gemma-2-2b-it,33,4
google/gemma-2-2b-it,33,4
google/gemma-2-2b-it,33,4
google/gemma-2-2b-it,36,12
google/gemma-2-2b-it,32,4
google/gemma-2-2b-it,36,12
google/gemma-2-2b-it,36,12
google/gemma-2-2b-it,32,4
google/gemma-2-2b-it,33,4
google/gemma-2-2b-it,33,4
google/gemma-2-2b-it,33,4
google/gemma-2-2b-it,33,4
google/gemma-2-2b-it,28,4
google/gemma-2-2b-it,28,4
google/gemma-2-2b-it,28,4
google/gemma-2-2b-it,28,4
google/gemma-2-2b-it,32,12
google/gemma-2-2b-it,29,4
google/gemma-2-2b-it,29,4
google/gemma-2-2b-it,29,4
google/gemma-2-2b-it,32,12
google/gemma-2-2b-it,29,4
google/gemma-2-2b-it,36,4
google/gemma-2-2b-it,36,4
google/gemma-2-2b-it,36,4
google/gemma-2-2b-it,36,6
google/gemma-2-2b-it,36,4
google/gemma-2-2b-it,36,4
google/gemma-2-2b-it,36,4
google/gemma-2-2b-it,36,4
google/gemma-2-2b-it,29,4
google/gemma-2-2b-it,29,4
google/gemma-2-2b-it,30,4
google/gemma-2-2b-it,29,6
google/gemma-2-2b-it,29,4
google/gemma-2-2b-it,30,4
google/gemma-2-2b-it,30,4
google/gemma-2-2b-it,30,4
google/gemma-2-2b-it,28,4
google/gemma-2-2b-it,28,4
google/gemma-2-2b-it,28,6
google/gemma-2-2b-it,29,4
google/gemma-2-2b-it,28,6
google/gemma-2-2b-it,38,4
google/gemma-2-2b-it,29,4
google/gemma-2-2b-it,38,4
google/gemma-2-2b-it,38,4
google/gemma-2-2b-it,38,4
google/gemma-2-2b-it,39,4
google/gemma-2-2b-it,39,4
google/gemma-2-2b-it,39,4
google/gemma-2-2b-it,29,12
google/gemma-2-2b-it,29,12
google/gemma-2-2b-it,36,4
google/gemma-2-2b-it,39,4
google/gemma-2-2b-it,36,4
google/gemma-2-2b-it,36,4
google/gemma-2-2b-it,37,4
google/gemma-2-2b-it,36,4
google/gemma-2-2b-it,37,4
google/gemma-2-2b-it,37,4
google/gemma-2-2b-it,37,4
google/gemma-2-2b-it,33,4
google/gemma-2-2b-it,33,4
google/gemma-2-2b-it,33,4
google/gemma-2-2b-it,33,4
google/gemma-2-2b-it,34,4
google/gemma-2-2b-it,34,4
google/gemma-2-2b-it,34,4
google/gemma-2-2b-it,34,4
google/gemma-2-2b-it,33,4
google/gemma-2-2b-it,33,4
google/gemma-2-2b-it,33,4
google/gemma-2-2b-it,33,4
google/gemma-2-2b-it,34,4
google/gemma-2-2b-it,34,4
google/gemma-2-2b-it,34,4
google/gemma-2-2b-it,34,4
google/gemma-2-2b-it,31,4
google/gemma-2-2b-it,31,4
google/gemma-2-2b-it,31,4
google/gemma-2-2b-it,32,4
google/gemma-2-2b-it,31,4
google/gemma-2-2b-it,32,4
google/gemma-2-2b-it,32,4
google/gemma-2-2b-it,32,4
google/gemma-2-2b-it,39,4
google/gemma-2-2b-it,39,4
google/gemma-2-2b-it,39,4
google/gemma-2-2b-it,39,4
google/gemma-2-2b-it,39,4
google/gemma-2-2b-it,39,4
google/gemma-2-2b-it,39,4
google/gemma-2-2b-it,32,4
google/gemma-2-2b-it,39,4
google/gemma-2-2b-it,32,4
google/gemma-2-2b-it,32,4
google/gemma-2-2b-it,32,4
google/gemma-2-2b-it,33,4
google/gemma-2-2b-it,33,4
google/gemma-2-2b-it,33,4
google/gemma-2-2b-it,33,4
google/gemma-2-2b-it,31,4
google/gemma-2-2b-it,31,4
google/gemma-2-2b-it,31,4
google/gemma-2-2b-it,31,4
google/gemma-2-2b-it,37,4
google/gemma-2-2b-it,37,4
google/gemma-2-2b-it,37,4
google/gemma-2-2b-it,37,4
google/gemma-2-2b-it,38,4
google/gemma-2-2b-it,38,4
google/gemma-2-2b-it,38,4
google/gemma-2-2b-it,38,4
google/gemma-2-2b-it,31,12
google/gemma-2-2b-it,31,12
google/gemma-2-2b-it,31,12
google/gemma-2-2b-it,31,12
google/gemma-2-2b-it,36,4
google/gemma-2-2b-it,36,4
google/gemma-2-2b-it,36,4
google/gemma-2-2b-it,32,4
google/gemma-2-2b-it,36,4
google/gemma-2-2b-it,32,4
google/gemma-2-2b-it,32,4
google/gemma-2-2b-it,32,4
google/gemma-2-2b-it,35,12
google/gemma-2-2b-it,33,4
google/gemma-2-2b-it,35,12
google/gemma-2-2b-it,35,12
google/gemma-2-2b-it,33,4
google/gemma-2-2b-it,35,12
google/gemma-2-2b-it,33,4
google/gemma-2-2b-it,33,4
google/gemma-2-2b-it,33,4
google/gemma-2-2b-it,33,4
google/gemma-2-2b-it,29,4
google/gemma-2-2b-it,33,4
google/gemma-2-2b-it,29,4
google/gemma-2-2b-it,29,4
google/gemma-2-2b-it,29,4
google/gemma-2-2b-it,32,12
google/gemma-2-2b-it,30,4
google/gemma-2-2b-it,32,12
google/gemma-2-2b-it,30,4
google/gemma-2-2b-it,32,12
google/gemma-2-2b-it,30,4
google/gemma-2-2b-it,32,12
google/gemma-2-2b-it,30,4
google/gemma-2-2b-it,37,4
google/gemma-2-2b-it,37,4
google/gemma-2-2b-it,33,12
google/gemma-2-2b-it,37,4
google/gemma-2-2b-it,37,4
google/gemma-2-2b-it,37,4
google/gemma-2-2b-it,37,4
google/gemma-2-2b-it,37,4
google/gemma-2-2b-it,37,4
google/gemma-2-2b-it,30,4
google/gemma-2-2b-it,30,4
google/gemma-2-2b-it,30,4
google/gemma-2-2b-it,30,4
google/gemma-2-2b-it,31,4
google/gemma-2-2b-it,31,4
google/gemma-2-2b-it,31,4
google/gemma-2-2b-it,31,4
google/gemma-2-2b-it,29,4
google/gemma-2-2b-it,29,6
google/gemma-2-2b-it,29,4
google/gemma-2-2b-it,29,6
google/gemma-2-2b-it,29,4
google/gemma-2-2b-it,29,5
google/gemma-2-2b-it,29,4
google/gemma-2-2b-it,38,4
google/gemma-2-2b-it,38,4
google/gemma-2-2b-it,39,4
google/gemma-2-2b-it,39,4
google/gemma-2-2b-it,39,4
google/gemma-2-2b-it,39,4
google/gemma-2-2b-it,36,4
google/gemma-2-2b-it,36,5
google/gemma-2-2b-it,36,4
google/gemma-2-2b-it,37,4
google/gemma-2-2b-it,36,4
google/gemma-2-2b-it,29,12
google/gemma-2-2b-it,38,12
google/gemma-2-2b-it,37,4
google/gemma-2-2b-it,37,4
google/gemma-2-2b-it,38,12
google/gemma-2-2b-it,33,4
google/gemma-2-2b-it,33,4
google/gemma-2-2b-it,33,4
google/gemma-2-2b-it,33,4
google/gemma-2-2b-it,34,4
google/gemma-2-2b-it,34,4
google/gemma-2-2b-it,34,4
google/gemma-2-2b-it,33,4
google/gemma-2-2b-it,34,4
google/gemma-2-2b-it,33,4
google/gemma-2-2b-it,37,12
google/gemma-2-2b-it,33,4
google/gemma-2-2b-it,34,4
google/gemma-2-2b-it,34,4
google/gemma-2-2b-it,34,4
google/gemma-2-2b-it,31,4
google/gemma-2-2b-it,34,4
google/gemma-2-2b-it,31,4
google/gemma-2-2b-it,31,4
google/gemma-2-2b-it,31,4
google/gemma-2-2b-it,32,4
google/gemma-2-2b-it,33,12
google/gemma-2-2b-it,32,4
google/gemma-2-2b-it,32,4
google/gemma-2-2b-it,39,4
google/gemma-2-2b-it,32,4
google/gemma-2-2b-it,39,4
google/gemma-2-2b-it,39,4
google/gemma-2-2b-it,39,4
google/gemma-2-2b-it,39,4
google/gemma-2-2b-it,39,4
google/gemma-2-2b-it,39,4
google/gemma-2-2b-it,39,4
google/gemma-2-2b-it,32,4
google/gemma-2-2b-it,32,4
google/gemma-2-2b-it,32,4
google/gemma-2-2b-it,33,4
google/gemma-2-2b-it,32,4
google/gemma-2-2b-it,33,4
google/gemma-2-2b-it,33,2
google/gemma-2-2b-it,33,4
google/gemma-2-2b-it,30,4
google/gemma-2-2b-it,30,4
google/gemma-2-2b-it,31,4
google/gemma-2-2b-it,31,4
google/gemma-2-2b-it,31,4
google/gemma-2-2b-it,31,4
google/gemma-2-2b-it,40,4
google/gemma-2-2b-it,40,4
google/gemma-2-2b-it,40,4
google/gemma-2-2b-it,41,4
google/gemma-2-2b-it,40,4
google/gemma-2-2b-it,30,12
google/gemma-2-2b-it,30,12
google/gemma-2-2b-it,41,4
google/gemma-2-2b-it,41,4
google/gemma-2-2b-it,41,4
google/gemma-2-2b-it,38,4
google/gemma-2-2b-it,38,4
google/gemma-2-2b-it,38,4
google/gemma-2-2b-it,38,4
google/gemma-2-2b-it,39,4
google/gemma-2-2b-it,39,4
google/gemma-2-2b-it,39,4
google/gemma-2-2b-it,39,4
google/gemma-2-2b-it,35,4
google/gemma-2-2b-it,35,4
google/gemma-2-2b-it,35,4
google/gemma-2-2b-it,35,4
google/gemma-2-2b-it,36,4
google/gemma-2-2b-it,36,4
google/gemma-2-2b-it,36,4
google/gemma-2-2b-it,35,4
google/gemma-2-2b-it,36,4
google/gemma-2-2b-it,35,4
google/gemma-2-2b-it,35,4
google/gemma-2-2b-it,35,4
google/gemma-2-2b-it,36,4
google/gemma-2-2b-it,36,4
google/gemma-2-2b-it,36,4
google/gemma-2-2b-it,36,4
google/gemma-2-2b-it,29,4
google/gemma-2-2b-it,29,4
google/gemma-2-2b-it,29,4
google/gemma-2-2b-it,29,4
google/gemma-2-2b-it,30,4
google/gemma-2-2b-it,30,4
google/gemma-2-2b-it,30,4
google/gemma-2-2b-it,30,4
google/gemma-2-2b-it,37,4
google/gemma-2-2b-it,37,4
google/gemma-2-2b-it,37,4
google/gemma-2-2b-it,37,4
google/gemma-2-2b-it,37,4
google/gemma-2-2b-it,37,4
google/gemma-2-2b-it,37,4
google/gemma-2-2b-it,37,4
google/gemma-2-2b-it,30,4
google/gemma-2-2b-it,30,4
google/gemma-2-2b-it,30,4
google/gemma-2-2b-it,30,4
google/gemma-2-2b-it,31,4
google/gemma-2-2b-it,31,4
google/gemma-2-2b-it,31,4
google/gemma-2-2b-it,31,4
google/gemma-2-2b-it,29,4
google/gemma-2-2b-it,29,4
google/gemma-2-2b-it,29,4
google/gemma-2-2b-it,29,6
google/gemma-2-2b-it,29,5
google/gemma-2-2b-it,29,12
google/gemma-2-2b-it,29,12
google/gemma-2-2b-it,29,12
microsoft/phi-4-mini-instruct,31,2
microsoft/phi-4-mini-instruct,31,2
microsoft/phi-4-mini-instruct,31,2
microsoft/phi-4-mini-instruct,31,2
microsoft/phi-4-mini-instruct,32,2
microsoft/phi-4-mini-instruct,32,2
microsoft/phi-4-mini-instruct,32,2
microsoft/phi-4-mini-instruct,30,2
microsoft/phi-4-mini-instruct,30,2
microsoft/phi-4-mini-instruct,30,2
microsoft/phi-4-mini-instruct,31,2
microsoft/phi-4-mini-instruct,30,2
microsoft/phi-4-mini-instruct,31,2
microsoft/phi-4-mini-instruct,31,2
microsoft/phi-4-mini-instruct,26,2
microsoft/phi-4-mini-instruct,26,2
microsoft/phi-4-mini-instruct,26,2
microsoft/phi-4-mini-instruct,26,2
microsoft/phi-4-mini-instruct,27,2
microsoft/phi-4-mini-instruct,27,2
microsoft/phi-4-mini-instruct,32,12
microsoft/phi-4-mini-instruct,27,2
microsoft/phi-4-mini-instruct,26,2
microsoft/phi-4-mini-instruct,26,2
microsoft/phi-4-mini-instruct,27,2
microsoft/phi-4-mini-instruct,31,12
microsoft/phi-4-mini-instruct,27,2
microsoft/phi-4-mini-instruct,27,2
microsoft/phi-4-mini-instruct,27,2
microsoft/phi-4-mini-instruct,26,2
microsoft/phi-4-mini-instruct,26,2
microsoft/phi-4-mini-instruct,26,2
microsoft/phi-4-mini-instruct,26,2
microsoft/phi-4-mini-instruct,27,12
microsoft/phi-4-mini-instruct,27,2
microsoft/phi-4-mini-instruct,26,12
microsoft/phi-4-mini-instruct,27,2
microsoft/phi-4-mini-instruct,27,2
microsoft/phi-4-mini-instruct,27,2
microsoft/phi-4-mini-instruct,26,12
microsoft/phi-4-mini-instruct,34,4
microsoft/phi-4-mini-instruct,34,2
microsoft/phi-4-mini-instruct,34,4
microsoft/phi-4-mini-instruct,34,2
microsoft/phi-4-mini-instruct,34,4
microsoft/phi-4-mini-instruct,34,2
microsoft/phi-4-mini-instruct,34,2
microsoft/phi-4-mini-instruct,34,2
microsoft/phi-4-mini-instruct,28,2
microsoft/phi-4-mini-instruct,28,2
microsoft/phi-4-mini-instruct,28,2
microsoft/phi-4-mini-instruct,28,2
microsoft/phi-4-mini-instruct,29,2
microsoft/phi-4-mini-instruct,29,2
microsoft/phi-4-mini-instruct,29,2
microsoft/phi-4-mini-instruct,29,2
microsoft/phi-4-mini-instruct,25,2
microsoft/phi-4-mini-instruct,25,2
microsoft/phi-4-mini-instruct,25,2
microsoft/phi-4-mini-instruct,25,2
microsoft/phi-4-mini-instruct,25,2
microsoft/phi-4-mini-instruct,25,2
microsoft/phi-4-mini-instruct,25,2
microsoft/phi-4-mini-instruct,25,2
microsoft/phi-4-mini-instruct,32,2
microsoft/phi-4-mini-instruct,32,2
microsoft/phi-4-mini-instruct,32,2
microsoft/phi-4-mini-instruct,33,2
microsoft/phi-4-mini-instruct,33,2
microsoft/phi-4-mini-instruct,33,2
microsoft/phi-4-mini-instruct,33,2
microsoft/phi-4-mini-instruct,31,2
microsoft/phi-4-mini-instruct,32,2
microsoft/phi-4-mini-instruct,32,2
microsoft/phi-4-mini-instruct,32,2
microsoft/phi-4-mini-instruct,32,2
microsoft/phi-4-mini-instruct,32,12
microsoft/phi-4-mini-instruct,27,2
microsoft/phi-4-mini-instruct,28,2
microsoft/phi-4-mini-instruct,28,2
microsoft/phi-4-mini-instruct,28,2
microsoft/phi-4-mini-instruct,31,10
microsoft/phi-4-mini-instruct,31,11
microsoft/phi-4-mini-instruct,27,2
microsoft/phi-4-mini-instruct,28,2
microsoft/phi-4-mini-instruct,31,12
microsoft/phi-4-mini-instruct,27,2
microsoft/phi-4-mini-instruct,28,2
microsoft/phi-4-mini-instruct,28,2
microsoft/phi-4-mini-instruct,28,2
microsoft/phi-4-mini-instruct,27,12
microsoft/phi-4-mini-instruct,27,12
microsoft/phi-4-mini-instruct,28,2
microsoft/phi-4-mini-instruct,26,2
microsoft/phi-4-mini-instruct,26,2
microsoft/phi-4-mini-instruct,26,2
microsoft/phi-4-mini-instruct,27,12
microsoft/phi-4-mini-instruct,26,2
microsoft/phi-4-mini-instruct,27,2
microsoft/phi-4-mini-instruct,27,2
microsoft/phi-4-mini-instruct,27,2
microsoft/phi-4-mini-instruct,27,2
microsoft/phi-4-mini-instruct,34,2
microsoft/phi-4-mini-instruct,27,10
microsoft/phi-4-mini-instruct,34,2
microsoft/phi-4-mini-instruct,27,12
microsoft/phi-4-mini-instruct,34,2
microsoft/phi-4-mini-instruct,34,3
microsoft/phi-4-mini-instruct,34,3
microsoft/phi-4-mini-instruct,34,2
microsoft/phi-4-mini-instruct,28,2
microsoft/phi-4-mini-instruct,34,4
microsoft/phi-4-mini-instruct,28,2
microsoft/phi-4-mini-instruct,28,2
microsoft/phi-4-mini-instruct,29,2
microsoft/phi-4-mini-instruct,28,2
microsoft/phi-4-mini-instruct,29,2
microsoft/phi-4-mini-instruct,29,2
microsoft/phi-4-mini-instruct,29,2
microsoft/phi-4-mini-instruct,25,2
microsoft/phi-4-mini-instruct,25,2
microsoft/phi-4-mini-instruct,25,2
microsoft/phi-4-mini-instruct,25,2
microsoft/phi-4-mini-instruct,34,12
microsoft/phi-4-mini-instruct,25,2
microsoft/phi-4-mini-instruct,25,2
microsoft/phi-4-mini-instruct,25,2
microsoft/phi-4-mini-instruct,31,2
microsoft/phi-4-mini-instruct,25,2
microsoft/phi-4-mini-instruct,31,2
microsoft/phi-4-mini-instruct,31,2
microsoft/phi-4-mini-instruct,32,2
microsoft/phi-4-mini-instruct,32,2
microsoft/phi-4-mini-instruct,32,2
microsoft/phi-4-mini-instruct,30,2
microsoft/phi-4-mini-instruct,30,2
microsoft/phi-4-mini-instruct,30,2
microsoft/phi-4-mini-instruct,31,2
microsoft/phi-4-mini-instruct,31,2
microsoft/phi-4-mini-instruct,31,2
microsoft/phi-4-mini-instruct,31,2
microsoft/phi-4-mini-instruct,26,2
microsoft/phi-4-mini-instruct,26,2
microsoft/phi-4-mini-instruct,31,12
microsoft/phi-4-mini-instruct,26,2
microsoft/phi-4-mini-instruct,26,2
microsoft/phi-4-mini-instruct,27,2
microsoft/phi-4-mini-instruct,27,2
microsoft/phi-4-mini-instruct,27,2
microsoft/phi-4-mini-instruct,32,12
microsoft/phi-4-mini-instruct,26,2
microsoft/phi-4-mini-instruct,27,2
microsoft/phi-4-mini-instruct,26,2
microsoft/phi-4-mini-instruct,26,2
microsoft/phi-4-mini-instruct,26,2
microsoft/phi-4-mini-instruct,27,2
microsoft/phi-4-mini-instruct,30,12
microsoft/phi-4-mini-instruct,27,2
microsoft/phi-4-mini-instruct,27,2
microsoft/phi-4-mini-instruct,24,2
microsoft/phi-4-mini-instruct,27,2
microsoft/phi-4-mini-instruct,24,2
microsoft/phi-4-mini-instruct,24,2
microsoft/phi-4-mini-instruct,25,2
microsoft/phi-4-mini-instruct,25,2
microsoft/phi-4-mini-instruct,25,2
microsoft/phi-4-mini-instruct,32,2
microsoft/phi-4-mini-instruct,25,2
microsoft/phi-4-mini-instruct,32,2
microsoft/phi-4-mini-instruct,32,2
microsoft/phi-4-mini-instruct,32,4
microsoft/phi-4-mini-instruct,32,3
microsoft/phi-4-mini-instruct,32,2
microsoft/phi-4-mini-instruct,32,2
microsoft/phi-4-mini-instruct,26,2
microsoft/phi-4-mini-instruct,32,2
microsoft/phi-4-mini-instruct,26,2
microsoft/phi-4-mini-instruct,24,12
microsoft/phi-4-mini-instruct,26,2
microsoft/phi-4-mini-instruct,26,2
microsoft/phi-4-mini-instruct,27,2
microsoft/phi-4-mini-instruct,27,2
microsoft/phi-4-mini-instruct,27,2
microsoft/phi-4-mini-instruct,27,2
microsoft/phi-4-mini-instruct,23,2
microsoft/phi-4-mini-instruct,23,2
microsoft/phi-4-mini-instruct,23,2
microsoft/phi-4-mini-instruct,23,2
microsoft/phi-4-mini-instruct,23,2
microsoft/phi-4-mini-instruct,23,2
microsoft/phi-4-mini-instruct,23,2
microsoft/phi-4-mini-instruct,31,2
microsoft/phi-4-mini-instruct,23,2
microsoft/phi-4-mini-instruct,31,2
microsoft/phi-4-mini-instruct,31,2
microsoft/phi-4-mini-instruct,31,2
microsoft/phi-4-mini-instruct,32,2
microsoft/phi-4-mini-instruct,32,2
microsoft/phi-4-mini-instruct,32,2
microsoft/phi-4-mini-instruct,30,2
microsoft/phi-4-mini-instruct,32,2
microsoft/phi-4-mini-instruct,30,2
microsoft/phi-4-mini-instruct,30,2
microsoft/phi-4-mini-instruct,30,2
microsoft/phi-4-mini-instruct,31,2
microsoft/phi-4-mini-instruct,31,2
microsoft/phi-4-mini-instruct,31,2
microsoft/phi-4-mini-instruct,31,2
microsoft/phi-4-mini-instruct,26,2
microsoft/phi-4-mini-instruct,26,2
microsoft/phi-4-mini-instruct,26,2
microsoft/phi-4-mini-instruct,27,2
microsoft/phi-4-mini-instruct,27,2
microsoft/phi-4-mini-instruct,27,2
microsoft/phi-4-mini-instruct,26,2
microsoft/phi-4-mini-instruct,27,2
microsoft/phi-4-mini-instruct,26,2
microsoft/phi-4-mini-instruct,26,2
microsoft/phi-4-mini-instruct,26,2
microsoft/phi-4-mini-instruct,27,2
microsoft/phi-4-mini-instruct,27,2
microsoft/phi-4-mini-instruct,27,2
microsoft/phi-4-mini-instruct,26,12
microsoft/phi-4-mini-instruct,27,2
microsoft/phi-4-mini-instruct,25,2
microsoft/phi-4-mini-instruct,25,2
microsoft/phi-4-mini-instruct,26,2
microsoft/phi-4-mini-instruct,26,2
microsoft/phi-4-mini-instruct,26,2
microsoft/phi-4-mini-instruct,33,2
microsoft/phi-4-mini-instruct,26,2
microsoft/phi-4-mini-instruct,33,2
microsoft/phi-4-mini-instruct,33,3
microsoft/phi-4-mini-instruct,33,2
microsoft/phi-4-mini-instruct,33,2
microsoft/phi-4-mini-instruct,33,4
microsoft/phi-4-mini-instruct,33,3
microsoft/phi-4-mini-instruct,33,3
microsoft/phi-4-mini-instruct,27,2
microsoft/phi-4-mini-instruct,25,12
microsoft/phi-4-mini-instruct,27,2
microsoft/phi-4-mini-instruct,27,2
microsoft/phi-4-mini-instruct,25,12
microsoft/phi-4-mini-instruct,27,2
microsoft/phi-4-mini-instruct,28,2
microsoft/phi-4-mini-instruct,28,2
microsoft/phi-4-mini-instruct,28,2
microsoft/phi-4-mini-instruct,28,2
microsoft/phi-4-mini-instruct,24,2
microsoft/phi-4-mini-instruct,24,2
microsoft/phi-4-mini-instruct,24,2
microsoft/phi-4-mini-instruct,24,2
microsoft/phi-4-mini-instruct,24,2
microsoft/phi-4-mini-instruct,24,2
microsoft/phi-4-mini-instruct,24,2
microsoft/phi-4-mini-instruct,24,2
microsoft/phi-4-mini-instruct,33,2
microsoft/phi-4-mini-instruct,33,2
microsoft/phi-4-mini-instruct,33,2
microsoft/phi-4-mini-instruct,33,2
microsoft/phi-4-mini-instruct,34,2
microsoft/phi-4-mini-instruct,34,2
microsoft/phi-4-mini-instruct,34,2
microsoft/phi-4-mini-instruct,34,2
microsoft/phi-4-mini-instruct,32,2
microsoft/phi-4-mini-instruct,32,2
microsoft/phi-4-mini-instruct,32,2
microsoft/phi-4-mini-instruct,33,2
microsoft/phi-4-mini-instruct,33,2
microsoft/phi-4-mini-instruct,32,6
microsoft/phi-4-mini-instruct,33,2
microsoft/phi-4-mini-instruct,28,2
microsoft/phi-4-mini-instruct,28,2
microsoft/phi-4-mini-instruct,28,2
microsoft/phi-4-mini-instruct,29,2
microsoft/phi-4-mini-instruct,29,2
microsoft/phi-4-mini-instruct,29,2
microsoft/phi-4-mini-instruct,28,2
microsoft/phi-4-mini-instruct,29,2
microsoft/phi-4-mini-instruct,28,2
microsoft/phi-4-mini-instruct,28,2
microsoft/phi-4-mini-instruct,28,2
microsoft/phi-4-mini-instruct,29,2
microsoft/phi-4-mini-instruct,29,2
microsoft/phi-4-mini-instruct,33,12
microsoft/phi-4-mini-instruct,29,2
microsoft/phi-4-mini-instruct,27,2
microsoft/phi-4-mini-instruct,29,2
microsoft/phi-4-mini-instruct,28,12
microsoft/phi-4-mini-instruct,27,2
microsoft/phi-4-mini-instruct,27,2
microsoft/phi-4-mini-instruct,27,2
microsoft/phi-4-mini-instruct,28,2
microsoft/phi-4-mini-instruct,28,2
microsoft/phi-4-mini-instruct,28,2
microsoft/phi-4-mini-instruct,35,2
microsoft/phi-4-mini-instruct,28,2
microsoft/phi-4-mini-instruct,35,2
microsoft/phi-4-mini-instruct,35,3
microsoft/phi-4-mini-instruct,35,2
microsoft/phi-4-mini-instruct,35,2
microsoft/phi-4-mini-instruct,35,3
microsoft/phi-4-mini-instruct,35,2
microsoft/phi-4-mini-instruct,29,2
microsoft/phi-4-mini-instruct,29,2
microsoft/phi-4-mini-instruct,35,3
microsoft/phi-4-mini-instruct,29,2
microsoft/phi-4-mini-instruct,29,2
microsoft/phi-4-mini-instruct,30,2
microsoft/phi-4-mini-instruct,30,2
microsoft/phi-4-mini-instruct,30,2
microsoft/phi-4-mini-instruct,30,2
microsoft/phi-4-mini-instruct,26,2
microsoft/phi-4-mini-instruct,26,2
microsoft/phi-4-mini-instruct,26,2
microsoft/phi-4-mini-instruct,26,2
microsoft/phi-4-mini-instruct,26,2
microsoft/phi-4-mini-instruct,26,2
microsoft/phi-4-mini-instruct,26,2
microsoft/phi-4-mini-instruct,26,2
microsoft/phi-4-mini-instruct,31,2
microsoft/phi-4-mini-instruct,31,2
microsoft/phi-4-mini-instruct,31,2
microsoft/phi-4-mini-instruct,31,2
microsoft/phi-4-mini-instruct,32,2
microsoft/phi-4-mini-instruct,32,2
microsoft/phi-4-mini-instruct,32,2
microsoft/phi-4-mini-instruct,32,2
microsoft/phi-4-mini-instruct,30,2
microsoft/phi-4-mini-instruct,30,2
microsoft/phi-4-mini-instruct,30,2
microsoft/phi-4-mini-instruct,30,2
microsoft/phi-4-mini-instruct,31,2
microsoft/phi-4-mini-instruct,31,2
microsoft/phi-4-mini-instruct,31,2
microsoft/phi-4-mini-instruct,31,2
microsoft/phi-4-mini-instruct,26,2
microsoft/phi-4-mini-instruct,26,2
microsoft/phi-4-mini-instruct,26,2
microsoft/phi-4-mini-instruct,27,2
microsoft/phi-4-mini-instruct,26,2
microsoft/phi-4-mini-instruct,27,2
microsoft/phi-4-mini-instruct,27,2
microsoft/phi-4-mini-instruct,27,2
microsoft/phi-4-mini-instruct,26,2
microsoft/phi-4-mini-instruct,26,2
microsoft/phi-4-mini-instruct,27,2
microsoft/phi-4-mini-instruct,27,2
microsoft/phi-4-mini-instruct,26,2
microsoft/phi-4-mini-instruct,27,2
microsoft/phi-4-mini-instruct,26,2
microsoft/phi-4-mini-instruct,27,2
microsoft/phi-4-mini-instruct,27,2
microsoft/phi-4-mini-instruct,27,2
microsoft/phi-4-mini-instruct,26,12
microsoft/phi-4-mini-instruct,34,2
microsoft/phi-4-mini-instruct,26,12
microsoft/phi-4-mini-instruct,34,3
microsoft/phi-4-mini-instruct,34,4
microsoft/phi-4-mini-instruct,27,12
microsoft/phi-4-mini-instruct,27,12
microsoft/phi-4-mini-instruct,28,2
microsoft/phi-4-mini-instruct,34,2
microsoft/phi-4-mini-instruct,34,3
microsoft/phi-4-mini-instruct,34,3
microsoft/phi-4-mini-instruct,26,12
microsoft/phi-4-mini-instruct,28,2
microsoft/phi-4-mini-instruct,26,12
microsoft/phi-4-mini-instruct,28,2
microsoft/phi-4-mini-instruct,28,2
microsoft/phi-4-mini-instruct,29,2
microsoft/phi-4-mini-instruct,29,2
microsoft/phi-4-mini-instruct,29,2
microsoft/phi-4-mini-instruct,29,2
microsoft/phi-4-mini-instruct,25,2
microsoft/phi-4-mini-instruct,34,12
microsoft/phi-4-mini-instruct,25,2
microsoft/phi-4-mini-instruct,25,2
microsoft/phi-4-mini-instruct,34,12
microsoft/phi-4-mini-instruct,25,2
microsoft/phi-4-mini-instruct,25,2
microsoft/phi-4-mini-instruct,25,2
microsoft/phi-4-mini-instruct,25,2
microsoft/phi-4-mini-instruct,25,2
microsoft/phi-4-mini-instruct,33,2
microsoft/phi-4-mini-instruct,33,2
microsoft/phi-4-mini-instruct,33,2
microsoft/phi-4-mini-instruct,34,2
microsoft/phi-4-mini-instruct,32,2
microsoft/phi-4-mini-instruct,32,2
microsoft/phi-4-mini-instruct,32,2
microsoft/phi-4-mini-instruct,32,2
microsoft/phi-4-mini-instruct,33,2
microsoft/phi-4-mini-instruct,33,2
microsoft/phi-4-mini-instruct,33,2
microsoft/phi-4-mini-instruct,33,12
microsoft/phi-4-mini-instruct,28,2
microsoft/phi-4-mini-instruct,28,2
microsoft/phi-4-mini-instruct,28,2
microsoft/phi-4-mini-instruct,28,2
microsoft/phi-4-mini-instruct,29,2
microsoft/phi-4-mini-instruct,29,2
microsoft/phi-4-mini-instruct,29,2
microsoft/phi-4-mini-instruct,34,12
microsoft/phi-4-mini-instruct,34,12
microsoft/phi-4-mini-instruct,34,12
microsoft/phi-4-mini-instruct,29,2
microsoft/phi-4-mini-instruct,28,2
microsoft/phi-4-mini-instruct,28,2
microsoft/phi-4-mini-instruct,28,2
microsoft/phi-4-mini-instruct,33,12
microsoft/phi-4-mini-instruct,28,2
microsoft/phi-4-mini-instruct,29,2
microsoft/phi-4-mini-instruct,29,2
microsoft/phi-4-mini-instruct,29,2
microsoft/phi-4-mini-instruct,29,2
microsoft/phi-4-mini-instruct,27,2
microsoft/phi-4-mini-instruct,27,2
microsoft/phi-4-mini-instruct,27,2
microsoft/phi-4-mini-instruct,28,2
microsoft/phi-4-mini-instruct,27,2
microsoft/phi-4-mini-instruct,28,2
microsoft/phi-4-mini-instruct,28,2
microsoft/phi-4-mini-instruct,28,2
microsoft/phi-4-mini-instruct,35,2
microsoft/phi-4-mini-instruct,35,4
microsoft/phi-4-mini-instruct,35,2
microsoft/phi-4-mini-instruct,35,2
microsoft/phi-4-mini-instruct,35,3
microsoft/phi-4-mini-instruct,35,2
microsoft/phi-4-mini-instruct,35,3
microsoft/phi-4-mini-instruct,35,2
microsoft/phi-4-mini-instruct,29,2
microsoft/phi-4-mini-instruct,29,2
microsoft/phi-4-mini-instruct,29,2
microsoft/phi-4-mini-instruct,29,2
microsoft/phi-4-mini-instruct,30,2
microsoft/phi-4-mini-instruct,30,2
microsoft/phi-4-mini-instruct,30,2
microsoft/phi-4-mini-instruct,26,2
microsoft/phi-4-mini-instruct,30,2
microsoft/phi-4-mini-instruct,26,2
microsoft/phi-4-mini-instruct,26,2
microsoft/phi-4-mini-instruct,26,2
microsoft/phi-4-mini-instruct,26,2
microsoft/phi-4-mini-instruct,26,2
microsoft/phi-4-mini-instruct,26,2
microsoft/phi-4-mini-instruct,26,2
microsoft/phi-4-mini-instruct,34,2
microsoft/phi-4-mini-instruct,34,2
microsoft/phi-4-mini-instruct,34,2
microsoft/phi-4-mini-instruct,35,2
microsoft/phi-4-mini-instruct,35,2
microsoft/phi-4-mini-instruct,35,2
microsoft/phi-4-mini-instruct,35,2
microsoft/phi-4-mini-instruct,33,2
microsoft/phi-4-mini-instruct,33,2
microsoft/phi-4-mini-instruct,33,2
microsoft/phi-4-mini-instruct,33,2
microsoft/phi-4-mini-instruct,34,2
microsoft/phi-4-mini-instruct,34,2
microsoft/phi-4-mini-instruct,29,2
microsoft/phi-4-mini-instruct,34,2
microsoft/phi-4-mini-instruct,34,12
microsoft/phi-4-mini-instruct,29,2
microsoft/phi-4-mini-instruct,29,2
microsoft/phi-4-mini-instruct,29,2
microsoft/phi-4-mini-instruct,30,2
microsoft/phi-4-mini-instruct,30,2
microsoft/phi-4-mini-instruct,30,2
microsoft/phi-4-mini-instruct,29,2
microsoft/phi-4-mini-instruct,30,2
microsoft/phi-4-mini-instruct,29,2
microsoft/phi-4-mini-instruct,29,2
microsoft/phi-4-mini-instruct,29,2
microsoft/phi-4-mini-instruct,34,12
microsoft/phi-4-mini-instruct,30,2
microsoft/phi-4-mini-instruct,30,2
microsoft/phi-4-mini-instruct,30,2
microsoft/phi-4-mini-instruct,30,2
microsoft/phi-4-mini-instruct,28,2
microsoft/phi-4-mini-instruct,28,2
microsoft/phi-4-mini-instruct,28,2
microsoft/phi-4-mini-instruct,28,2
microsoft/phi-4-mini-instruct,29,2
microsoft/phi-4-mini-instruct,29,2
microsoft/phi-4-mini-instruct,29,2
microsoft/phi-4-mini-instruct,29,2
microsoft/phi-4-mini-instruct,36,2
microsoft/phi-4-mini-instruct,36,4
microsoft/phi-4-mini-instruct,36,3
microsoft/phi-4-mini-instruct,36,4
microsoft/phi-4-mini-instruct,36,2
microsoft/phi-4-mini-instruct,36,2
microsoft/phi-4-mini-instruct,36,3
microsoft/phi-4-mini-instruct,30,2
microsoft/phi-4-mini-instruct,36,3
microsoft/phi-4-mini-instruct,30,2
microsoft/phi-4-mini-instruct,30,2
microsoft/phi-4-mini-instruct,30,2
microsoft/phi-4-mini-instruct,31,2
microsoft/phi-4-mini-instruct,31,2
microsoft/phi-4-mini-instruct,31,2
microsoft/phi-4-mini-instruct,31,2
microsoft/phi-4-mini-instruct,27,2
microsoft/phi-4-mini-instruct,27,2
microsoft/phi-4-mini-instruct,27,2
microsoft/phi-4-mini-instruct,27,2
microsoft/phi-4-mini-instruct,27,2
microsoft/phi-4-mini-instruct,27,2
microsoft/phi-4-mini-instruct,27,2
microsoft/phi-4-mini-instruct,27,2
nvidia/nemotron-mini-4b-instruct,39,3
nvidia/nemotron-mini-4b-instruct,39,3
nvidia/nemotron-mini-4b-instruct,39,3
nvidia/nemotron-mini-4b-instruct,40,3
nvidia/nemotron-mini-4b-instruct,40,3
nvidia/nemotron-mini-4b-instruct,40,3
nvidia/nemotron-mini-4b-instruct,40,3
nvidia/nemotron-mini-4b-instruct,37,3
nvidia/nemotron-mini-4b-instruct,37,3
nvidia/nemotron-mini-4b-instruct,37,3
nvidia/nemotron-mini-4b-instruct,37,3
nvidia/nemotron-mini-4b-instruct,38,3
nvidia/nemotron-mini-4b-instruct,38,3
nvidia/nemotron-mini-4b-instruct,39,12
nvidia/nemotron-mini-4b-instruct,38,3
nvidia/nemotron-mini-4b-instruct,38,3
nvidia/nemotron-mini-4b-instruct,34,3
nvidia/nemotron-mini-4b-instruct,34,3
nvidia/nemotron-mini-4b-instruct,34,3
nvidia/nemotron-mini-4b-instruct,35,3
nvidia/nemotron-mini-4b-instruct,34,3
nvidia/nemotron-mini-4b-instruct,35,3
nvidia/nemotron-mini-4b-instruct,35,3
nvidia/nemotron-mini-4b-instruct,34,3
nvidia/nemotron-mini-4b-instruct,34,3
nvidia/nemotron-mini-4b-instruct,34,3
nvidia/nemotron-mini-4b-instruct,34,3
nvidia/nemotron-mini-4b-instruct,35,3
nvidia/nemotron-mini-4b-instruct,35,3
nvidia/nemotron-mini-4b-instruct,35,3
nvidia/nemotron-mini-4b-instruct,35,3
nvidia/nemotron-mini-4b-instruct,35,12
nvidia/nemotron-mini-4b-instruct,32,3
nvidia/nemotron-mini-4b-instruct,32,3
nvidia/nemotron-mini-4b-instruct,33,3
nvidia/nemotron-mini-4b-instruct,33,3
nvidia/nemotron-mini-4b-instruct,41,3
nvidia/nemotron-mini-4b-instruct,41,3
nvidia/nemotron-mini-4b-instruct,41,3
nvidia/nemotron-mini-4b-instruct,32,12
nvidia/nemotron-mini-4b-instruct,41,3
nvidia/nemotron-mini-4b-instruct,32,12
nvidia/nemotron-mini-4b-instruct,41,3
nvidia/nemotron-mini-4b-instruct,33,12
nvidia/nemotron-mini-4b-instruct,41,3
nvidia/nemotron-mini-4b-instruct,41,3
nvidia/nemotron-mini-4b-instruct,41,3
nvidia/nemotron-mini-4b-instruct,34,3
nvidia/nemotron-mini-4b-instruct,34,3
nvidia/nemotron-mini-4b-instruct,33,12
nvidia/nemotron-mini-4b-instruct,34,3
nvidia/nemotron-mini-4b-instruct,34,3
nvidia/nemotron-mini-4b-instruct,35,3
nvidia/nemotron-mini-4b-instruct,35,3
nvidia/nemotron-mini-4b-instruct,35,3
nvidia/nemotron-mini-4b-instruct,35,3
nvidia/nemotron-mini-4b-instruct,32,3
nvidia/nemotron-mini-4b-instruct,32,3
nvidia/nemotron-mini-4b-instruct,33,3
nvidia/nemotron-mini-4b-instruct,33,3
nvidia/nemotron-mini-4b-instruct,32,12
nvidia/nemotron-mini-4b-instruct,32,12
nvidia/nemotron-mini-4b-instruct,41,3
nvidia/nemotron-mini-4b-instruct,40,3
nvidia/nemotron-mini-4b-instruct,33,12
nvidia/nemotron-mini-4b-instruct,41,3
nvidia/nemotron-mini-4b-instruct,41,3
nvidia/nemotron-mini-4b-instruct,38,3
nvidia/nemotron-mini-4b-instruct,33,12
nvidia/nemotron-mini-4b-instruct,38,3
nvidia/nemotron-mini-4b-instruct,38,3
nvidia/nemotron-mini-4b-instruct,40,12
nvidia/nemotron-mini-4b-instruct,40,12
nvidia/nemotron-mini-4b-instruct,39,3
nvidia/nemotron-mini-4b-instruct,39,3
nvidia/nemotron-mini-4b-instruct,40,12
nvidia/nemotron-mini-4b-instruct,39,3
nvidia/nemotron-mini-4b-instruct,39,3
nvidia/nemotron-mini-4b-instruct,41,12
nvidia/nemotron-mini-4b-instruct,36,3
nvidia/nemotron-mini-4b-instruct,38,12
nvidia/nemotron-mini-4b-instruct,35,3
nvidia/nemotron-mini-4b-instruct,35,3
nvidia/nemotron-mini-4b-instruct,35,3
nvidia/nemotron-mini-4b-instruct,35,12
nvidia/nemotron-mini-4b-instruct,35,3
nvidia/nemotron-mini-4b-instruct,35,12
nvidia/nemotron-mini-4b-instruct,36,3
nvidia/nemotron-mini-4b-instruct,36,3
nvidia/nemotron-mini-4b-instruct,35,12
nvidia/nemotron-mini-4b-instruct,36,3
nvidia/nemotron-mini-4b-instruct,35,12
nvidia/nemotron-mini-4b-instruct,36,3
nvidia/nemotron-mini-4b-instruct,36,12
nvidia/nemotron-mini-4b-instruct,36,12
nvidia/nemotron-mini-4b-instruct,36,12
nvidia/nemotron-mini-4b-instruct,31,3
nvidia/nemotron-mini-4b-instruct,32,3
nvidia/nemotron-mini-4b-instruct,32,3
nvidia/nemotron-mini-4b-instruct,32,3
nvidia/nemotron-mini-4b-instruct,40,3
nvidia/nemotron-mini-4b-instruct,40,3
nvidia/nemotron-mini-4b-instruct,40,3
nvidia/nemotron-mini-4b-instruct,40,3
nvidia/nemotron-mini-4b-instruct,31,12
nvidia/nemotron-mini-4b-instruct,31,12
nvidia/nemotron-mini-4b-instruct,31,12
nvidia/nemotron-mini-4b-instruct,40,3
nvidia/nemotron-mini-4b-instruct,40,3
nvidia/nemotron-mini-4b-instruct,40,3
nvidia/nemotron-mini-4b-instruct,32,12
nvidia/nemotron-mini-4b-instruct,40,3
nvidia/nemotron-mini-4b-instruct,33,3
nvidia/nemotron-mini-4b-instruct,33,3
nvidia/nemotron-mini-4b-instruct,33,3
nvidia/nemotron-mini-4b-instruct,34,3
nvidia/nemotron-mini-4b-instruct,34,3
nvidia/nemotron-mini-4b-instruct,34,3
nvidia/nemotron-mini-4b-instruct,34,3
nvidia/nemotron-mini-4b-instruct,31,3
nvidia/nemotron-mini-4b-instruct,33,12
nvidia/nemotron-mini-4b-instruct,31,3
nvidia/nemotron-mini-4b-instruct,31,3
nvidia/nemotron-mini-4b-instruct,31,3
nvidia/nemotron-mini-4b-instruct,32,3
nvidia/nemotron-mini-4b-instruct,32,3
nvidia/nemotron-mini-4b-instruct,39,3
nvidia/nemotron-mini-4b-instruct,39,3
nvidia/nemotron-mini-4b-instruct,39,3
nvidia/nemotron-mini-4b-instruct,39,3
nvidia/nemotron-mini-4b-instruct,40,3
nvidia/nemotron-mini-4b-instruct,40,3
nvidia/nemotron-mini-4b-instruct,40,3
nvidia/nemotron-mini-4b-instruct,32,12
nvidia/nemotron-mini-4b-instruct,32,12
nvidia/nemotron-mini-4b-instruct,37,3
nvidia/nemotron-mini-4b-instruct,37,3
nvidia/nemotron-mini-4b-instruct,37,3
nvidia/nemotron-mini-4b-instruct,37,3
nvidia/nemotron-mini-4b-instruct,38,3
nvidia/nemotron-mini-4b-instruct,38,3
nvidia/nemotron-mini-4b-instruct,38,3
nvidia/nemotron-mini-4b-instruct,40,12
nvidia/nemotron-mini-4b-instruct,38,3
nvidia/nemotron-mini-4b-instruct,34,3
nvidia/nemotron-mini-4b-instruct,34,3
nvidia/nemotron-mini-4b-instruct,34,3
nvidia/nemotron-mini-4b-instruct,34,3
nvidia/nemotron-mini-4b-instruct,35,3
nvidia/nemotron-mini-4b-instruct,35,3
nvidia/nemotron-mini-4b-instruct,35,3
nvidia/nemotron-mini-4b-instruct,35,3
nvidia/nemotron-mini-4b-instruct,34,3
nvidia/nemotron-mini-4b-instruct,34,3
nvidia/nemotron-mini-4b-instruct,34,3
nvidia/nemotron-mini-4b-instruct,35,3
nvidia/nemotron-mini-4b-instruct,35,3
nvidia/nemotron-mini-4b-instruct,35,3
nvidia/nemotron-mini-4b-instruct,35,3
nvidia/nemotron-mini-4b-instruct,34,12
nvidia/nemotron-mini-4b-instruct,39,3
nvidia/nemotron-mini-4b-instruct,39,3
nvidia/nemotron-mini-4b-instruct,39,3
nvidia/nemotron-mini-4b-instruct,39,3
nvidia/nemotron-mini-4b-instruct,30,12
nvidia/nemotron-mini-4b-instruct,30,12
nvidia/nemotron-mini-4b-instruct,39,3
nvidia/nemotron-mini-4b-instruct,30,12
nvidia/nemotron-mini-4b-instruct,39,3
nvidia/nemotron-mini-4b-instruct,30,12
nvidia/nemotron-mini-4b-instruct,39,3
nvidia/nemotron-mini-4b-instruct,31,12
nvidia/nemotron-mini-4b-instruct,39,3
nvidia/nemotron-mini-4b-instruct,31,12
nvidia/nemotron-mini-4b-instruct,32,3
nvidia/nemotron-mini-4b-instruct,31,12
nvidia/nemotron-mini-4b-instruct,31,12
nvidia/nemotron-mini-4b-instruct,32,3
nvidia/nemotron-mini-4b-instruct,31,3
nvidia/nemotron-mini-4b-instruct,32,12
nvidia/nemotron-mini-4b-instruct,32,12
nvidia/nemotron-mini-4b-instruct,33,12
nvidia/nemotron-mini-4b-instruct,31,3
nvidia/nemotron-mini-4b-instruct,33,12
nvidia/nemotron-mini-4b-instruct,33,12
nvidia/nemotron-mini-4b-instruct,33,12
nvidia/nemotron-mini-4b-instruct,40,3
nvidia/nemotron-mini-4b-instruct,40,3
nvidia/nemotron-mini-4b-instruct,31,12
nvidia/nemotron-mini-4b-instruct,31,12
nvidia/nemotron-mini-4b-instruct,31,12
nvidia/nemotron-mini-4b-instruct,40,3
nvidia/nemotron-mini-4b-instruct,31,12
nvidia/nemotron-mini-4b-instruct,40,3
nvidia/nemotron-mini-4b-instruct,37,3
nvidia/nemotron-mini-4b-instruct,31,12
nvidia/nemotron-mini-4b-instruct,31,12
nvidia/nemotron-mini-4b-instruct,39,12
nvidia/nemotron-mini-4b-instruct,37,3
nvidia/nemotron-mini-4b-instruct,37,3
nvidia/nemotron-mini-4b-instruct,37,3
nvidia/nemotron-mini-4b-instruct,39,12
nvidia/nemotron-mini-4b-instruct,39,12
nvidia/nemotron-mini-4b-instruct,39,12
nvidia/nemotron-mini-4b-instruct,38,3
nvidia/nemotron-mini-4b-instruct,38,3
nvidia/nemotron-mini-4b-instruct,38,3
nvidia/nemotron-mini-4b-instruct,38,3
nvidia/nemotron-mini-4b-instruct,35,3
nvidia/nemotron-mini-4b-instruct,35,3
nvidia/nemotron-mini-4b-instruct,34,3
nvidia/nemotron-mini-4b-instruct,34,3
nvidia/nemotron-mini-4b-instruct,34,12
nvidia/nemotron-mini-4b-instruct,34,12
nvidia/nemotron-mini-4b-instruct,34,3
nvidia/nemotron-mini-4b-instruct,35,3
nvidia/nemotron-mini-4b-instruct,34,12
nvidia/nemotron-mini-4b-instruct,34,12
nvidia/nemotron-mini-4b-instruct,35,3
nvidia/nemotron-mini-4b-instruct,35,12
nvidia/nemotron-mini-4b-instruct,30,3
nvidia/nemotron-mini-4b-instruct,30,3
nvidia/nemotron-mini-4b-instruct,35,12
nvidia/nemotron-mini-4b-instruct,30,3
nvidia/nemotron-mini-4b-instruct,34,12
nvidia/nemotron-mini-4b-instruct,31,3
nvidia/nemotron-mini-4b-instruct,31,3
nvidia/nemotron-mini-4b-instruct,35,12
nvidia/nemotron-mini-4b-instruct,39,3
nvidia/nemotron-mini-4b-instruct,35,12
nvidia/nemotron-mini-4b-instruct,39,3
nvidia/nemotron-mini-4b-instruct,39,3
nvidia/nemotron-mini-4b-instruct,39,3
nvidia/nemotron-mini-4b-instruct,39,3
nvidia/nemotron-mini-4b-instruct,30,12
nvidia/nemotron-mini-4b-instruct,39,3
nvidia/nemotron-mini-4b-instruct,31,12
nvidia/nemotron-mini-4b-instruct,39,3
nvidia/nemotron-mini-4b-instruct,39,3
nvidia/nemotron-mini-4b-instruct,31,12
nvidia/nemotron-mini-4b-instruct,32,3
nvidia/nemotron-mini-4b-instruct,32,3
nvidia/nemotron-mini-4b-instruct,32,3
nvidia/nemotron-mini-4b-instruct,32,3
nvidia/nemotron-mini-4b-instruct,33,3
nvidia/nemotron-mini-4b-instruct,33,3
nvidia/nemotron-mini-4b-instruct,31,3
nvidia/nemotron-mini-4b-instruct,31,3
nvidia/nemotron-mini-4b-instruct,32,3
nvidia/nemotron-mini-4b-instruct,33,12
nvidia/nemotron-mini-4b-instruct,33,12
nvidia/nemotron-mini-4b-instruct,40,3
nvidia/nemotron-mini-4b-instruct,40,3
nvidia/nemotron-mini-4b-instruct,31,12
nvidia/nemotron-mini-4b-instruct,40,3
nvidia/nemotron-mini-4b-instruct,31,12
nvidia/nemotron-mini-4b-instruct,40,3
nvidia/nemotron-mini-4b-instruct,32,12
nvidia/nemotron-mini-4b-instruct,38,3
nvidia/nemotron-mini-4b-instruct,32,12
nvidia/nemotron-mini-4b-instruct,38,3
nvidia/nemotron-mini-4b-instruct,38,3
nvidia/nemotron-mini-4b-instruct,32,12
nvidia/nemotron-mini-4b-instruct,38,3
nvidia/nemotron-mini-4b-instruct,39,3
nvidia/nemotron-mini-4b-instruct,39,3
nvidia/nemotron-mini-4b-instruct,39,3
nvidia/nemotron-mini-4b-instruct,41,12
nvidia/nemotron-mini-4b-instruct,39,3
nvidia/nemotron-mini-4b-instruct,35,3
nvidia/nemotron-mini-4b-instruct,41,12
nvidia/nemotron-mini-4b-instruct,41,12
nvidia/nemotron-mini-4b-instruct,35,4
nvidia/nemotron-mini-4b-instruct,36,3
nvidia/nemotron-mini-4b-instruct,41,12
nvidia/nemotron-mini-4b-instruct,36,3
nvidia/nemotron-mini-4b-instruct,35,3
nvidia/nemotron-mini-4b-instruct,35,3
nvidia/nemotron-mini-4b-instruct,35,3
nvidia/nemotron-mini-4b-instruct,35,3
nvidia/nemotron-mini-4b-instruct,36,3
nvidia/nemotron-mini-4b-instruct,35,12
nvidia/nemotron-mini-4b-instruct,36,3
nvidia/nemotron-mini-4b-instruct,36,3
nvidia/nemotron-mini-4b-instruct,36,3
nvidia/nemotron-mini-4b-instruct,35,12
nvidia/nemotron-mini-4b-instruct,33,3
nvidia/nemotron-mini-4b-instruct,36,12
nvidia/nemotron-mini-4b-instruct,33,3
nvidia/nemotron-mini-4b-instruct,36,12
nvidia/nemotron-mini-4b-instruct,33,3
nvidia/nemotron-mini-4b-instruct,33,3
nvidia/nemotron-mini-4b-instruct,34,3
nvidia/nemotron-mini-4b-instruct,34,3
nvidia/nemotron-mini-4b-instruct,34,3
nvidia/nemotron-mini-4b-instruct,34,3
nvidia/nemotron-mini-4b-instruct,42,3
nvidia/nemotron-mini-4b-instruct,42,3
nvidia/nemotron-mini-4b-instruct,42,3
nvidia/nemotron-mini-4b-instruct,42,3
nvidia/nemotron-mini-4b-instruct,42,3
nvidia/nemotron-mini-4b-instruct,42,3
nvidia/nemotron-mini-4b-instruct,42,3
nvidia/nemotron-mini-4b-instruct,42,3
nvidia/nemotron-mini-4b-instruct,35,3
nvidia/nemotron-mini-4b-instruct,35,3
nvidia/nemotron-mini-4b-instruct,35,3
nvidia/nemotron-mini-4b-instruct,35,3
nvidia/nemotron-mini-4b-instruct,36,3
nvidia/nemotron-mini-4b-instruct,36,3
nvidia/nemotron-mini-4b-instruct,36,3
nvidia/nemotron-mini-4b-instruct,36,3
nvidia/nemotron-mini-4b-instruct,34,3
nvidia/nemotron-mini-4b-instruct,34,3
nvidia/nemotron-mini-4b-instruct,34,3
nvidia/nemotron-mini-4b-instruct,34,3
nvidia/nemotron-mini-4b-instruct,34,3
nvidia/nemotron-mini-4b-instruct,39,3
nvidia/nemotron-mini-4b-instruct,39,3
nvidia/nemotron-mini-4b-instruct,40,3
nvidia/nemotron-mini-4b-instruct,40,3
nvidia/nemotron-mini-4b-instruct,34,12
nvidia/nemotron-mini-4b-instruct,40,3
nvidia/nemotron-mini-4b-instruct,34,12
nvidia/nemotron-mini-4b-instruct,40,3
nvidia/nemotron-mini-4b-instruct,34,12
nvidia/nemotron-mini-4b-instruct,37,3
nvidia/nemotron-mini-4b-instruct,37,3
nvidia/nemotron-mini-4b-instruct,37,3
nvidia/nemotron-mini-4b-instruct,39,12
nvidia/nemotron-mini-4b-instruct,37,3
nvidia/nemotron-mini-4b-instruct,38,3
nvidia/nemotron-mini-4b-instruct,38,3
nvidia/nemotron-mini-4b-instruct,38,3
nvidia/nemotron-mini-4b-instruct,39,12
nvidia/nemotron-mini-4b-instruct,38,3
nvidia/nemotron-mini-4b-instruct,34,3
nvidia/nemotron-mini-4b-instruct,35,3
nvidia/nemotron-mini-4b-instruct,35,3
nvidia/nemotron-mini-4b-instruct,35,3
nvidia/nemotron-mini-4b-instruct,35,3
nvidia/nemotron-mini-4b-instruct,34,12
nvidia/nemotron-mini-4b-instruct,34,12
nvidia/nemotron-mini-4b-instruct,35,3
nvidia/nemotron-mini-4b-instruct,34,12
nvidia/nemotron-mini-4b-instruct,35,3
nvidia/nemotron-mini-4b-instruct,35,3
nvidia/nemotron-mini-4b-instruct,31,3
nvidia/nemotron-mini-4b-instruct,31,3
nvidia/nemotron-mini-4b-instruct,31,3
nvidia/nemotron-mini-4b-instruct,34,12
nvidia/nemotron-mini-4b-instruct,34,12
nvidia/nemotron-mini-4b-instruct,34,12
nvidia/nemotron-mini-4b-instruct,32,3
nvidia/nemotron-mini-4b-instruct,34,12
nvidia/nemotron-mini-4b-instruct,32,3
nvidia/nemotron-mini-4b-instruct,35,12
nvidia/nemotron-mini-4b-instruct,40,3
nvidia/nemotron-mini-4b-instruct,40,3
nvidia/nemotron-mini-4b-instruct,40,3
nvidia/nemotron-mini-4b-instruct,40,3
nvidia/nemotron-mini-4b-instruct,40,3
nvidia/nemotron-mini-4b-instruct,31,12
nvidia/nemotron-mini-4b-instruct,32,12
nvidia/nemotron-mini-4b-instruct,40,3
nvidia/nemotron-mini-4b-instruct,40,3
nvidia/nemotron-mini-4b-instruct,33,3
nvidia/nemotron-mini-4b-instruct,32,12
nvidia/nemotron-mini-4b-instruct,40,12
nvidia/nemotron-mini-4b-instruct,34,3
nvidia/nemotron-mini-4b-instruct,34,3
nvidia/nemotron-mini-4b-instruct,34,3
nvidia/nemotron-mini-4b-instruct,34,3
nvidia/nemotron-mini-4b-instruct,32,3
nvidia/nemotron-mini-4b-instruct,33,12
nvidia/nemotron-mini-4b-instruct,32,3
nvidia/nemotron-mini-4b-instruct,32,3
nvidia/nemotron-mini-4b-instruct,33,12
nvidia/nemotron-mini-4b-instruct,33,12
nvidia/nemotron-mini-4b-instruct,32,3
nvidia/nemotron-mini-4b-instruct,32,3
nvidia/nemotron-mini-4b-instruct,40,3
nvidia/nemotron-mini-4b-instruct,40,3
nvidia/nemotron-mini-4b-instruct,40,3
nvidia/nemotron-mini-4b-instruct,41,3
nvidia/nemotron-mini-4b-instruct,32,12
nvidia/nemotron-mini-4b-instruct,41,3
nvidia/nemotron-mini-4b-instruct,32,12
nvidia/nemotron-mini-4b-instruct,38,3
nvidia/nemotron-mini-4b-instruct,38,3
nvidia/nemotron-mini-4b-instruct,38,3
nvidia/nemotron-mini-4b-instruct,32,12
nvidia/nemotron-mini-4b-instruct,38,3
nvidia/nemotron-mini-4b-instruct,40,12
nvidia/nemotron-mini-4b-instruct,39,3
nvidia/nemotron-mini-4b-instruct,39,3
nvidia/nemotron-mini-4b-instruct,39,3
nvidia/nemotron-mini-4b-instruct,39,3
nvidia/nemotron-mini-4b-instruct,35,4
nvidia/nemotron-mini-4b-instruct,41,12
nvidia/nemotron-mini-4b-instruct,41,12
nvidia/nemotron-mini-4b-instruct,36,3
nvidia/nemotron-mini-4b-instruct,35,3
nvidia/nemotron-mini-4b-instruct,35,3
nvidia/nemotron-mini-4b-instruct,35,3
nvidia/nemotron-mini-4b-instruct,35,3
nvidia/nemotron-mini-4b-instruct,36,3
nvidia/nemotron-mini-4b-instruct,35,12
nvidia/nemotron-mini-4b-instruct,35,12
nvidia/nemotron-mini-4b-instruct,35,12
nvidia/nemotron-mini-4b-instruct,36,3
nvidia/nemotron-mini-4b-instruct,36,3
nvidia/nemotron-mini-4b-instruct,36,3
nvidia/nemotron-mini-4b-instruct,36,12
nvidia/nemotron-mini-4b-instruct,36,12
nvidia/nemotron-mini-4b-instruct,36,12
nvidia/nemotron-mini-4b-instruct,34,3
nvidia/nemotron-mini-4b-instruct,33,12
nvidia/nemotron-mini-4b-instruct,42,3
nvidia/nemotron-mini-4b-instruct,33,12
nvidia/nemotron-mini-4b-instruct,33,12
nvidia/nemotron-mini-4b-instruct,42,3
nvidia/nemotron-mini-4b-instruct,42,3
nvidia/nemotron-mini-4b-instruct,42,3
nvidia/nemotron-mini-4b-instruct,33,12
nvidia/nemotron-mini-4b-instruct,42,3
nvidia/nemotron-mini-4b-instruct,42,3
nvidia/nemotron-mini-4b-instruct,42,3
nvidia/nemotron-mini-4b-instruct,34,12
nvidia/nemotron-mini-4b-instruct,42,3
nvidia/nemotron-mini-4b-instruct,35,3
nvidia/nemotron-mini-4b-instruct,34,12
nvidia/nemotron-mini-4b-instruct,35,3
nvidia/nemotron-mini-4b-instruct,34,12
nvidia/nemotron-mini-4b-instruct,35,3
nvidia/nemotron-mini-4b-instruct,35,3
nvidia/nemotron-mini-4b-instruct,36,3
nvidia/nemotron-mini-4b-instruct,36,3
nvidia/nemotron-mini-4b-instruct,36,3
nvidia/nemotron-mini-4b-instruct,36,3
nvidia/nemotron-mini-4b-instruct,33,3
nvidia/nemotron-mini-4b-instruct,33,12
nvidia/nemotron-mini-4b-instruct,42,3
nvidia/nemotron-mini-4b-instruct,42,3
nvidia/nemotron-mini-4b-instruct,33,12
nvidia/nemotron-mini-4b-instruct,33,12
nvidia/nemotron-mini-4b-instruct,34,12
nvidia/nemotron-mini-4b-instruct,43,3
nvidia/nemotron-mini-4b-instruct,43,3
nvidia/nemotron-mini-4b-instruct,34,12
nvidia/nemotron-mini-4b-instruct,40,3
nvidia/nemotron-mini-4b-instruct,40,3
nvidia/nemotron-mini-4b-instruct,34,12
nvidia/nemotron-mini-4b-instruct,40,3
nvidia/nemotron-mini-4b-instruct,34,12
nvidia/nemotron-mini-4b-instruct,40,3
nvidia/nemotron-mini-4b-instruct,41,3
nvidia/nemotron-mini-4b-instruct,42,12
nvidia/nemotron-mini-4b-instruct,41,3
nvidia/nemotron-mini-4b-instruct,41,3
nvidia/nemotron-mini-4b-instruct,42,12
nvidia/nemotron-mini-4b-instruct,43,12
nvidia/nemotron-mini-4b-instruct,43,12
nvidia/nemotron-mini-4b-instruct,41,3
nvidia/nemotron-mini-4b-instruct,37,3
nvidia/nemotron-mini-4b-instruct,38,3
nvidia/nemotron-mini-4b-instruct,38,3
nvidia/nemotron-mini-4b-instruct,38,3
nvidia/nemotron-mini-4b-instruct,37,3
nvidia/nemotron-mini-4b-instruct,37,12
nvidia/nemotron-mini-4b-instruct,37,3
nvidia/nemotron-mini-4b-instruct,37,12
nvidia/nemotron-mini-4b-instruct,37,12
nvidia/nemotron-mini-4b-instruct,38,3
nvidia/nemotron-mini-4b-instruct,38,12
nvidia/nemotron-mini-4b-instruct,38,3
nvidia/nemotron-mini-4b-instruct,34,3
nvidia/nemotron-mini-4b-instruct,34,3
nvidia/nemotron-mini-4b-instruct,37,12
nvidia/nemotron-mini-4b-instruct,35,3
nvidia/nemotron-mini-4b-instruct,37,12
nvidia/nemotron-mini-4b-instruct,43,3
nvidia/nemotron-mini-4b-instruct,38,12
nvidia/nemotron-mini-4b-instruct,43,3
nvidia/nemotron-mini-4b-instruct,38,12
nvidia/nemotron-mini-4b-instruct,43,3
nvidia/nemotron-mini-4b-instruct,34,12
nvidia/nemotron-mini-4b-instruct,43,3
nvidia/nemotron-mini-4b-instruct,43,3
nvidia/nemotron-mini-4b-instruct,34,12
nvidia/nemotron-mini-4b-instruct,43,3
nvidia/nemotron-mini-4b-instruct,35,12
nvidia/nemotron-mini-4b-instruct,43,3
nvidia/nemotron-mini-4b-instruct,36,3
nvidia/nemotron-mini-4b-instruct,36,3
nvidia/nemotron-mini-4b-instruct,36,3
nvidia/nemotron-mini-4b-instruct,35,12
nvidia/nemotron-mini-4b-instruct,35,12
nvidia/nemotron-mini-4b-instruct,36,3
nvidia/nemotron-mini-4b-instruct,37,3
nvidia/nemotron-mini-4b-instruct,43,12
nvidia/nemotron-mini-4b-instruct,37,3
nvidia/nemotron-mini-4b-instruct,37,3
nvidia/nemotron-mini-4b-instruct,35,3
nvidia/nemotron-mini-4b-instruct,35,3
nvidia/nemotron-mini-4b-instruct,37,12
nvidia/nemotron-mini-4b-instruct,35,12
nvidia/nemotron-mini-4b-instruct,35,12
nvidia/nemotron-mini-4b-instruct,35,12
nvidia/nemotron-mini-4b-instruct,35,12
nvidia/nemotron-mini-4b-instruct,35,12
nvidia/nemotron-mini-4b-instruct,35,12
meta/llama-3.1-8b-instruct,63,2
meta/llama-3.1-8b-instruct,63,2
meta/llama-3.1-8b-instruct,63,2
meta/llama-3.1-8b-instruct,63,2
meta/llama-3.1-8b-instruct,64,2
meta/llama-3.1-8b-instruct,64,2
meta/llama-3.1-8b-instruct,64,2
meta/llama-3.1-8b-instruct,64,2
meta/llama-3.1-8b-instruct,62,2
meta/llama-3.1-8b-instruct,62,2
meta/llama-3.1-8b-instruct,62,2
meta/llama-3.1-8b-instruct,62,2
meta/llama-3.1-8b-instruct,63,2
meta/llama-3.1-8b-instruct,63,2
meta/llama-3.1-8b-instruct,63,2
meta/llama-3.1-8b-instruct,63,2
meta/llama-3.1-8b-instruct,58,2
meta/llama-3.1-8b-instruct,58,2
meta/llama-3.1-8b-instruct,58,2
meta/llama-3.1-8b-instruct,58,2
meta/llama-3.1-8b-instruct,59,2
meta/llama-3.1-8b-instruct,59,2
meta/llama-3.1-8b-instruct,59,2
meta/llama-3.1-8b-instruct,59,2
meta/llama-3.1-8b-instruct,58,2
meta/llama-3.1-8b-instruct,58,2
meta/llama-3.1-8b-instruct,58,2
meta/llama-3.1-8b-instruct,58,2
meta/llama-3.1-8b-instruct,59,2
meta/llama-3.1-8b-instruct,59,2
meta/llama-3.1-8b-instruct,59,2
meta/llama-3.1-8b-instruct,59,2
meta/llama-3.1-8b-instruct,59,2
meta/llama-3.1-8b-instruct,59,2
meta/llama-3.1-8b-instruct,59,2
meta/llama-3.1-8b-instruct,59,2
meta/llama-3.1-8b-instruct,60,2
meta/llama-3.1-8b-instruct,60,2
meta/llama-3.1-8b-instruct,60,2
meta/llama-3.1-8b-instruct,60,2
meta/llama-3.1-8b-instruct,66,2
meta/llama-3.1-8b-instruct,66,2
meta/llama-3.1-8b-instruct,66,2
meta/llama-3.1-8b-instruct,66,2
meta/llama-3.1-8b-instruct,67,2
meta/llama-3.1-8b-instruct,67,2
meta/llama-3.1-8b-instruct,67,2
meta/llama-3.1-8b-instruct,67,2
meta/llama-3.1-8b-instruct,62,2
meta/llama-3.1-8b-instruct,62,2
meta/llama-3.1-8b-instruct,62,2
meta/llama-3.1-8b-instruct,62,2
meta/llama-3.1-8b-instruct,63,2
meta/llama-3.1-8b-instruct,63,2
meta/llama-3.1-8b-instruct,63,2
meta/llama-3.1-8b-instruct,63,2
meta/llama-3.1-8b-instruct,59,2
meta/llama-3.1-8b-instruct,59,2
meta/llama-3.1-8b-instruct,59,2
meta/llama-3.1-8b-instruct,59,2
meta/llama-3.1-8b-instruct,60,2
meta/llama-3.1-8b-instruct,60,2
meta/llama-3.1-8b-instruct,60,2
meta/llama-3.1-8b-instruct,60,2
meta/llama-3.1-8b-instruct,64,2
meta/llama-3.1-8b-instruct,64,2
meta/llama-3.1-8b-instruct,64,2
meta/llama-3.1-8b-instruct,64,2
meta/llama-3.1-8b-instruct,65,2
meta/llama-3.1-8b-instruct,65,2
meta/llama-3.1-8b-instruct,65,2
meta/llama-3.1-8b-instruct,65,2
meta/llama-3.1-8b-instruct,63,2
meta/llama-3.1-8b-instruct,63,2
meta/llama-3.1-8b-instruct,63,2
meta/llama-3.1-8b-instruct,63,2
meta/llama-3.1-8b-instruct,64,2
meta/llama-3.1-8b-instruct,64,2
meta/llama-3.1-8b-instruct,64,2
meta/llama-3.1-8b-instruct,64,2
meta/llama-3.1-8b-instruct,59,2
meta/llama-3.1-8b-instruct,59,2
meta/llama-3.1-8b-instruct,59,2
meta/llama-3.1-8b-instruct,59,2
meta/llama-3.1-8b-instruct,60,2
meta/llama-3.1-8b-instruct,60,2
meta/llama-3.1-8b-instruct,60,2
meta/llama-3.1-8b-instruct,60,2
meta/llama-3.1-8b-instruct,59,2
meta/llama-3.1-8b-instruct,59,2
meta/llama-3.1-8b-instruct,59,2
meta/llama-3.1-8b-instruct,59,2
meta/llama-3.1-8b-instruct,60,2
meta/llama-3.1-8b-instruct,60,2
meta/llama-3.1-8b-instruct,60,2
meta/llama-3.1-8b-instruct,60,2
meta/llama-3.1-8b-instruct,58,2
meta/llama-3.1-8b-instruct,58,2
meta/llama-3.1-8b-instruct,58,2
meta/llama-3.1-8b-instruct,58,2
meta/llama-3.1-8b-instruct,59,2
meta/llama-3.1-8b-instruct,59,2
meta/llama-3.1-8b-instruct,59,2
meta/llama-3.1-8b-instruct,59,2
meta/llama-3.1-8b-instruct,65,2
meta/llama-3.1-8b-instruct,65,3
meta/llama-3.1-8b-instruct,65,3
meta/llama-3.1-8b-instruct,65,2
meta/llama-3.1-8b-instruct,66,3
meta/llama-3.1-8b-instruct,66,3
meta/llama-3.1-8b-instruct,66,2
meta/llama-3.1-8b-instruct,66,2
meta/llama-3.1-8b-instruct,61,2
meta/llama-3.1-8b-instruct,61,2
meta/llama-3.1-8b-instruct,61,2
meta/llama-3.1-8b-instruct,61,2
meta/llama-3.1-8b-instruct,62,2
meta/llama-3.1-8b-instruct,62,2
meta/llama-3.1-8b-instruct,62,2
meta/llama-3.1-8b-instruct,62,2
meta/llama-3.1-8b-instruct,58,2
meta/llama-3.1-8b-instruct,58,2
meta/llama-3.1-8b-instruct,58,2
meta/llama-3.1-8b-instruct,58,2
meta/llama-3.1-8b-instruct,59,2
meta/llama-3.1-8b-instruct,59,2
meta/llama-3.1-8b-instruct,59,2
meta/llama-3.1-8b-instruct,59,2
meta/llama-3.1-8b-instruct,63,2
meta/llama-3.1-8b-instruct,63,2
meta/llama-3.1-8b-instruct,63,2
meta/llama-3.1-8b-instruct,63,2
meta/llama-3.1-8b-instruct,64,2
meta/llama-3.1-8b-instruct,64,2
meta/llama-3.1-8b-instruct,64,2
meta/llama-3.1-8b-instruct,64,2
meta/llama-3.1-8b-instruct,62,2
meta/llama-3.1-8b-instruct,62,2
meta/llama-3.1-8b-instruct,62,2
meta/llama-3.1-8b-instruct,62,2
meta/llama-3.1-8b-instruct,63,2
meta/llama-3.1-8b-instruct,63,2
meta/llama-3.1-8b-instruct,63,2
meta/llama-3.1-8b-instruct,63,2
meta/llama-3.1-8b-instruct,58,2
meta/llama-3.1-8b-instruct,58,2
meta/llama-3.1-8b-instruct,58,2
meta/llama-3.1-8b-instruct,59,2
meta/llama-3.1-8b-instruct,58,2
meta/llama-3.1-8b-instruct,59,2
meta/llama-3.1-8b-instruct,59,2
meta/llama-3.1-8b-instruct,59,2
meta/llama-3.1-8b-instruct,58,2
meta/llama-3.1-8b-instruct,58,2
meta/llama-3.1-8b-instruct,58,2
meta/llama-3.1-8b-instruct,58,2
meta/llama-3.1-8b-instruct,59,2
meta/llama-3.1-8b-instruct,59,2
meta/llama-3.1-8b-instruct,59,2
meta/llama-3.1-8b-instruct,57,2
meta/llama-3.1-8b-instruct,59,2
meta/llama-3.1-8b-instruct,57,2
meta/llama-3.1-8b-instruct,57,2
meta/llama-3.1-8b-instruct,57,2
meta/llama-3.1-8b-instruct,58,2
meta/llama-3.1-8b-instruct,58,2
meta/llama-3.1-8b-instruct,58,2
meta/llama-3.1-8b-instruct,58,2
meta/llama-3.1-8b-instruct,64,2
meta/llama-3.1-8b-instruct,64,2
meta/llama-3.1-8b-instruct,64,2
meta/llama-3.1-8b-instruct,65,2
meta/llama-3.1-8b-instruct,64,3
meta/llama-3.1-8b-instruct,65,3
meta/llama-3.1-8b-instruct,65,2
meta/llama-3.1-8b-instruct,65,2
meta/llama-3.1-8b-instruct,60,2
meta/llama-3.1-8b-instruct,60,2
meta/llama-3.1-8b-instruct,60,2
meta/llama-3.1-8b-instruct,60,2
meta/llama-3.1-8b-instruct,61,2
meta/llama-3.1-8b-instruct,61,2
meta/llama-3.1-8b-instruct,61,2
meta/llama-3.1-8b-instruct,61,2
meta/llama-3.1-8b-instruct,57,2
meta/llama-3.1-8b-instruct,57,2
meta/llama-3.1-8b-instruct,57,2
meta/llama-3.1-8b-instruct,57,2
meta/llama-3.1-8b-instruct,58,2
meta/llama-3.1-8b-instruct,58,2
meta/llama-3.1-8b-instruct,58,2
meta/llama-3.1-8b-instruct,58,2
meta/llama-3.1-8b-instruct,63,2
meta/llama-3.1-8b-instruct,63,2
meta/llama-3.1-8b-instruct,63,2
meta/llama-3.1-8b-instruct,63,2
meta/llama-3.1-8b-instruct,64,2
meta/llama-3.1-8b-instruct,64,2
meta/llama-3.1-8b-instruct,64,2
meta/llama-3.1-8b-instruct,64,2
meta/llama-3.1-8b-instruct,62,2
meta/llama-3.1-8b-instruct,62,2
meta/llama-3.1-8b-instruct,62,2
meta/llama-3.1-8b-instruct,62,2
meta/llama-3.1-8b-instruct,63,2
meta/llama-3.1-8b-instruct,63,2
meta/llama-3.1-8b-instruct,63,2
meta/llama-3.1-8b-instruct,63,2
meta/llama-3.1-8b-instruct,58,2
meta/llama-3.1-8b-instruct,58,2
meta/llama-3.1-8b-instruct,58,2
meta/llama-3.1-8b-instruct,58,2
meta/llama-3.1-8b-instruct,59,2
meta/llama-3.1-8b-instruct,59,2
meta/llama-3.1-8b-instruct,59,2
meta/llama-3.1-8b-instruct,59,2
meta/llama-3.1-8b-instruct,58,2
meta/llama-3.1-8b-instruct,58,2
meta/llama-3.1-8b-instruct,58,2
meta/llama-3.1-8b-instruct,58,2
meta/llama-3.1-8b-instruct,59,2
meta/llama-3.1-8b-instruct,59,2
meta/llama-3.1-8b-instruct,59,2
meta/llama-3.1-8b-instruct,59,2
meta/llama-3.1-8b-instruct,57,2
meta/llama-3.1-8b-instruct,57,2
meta/llama-3.1-8b-instruct,57,2
meta/llama-3.1-8b-instruct,58,2
meta/llama-3.1-8b-instruct,58,2
meta/llama-3.1-8b-instruct,58,2
meta/llama-3.1-8b-instruct,58,2
meta/llama-3.1-8b-instruct,64,2
meta/llama-3.1-8b-instruct,64,3
meta/llama-3.1-8b-instruct,64,2
meta/llama-3.1-8b-instruct,57,11
meta/llama-3.1-8b-instruct,64,2
meta/llama-3.1-8b-instruct,65,2
meta/llama-3.1-8b-instruct,65,2
meta/llama-3.1-8b-instruct,65,2
meta/llama-3.1-8b-instruct,65,2
meta/llama-3.1-8b-instruct,60,2
meta/llama-3.1-8b-instruct,60,2
meta/llama-3.1-8b-instruct,60,2
meta/llama-3.1-8b-instruct,60,2
meta/llama-3.1-8b-instruct,61,2
meta/llama-3.1-8b-instruct,61,2
meta/llama-3.1-8b-instruct,61,2
meta/llama-3.1-8b-instruct,61,2
meta/llama-3.1-8b-instruct,57,2
meta/llama-3.1-8b-instruct,57,2
meta/llama-3.1-8b-instruct,57,2
meta/llama-3.1-8b-instruct,57,2
meta/llama-3.1-8b-instruct,58,2
meta/llama-3.1-8b-instruct,58,2
meta/llama-3.1-8b-instruct,58,2
meta/llama-3.1-8b-instruct,58,2
meta/llama-3.1-8b-instruct,65,2
meta/llama-3.1-8b-instruct,65,2
meta/llama-3.1-8b-instruct,65,2
meta/llama-3.1-8b-instruct,65,2
meta/llama-3.1-8b-instruct,66,2
meta/llama-3.1-8b-instruct,66,2
meta/llama-3.1-8b-instruct,66,2
meta/llama-3.1-8b-instruct,66,2
meta/llama-3.1-8b-instruct,64,2
meta/llama-3.1-8b-instruct,64,2
meta/llama-3.1-8b-instruct,64,2
meta/llama-3.1-8b-instruct,64,2
meta/llama-3.1-8b-instruct,65,2
meta/llama-3.1-8b-instruct,65,2
meta/llama-3.1-8b-instruct,65,2
meta/llama-3.1-8b-instruct,65,2
meta/llama-3.1-8b-instruct,60,2
meta/llama-3.1-8b-instruct,60,2
meta/llama-3.1-8b-instruct,60,2
meta/llama-3.1-8b-instruct,60,2
meta/llama-3.1-8b-instruct,61,2
meta/llama-3.1-8b-instruct,61,2
meta/llama-3.1-8b-instruct,61,2
meta/llama-3.1-8b-instruct,61,2
meta/llama-3.1-8b-instruct,60,2
meta/llama-3.1-8b-instruct,60,2
meta/llama-3.1-8b-instruct,60,2
meta/llama-3.1-8b-instruct,60,2
meta/llama-3.1-8b-instruct,61,2
meta/llama-3.1-8b-instruct,61,2
meta/llama-3.1-8b-instruct,61,2
meta/llama-3.1-8b-instruct,61,2
meta/llama-3.1-8b-instruct,59,2
meta/llama-3.1-8b-instruct,59,2
meta/llama-3.1-8b-instruct,59,2
meta/llama-3.1-8b-instruct,59,2
meta/llama-3.1-8b-instruct,60,2
meta/llama-3.1-8b-instruct,60,2
meta/llama-3.1-8b-instruct,60,2
meta/llama-3.1-8b-instruct,60,2
meta/llama-3.1-8b-instruct,66,3
meta/llama-3.1-8b-instruct,66,3
meta/llama-3.1-8b-instruct,66,2
meta/llama-3.1-8b-instruct,62,2
meta/llama-3.1-8b-instruct,63,2
meta/llama-3.1-8b-instruct,62,2
meta/llama-3.1-8b-instruct,67,2
meta/llama-3.1-8b-instruct,66,2
meta/llama-3.1-8b-instruct,62,2
meta/llama-3.1-8b-instruct,67,2
meta/llama-3.1-8b-instruct,62,2
meta/llama-3.1-8b-instruct,67,3
meta/llama-3.1-8b-instruct,63,2
meta/llama-3.1-8b-instruct,67,3
meta/llama-3.1-8b-instruct,63,2
meta/llama-3.1-8b-instruct,63,2
meta/llama-3.1-8b-instruct,59,2
meta/llama-3.1-8b-instruct,59,2
meta/llama-3.1-8b-instruct,59,2
meta/llama-3.1-8b-instruct,59,2
meta/llama-3.1-8b-instruct,60,2
meta/llama-3.1-8b-instruct,60,2
meta/llama-3.1-8b-instruct,60,2
meta/llama-3.1-8b-instruct,60,2
meta/llama-3.1-8b-instruct,63,2
meta/llama-3.1-8b-instruct,63,2
meta/llama-3.1-8b-instruct,63,2
meta/llama-3.1-8b-instruct,63,2
meta/llama-3.1-8b-instruct,64,2
meta/llama-3.1-8b-instruct,64,2
meta/llama-3.1-8b-instruct,64,2
meta/llama-3.1-8b-instruct,62,2
meta/llama-3.1-8b-instruct,64,2
meta/llama-3.1-8b-instruct,62,2
meta/llama-3.1-8b-instruct,62,2
meta/llama-3.1-8b-instruct,62,2
meta/llama-3.1-8b-instruct,63,2
meta/llama-3.1-8b-instruct,63,2
meta/llama-3.1-8b-instruct,63,2
meta/llama-3.1-8b-instruct,63,2
meta/llama-3.1-8b-instruct,58,2
meta/llama-3.1-8b-instruct,58,2
meta/llama-3.1-8b-instruct,58,2
meta/llama-3.1-8b-instruct,58,2
meta/llama-3.1-8b-instruct,59,2
meta/llama-3.1-8b-instruct,59,2
meta/llama-3.1-8b-instruct,59,2
meta/llama-3.1-8b-instruct,59,2
meta/llama-3.1-8b-instruct,58,2
meta/llama-3.1-8b-instruct,58,2
meta/llama-3.1-8b-instruct,58,2
meta/llama-3.1-8b-instruct,58,2
meta/llama-3.1-8b-instruct,59,2
meta/llama-3.1-8b-instruct,59,2
meta/llama-3.1-8b-instruct,59,2
meta/llama-3.1-8b-instruct,59,2
meta/llama-3.1-8b-instruct,59,2
meta/llama-3.1-8b-instruct,59,2
meta/llama-3.1-8b-instruct,59,2
meta/llama-3.1-8b-instruct,60,2
meta/llama-3.1-8b-instruct,60,2
meta/llama-3.1-8b-instruct,60,2
meta/llama-3.1-8b-instruct,60,2
meta/llama-3.1-8b-instruct,66,2
meta/llama-3.1-8b-instruct,66,3
meta/llama-3.1-8b-instruct,66,3
meta/llama-3.1-8b-instruct,66,3
meta/llama-3.1-8b-instruct,67,2
meta/llama-3.1-8b-instruct,59,12
meta/llama-3.1-8b-instruct,67,2
meta/llama-3.1-8b-instruct,67,3
meta/llama-3.1-8b-instruct,67,2
meta/llama-3.1-8b-instruct,62,2
meta/llama-3.1-8b-instruct,62,2
meta/llama-3.1-8b-instruct,62,2
meta/llama-3.1-8b-instruct,62,2
meta/llama-3.1-8b-instruct,63,2
meta/llama-3.1-8b-instruct,63,2
meta/llama-3.1-8b-instruct,63,2
meta/llama-3.1-8b-instruct,63,2
meta/llama-3.1-8b-instruct,59,2
meta/llama-3.1-8b-instruct,59,2
meta/llama-3.1-8b-instruct,59,2
meta/llama-3.1-8b-instruct,59,2
meta/llama-3.1-8b-instruct,60,2
meta/llama-3.1-8b-instruct,60,2
meta/llama-3.1-8b-instruct,60,2
meta/llama-3.1-8b-instruct,60,2
meta/llama-3.1-8b-instruct,66,2
meta/llama-3.1-8b-instruct,66,2
meta/llama-3.1-8b-instruct,66,2
meta/llama-3.1-8b-instruct,66,2
meta/llama-3.1-8b-instruct,67,2
meta/llama-3.1-8b-instruct,67,2
meta/llama-3.1-8b-instruct,67,2
meta/llama-3.1-8b-instruct,67,2
meta/llama-3.1-8b-instruct,65,2
meta/llama-3.1-8b-instruct,65,2
meta/llama-3.1-8b-instruct,65,2
meta/llama-3.1-8b-instruct,65,2
meta/llama-3.1-8b-instruct,66,2
meta/llama-3.1-8b-instruct,66,2
meta/llama-3.1-8b-instruct,66,2
meta/llama-3.1-8b-instruct,66,2
meta/llama-3.1-8b-instruct,61,2
meta/llama-3.1-8b-instruct,61,2
meta/llama-3.1-8b-instruct,61,2
meta/llama-3.1-8b-instruct,61,2
meta/llama-3.1-8b-instruct,62,2
meta/llama-3.1-8b-instruct,62,2
meta/llama-3.1-8b-instruct,62,2
meta/llama-3.1-8b-instruct,62,2
meta/llama-3.1-8b-instruct,61,2
meta/llama-3.1-8b-instruct,61,2
meta/llama-3.1-8b-instruct,61,2
meta/llama-3.1-8b-instruct,61,2
meta/llama-3.1-8b-instruct,62,2
meta/llama-3.1-8b-instruct,62,2
meta/llama-3.1-8b-instruct,62,2
meta/llama-3.1-8b-instruct,62,2
meta/llama-3.1-8b-instruct,59,2
meta/llama-3.1-8b-instruct,60,2
meta/llama-3.1-8b-instruct,60,2
meta/llama-3.1-8b-instruct,60,2
meta/llama-3.1-8b-instruct,60,2
meta/llama-3.1-8b-instruct,66,2
meta/llama-3.1-8b-instruct,66,2
meta/llama-3.1-8b-instruct,59,12
meta/llama-3.1-8b-instruct,66,2
meta/llama-3.1-8b-instruct,66,2
meta/llama-3.1-8b-instruct,59,12
meta/llama-3.1-8b-instruct,67,2
meta/llama-3.1-8b-instruct,59,12
meta/llama-3.1-8b-instruct,67,2
meta/llama-3.1-8b-instruct,67,2
meta/llama-3.1-8b-instruct,67,2
meta/llama-3.1-8b-instruct,62,2
meta/llama-3.1-8b-instruct,62,2
meta/llama-3.1-8b-instruct,62,2
meta/llama-3.1-8b-instruct,63,2
meta/llama-3.1-8b-instruct,63,2
meta/llama-3.1-8b-instruct,63,2
meta/llama-3.1-8b-instruct,63,2
meta/llama-3.1-8b-instruct,59,2
meta/llama-3.1-8b-instruct,59,2
meta/llama-3.1-8b-instruct,59,2
meta/llama-3.1-8b-instruct,59,2
meta/llama-3.1-8b-instruct,62,12
meta/llama-3.1-8b-instruct,60,2
meta/llama-3.1-8b-instruct,60,2
meta/llama-3.1-8b-instruct,60,2
meta/llama-3.1-8b-instruct,60,2
meta/llama-3.1-8b-instruct,66,2
meta/llama-3.1-8b-instruct,66,2
meta/llama-3.1-8b-instruct,66,2
meta/llama-3.1-8b-instruct,66,2
meta/llama-3.1-8b-instruct,67,2
meta/llama-3.1-8b-instruct,67,2
meta/llama-3.1-8b-instruct,67,2
meta/llama-3.1-8b-instruct,67,2
meta/llama-3.1-8b-instruct,65,2
meta/llama-3.1-8b-instruct,65,2
meta/llama-3.1-8b-instruct,65,2
meta/llama-3.1-8b-instruct,65,2
meta/llama-3.1-8b-instruct,66,2
meta/llama-3.1-8b-instruct,66,2
meta/llama-3.1-8b-instruct,66,2
meta/llama-3.1-8b-instruct,66,2
meta/llama-3.1-8b-instruct,61,2
meta/llama-3.1-8b-instruct,61,2
meta/llama-3.1-8b-instruct,61,2
meta/llama-3.1-8b-instruct,61,2
meta/llama-3.1-8b-instruct,62,2
meta/llama-3.1-8b-instruct,62,2
meta/llama-3.1-8b-instruct,62,2
meta/llama-3.1-8b-instruct,62,2
meta/llama-3.1-8b-instruct,61,2
meta/llama-3.1-8b-instruct,61,2
meta/llama-3.1-8b-instruct,61,2
meta/llama-3.1-8b-instruct,61,2
meta/llama-3.1-8b-instruct,62,2
meta/llama-3.1-8b-instruct,62,2
meta/llama-3.1-8b-instruct,62,2
meta/llama-3.1-8b-instruct,62,2
meta/llama-3.1-8b-instruct,60,2
meta/llama-3.1-8b-instruct,60,2
meta/llama-3.1-8b-instruct,60,2
meta/llama-3.1-8b-instruct,61,2
meta/llama-3.1-8b-instruct,61,2
meta/llama-3.1-8b-instruct,61,2
meta/llama-3.1-8b-instruct,61,2
meta/llama-3.1-8b-instruct,60,9
meta/llama-3.1-8b-instruct,67,2
meta/llama-3.1-8b-instruct,67,3
meta/llama-3.1-8b-instruct,67,2
meta/llama-3.1-8b-instruct,67,3
meta/llama-3.1-8b-instruct,68,3
meta/llama-3.1-8b-instruct,68,3
meta/llama-3.1-8b-instruct,68,3
meta/llama-3.1-8b-instruct,63,2
meta/llama-3.1-8b-instruct,68,3
meta/llama-3.1-8b-instruct,63,2
meta/llama-3.1-8b-instruct,63,2
meta/llama-3.1-8b-instruct,63,2
meta/llama-3.1-8b-instruct,64,2
meta/llama-3.1-8b-instruct,64,2
meta/llama-3.1-8b-instruct,64,2
meta/llama-3.1-8b-instruct,64,2
meta/llama-3.1-8b-instruct,60,2
meta/llama-3.1-8b-instruct,60,2
meta/llama-3.1-8b-instruct,60,2
meta/llama-3.1-8b-instruct,60,2
meta/llama-3.1-8b-instruct,61,2
meta/llama-3.1-8b-instruct,61,2
meta/llama-3.1-8b-instruct,61,2
meta/llama-3.1-8b-instruct,61,2
mistralai/mixtral-8x7b-instruct-v0.1,37,12
mistralai/mixtral-8x7b-instruct-v0.1,37,12
mistralai/mixtral-8x7b-instruct-v0.1,37,12
mistralai/mixtral-8x7b-instruct-v0.1,38,12
mistralai/mixtral-8x7b-instruct-v0.1,37,12
mistralai/mixtral-8x7b-instruct-v0.1,38,12
mistralai/mixtral-8x7b-instruct-v0.1,38,12
mistralai/mixtral-8x7b-instruct-v0.1,36,12
mistralai/mixtral-8x7b-instruct-v0.1,38,12
mistralai/mixtral-8x7b-instruct-v0.1,36,12
mistralai/mixtral-8x7b-instruct-v0.1,36,12
mistralai/mixtral-8x7b-instruct-v0.1,36,12
mistralai/mixtral-8x7b-instruct-v0.1,37,12
mistralai/mixtral-8x7b-instruct-v0.1,37,12
mistralai/mixtral-8x7b-instruct-v0.1,37,12
mistralai/mixtral-8x7b-instruct-v0.1,37,12
mistralai/mixtral-8x7b-instruct-v0.1,31,12
mistralai/mixtral-8x7b-instruct-v0.1,31,12
mistralai/mixtral-8x7b-instruct-v0.1,31,12
mistralai/mixtral-8x7b-instruct-v0.1,31,12
mistralai/mixtral-8x7b-instruct-v0.1,32,12
mistralai/mixtral-8x7b-instruct-v0.1,32,12
mistralai/mixtral-8x7b-instruct-v0.1,32,12
mistralai/mixtral-8x7b-instruct-v0.1,31,12
mistralai/mixtral-8x7b-instruct-v0.1,31,12
mistralai/mixtral-8x7b-instruct-v0.1,31,12
mistralai/mixtral-8x7b-instruct-v0.1,32,12
mistralai/mixtral-8x7b-instruct-v0.1,32,12
mistralai/mixtral-8x7b-instruct-v0.1,31,12
mistralai/mixtral-8x7b-instruct-v0.1,32,12
mistralai/mixtral-8x7b-instruct-v0.1,32,12
mistralai/mixtral-8x7b-instruct-v0.1,37,12
mistralai/mixtral-8x7b-instruct-v0.1,32,12
mistralai/mixtral-8x7b-instruct-v0.1,37,12
mistralai/mixtral-8x7b-instruct-v0.1,37,12
mistralai/mixtral-8x7b-instruct-v0.1,38,12
mistralai/mixtral-8x7b-instruct-v0.1,38,12
mistralai/mixtral-8x7b-instruct-v0.1,38,12
mistralai/mixtral-8x7b-instruct-v0.1,37,12
mistralai/mixtral-8x7b-instruct-v0.1,38,12
mistralai/mixtral-8x7b-instruct-v0.1,46,12
mistralai/mixtral-8x7b-instruct-v0.1,46,12
mistralai/mixtral-8x7b-instruct-v0.1,47,12
mistralai/mixtral-8x7b-instruct-v0.1,46,12
mistralai/mixtral-8x7b-instruct-v0.1,46,12
mistralai/mixtral-8x7b-instruct-v0.1,47,12
mistralai/mixtral-8x7b-instruct-v0.1,47,12
mistralai/mixtral-8x7b-instruct-v0.1,42,12
mistralai/mixtral-8x7b-instruct-v0.1,42,12
mistralai/mixtral-8x7b-instruct-v0.1,47,12
mistralai/mixtral-8x7b-instruct-v0.1,42,12
mistralai/mixtral-8x7b-instruct-v0.1,43,12
mistralai/mixtral-8x7b-instruct-v0.1,42,12
mistralai/mixtral-8x7b-instruct-v0.1,43,12
mistralai/mixtral-8x7b-instruct-v0.1,43,12
mistralai/mixtral-8x7b-instruct-v0.1,43,12
mistralai/mixtral-8x7b-instruct-v0.1,39,12
mistralai/mixtral-8x7b-instruct-v0.1,39,12
mistralai/mixtral-8x7b-instruct-v0.1,39,12
mistralai/mixtral-8x7b-instruct-v0.1,39,12
mistralai/mixtral-8x7b-instruct-v0.1,40,12
mistralai/mixtral-8x7b-instruct-v0.1,39,12
mistralai/mixtral-8x7b-instruct-v0.1,40,12
mistralai/mixtral-8x7b-instruct-v0.1,40,12
mistralai/mixtral-8x7b-instruct-v0.1,39,12
mistralai/mixtral-8x7b-instruct-v0.1,40,12
mistralai/mixtral-8x7b-instruct-v0.1,40,12
mistralai/mixtral-8x7b-instruct-v0.1,40,12
mistralai/mixtral-8x7b-instruct-v0.1,39,12
mistralai/mixtral-8x7b-instruct-v0.1,40,12
mistralai/mixtral-8x7b-instruct-v0.1,39,12
mistralai/mixtral-8x7b-instruct-v0.1,38,12
mistralai/mixtral-8x7b-instruct-v0.1,38,12
mistralai/mixtral-8x7b-instruct-v0.1,40,12
mistralai/mixtral-8x7b-instruct-v0.1,39,12
mistralai/mixtral-8x7b-instruct-v0.1,38,12
mistralai/mixtral-8x7b-instruct-v0.1,38,12
mistralai/mixtral-8x7b-instruct-v0.1,39,12
mistralai/mixtral-8x7b-instruct-v0.1,39,12
mistralai/mixtral-8x7b-instruct-v0.1,33,12
mistralai/mixtral-8x7b-instruct-v0.1,33,12
mistralai/mixtral-8x7b-instruct-v0.1,39,12
mistralai/mixtral-8x7b-instruct-v0.1,34,12
mistralai/mixtral-8x7b-instruct-v0.1,34,12
mistralai/mixtral-8x7b-instruct-v0.1,33,12
mistralai/mixtral-8x7b-instruct-v0.1,33,12
mistralai/mixtral-8x7b-instruct-v0.1,34,12
mistralai/mixtral-8x7b-instruct-v0.1,33,12
mistralai/mixtral-8x7b-instruct-v0.1,34,12
mistralai/mixtral-8x7b-instruct-v0.1,34,12
mistralai/mixtral-8x7b-instruct-v0.1,33,12
mistralai/mixtral-8x7b-instruct-v0.1,33,12
mistralai/mixtral-8x7b-instruct-v0.1,33,12
mistralai/mixtral-8x7b-instruct-v0.1,34,12
mistralai/mixtral-8x7b-instruct-v0.1,34,12
mistralai/mixtral-8x7b-instruct-v0.1,36,12
mistralai/mixtral-8x7b-instruct-v0.1,36,12
mistralai/mixtral-8x7b-instruct-v0.1,34,12
mistralai/mixtral-8x7b-instruct-v0.1,37,12
mistralai/mixtral-8x7b-instruct-v0.1,36,12
mistralai/mixtral-8x7b-instruct-v0.1,37,12
mistralai/mixtral-8x7b-instruct-v0.1,36,12
mistralai/mixtral-8x7b-instruct-v0.1,37,12
mistralai/mixtral-8x7b-instruct-v0.1,45,12
mistralai/mixtral-8x7b-instruct-v0.1,45,12
mistralai/mixtral-8x7b-instruct-v0.1,37,12
mistralai/mixtral-8x7b-instruct-v0.1,45,12
mistralai/mixtral-8x7b-instruct-v0.1,45,12
mistralai/mixtral-8x7b-instruct-v0.1,46,12
mistralai/mixtral-8x7b-instruct-v0.1,46,12
mistralai/mixtral-8x7b-instruct-v0.1,46,12
mistralai/mixtral-8x7b-instruct-v0.1,41,12
mistralai/mixtral-8x7b-instruct-v0.1,46,12
mistralai/mixtral-8x7b-instruct-v0.1,41,12
mistralai/mixtral-8x7b-instruct-v0.1,42,12
mistralai/mixtral-8x7b-instruct-v0.1,41,12
mistralai/mixtral-8x7b-instruct-v0.1,41,12
mistralai/mixtral-8x7b-instruct-v0.1,42,12
mistralai/mixtral-8x7b-instruct-v0.1,42,12
mistralai/mixtral-8x7b-instruct-v0.1,42,12
mistralai/mixtral-8x7b-instruct-v0.1,38,12
mistralai/mixtral-8x7b-instruct-v0.1,38,12
mistralai/mixtral-8x7b-instruct-v0.1,38,12
mistralai/mixtral-8x7b-instruct-v0.1,38,12
mistralai/mixtral-8x7b-instruct-v0.1,39,12
mistralai/mixtral-8x7b-instruct-v0.1,37,12
mistralai/mixtral-8x7b-instruct-v0.1,37,12
mistralai/mixtral-8x7b-instruct-v0.1,39,12
mistralai/mixtral-8x7b-instruct-v0.1,39,12
mistralai/mixtral-8x7b-instruct-v0.1,39,12
mistralai/mixtral-8x7b-instruct-v0.1,38,12
mistralai/mixtral-8x7b-instruct-v0.1,37,12
mistralai/mixtral-8x7b-instruct-v0.1,38,12
mistralai/mixtral-8x7b-instruct-v0.1,37,12
mistralai/mixtral-8x7b-instruct-v0.1,38,12
mistralai/mixtral-8x7b-instruct-v0.1,38,12
mistralai/mixtral-8x7b-instruct-v0.1,36,12
mistralai/mixtral-8x7b-instruct-v0.1,36,12
mistralai/mixtral-8x7b-instruct-v0.1,36,12
mistralai/mixtral-8x7b-instruct-v0.1,36,12
mistralai/mixtral-8x7b-instruct-v0.1,37,12
mistralai/mixtral-8x7b-instruct-v0.1,37,12
mistralai/mixtral-8x7b-instruct-v0.1,37,12
mistralai/mixtral-8x7b-instruct-v0.1,31,12
mistralai/mixtral-8x7b-instruct-v0.1,37,12
mistralai/mixtral-8x7b-instruct-v0.1,31,12
mistralai/mixtral-8x7b-instruct-v0.1,31,12
mistralai/mixtral-8x7b-instruct-v0.1,31,12
mistralai/mixtral-8x7b-instruct-v0.1,32,12
mistralai/mixtral-8x7b-instruct-v0.1,32,12
mistralai/mixtral-8x7b-instruct-v0.1,32,12
mistralai/mixtral-8x7b-instruct-v0.1,32,12
mistralai/mixtral-8x7b-instruct-v0.1,31,12
mistralai/mixtral-8x7b-instruct-v0.1,31,12
mistralai/mixtral-8x7b-instruct-v0.1,31,12
mistralai/mixtral-8x7b-instruct-v0.1,32,12
mistralai/mixtral-8x7b-instruct-v0.1,31,12
mistralai/mixtral-8x7b-instruct-v0.1,32,12
mistralai/mixtral-8x7b-instruct-v0.1,32,12
mistralai/mixtral-8x7b-instruct-v0.1,32,12
mistralai/mixtral-8x7b-instruct-v0.1,37,12
mistralai/mixtral-8x7b-instruct-v0.1,37,12
mistralai/mixtral-8x7b-instruct-v0.1,37,12
mistralai/mixtral-8x7b-instruct-v0.1,37,12
mistralai/mixtral-8x7b-instruct-v0.1,38,12
mistralai/mixtral-8x7b-instruct-v0.1,38,12
mistralai/mixtral-8x7b-instruct-v0.1,38,12
mistralai/mixtral-8x7b-instruct-v0.1,38,12
mistralai/mixtral-8x7b-instruct-v0.1,46,12
mistralai/mixtral-8x7b-instruct-v0.1,46,12
mistralai/mixtral-8x7b-instruct-v0.1,46,12
mistralai/mixtral-8x7b-instruct-v0.1,47,12
mistralai/mixtral-8x7b-instruct-v0.1,47,12
mistralai/mixtral-8x7b-instruct-v0.1,46,12
mistralai/mixtral-8x7b-instruct-v0.1,47,12
mistralai/mixtral-8x7b-instruct-v0.1,47,12
mistralai/mixtral-8x7b-instruct-v0.1,42,12
mistralai/mixtral-8x7b-instruct-v0.1,42,12
mistralai/mixtral-8x7b-instruct-v0.1,42,12
mistralai/mixtral-8x7b-instruct-v0.1,42,12
mistralai/mixtral-8x7b-instruct-v0.1,43,12
mistralai/mixtral-8x7b-instruct-v0.1,43,12
mistralai/mixtral-8x7b-instruct-v0.1,39,12
mistralai/mixtral-8x7b-instruct-v0.1,43,12
mistralai/mixtral-8x7b-instruct-v0.1,43,12
mistralai/mixtral-8x7b-instruct-v0.1,39,12
mistralai/mixtral-8x7b-instruct-v0.1,39,12
mistralai/mixtral-8x7b-instruct-v0.1,39,12
mistralai/mixtral-8x7b-instruct-v0.1,40,12
mistralai/mixtral-8x7b-instruct-v0.1,40,12
mistralai/mixtral-8x7b-instruct-v0.1,37,12
mistralai/mixtral-8x7b-instruct-v0.1,40,12
mistralai/mixtral-8x7b-instruct-v0.1,37,12
mistralai/mixtral-8x7b-instruct-v0.1,40,12
mistralai/mixtral-8x7b-instruct-v0.1,37,12
mistralai/mixtral-8x7b-instruct-v0.1,37,12
mistralai/mixtral-8x7b-instruct-v0.1,38,12
mistralai/mixtral-8x7b-instruct-v0.1,38,12
mistralai/mixtral-8x7b-instruct-v0.1,38,12
mistralai/mixtral-8x7b-instruct-v0.1,36,12
mistralai/mixtral-8x7b-instruct-v0.1,38,12
mistralai/mixtral-8x7b-instruct-v0.1,36,12
mistralai/mixtral-8x7b-instruct-v0.1,36,12
mistralai/mixtral-8x7b-instruct-v0.1,37,12
mistralai/mixtral-8x7b-instruct-v0.1,37,12
mistralai/mixtral-8x7b-instruct-v0.1,37,12
mistralai/mixtral-8x7b-instruct-v0.1,36,12
mistralai/mixtral-8x7b-instruct-v0.1,31,12
mistralai/mixtral-8x7b-instruct-v0.1,37,12
mistralai/mixtral-8x7b-instruct-v0.1,31,12
mistralai/mixtral-8x7b-instruct-v0.1,31,12
mistralai/mixtral-8x7b-instruct-v0.1,32,12
mistralai/mixtral-8x7b-instruct-v0.1,32,12
mistralai/mixtral-8x7b-instruct-v0.1,32,12
mistralai/mixtral-8x7b-instruct-v0.1,32,12
mistralai/mixtral-8x7b-instruct-v0.1,31,12
mistralai/mixtral-8x7b-instruct-v0.1,31,12
mistralai/mixtral-8x7b-instruct-v0.1,31,12
mistralai/mixtral-8x7b-instruct-v0.1,31,12
mistralai/mixtral-8x7b-instruct-v0.1,31,12
mistralai/mixtral-8x7b-instruct-v0.1,32,12
mistralai/mixtral-8x7b-instruct-v0.1,32,12
mistralai/mixtral-8x7b-instruct-v0.1,35,12
mistralai/mixtral-8x7b-instruct-v0.1,32,12
mistralai/mixtral-8x7b-instruct-v0.1,32,12
mistralai/mixtral-8x7b-instruct-v0.1,35,12
mistralai/mixtral-8x7b-instruct-v0.1,35,12
mistralai/mixtral-8x7b-instruct-v0.1,35,12
mistralai/mixtral-8x7b-instruct-v0.1,36,12
mistralai/mixtral-8x7b-instruct-v0.1,36,12
mistralai/mixtral-8x7b-instruct-v0.1,36,12
mistralai/mixtral-8x7b-instruct-v0.1,44,12
mistralai/mixtral-8x7b-instruct-v0.1,44,12
mistralai/mixtral-8x7b-instruct-v0.1,44,12
mistralai/mixtral-8x7b-instruct-v0.1,36,12
mistralai/mixtral-8x7b-instruct-v0.1,45,12
mistralai/mixtral-8x7b-instruct-v0.1,45,12
mistralai/mixtral-8x7b-instruct-v0.1,45,12
mistralai/mixtral-8x7b-instruct-v0.1,45,12
mistralai/mixtral-8x7b-instruct-v0.1,44,12
mistralai/mixtral-8x7b-instruct-v0.1,40,12
mistralai/mixtral-8x7b-instruct-v0.1,40,12
mistralai/mixtral-8x7b-instruct-v0.1,40,12
mistralai/mixtral-8x7b-instruct-v0.1,41,12
mistralai/mixtral-8x7b-instruct-v0.1,40,12
mistralai/mixtral-8x7b-instruct-v0.1,41,12
mistralai/mixtral-8x7b-instruct-v0.1,41,12
mistralai/mixtral-8x7b-instruct-v0.1,41,12
mistralai/mixtral-8x7b-instruct-v0.1,37,12
mistralai/mixtral-8x7b-instruct-v0.1,37,12
mistralai/mixtral-8x7b-instruct-v0.1,37,12
mistralai/mixtral-8x7b-instruct-v0.1,38,12
mistralai/mixtral-8x7b-instruct-v0.1,38,12
mistralai/mixtral-8x7b-instruct-v0.1,37,12
mistralai/mixtral-8x7b-instruct-v0.1,38,12
mistralai/mixtral-8x7b-instruct-v0.1,38,12
mistralai/mixtral-8x7b-instruct-v0.1,41,12
mistralai/mixtral-8x7b-instruct-v0.1,40,12
mistralai/mixtral-8x7b-instruct-v0.1,40,12
mistralai/mixtral-8x7b-instruct-v0.1,40,12
mistralai/mixtral-8x7b-instruct-v0.1,40,12
mistralai/mixtral-8x7b-instruct-v0.1,41,12
mistralai/mixtral-8x7b-instruct-v0.1,41,12
mistralai/mixtral-8x7b-instruct-v0.1,39,12
mistralai/mixtral-8x7b-instruct-v0.1,39,12
mistralai/mixtral-8x7b-instruct-v0.1,41,12
mistralai/mixtral-8x7b-instruct-v0.1,40,12
mistralai/mixtral-8x7b-instruct-v0.1,39,12
mistralai/mixtral-8x7b-instruct-v0.1,39,12
mistralai/mixtral-8x7b-instruct-v0.1,40,12
mistralai/mixtral-8x7b-instruct-v0.1,40,12
mistralai/mixtral-8x7b-instruct-v0.1,40,12
mistralai/mixtral-8x7b-instruct-v0.1,34,12
mistralai/mixtral-8x7b-instruct-v0.1,34,12
mistralai/mixtral-8x7b-instruct-v0.1,34,12
mistralai/mixtral-8x7b-instruct-v0.1,34,12
mistralai/mixtral-8x7b-instruct-v0.1,35,12
mistralai/mixtral-8x7b-instruct-v0.1,35,12
mistralai/mixtral-8x7b-instruct-v0.1,35,12
mistralai/mixtral-8x7b-instruct-v0.1,34,12
mistralai/mixtral-8x7b-instruct-v0.1,35,12
mistralai/mixtral-8x7b-instruct-v0.1,34,12
mistralai/mixtral-8x7b-instruct-v0.1,34,12
mistralai/mixtral-8x7b-instruct-v0.1,34,12
mistralai/mixtral-8x7b-instruct-v0.1,35,12
mistralai/mixtral-8x7b-instruct-v0.1,35,12
mistralai/mixtral-8x7b-instruct-v0.1,35,12
mistralai/mixtral-8x7b-instruct-v0.1,37,12
mistralai/mixtral-8x7b-instruct-v0.1,35,12
mistralai/mixtral-8x7b-instruct-v0.1,37,12
mistralai/mixtral-8x7b-instruct-v0.1,37,12
mistralai/mixtral-8x7b-instruct-v0.1,38,12
mistralai/mixtral-8x7b-instruct-v0.1,37,12
mistralai/mixtral-8x7b-instruct-v0.1,38,12
mistralai/mixtral-8x7b-instruct-v0.1,38,12
mistralai/mixtral-8x7b-instruct-v0.1,46,12
mistralai/mixtral-8x7b-instruct-v0.1,46,12
mistralai/mixtral-8x7b-instruct-v0.1,38,12
mistralai/mixtral-8x7b-instruct-v0.1,46,12
mistralai/mixtral-8x7b-instruct-v0.1,46,12
mistralai/mixtral-8x7b-instruct-v0.1,47,12
mistralai/mixtral-8x7b-instruct-v0.1,47,12
mistralai/mixtral-8x7b-instruct-v0.1,42,12
mistralai/mixtral-8x7b-instruct-v0.1,47,12
mistralai/mixtral-8x7b-instruct-v0.1,47,12
mistralai/mixtral-8x7b-instruct-v0.1,42,12
mistralai/mixtral-8x7b-instruct-v0.1,42,12
mistralai/mixtral-8x7b-instruct-v0.1,42,12
mistralai/mixtral-8x7b-instruct-v0.1,43,12
mistralai/mixtral-8x7b-instruct-v0.1,43,12
mistralai/mixtral-8x7b-instruct-v0.1,43,12
mistralai/mixtral-8x7b-instruct-v0.1,43,12
mistralai/mixtral-8x7b-instruct-v0.1,39,12
mistralai/mixtral-8x7b-instruct-v0.1,39,12
mistralai/mixtral-8x7b-instruct-v0.1,39,12
mistralai/mixtral-8x7b-instruct-v0.1,39,12
mistralai/mixtral-8x7b-instruct-v0.1,40,12
mistralai/mixtral-8x7b-instruct-v0.1,40,12
mistralai/mixtral-8x7b-instruct-v0.1,40,12
mistralai/mixtral-8x7b-instruct-v0.1,40,12
mistralai/mixtral-8x7b-instruct-v0.1,38,12
mistralai/mixtral-8x7b-instruct-v0.1,38,12
mistralai/mixtral-8x7b-instruct-v0.1,38,12
mistralai/mixtral-8x7b-instruct-v0.1,38,12
mistralai/mixtral-8x7b-instruct-v0.1,39,12
mistralai/mixtral-8x7b-instruct-v0.1,39,12
mistralai/mixtral-8x7b-instruct-v0.1,39,12
mistralai/mixtral-8x7b-instruct-v0.1,39,12
mistralai/mixtral-8x7b-instruct-v0.1,37,12
mistralai/mixtral-8x7b-instruct-v0.1,37,12
mistralai/mixtral-8x7b-instruct-v0.1,37,12
mistralai/mixtral-8x7b-instruct-v0.1,38,12
mistralai/mixtral-8x7b-instruct-v0.1,38,12
mistralai/mixtral-8x7b-instruct-v0.1,38,12
mistralai/mixtral-8x7b-instruct-v0.1,37,12
mistralai/mixtral-8x7b-instruct-v0.1,32,12
mistralai/mixtral-8x7b-instruct-v0.1,32,12
mistralai/mixtral-8x7b-instruct-v0.1,38,12
mistralai/mixtral-8x7b-instruct-v0.1,32,12
mistralai/mixtral-8x7b-instruct-v0.1,32,12
mistralai/mixtral-8x7b-instruct-v0.1,33,12
mistralai/mixtral-8x7b-instruct-v0.1,33,12
mistralai/mixtral-8x7b-instruct-v0.1,33,12
mistralai/mixtral-8x7b-instruct-v0.1,32,12
mistralai/mixtral-8x7b-instruct-v0.1,33,12
mistralai/mixtral-8x7b-instruct-v0.1,32,12
mistralai/mixtral-8x7b-instruct-v0.1,32,12
mistralai/mixtral-8x7b-instruct-v0.1,32,12
mistralai/mixtral-8x7b-instruct-v0.1,33,12
mistralai/mixtral-8x7b-instruct-v0.1,37,12
mistralai/mixtral-8x7b-instruct-v0.1,33,12
mistralai/mixtral-8x7b-instruct-v0.1,33,12
mistralai/mixtral-8x7b-instruct-v0.1,33,12
mistralai/mixtral-8x7b-instruct-v0.1,37,12
mistralai/mixtral-8x7b-instruct-v0.1,37,12
mistralai/mixtral-8x7b-instruct-v0.1,37,12
mistralai/mixtral-8x7b-instruct-v0.1,38,12
mistralai/mixtral-8x7b-instruct-v0.1,38,12
mistralai/mixtral-8x7b-instruct-v0.1,38,12
mistralai/mixtral-8x7b-instruct-v0.1,38,12
mistralai/mixtral-8x7b-instruct-v0.1,46,12
mistralai/mixtral-8x7b-instruct-v0.1,46,12
mistralai/mixtral-8x7b-instruct-v0.1,46,12
mistralai/mixtral-8x7b-instruct-v0.1,47,12
mistralai/mixtral-8x7b-instruct-v0.1,46,12
mistralai/mixtral-8x7b-instruct-v0.1,47,12
mistralai/mixtral-8x7b-instruct-v0.1,47,12
mistralai/mixtral-8x7b-instruct-v0.1,47,12
mistralai/mixtral-8x7b-instruct-v0.1,42,12
mistralai/mixtral-8x7b-instruct-v0.1,42,12
mistralai/mixtral-8x7b-instruct-v0.1,42,12
mistralai/mixtral-8x7b-instruct-v0.1,42,12
mistralai/mixtral-8x7b-instruct-v0.1,43,12
mistralai/mixtral-8x7b-instruct-v0.1,43,12
mistralai/mixtral-8x7b-instruct-v0.1,43,12
mistralai/mixtral-8x7b-instruct-v0.1,43,12
mistralai/mixtral-8x7b-instruct-v0.1,39,12
mistralai/mixtral-8x7b-instruct-v0.1,39,12
mistralai/mixtral-8x7b-instruct-v0.1,39,12
mistralai/mixtral-8x7b-instruct-v0.1,40,12
mistralai/mixtral-8x7b-instruct-v0.1,40,12
mistralai/mixtral-8x7b-instruct-v0.1,39,12
mistralai/mixtral-8x7b-instruct-v0.1,40,12
mistralai/mixtral-8x7b-instruct-v0.1,40,12
mistralai/mixtral-8x7b-instruct-v0.1,40,12
mistralai/mixtral-8x7b-instruct-v0.1,40,12
mistralai/mixtral-8x7b-instruct-v0.1,40,12
mistralai/mixtral-8x7b-instruct-v0.1,41,12
mistralai/mixtral-8x7b-instruct-v0.1,41,12
mistralai/mixtral-8x7b-instruct-v0.1,40,12
mistralai/mixtral-8x7b-instruct-v0.1,41,12
mistralai/mixtral-8x7b-instruct-v0.1,41,12
mistralai/mixtral-8x7b-instruct-v0.1,39,12
mistralai/mixtral-8x7b-instruct-v0.1,39,12
mistralai/mixtral-8x7b-instruct-v0.1,40,12
mistralai/mixtral-8x7b-instruct-v0.1,39,12
mistralai/mixtral-8x7b-instruct-v0.1,39,12
mistralai/mixtral-8x7b-instruct-v0.1,40,12
mistralai/mixtral-8x7b-instruct-v0.1,40,12
mistralai/mixtral-8x7b-instruct-v0.1,34,12
mistralai/mixtral-8x7b-instruct-v0.1,34,12
mistralai/mixtral-8x7b-instruct-v0.1,40,12
mistralai/mixtral-8x7b-instruct-v0.1,35,12
mistralai/mixtral-8x7b-instruct-v0.1,34,12
mistralai/mixtral-8x7b-instruct-v0.1,34,12
mistralai/mixtral-8x7b-instruct-v0.1,35,12
mistralai/mixtral-8x7b-instruct-v0.1,35,12
mistralai/mixtral-8x7b-instruct-v0.1,34,12
mistralai/mixtral-8x7b-instruct-v0.1,35,12
mistralai/mixtral-8x7b-instruct-v0.1,34,12
mistralai/mixtral-8x7b-instruct-v0.1,34,12
mistralai/mixtral-8x7b-instruct-v0.1,35,12
mistralai/mixtral-8x7b-instruct-v0.1,34,12
mistralai/mixtral-8x7b-instruct-v0.1,35,12
mistralai/mixtral-8x7b-instruct-v0.1,38,12
mistralai/mixtral-8x7b-instruct-v0.1,35,12
mistralai/mixtral-8x7b-instruct-v0.1,38,12
mistralai/mixtral-8x7b-instruct-v0.1,38,12
mistralai/mixtral-8x7b-instruct-v0.1,35,12
mistralai/mixtral-8x7b-instruct-v0.1,39,12
mistralai/mixtral-8x7b-instruct-v0.1,39,12
mistralai/mixtral-8x7b-instruct-v0.1,39,12
mistralai/mixtral-8x7b-instruct-v0.1,38,12
mistralai/mixtral-8x7b-instruct-v0.1,39,12
mistralai/mixtral-8x7b-instruct-v0.1,47,12
mistralai/mixtral-8x7b-instruct-v0.1,47,12
mistralai/mixtral-8x7b-instruct-v0.1,47,12
mistralai/mixtral-8x7b-instruct-v0.1,48,12
mistralai/mixtral-8x7b-instruct-v0.1,47,12
mistralai/mixtral-8x7b-instruct-v0.1,48,12
mistralai/mixtral-8x7b-instruct-v0.1,48,12
mistralai/mixtral-8x7b-instruct-v0.1,48,12
mistralai/mixtral-8x7b-instruct-v0.1,43,12
mistralai/mixtral-8x7b-instruct-v0.1,43,12
mistralai/mixtral-8x7b-instruct-v0.1,43,12
mistralai/mixtral-8x7b-instruct-v0.1,43,12
mistralai/mixtral-8x7b-instruct-v0.1,44,12
mistralai/mixtral-8x7b-instruct-v0.1,44,12
mistralai/mixtral-8x7b-instruct-v0.1,44,12
mistralai/mixtral-8x7b-instruct-v0.1,40,12
mistralai/mixtral-8x7b-instruct-v0.1,40,12
mistralai/mixtral-8x7b-instruct-v0.1,40,12
mistralai/mixtral-8x7b-instruct-v0.1,44,12
mistralai/mixtral-8x7b-instruct-v0.1,41,12
mistralai/mixtral-8x7b-instruct-v0.1,41,12
mistralai/mixtral-8x7b-instruct-v0.1,41,12
mistralai/mixtral-8x7b-instruct-v0.1,40,12
mistralai/mixtral-8x7b-instruct-v0.1,41,12
mistralai/mixtral-8x7b-instruct-v0.1,40,12
mistralai/mixtral-8x7b-instruct-v0.1,40,12
mistralai/mixtral-8x7b-instruct-v0.1,40,12
mistralai/mixtral-8x7b-instruct-v0.1,41,12
mistralai/mixtral-8x7b-instruct-v0.1,41,12
mistralai/mixtral-8x7b-instruct-v0.1,40,12
mistralai/mixtral-8x7b-instruct-v0.1,41,12
mistralai/mixtral-8x7b-instruct-v0.1,41,12
mistralai/mixtral-8x7b-instruct-v0.1,39,12
mistralai/mixtral-8x7b-instruct-v0.1,39,12
mistralai/mixtral-8x7b-instruct-v0.1,39,12
mistralai/mixtral-8x7b-instruct-v0.1,40,12
mistralai/mixtral-8x7b-instruct-v0.1,40,12
mistralai/mixtral-8x7b-instruct-v0.1,40,12
mistralai/mixtral-8x7b-instruct-v0.1,40,12
mistralai/mixtral-8x7b-instruct-v0.1,39,12
mistralai/mixtral-8x7b-instruct-v0.1,34,12
mistralai/mixtral-8x7b-instruct-v0.1,35,12
mistralai/mixtral-8x7b-instruct-v0.1,34,12
mistralai/mixtral-8x7b-instruct-v0.1,34,12
mistralai/mixtral-8x7b-instruct-v0.1,34,12
mistralai/mixtral-8x7b-instruct-v0.1,35,12
mistralai/mixtral-8x7b-instruct-v0.1,35,12
mistralai/mixtral-8x7b-instruct-v0.1,35,12
mistralai/mixtral-8x7b-instruct-v0.1,34,12
mistralai/mixtral-8x7b-instruct-v0.1,34,12
mistralai/mixtral-8x7b-instruct-v0.1,34,12
mistralai/mixtral-8x7b-instruct-v0.1,34,12
mistralai/mixtral-8x7b-instruct-v0.1,35,12
mistralai/mixtral-8x7b-instruct-v0.1,39,12
mistralai/mixtral-8x7b-instruct-v0.1,35,12
mistralai/mixtral-8x7b-instruct-v0.1,35,12
mistralai/mixtral-8x7b-instruct-v0.1,35,12
mistralai/mixtral-8x7b-instruct-v0.1,39,12
mistralai/mixtral-8x7b-instruct-v0.1,40,12
mistralai/mixtral-8x7b-instruct-v0.1,39,12
mistralai/mixtral-8x7b-instruct-v0.1,39,12
mistralai/mixtral-8x7b-instruct-v0.1,40,12
mistralai/mixtral-8x7b-instruct-v0.1,40,12
mistralai/mixtral-8x7b-instruct-v0.1,48,12
mistralai/mixtral-8x7b-instruct-v0.1,48,12
mistralai/mixtral-8x7b-instruct-v0.1,48,12
mistralai/mixtral-8x7b-instruct-v0.1,40,12
mistralai/mixtral-8x7b-instruct-v0.1,49,12
mistralai/mixtral-8x7b-instruct-v0.1,48,12
mistralai/mixtral-8x7b-instruct-v0.1,49,12
mistralai/mixtral-8x7b-instruct-v0.1,49,12
mistralai/mixtral-8x7b-instruct-v0.1,44,12
mistralai/mixtral-8x7b-instruct-v0.1,49,12
mistralai/mixtral-8x7b-instruct-v0.1,41,12
mistralai/mixtral-8x7b-instruct-v0.1,41,12
mistralai/mixtral-8x7b-instruct-v0.1,45,12
mistralai/mixtral-8x7b-instruct-v0.1,45,12
mistralai/mixtral-8x7b-instruct-v0.1,44,12
mistralai/mixtral-8x7b-instruct-v0.1,44,12
mistralai/mixtral-8x7b-instruct-v0.1,41,12
mistralai/mixtral-8x7b-instruct-v0.1,44,12
mistralai/mixtral-8x7b-instruct-v0.1,45,12
mistralai/mixtral-8x7b-instruct-v0.1,45,12
mistralai/mixtral-8x7b-instruct-v0.1,42,12
mistralai/mixtral-8x7b-instruct-v0.1,42,12
mistralai/mixtral-8x7b-instruct-v0.1,41,12
mistralai/mixtral-8x7b-instruct-v0.1,42,12
mistralai/mixtral-8x7b-instruct-v0.1,42,12
meta/llama-3.3-70b-instruct,63,2
meta/llama-3.3-70b-instruct,63,2
meta/llama-3.3-70b-instruct,63,2
meta/llama-3.3-70b-instruct,63,2
meta/llama-3.3-70b-instruct,64,2
meta/llama-3.3-70b-instruct,64,2
meta/llama-3.3-70b-instruct,64,2
meta/llama-3.3-70b-instruct,64,2
meta/llama-3.3-70b-instruct,63,2
meta/llama-3.3-70b-instruct,62,2
meta/llama-3.3-70b-instruct,62,2
meta/llama-3.3-70b-instruct,62,2
meta/llama-3.3-70b-instruct,62,2
meta/llama-3.3-70b-instruct,63,2
meta/llama-3.3-70b-instruct,63,2
meta/llama-3.3-70b-instruct,58,2
meta/llama-3.3-70b-instruct,63,2
meta/llama-3.3-70b-instruct,58,2
meta/llama-3.3-70b-instruct,59,2
meta/llama-3.3-70b-instruct,59,2
meta/llama-3.3-70b-instruct,58,2
meta/llama-3.3-70b-instruct,59,2
meta/llama-3.3-70b-instruct,58,2
meta/llama-3.3-70b-instruct,59,2
meta/llama-3.3-70b-instruct,58,2
meta/llama-3.3-70b-instruct,59,2
meta/llama-3.3-70b-instruct,58,2
meta/llama-3.3-70b-instruct,59,2
meta/llama-3.3-70b-instruct,58,2
meta/llama-3.3-70b-instruct,58,2
meta/llama-3.3-70b-instruct,59,2
meta/llama-3.3-70b-instruct,60,2
meta/llama-3.3-70b-instruct,59,2
meta/llama-3.3-70b-instruct,59,2
meta/llama-3.3-70b-instruct,59,2
meta/llama-3.3-70b-instruct,59,2
meta/llama-3.3-70b-instruct,59,2
meta/llama-3.3-70b-instruct,60,2
meta/llama-3.3-70b-instruct,66,2
meta/llama-3.3-70b-instruct,66,2
meta/llama-3.3-70b-instruct,60,2
meta/llama-3.3-70b-instruct,60,2
meta/llama-3.3-70b-instruct,66,2
meta/llama-3.3-70b-instruct,66,2
meta/llama-3.3-70b-instruct,62,2
meta/llama-3.3-70b-instruct,62,2
meta/llama-3.3-70b-instruct,67,2
meta/llama-3.3-70b-instruct,67,2
meta/llama-3.3-70b-instruct,62,2
meta/llama-3.3-70b-instruct,67,2
meta/llama-3.3-70b-instruct,67,2
meta/llama-3.3-70b-instruct,62,2
meta/llama-3.3-70b-instruct,59,2
meta/llama-3.3-70b-instruct,63,2
meta/llama-3.3-70b-instruct,63,2
meta/llama-3.3-70b-instruct,63,2
meta/llama-3.3-70b-instruct,63,2
meta/llama-3.3-70b-instruct,59,2
meta/llama-3.3-70b-instruct,60,2
meta/llama-3.3-70b-instruct,59,2
meta/llama-3.3-70b-instruct,60,2
meta/llama-3.3-70b-instruct,59,2
meta/llama-3.3-70b-instruct,60,2
meta/llama-3.3-70b-instruct,60,2
meta/llama-3.3-70b-instruct,64,2
meta/llama-3.3-70b-instruct,64,2
meta/llama-3.3-70b-instruct,64,2
meta/llama-3.3-70b-instruct,65,2
meta/llama-3.3-70b-instruct,65,2
meta/llama-3.3-70b-instruct,65,2
meta/llama-3.3-70b-instruct,64,2
meta/llama-3.3-70b-instruct,65,2
meta/llama-3.3-70b-instruct,64,2
meta/llama-3.3-70b-instruct,63,2
meta/llama-3.3-70b-instruct,64,2
meta/llama-3.3-70b-instruct,63,2
meta/llama-3.3-70b-instruct,63,2
meta/llama-3.3-70b-instruct,64,2
meta/llama-3.3-70b-instruct,63,2
meta/llama-3.3-70b-instruct,59,2
meta/llama-3.3-70b-instruct,60,2
meta/llama-3.3-70b-instruct,59,2
meta/llama-3.3-70b-instruct,60,2
meta/llama-3.3-70b-instruct,59,2
meta/llama-3.3-70b-instruct,64,2
meta/llama-3.3-70b-instruct,59,2
meta/llama-3.3-70b-instruct,60,2
meta/llama-3.3-70b-instruct,59,2
meta/llama-3.3-70b-instruct,60,2
meta/llama-3.3-70b-instruct,59,2
meta/llama-3.3-70b-instruct,60,2
meta/llama-3.3-70b-instruct,59,2
meta/llama-3.3-70b-instruct,59,2
meta/llama-3.3-70b-instruct,59,2
meta/llama-3.3-70b-instruct,58,2
meta/llama-3.3-70b-instruct,58,2
meta/llama-3.3-70b-instruct,58,2
meta/llama-3.3-70b-instruct,59,2
meta/llama-3.3-70b-instruct,58,2
meta/llama-3.3-70b-instruct,60,2
meta/llama-3.3-70b-instruct,60,2
meta/llama-3.3-70b-instruct,60,2
meta/llama-3.3-70b-instruct,65,2
meta/llama-3.3-70b-instruct,66,2
meta/llama-3.3-70b-instruct,65,2
meta/llama-3.3-70b-instruct,65,2
meta/llama-3.3-70b-instruct,59,2
meta/llama-3.3-70b-instruct,59,2
meta/llama-3.3-70b-instruct,65,2
meta/llama-3.3-70b-instruct,62,2
meta/llama-3.3-70b-instruct,61,2
meta/llama-3.3-70b-instruct,66,2
meta/llama-3.3-70b-instruct,61,2
meta/llama-3.3-70b-instruct,62,2
meta/llama-3.3-70b-instruct,61,2
meta/llama-3.3-70b-instruct,61,2
meta/llama-3.3-70b-instruct,66,2
meta/llama-3.3-70b-instruct,66,2
meta/llama-3.3-70b-instruct,58,2
meta/llama-3.3-70b-instruct,62,2
meta/llama-3.3-70b-instruct,58,2
meta/llama-3.3-70b-instruct,62,2
meta/llama-3.3-70b-instruct,63,2
meta/llama-3.3-70b-instruct,59,2
meta/llama-3.3-70b-instruct,59,2
meta/llama-3.3-70b-instruct,58,2
meta/llama-3.3-70b-instruct,63,2
meta/llama-3.3-70b-instruct,58,2
meta/llama-3.3-70b-instruct,59,2
meta/llama-3.3-70b-instruct,63,2
meta/llama-3.3-70b-instruct,59,2
meta/llama-3.3-70b-instruct,64,2
meta/llama-3.3-70b-instruct,64,2
meta/llama-3.3-70b-instruct,64,2
meta/llama-3.3-70b-instruct,63,2
meta/llama-3.3-70b-instruct,62,2
meta/llama-3.3-70b-instruct,64,2
meta/llama-3.3-70b-instruct,62,2
meta/llama-3.3-70b-instruct,63,2
meta/llama-3.3-70b-instruct,62,2
meta/llama-3.3-70b-instruct,62,2
meta/llama-3.3-70b-instruct,58,2
meta/llama-3.3-70b-instruct,63,2
meta/llama-3.3-70b-instruct,63,2
meta/llama-3.3-70b-instruct,63,2
meta/llama-3.3-70b-instruct,59,2
meta/llama-3.3-70b-instruct,58,2
meta/llama-3.3-70b-instruct,58,2
meta/llama-3.3-70b-instruct,58,2
meta/llama-3.3-70b-instruct,59,2
meta/llama-3.3-70b-instruct,59,2
meta/llama-3.3-70b-instruct,58,2
meta/llama-3.3-70b-instruct,59,2
meta/llama-3.3-70b-instruct,59,2
meta/llama-3.3-70b-instruct,59,2
meta/llama-3.3-70b-instruct,58,2
meta/llama-3.3-70b-instruct,58,2
meta/llama-3.3-70b-instruct,59,2
meta/llama-3.3-70b-instruct,59,2
meta/llama-3.3-70b-instruct,58,2
meta/llama-3.3-70b-instruct,57,2
meta/llama-3.3-70b-instruct,57,2
meta/llama-3.3-70b-instruct,64,2
meta/llama-3.3-70b-instruct,58,2
meta/llama-3.3-70b-instruct,58,2
meta/llama-3.3-70b-instruct,58,2
meta/llama-3.3-70b-instruct,57,2
meta/llama-3.3-70b-instruct,57,2
meta/llama-3.3-70b-instruct,58,2
meta/llama-3.3-70b-instruct,64,2
meta/llama-3.3-70b-instruct,61,2
meta/llama-3.3-70b-instruct,61,2
meta/llama-3.3-70b-instruct,64,2
meta/llama-3.3-70b-instruct,60,2
meta/llama-3.3-70b-instruct,65,2
meta/llama-3.3-70b-instruct,60,2
meta/llama-3.3-70b-instruct,60,2
meta/llama-3.3-70b-instruct,61,2
meta/llama-3.3-70b-instruct,65,2
meta/llama-3.3-70b-instruct,57,2
meta/llama-3.3-70b-instruct,65,2
meta/llama-3.3-70b-instruct,64,2
meta/llama-3.3-70b-instruct,61,2
meta/llama-3.3-70b-instruct,60,2
meta/llama-3.3-70b-instruct,65,2
meta/llama-3.3-70b-instruct,64,2
meta/llama-3.3-70b-instruct,57,2
meta/llama-3.3-70b-instruct,63,2
meta/llama-3.3-70b-instruct,58,2
meta/llama-3.3-70b-instruct,57,2
meta/llama-3.3-70b-instruct,63,2
meta/llama-3.3-70b-instruct,63,2
meta/llama-3.3-70b-instruct,57,2
meta/llama-3.3-70b-instruct,58,2
meta/llama-3.3-70b-instruct,63,2
meta/llama-3.3-70b-instruct,64,2
meta/llama-3.3-70b-instruct,64,2
meta/llama-3.3-70b-instruct,58,2
meta/llama-3.3-70b-instruct,58,2
meta/llama-3.3-70b-instruct,62,2
meta/llama-3.3-70b-instruct,64,2
meta/llama-3.3-70b-instruct,62,2
meta/llama-3.3-70b-instruct,58,2
meta/llama-3.3-70b-instruct,62,2
meta/llama-3.3-70b-instruct,59,2
meta/llama-3.3-70b-instruct,63,2
meta/llama-3.3-70b-instruct,59,2
meta/llama-3.3-70b-instruct,59,2
meta/llama-3.3-70b-instruct,58,2
meta/llama-3.3-70b-instruct,58,2
meta/llama-3.3-70b-instruct,58,2
meta/llama-3.3-70b-instruct,63,2
meta/llama-3.3-70b-instruct,58,2
meta/llama-3.3-70b-instruct,63,2
meta/llama-3.3-70b-instruct,63,2
meta/llama-3.3-70b-instruct,58,2
meta/llama-3.3-70b-instruct,62,2
meta/llama-3.3-70b-instruct,59,2
meta/llama-3.3-70b-instruct,59,2
meta/llama-3.3-70b-instruct,58,2
meta/llama-3.3-70b-instruct,59,2
meta/llama-3.3-70b-instruct,57,2
meta/llama-3.3-70b-instruct,58,2
meta/llama-3.3-70b-instruct,64,2
meta/llama-3.3-70b-instruct,64,2
meta/llama-3.3-70b-instruct,57,2
meta/llama-3.3-70b-instruct,58,2
meta/llama-3.3-70b-instruct,59,2
meta/llama-3.3-70b-instruct,64,2
meta/llama-3.3-70b-instruct,57,2
meta/llama-3.3-70b-instruct,59,2
meta/llama-3.3-70b-instruct,58,2
meta/llama-3.3-70b-instruct,57,2
meta/llama-3.3-70b-instruct,58,2
meta/llama-3.3-70b-instruct,58,2
meta/llama-3.3-70b-instruct,65,2
meta/llama-3.3-70b-instruct,64,2
meta/llama-3.3-70b-instruct,65,2
meta/llama-3.3-70b-instruct,65,2
meta/llama-3.3-70b-instruct,61,2
meta/llama-3.3-70b-instruct,60,2
meta/llama-3.3-70b-instruct,61,2
meta/llama-3.3-70b-instruct,57,2
meta/llama-3.3-70b-instruct,61,2
meta/llama-3.3-70b-instruct,57,2
meta/llama-3.3-70b-instruct,60,2
meta/llama-3.3-70b-instruct,57,2
meta/llama-3.3-70b-instruct,60,2
meta/llama-3.3-70b-instruct,60,2
meta/llama-3.3-70b-instruct,65,2
meta/llama-3.3-70b-instruct,61,2
meta/llama-3.3-70b-instruct,57,2
meta/llama-3.3-70b-instruct,65,2
meta/llama-3.3-70b-instruct,58,2
meta/llama-3.3-70b-instruct,58,2
meta/llama-3.3-70b-instruct,58,2
meta/llama-3.3-70b-instruct,58,2
meta/llama-3.3-70b-instruct,65,2
meta/llama-3.3-70b-instruct,66,2
meta/llama-3.3-70b-instruct,64,2
meta/llama-3.3-70b-instruct,66,2
meta/llama-3.3-70b-instruct,65,2
meta/llama-3.3-70b-instruct,65,2
meta/llama-3.3-70b-instruct,66,2
meta/llama-3.3-70b-instruct,64,2
meta/llama-3.3-70b-instruct,64,2
meta/llama-3.3-70b-instruct,64,2
meta/llama-3.3-70b-instruct,66,2
meta/llama-3.3-70b-instruct,60,2
meta/llama-3.3-70b-instruct,65,2
meta/llama-3.3-70b-instruct,65,2
meta/llama-3.3-70b-instruct,65,2
meta/llama-3.3-70b-instruct,60,2
meta/llama-3.3-70b-instruct,60,2
meta/llama-3.3-70b-instruct,65,2
meta/llama-3.3-70b-instruct,61,2
meta/llama-3.3-70b-instruct,60,2
meta/llama-3.3-70b-instruct,61,2
meta/llama-3.3-70b-instruct,60,2
meta/llama-3.3-70b-instruct,60,2
meta/llama-3.3-70b-instruct,61,2
meta/llama-3.3-70b-instruct,60,2
meta/llama-3.3-70b-instruct,61,2
meta/llama-3.3-70b-instruct,60,2
meta/llama-3.3-70b-instruct,61,2
meta/llama-3.3-70b-instruct,61,2
meta/llama-3.3-70b-instruct,61,2
meta/llama-3.3-70b-instruct,61,2
meta/llama-3.3-70b-instruct,59,2
meta/llama-3.3-70b-instruct,66,2
meta/llama-3.3-70b-instruct,66,2
meta/llama-3.3-70b-instruct,60,2
meta/llama-3.3-70b-instruct,59,2
meta/llama-3.3-70b-instruct,60,2
meta/llama-3.3-70b-instruct,60,2
meta/llama-3.3-70b-instruct,67,2
meta/llama-3.3-70b-instruct,59,2
meta/llama-3.3-70b-instruct,66,2
meta/llama-3.3-70b-instruct,59,2
meta/llama-3.3-70b-instruct,66,2
meta/llama-3.3-70b-instruct,60,2
meta/llama-3.3-70b-instruct,67,2
meta/llama-3.3-70b-instruct,62,2
meta/llama-3.3-70b-instruct,62,2
meta/llama-3.3-70b-instruct,67,2
meta/llama-3.3-70b-instruct,67,2
meta/llama-3.3-70b-instruct,62,2
meta/llama-3.3-70b-instruct,59,2
meta/llama-3.3-70b-instruct,59,2
meta/llama-3.3-70b-instruct,62,2
meta/llama-3.3-70b-instruct,63,2
meta/llama-3.3-70b-instruct,59,2
meta/llama-3.3-70b-instruct,63,2
meta/llama-3.3-70b-instruct,59,2
meta/llama-3.3-70b-instruct,63,2
meta/llama-3.3-70b-instruct,63,2
meta/llama-3.3-70b-instruct,60,2
meta/llama-3.3-70b-instruct,60,2
meta/llama-3.3-70b-instruct,63,2
meta/llama-3.3-70b-instruct,63,2
meta/llama-3.3-70b-instruct,60,2
meta/llama-3.3-70b-instruct,63,2
meta/llama-3.3-70b-instruct,60,2
meta/llama-3.3-70b-instruct,62,2
meta/llama-3.3-70b-instruct,62,2
meta/llama-3.3-70b-instruct,64,2
meta/llama-3.3-70b-instruct,63,2
meta/llama-3.3-70b-instruct,62,2
meta/llama-3.3-70b-instruct,64,2
meta/llama-3.3-70b-instruct,62,2
meta/llama-3.3-70b-instruct,63,2
meta/llama-3.3-70b-instruct,64,2
meta/llama-3.3-70b-instruct,64,2
meta/llama-3.3-70b-instruct,63,2
meta/llama-3.3-70b-instruct,63,2
meta/llama-3.3-70b-instruct,59,2
meta/llama-3.3-70b-instruct,59,2
meta/llama-3.3-70b-instruct,59,2
meta/llama-3.3-70b-instruct,59,2
meta/llama-3.3-70b-instruct,58,2
meta/llama-3.3-70b-instruct,58,2
meta/llama-3.3-70b-instruct,59,2
meta/llama-3.3-70b-instruct,58,2
meta/llama-3.3-70b-instruct,58,2
meta/llama-3.3-70b-instruct,58,2
meta/llama-3.3-70b-instruct,58,2
meta/llama-3.3-70b-instruct,59,2
meta/llama-3.3-70b-instruct,63,2
meta/llama-3.3-70b-instruct,58,2
meta/llama-3.3-70b-instruct,59,2
meta/llama-3.3-70b-instruct,59,2
meta/llama-3.3-70b-instruct,58,2
meta/llama-3.3-70b-instruct,59,2
meta/llama-3.3-70b-instruct,59,2
meta/llama-3.3-70b-instruct,59,2
meta/llama-3.3-70b-instruct,60,2
meta/llama-3.3-70b-instruct,66,2
meta/llama-3.3-70b-instruct,67,2
meta/llama-3.3-70b-instruct,67,2
meta/llama-3.3-70b-instruct,60,2
meta/llama-3.3-70b-instruct,60,2
meta/llama-3.3-70b-instruct,62,2
meta/llama-3.3-70b-instruct,59,2
meta/llama-3.3-70b-instruct,67,2
meta/llama-3.3-70b-instruct,63,2
meta/llama-3.3-70b-instruct,67,2
meta/llama-3.3-70b-instruct,66,2
meta/llama-3.3-70b-instruct,62,2
meta/llama-3.3-70b-instruct,62,2
meta/llama-3.3-70b-instruct,62,2
meta/llama-3.3-70b-instruct,60,2
meta/llama-3.3-70b-instruct,66,2
meta/llama-3.3-70b-instruct,66,2
meta/llama-3.3-70b-instruct,63,2
meta/llama-3.3-70b-instruct,63,2
meta/llama-3.3-70b-instruct,60,2
meta/llama-3.3-70b-instruct,59,2
meta/llama-3.3-70b-instruct,66,2
meta/llama-3.3-70b-instruct,60,2
meta/llama-3.3-70b-instruct,59,2
meta/llama-3.3-70b-instruct,63,2
meta/llama-3.3-70b-instruct,60,2
meta/llama-3.3-70b-instruct,66,2
meta/llama-3.3-70b-instruct,59,2
meta/llama-3.3-70b-instruct,66,2
meta/llama-3.3-70b-instruct,60,2
meta/llama-3.3-70b-instruct,66,2
meta/llama-3.3-70b-instruct,67,2
meta/llama-3.3-70b-instruct,59,2
meta/llama-3.3-70b-instruct,65,2
meta/llama-3.3-70b-instruct,67,2
meta/llama-3.3-70b-instruct,65,2
meta/llama-3.3-70b-instruct,65,2
meta/llama-3.3-70b-instruct,65,2
meta/llama-3.3-70b-instruct,67,2
meta/llama-3.3-70b-instruct,67,2
meta/llama-3.3-70b-instruct,66,2
meta/llama-3.3-70b-instruct,61,2
meta/llama-3.3-70b-instruct,61,2
meta/llama-3.3-70b-instruct,61,2
meta/llama-3.3-70b-instruct,62,2
meta/llama-3.3-70b-instruct,66,2
meta/llama-3.3-70b-instruct,61,2
meta/llama-3.3-70b-instruct,66,2
meta/llama-3.3-70b-instruct,66,2
meta/llama-3.3-70b-instruct,62,2
meta/llama-3.3-70b-instruct,62,2
meta/llama-3.3-70b-instruct,61,2
meta/llama-3.3-70b-instruct,61,2
meta/llama-3.3-70b-instruct,61,2
meta/llama-3.3-70b-instruct,62,2
meta/llama-3.3-70b-instruct,61,2
meta/llama-3.3-70b-instruct,62,2
meta/llama-3.3-70b-instruct,62,2
meta/llama-3.3-70b-instruct,62,2
meta/llama-3.3-70b-instruct,60,2
meta/llama-3.3-70b-instruct,59,2
meta/llama-3.3-70b-instruct,62,2
meta/llama-3.3-70b-instruct,60,2
meta/llama-3.3-70b-instruct,59,2
meta/llama-3.3-70b-instruct,59,2
meta/llama-3.3-70b-instruct,59,2
meta/llama-3.3-70b-instruct,60,2
meta/llama-3.3-70b-instruct,60,2
meta/llama-3.3-70b-instruct,66,2
meta/llama-3.3-70b-instruct,66,2
meta/llama-3.3-70b-instruct,67,2
meta/llama-3.3-70b-instruct,67,2
meta/llama-3.3-70b-instruct,66,2
meta/llama-3.3-70b-instruct,62,2
meta/llama-3.3-70b-instruct,62,2
meta/llama-3.3-70b-instruct,67,2
meta/llama-3.3-70b-instruct,66,2
meta/llama-3.3-70b-instruct,67,2
meta/llama-3.3-70b-instruct,62,2
meta/llama-3.3-70b-instruct,63,2
meta/llama-3.3-70b-instruct,63,2
meta/llama-3.3-70b-instruct,62,2
meta/llama-3.3-70b-instruct,59,2
meta/llama-3.3-70b-instruct,63,2
meta/llama-3.3-70b-instruct,63,2
meta/llama-3.3-70b-instruct,59,2
meta/llama-3.3-70b-instruct,59,2
meta/llama-3.3-70b-instruct,59,2
meta/llama-3.3-70b-instruct,60,2
meta/llama-3.3-70b-instruct,60,2
meta/llama-3.3-70b-instruct,66,2
meta/llama-3.3-70b-instruct,66,2
meta/llama-3.3-70b-instruct,66,2
meta/llama-3.3-70b-instruct,60,2
meta/llama-3.3-70b-instruct,60,2
meta/llama-3.3-70b-instruct,67,2
meta/llama-3.3-70b-instruct,66,2
meta/llama-3.3-70b-instruct,67,2
meta/llama-3.3-70b-instruct,67,2
meta/llama-3.3-70b-instruct,67,2
meta/llama-3.3-70b-instruct,65,2
meta/llama-3.3-70b-instruct,65,2
meta/llama-3.3-70b-instruct,66,2
meta/llama-3.3-70b-instruct,66,2
meta/llama-3.3-70b-instruct,66,2
meta/llama-3.3-70b-instruct,65,2
meta/llama-3.3-70b-instruct,65,2
meta/llama-3.3-70b-instruct,61,2
meta/llama-3.3-70b-instruct,66,2
meta/llama-3.3-70b-instruct,61,2
meta/llama-3.3-70b-instruct,61,2
meta/llama-3.3-70b-instruct,61,2
meta/llama-3.3-70b-instruct,62,2
meta/llama-3.3-70b-instruct,62,2
meta/llama-3.3-70b-instruct,62,2
meta/llama-3.3-70b-instruct,62,2
meta/llama-3.3-70b-instruct,61,2
meta/llama-3.3-70b-instruct,62,2
meta/llama-3.3-70b-instruct,61,2
meta/llama-3.3-70b-instruct,61,2
meta/llama-3.3-70b-instruct,62,2
meta/llama-3.3-70b-instruct,61,2
meta/llama-3.3-70b-instruct,60,2
meta/llama-3.3-70b-instruct,60,2
meta/llama-3.3-70b-instruct,61,2
meta/llama-3.3-70b-instruct,62,2
meta/llama-3.3-70b-instruct,62,2
meta/llama-3.3-70b-instruct,60,2
meta/llama-3.3-70b-instruct,60,2
meta/llama-3.3-70b-instruct,67,2
meta/llama-3.3-70b-instruct,61,2
meta/llama-3.3-70b-instruct,67,2
meta/llama-3.3-70b-instruct,67,2
meta/llama-3.3-70b-instruct,67,2
meta/llama-3.3-70b-instruct,61,2
meta/llama-3.3-70b-instruct,61,2
meta/llama-3.3-70b-instruct,68,2
meta/llama-3.3-70b-instruct,63,2
meta/llama-3.3-70b-instruct,64,2
meta/llama-3.3-70b-instruct,63,2
meta/llama-3.3-70b-instruct,64,2
meta/llama-3.3-70b-instruct,68,2
meta/llama-3.3-70b-instruct,63,2
meta/llama-3.3-70b-instruct,68,2
meta/llama-3.3-70b-instruct,68,2
meta/llama-3.3-70b-instruct,63,2
meta/llama-3.3-70b-instruct,60,2
meta/llama-3.3-70b-instruct,61,2
meta/llama-3.3-70b-instruct,60,2
meta/llama-3.3-70b-instruct,60,2
meta/llama-3.3-70b-instruct,60,2
meta/llama-3.3-70b-instruct,64,2
meta/llama-3.3-70b-instruct,64,2
meta/llama-3.3-70b-instruct,61,2
meta/llama-3.3-70b-instruct,61,2
meta/llama-3.3-70b-instruct,61,2
qwen/qwen3-next-80b-a3b-instruct,36,2
qwen/qwen3-next-80b-a3b-instruct,37,2
qwen/qwen3-next-80b-a3b-instruct,36,2
qwen/qwen3-next-80b-a3b-instruct,36,2
qwen/qwen3-next-80b-a3b-instruct,36,2
qwen/qwen3-next-80b-a3b-instruct,31,2
qwen/qwen3-next-80b-a3b-instruct,32,2
qwen/qwen3-next-80b-a3b-instruct,31,2
qwen/qwen3-next-80b-a3b-instruct,32,2
qwen/qwen3-next-80b-a3b-instruct,28,2
qwen/qwen3-next-80b-a3b-instruct,35,2
qwen/qwen3-next-80b-a3b-instruct,36,2
qwen/qwen3-next-80b-a3b-instruct,36,2
qwen/qwen3-next-80b-a3b-instruct,31,2
qwen/qwen3-next-80b-a3b-instruct,32,2
qwen/qwen3-next-80b-a3b-instruct,32,2
qwen/qwen3-next-80b-a3b-instruct,31,2
qwen/qwen3-next-80b-a3b-instruct,31,2
qwen/qwen3-next-80b-a3b-instruct,28,2
qwen/qwen3-next-80b-a3b-instruct,37,2
qwen/qwen3-next-80b-a3b-instruct,35,2
qwen/qwen3-next-80b-a3b-instruct,36,2
qwen/qwen3-next-80b-a3b-instruct,31,2
qwen/qwen3-next-80b-a3b-instruct,32,2
qwen/qwen3-next-80b-a3b-instruct,28,2
qwen/qwen3-next-80b-a3b-instruct,29,2
qwen/qwen3-next-80b-a3b-instruct,35,2
qwen/qwen3-next-80b-a3b-instruct,36,2
qwen/qwen3-next-80b-a3b-instruct,31,2
qwen/qwen3-next-80b-a3b-instruct,31,2
qwen/qwen3-next-80b-a3b-instruct,32,2
qwen/qwen3-next-80b-a3b-instruct,28,2
qwen/qwen3-next-80b-a3b-instruct,37,2
qwen/qwen3-next-80b-a3b-instruct,32,2
qwen/qwen3-next-80b-a3b-instruct,35,2
qwen/qwen3-next-80b-a3b-instruct,37,2
qwen/qwen3-next-80b-a3b-instruct,32,2
qwen/qwen3-next-80b-a3b-instruct,30,2
qwen/qwen3-next-80b-a3b-instruct,31,2
qwen/qwen3-next-80b-a3b-instruct,28,2
qwen/qwen3-next-80b-a3b-instruct,28,2
qwen/qwen3-next-80b-a3b-instruct,28,2
qwen/qwen3-next-80b-a3b-instruct,28,2
qwen/qwen3-next-80b-a3b-instruct,28,2
qwen/qwen3-next-80b-a3b-instruct,37,2
qwen/qwen3-next-80b-a3b-instruct,29,2
qwen/qwen3-next-80b-a3b-instruct,29,2
qwen/qwen3-next-80b-a3b-instruct,36,2
qwen/qwen3-next-80b-a3b-instruct,36,2
qwen/qwen3-next-80b-a3b-instruct,30,2
qwen/qwen3-next-80b-a3b-instruct,36,2
qwen/qwen3-next-80b-a3b-instruct,31,2
qwen/qwen3-next-80b-a3b-instruct,31,2
qwen/qwen3-next-80b-a3b-instruct,28,2
qwen/qwen3-next-80b-a3b-instruct,37,2
qwen/qwen3-next-80b-a3b-instruct,37,2
qwen/qwen3-next-80b-a3b-instruct,38,2
qwen/qwen3-next-80b-a3b-instruct,36,2
qwen/qwen3-next-80b-a3b-instruct,36,2
qwen/qwen3-next-80b-a3b-instruct,36,2
qwen/qwen3-next-80b-a3b-instruct,30,2
qwen/qwen3-next-80b-a3b-instruct,28,2
qwen/qwen3-next-80b-a3b-instruct,36,2
qwen/qwen3-next-80b-a3b-instruct,36,2
qwen/qwen3-next-80b-a3b-instruct,30,2
qwen/qwen3-next-80b-a3b-instruct,37,2
qwen/qwen3-next-80b-a3b-instruct,29,2
qwen/qwen3-next-80b-a3b-instruct,31,2
qwen/qwen3-next-80b-a3b-instruct,28,2
qwen/qwen3-next-80b-a3b-instruct,32,2
qwen/qwen3-next-80b-a3b-instruct,33,2
qwen/qwen3-next-80b-a3b-instruct,32,2
qwen/qwen3-next-80b-a3b-instruct,32,2
qwen/qwen3-next-80b-a3b-instruct,33,2
qwen/qwen3-next-80b-a3b-instruct,33,2
qwen/qwen3-next-80b-a3b-instruct,28,2
qwen/qwen3-next-80b-a3b-instruct,28,2
qwen/qwen3-next-80b-a3b-instruct,36,2
qwen/qwen3-next-80b-a3b-instruct,38,2
qwen/qwen3-next-80b-a3b-instruct,33,2
qwen/qwen3-next-80b-a3b-instruct,37,2
qwen/qwen3-next-80b-a3b-instruct,33,2
qwen/qwen3-next-80b-a3b-instruct,32,2
qwen/qwen3-next-80b-a3b-instruct,37,2
qwen/qwen3-next-80b-a3b-instruct,33,2
qwen/qwen3-next-80b-a3b-instruct,29,2
qwen/qwen3-next-80b-a3b-instruct,38,2
qwen/qwen3-next-80b-a3b-instruct,36,2
qwen/qwen3-next-80b-a3b-instruct,37,2
qwen/qwen3-next-80b-a3b-instruct,37,2
qwen/qwen3-next-80b-a3b-instruct,32,2
qwen/qwen3-next-80b-a3b-instruct,32,2
qwen/qwen3-next-80b-a3b-instruct,33,2
qwen/qwen3-next-80b-a3b-instruct,28,2
qwen/qwen3-next-80b-a3b-instruct,28,2
qwen/qwen3-next-80b-a3b-instruct,32,2
qwen/qwen3-next-80b-a3b-instruct,36,2
qwen/qwen3-next-80b-a3b-instruct,32,2
qwen/qwen3-next-80b-a3b-instruct,38,2
qwen/qwen3-next-80b-a3b-instruct,36,2
qwen/qwen3-next-80b-a3b-instruct,33,2
qwen/qwen3-next-80b-a3b-instruct,36,2
qwen/qwen3-next-80b-a3b-instruct,30,2
qwen/qwen3-next-80b-a3b-instruct,31,2
qwen/qwen3-next-80b-a3b-instruct,28,2
qwen/qwen3-next-80b-a3b-instruct,28,2
qwen/qwen3-next-80b-a3b-instruct,28,2
qwen/qwen3-next-80b-a3b-instruct,36,2
qwen/qwen3-next-80b-a3b-instruct,28,2
qwen/qwen3-next-80b-a3b-instruct,36,2
qwen/qwen3-next-80b-a3b-instruct,29,2
qwen/qwen3-next-80b-a3b-instruct,36,2
qwen/qwen3-next-80b-a3b-instruct,36,2
qwen/qwen3-next-80b-a3b-instruct,36,2
qwen/qwen3-next-80b-a3b-instruct,30,2
qwen/qwen3-next-80b-a3b-instruct,30,2
qwen/qwen3-next-80b-a3b-instruct,36,2
qwen/qwen3-next-80b-a3b-instruct,30,2
qwen/qwen3-next-80b-a3b-instruct,28,2
qwen/qwen3-next-80b-a3b-instruct,36,2
qwen/qwen3-next-80b-a3b-instruct,37,2
qwen/qwen3-next-80b-a3b-instruct,36,2
qwen/qwen3-next-80b-a3b-instruct,36,2
qwen/qwen3-next-80b-a3b-instruct,31,2
qwen/qwen3-next-80b-a3b-instruct,31,2
qwen/qwen3-next-80b-a3b-instruct,28,2
qwen/qwen3-next-80b-a3b-instruct,28,2
qwen/qwen3-next-80b-a3b-instruct,28,2
qwen/qwen3-next-80b-a3b-instruct,29,2
qwen/qwen3-next-80b-a3b-instruct,29,2
qwen/qwen3-next-80b-a3b-instruct,36,2
qwen/qwen3-next-80b-a3b-instruct,36,2
qwen/qwen3-next-80b-a3b-instruct,31,2
qwen/qwen3-next-80b-a3b-instruct,36,2
qwen/qwen3-next-80b-a3b-instruct,31,2
qwen/qwen3-next-80b-a3b-instruct,36,2
qwen/qwen3-next-80b-a3b-instruct,31,2
qwen/qwen3-next-80b-a3b-instruct,31,2
qwen/qwen3-next-80b-a3b-instruct,32,2
qwen/qwen3-next-80b-a3b-instruct,32,2
qwen/qwen3-next-80b-a3b-instruct,37,2
qwen/qwen3-next-80b-a3b-instruct,37,2
qwen/qwen3-next-80b-a3b-instruct,35,2
qwen/qwen3-next-80b-a3b-instruct,36,2
qwen/qwen3-next-80b-a3b-instruct,35,2
qwen/qwen3-next-80b-a3b-instruct,31,2
qwen/qwen3-next-80b-a3b-instruct,31,2
qwen/qwen3-next-80b-a3b-instruct,31,2
qwen/qwen3-next-80b-a3b-instruct,32,2
qwen/qwen3-next-80b-a3b-instruct,32,2
qwen/qwen3-next-80b-a3b-instruct,27,2
qwen/qwen3-next-80b-a3b-instruct,35,2
qwen/qwen3-next-80b-a3b-instruct,31,2
qwen/qwen3-next-80b-a3b-instruct,32,2
qwen/qwen3-next-80b-a3b-instruct,27,2
qwen/qwen3-next-80b-a3b-instruct,28,2
qwen/qwen3-next-80b-a3b-instruct,35,2
qwen/qwen3-next-80b-a3b-instruct,31,2
qwen/qwen3-next-80b-a3b-instruct,32,2
qwen/qwen3-next-80b-a3b-instruct,27,2
qwen/qwen3-next-80b-a3b-instruct,37,2
qwen/qwen3-next-80b-a3b-instruct,36,2
qwen/qwen3-next-80b-a3b-instruct,27,2
qwen/qwen3-next-80b-a3b-instruct,32,2
qwen/qwen3-next-80b-a3b-instruct,32,2
qwen/qwen3-next-80b-a3b-instruct,28,2
qwen/qwen3-next-80b-a3b-instruct,35,2
qwen/qwen3-next-80b-a3b-instruct,35,2
qwen/qwen3-next-80b-a3b-instruct,35,2
qwen/qwen3-next-80b-a3b-instruct,29,2
qwen/qwen3-next-80b-a3b-instruct,29,2
qwen/qwen3-next-80b-a3b-instruct,30,2
qwen/qwen3-next-80b-a3b-instruct,30,2
qwen/qwen3-next-80b-a3b-instruct,27,2
qwen/qwen3-next-80b-a3b-instruct,27,2
qwen/qwen3-next-80b-a3b-instruct,27,2
qwen/qwen3-next-80b-a3b-instruct,36,2
qwen/qwen3-next-80b-a3b-instruct,37,2
qwen/qwen3-next-80b-a3b-instruct,28,2
qwen/qwen3-next-80b-a3b-instruct,35,2
qwen/qwen3-next-80b-a3b-instruct,35,2
qwen/qwen3-next-80b-a3b-instruct,29,2
qwen/qwen3-next-80b-a3b-instruct,29,2
qwen/qwen3-next-80b-a3b-instruct,27,2
qwen/qwen3-next-80b-a3b-instruct,27,2
qwen/qwen3-next-80b-a3b-instruct,27,2
qwen/qwen3-next-80b-a3b-instruct,36,2
qwen/qwen3-next-80b-a3b-instruct,36,2
qwen/qwen3-next-80b-a3b-instruct,28,2
qwen/qwen3-next-80b-a3b-instruct,35,2
qwen/qwen3-next-80b-a3b-instruct,35,2
qwen/qwen3-next-80b-a3b-instruct,27,2
qwen/qwen3-next-80b-a3b-instruct,27,2
qwen/qwen3-next-80b-a3b-instruct,35,2
qwen/qwen3-next-80b-a3b-instruct,30,2
qwen/qwen3-next-80b-a3b-instruct,36,2
qwen/qwen3-next-80b-a3b-instruct,30,2
qwen/qwen3-next-80b-a3b-instruct,35,2
qwen/qwen3-next-80b-a3b-instruct,31,2
qwen/qwen3-next-80b-a3b-instruct,32,2
qwen/qwen3-next-80b-a3b-instruct,31,2
qwen/qwen3-next-80b-a3b-instruct,32,2
qwen/qwen3-next-80b-a3b-instruct,27,2
qwen/qwen3-next-80b-a3b-instruct,28,2
qwen/qwen3-next-80b-a3b-instruct,37,2
qwen/qwen3-next-80b-a3b-instruct,35,2
qwen/qwen3-next-80b-a3b-instruct,36,2
qwen/qwen3-next-80b-a3b-instruct,36,2
qwen/qwen3-next-80b-a3b-instruct,31,2
qwen/qwen3-next-80b-a3b-instruct,32,2
qwen/qwen3-next-80b-a3b-instruct,32,2
qwen/qwen3-next-80b-a3b-instruct,31,2
qwen/qwen3-next-80b-a3b-instruct,31,2
qwen/qwen3-next-80b-a3b-instruct,31,2
qwen/qwen3-next-80b-a3b-instruct,32,2
qwen/qwen3-next-80b-a3b-instruct,32,2
qwen/qwen3-next-80b-a3b-instruct,27,2
qwen/qwen3-next-80b-a3b-instruct,27,2
qwen/qwen3-next-80b-a3b-instruct,37,2
qwen/qwen3-next-80b-a3b-instruct,32,2
qwen/qwen3-next-80b-a3b-instruct,32,2
qwen/qwen3-next-80b-a3b-instruct,35,2
qwen/qwen3-next-80b-a3b-instruct,35,2
qwen/qwen3-next-80b-a3b-instruct,31,2
qwen/qwen3-next-80b-a3b-instruct,27,2
qwen/qwen3-next-80b-a3b-instruct,37,2
qwen/qwen3-next-80b-a3b-instruct,36,2
qwen/qwen3-next-80b-a3b-instruct,36,2
qwen/qwen3-next-80b-a3b-instruct,31,2
qwen/qwen3-next-80b-a3b-instruct,35,2
qwen/qwen3-next-80b-a3b-instruct,30,2
qwen/qwen3-next-80b-a3b-instruct,27,2
qwen/qwen3-next-80b-a3b-instruct,27,2
qwen/qwen3-next-80b-a3b-instruct,38,2
qwen/qwen3-next-80b-a3b-instruct,27,2
qwen/qwen3-next-80b-a3b-instruct,27,2
qwen/qwen3-next-80b-a3b-instruct,38,2
qwen/qwen3-next-80b-a3b-instruct,39,2
qwen/qwen3-next-80b-a3b-instruct,28,2
qwen/qwen3-next-80b-a3b-instruct,35,2
qwen/qwen3-next-80b-a3b-instruct,35,2
qwen/qwen3-next-80b-a3b-instruct,29,2
qwen/qwen3-next-80b-a3b-instruct,35,2
qwen/qwen3-next-80b-a3b-instruct,35,2
qwen/qwen3-next-80b-a3b-instruct,30,2
qwen/qwen3-next-80b-a3b-instruct,38,2
qwen/qwen3-next-80b-a3b-instruct,30,2
qwen/qwen3-next-80b-a3b-instruct,28,2
qwen/qwen3-next-80b-a3b-instruct,35,2
qwen/qwen3-next-80b-a3b-instruct,35,2
qwen/qwen3-next-80b-a3b-instruct,35,2
qwen/qwen3-next-80b-a3b-instruct,29,2
qwen/qwen3-next-80b-a3b-instruct,27,2
qwen/qwen3-next-80b-a3b-instruct,27,2
qwen/qwen3-next-80b-a3b-instruct,29,2
qwen/qwen3-next-80b-a3b-instruct,30,2
qwen/qwen3-next-80b-a3b-instruct,27,2
qwen/qwen3-next-80b-a3b-instruct,27,2
qwen/qwen3-next-80b-a3b-instruct,38,2
qwen/qwen3-next-80b-a3b-instruct,29,2
qwen/qwen3-next-80b-a3b-instruct,28,2
qwen/qwen3-next-80b-a3b-instruct,37,2
qwen/qwen3-next-80b-a3b-instruct,33,2
qwen/qwen3-next-80b-a3b-instruct,34,2
qwen/qwen3-next-80b-a3b-instruct,34,2
qwen/qwen3-next-80b-a3b-instruct,30,2
qwen/qwen3-next-80b-a3b-instruct,39,2
qwen/qwen3-next-80b-a3b-instruct,37,2
qwen/qwen3-next-80b-a3b-instruct,37,2
qwen/qwen3-next-80b-a3b-instruct,33,2
qwen/qwen3-next-80b-a3b-instruct,34,2
qwen/qwen3-next-80b-a3b-instruct,33,2
qwen/qwen3-next-80b-a3b-instruct,33,2
qwen/qwen3-next-80b-a3b-instruct,34,2
qwen/qwen3-next-80b-a3b-instruct,30,2
qwen/qwen3-next-80b-a3b-instruct,30,2
qwen/qwen3-next-80b-a3b-instruct,31,2
qwen/qwen3-next-80b-a3b-instruct,30,2
qwen/qwen3-next-80b-a3b-instruct,39,2
qwen/qwen3-next-80b-a3b-instruct,38,2
qwen/qwen3-next-80b-a3b-instruct,38,2
qwen/qwen3-next-80b-a3b-instruct,33,2
qwen/qwen3-next-80b-a3b-instruct,34,2
qwen/qwen3-next-80b-a3b-instruct,34,2
qwen/qwen3-next-80b-a3b-instruct,34,2
qwen/qwen3-next-80b-a3b-instruct,34,2
qwen/qwen3-next-80b-a3b-instruct,37,2
qwen/qwen3-next-80b-a3b-instruct,38,2
qwen/qwen3-next-80b-a3b-instruct,33,2
qwen/qwen3-next-80b-a3b-instruct,33,2
qwen/qwen3-next-80b-a3b-instruct,39,2
qwen/qwen3-next-80b-a3b-instruct,38,2
qwen/qwen3-next-80b-a3b-instruct,33,2
qwen/qwen3-next-80b-a3b-instruct,33,2
qwen/qwen3-next-80b-a3b-instruct,33,2
qwen/qwen3-next-80b-a3b-instruct,30,2
qwen/qwen3-next-80b-a3b-instruct,30,2
qwen/qwen3-next-80b-a3b-instruct,30,2
qwen/qwen3-next-80b-a3b-instruct,36,2
qwen/qwen3-next-80b-a3b-instruct,36,2
qwen/qwen3-next-80b-a3b-instruct,30,2
qwen/qwen3-next-80b-a3b-instruct,38,2
qwen/qwen3-next-80b-a3b-instruct,38,2
qwen/qwen3-next-80b-a3b-instruct,38,2
qwen/qwen3-next-80b-a3b-instruct,32,2
qwen/qwen3-next-80b-a3b-instruct,33,2
qwen/qwen3-next-80b-a3b-instruct,30,2
qwen/qwen3-next-80b-a3b-instruct,32,2
qwen/qwen3-next-80b-a3b-instruct,31,2
qwen/qwen3-next-80b-a3b-instruct,37,2
qwen/qwen3-next-80b-a3b-instruct,38,2
qwen/qwen3-next-80b-a3b-instruct,38,2
qwen/qwen3-next-80b-a3b-instruct,38,2
qwen/qwen3-next-80b-a3b-instruct,33,2
qwen/qwen3-next-80b-a3b-instruct,36,2
qwen/qwen3-next-80b-a3b-instruct,30,2
qwen/qwen3-next-80b-a3b-instruct,31,2
qwen/qwen3-next-80b-a3b-instruct,38,2
qwen/qwen3-next-80b-a3b-instruct,32,2
qwen/qwen3-next-80b-a3b-instruct,32,2
qwen/qwen3-next-80b-a3b-instruct,36,2
qwen/qwen3-next-80b-a3b-instruct,31,2
qwen/qwen3-next-80b-a3b-instruct,38,2
qwen/qwen3-next-80b-a3b-instruct,30,2
qwen/qwen3-next-80b-a3b-instruct,30,2
qwen/qwen3-next-80b-a3b-instruct,31,2
qwen/qwen3-next-80b-a3b-instruct,32,2
qwen/qwen3-next-80b-a3b-instruct,31,2
qwen/qwen3-next-80b-a3b-instruct,32,2
qwen/qwen3-next-80b-a3b-instruct,28,2
qwen/qwen3-next-80b-a3b-instruct,28,2
qwen/qwen3-next-80b-a3b-instruct,37,2
qwen/qwen3-next-80b-a3b-instruct,35,2
qwen/qwen3-next-80b-a3b-instruct,37,2
qwen/qwen3-next-80b-a3b-instruct,36,2
qwen/qwen3-next-80b-a3b-instruct,36,2
qwen/qwen3-next-80b-a3b-instruct,36,2
qwen/qwen3-next-80b-a3b-instruct,32,2
qwen/qwen3-next-80b-a3b-instruct,31,2
qwen/qwen3-next-80b-a3b-instruct,32,2
qwen/qwen3-next-80b-a3b-instruct,28,2
qwen/qwen3-next-80b-a3b-instruct,32,2
qwen/qwen3-next-80b-a3b-instruct,29,2
qwen/qwen3-next-80b-a3b-instruct,35,2
qwen/qwen3-next-80b-a3b-instruct,32,2
qwen/qwen3-next-80b-a3b-instruct,35,2
qwen/qwen3-next-80b-a3b-instruct,35,2
qwen/qwen3-next-80b-a3b-instruct,36,2
qwen/qwen3-next-80b-a3b-instruct,31,2
qwen/qwen3-next-80b-a3b-instruct,31,2
qwen/qwen3-next-80b-a3b-instruct,32,2
qwen/qwen3-next-80b-a3b-instruct,31,2
qwen/qwen3-next-80b-a3b-instruct,31,2
qwen/qwen3-next-80b-a3b-instruct,32,2
qwen/qwen3-next-80b-a3b-instruct,37,2
qwen/qwen3-next-80b-a3b-instruct,31,2
qwen/qwen3-next-80b-a3b-instruct,28,2
qwen/qwen3-next-80b-a3b-instruct,31,2
qwen/qwen3-next-80b-a3b-instruct,31,2
qwen/qwen3-next-80b-a3b-instruct,28,2
qwen/qwen3-next-80b-a3b-instruct,40,2
qwen/qwen3-next-80b-a3b-instruct,39,2
qwen/qwen3-next-80b-a3b-instruct,29,2
qwen/qwen3-next-80b-a3b-instruct,36,2
qwen/qwen3-next-80b-a3b-instruct,36,2
qwen/qwen3-next-80b-a3b-instruct,30,2
qwen/qwen3-next-80b-a3b-instruct,30,2
qwen/qwen3-next-80b-a3b-instruct,28,2
qwen/qwen3-next-80b-a3b-instruct,28,2
qwen/qwen3-next-80b-a3b-instruct,28,2
qwen/qwen3-next-80b-a3b-instruct,39,2
qwen/qwen3-next-80b-a3b-instruct,36,2
qwen/qwen3-next-80b-a3b-instruct,36,2
qwen/qwen3-next-80b-a3b-instruct,30,2
qwen/qwen3-next-80b-a3b-instruct,31,2
qwen/qwen3-next-80b-a3b-instruct,30,2
qwen/qwen3-next-80b-a3b-instruct,31,2
qwen/qwen3-next-80b-a3b-instruct,28,2
qwen/qwen3-next-80b-a3b-instruct,28,2
qwen/qwen3-next-80b-a3b-instruct,39,2
qwen/qwen3-next-80b-a3b-instruct,36,2
qwen/qwen3-next-80b-a3b-instruct,36,2
qwen/qwen3-next-80b-a3b-instruct,36,2
qwen/qwen3-next-80b-a3b-instruct,29,2
qwen/qwen3-next-80b-a3b-instruct,29,2
qwen/qwen3-next-80b-a3b-instruct,36,2
qwen/qwen3-next-80b-a3b-instruct,28,2
qwen/qwen3-next-80b-a3b-instruct,28,2
qwen/qwen3-next-80b-a3b-instruct,39,2
qwen/qwen3-next-80b-a3b-instruct,35,2
qwen/qwen3-next-80b-a3b-instruct,35,2
qwen/qwen3-next-80b-a3b-instruct,34,2
qwen/qwen3-next-80b-a3b-instruct,35,2
qwen/qwen3-next-80b-a3b-instruct,40,2
qwen/qwen3-next-80b-a3b-instruct,38,2
qwen/qwen3-next-80b-a3b-instruct,38,2
qwen/qwen3-next-80b-a3b-instruct,34,2
qwen/qwen3-next-80b-a3b-instruct,34,2
qwen/qwen3-next-80b-a3b-instruct,34,2
qwen/qwen3-next-80b-a3b-instruct,35,2
qwen/qwen3-next-80b-a3b-instruct,34,2
qwen/qwen3-next-80b-a3b-instruct,34,2
qwen/qwen3-next-80b-a3b-instruct,29,2
qwen/qwen3-next-80b-a3b-instruct,29,2
qwen/qwen3-next-80b-a3b-instruct,40,2
qwen/qwen3-next-80b-a3b-instruct,38,2
qwen/qwen3-next-80b-a3b-instruct,39,2
qwen/qwen3-next-80b-a3b-instruct,38,2
qwen/qwen3-next-80b-a3b-instruct,39,2
qwen/qwen3-next-80b-a3b-instruct,39,2
qwen/qwen3-next-80b-a3b-instruct,34,2
qwen/qwen3-next-80b-a3b-instruct,35,2
qwen/qwen3-next-80b-a3b-instruct,35,2
qwen/qwen3-next-80b-a3b-instruct,29,2
qwen/qwen3-next-80b-a3b-instruct,30,2
qwen/qwen3-next-80b-a3b-instruct,40,2
qwen/qwen3-next-80b-a3b-instruct,34,2
qwen/qwen3-next-80b-a3b-instruct,35,2
qwen/qwen3-next-80b-a3b-instruct,29,2
qwen/qwen3-next-80b-a3b-instruct,35,2
qwen/qwen3-next-80b-a3b-instruct,39,2
qwen/qwen3-next-80b-a3b-instruct,30,2
qwen/qwen3-next-80b-a3b-instruct,31,2
qwen/qwen3-next-80b-a3b-instruct,31,2
qwen/qwen3-next-80b-a3b-instruct,31,2
qwen/qwen3-next-80b-a3b-instruct,32,2
qwen/qwen3-next-80b-a3b-instruct,29,2
qwen/qwen3-next-80b-a3b-instruct,32,2
qwen/qwen3-next-80b-a3b-instruct,29,2
qwen/qwen3-next-80b-a3b-instruct,29,2
qwen/qwen3-next-80b-a3b-instruct,39,2
qwen/qwen3-next-80b-a3b-instruct,39,2
qwen/qwen3-next-80b-a3b-instruct,37,2
qwen/qwen3-next-80b-a3b-instruct,37,2
qwen/qwen3-next-80b-a3b-instruct,37,2
qwen/qwen3-next-80b-a3b-instruct,32,2
qwen/qwen3-next-80b-a3b-instruct,29,2
qwen/qwen3-next-80b-a3b-instruct,29,2
qwen/qwen3-next-80b-a3b-instruct,37,2
qwen/qwen3-next-80b-a3b-instruct,30,2
qwen/qwen3-next-80b-a3b-instruct,30,2
qwen/qwen3-next-80b-a3b-instruct,37,2
qwen/qwen3-next-80b-a3b-instruct,37,2
qwen/qwen3-next-80b-a3b-instruct,29,2
qwen/qwen3-next-80b-a3b-instruct,31,2
qwen/qwen3-next-80b-a3b-instruct,39,2
qwen/qwen3-next-80b-a3b-instruct,40,2
qwen/qwen3-next-80b-a3b-instruct,37,2
qwen/qwen3-next-80b-a3b-instruct,32,2
qwen/qwen3-next-80b-a3b-instruct,37,2
qwen/qwen3-next-80b-a3b-instruct,29,2
qwen/qwen3-next-80b-a3b-instruct,39,2
qwen/qwen3-next-80b-a3b-instruct,29,2
qwen/qwen3-next-80b-a3b-instruct,35,2
qwen/qwen3-next-80b-a3b-instruct,34,2
qwen/qwen3-next-80b-a3b-instruct,35,2
qwen/qwen3-next-80b-a3b-instruct,35,2
qwen/qwen3-next-80b-a3b-instruct,40,2
qwen/qwen3-next-80b-a3b-instruct,40,2
qwen/qwen3-next-80b-a3b-instruct,38,2
qwen/qwen3-next-80b-a3b-instruct,34,2
qwen/qwen3-next-80b-a3b-instruct,34,2
qwen/qwen3-next-80b-a3b-instruct,39,2
qwen/qwen3-next-80b-a3b-instruct,34,2
qwen/qwen3-next-80b-a3b-instruct,34,2
qwen/qwen3-next-80b-a3b-instruct,35,2
qwen/qwen3-next-80b-a3b-instruct,35,2
qwen/qwen3-next-80b-a3b-instruct,28,2
qwen/qwen3-next-80b-a3b-instruct,40,2
qwen/qwen3-next-80b-a3b-instruct,28,2
qwen/qwen3-next-80b-a3b-instruct,38,2
qwen/qwen3-next-80b-a3b-instruct,38,2
qwen/qwen3-next-80b-a3b-instruct,39,2
qwen/qwen3-next-80b-a3b-instruct,34,2
qwen/qwen3-next-80b-a3b-instruct,35,2
qwen/qwen3-next-80b-a3b-instruct,28,2
qwen/qwen3-next-80b-a3b-instruct,29,2
qwen/qwen3-next-80b-a3b-instruct,28,2
qwen/qwen3-next-80b-a3b-instruct,34,2
qwen/qwen3-next-80b-a3b-instruct,38,2
qwen/qwen3-next-80b-a3b-instruct,39,2
qwen/qwen3-next-80b-a3b-instruct,34,2
qwen/qwen3-next-80b-a3b-instruct,35,2
qwen/qwen3-next-80b-a3b-instruct,35,2
qwen/qwen3-next-80b-a3b-instruct,39,2
qwen/qwen3-next-80b-a3b-instruct,36,2
qwen/qwen3-next-80b-a3b-instruct,36,2
qwen/qwen3-next-80b-a3b-instruct,28,2
qwen/qwen3-next-80b-a3b-instruct,28,2
qwen/qwen3-next-80b-a3b-instruct,28,2
qwen/qwen3-next-80b-a3b-instruct,36,2
qwen/qwen3-next-80b-a3b-instruct,31,2
qwen/qwen3-next-80b-a3b-instruct,29,2
qwen/qwen3-next-80b-a3b-instruct,36,2
qwen/qwen3-next-80b-a3b-instruct,36,2
qwen/qwen3-next-80b-a3b-instruct,31,2
qwen/qwen3-next-80b-a3b-instruct,28,2
qwen/qwen3-next-80b-a3b-instruct,28,2
qwen/qwen3-next-80b-a3b-instruct,36,2
qwen/qwen3-next-80b-a3b-instruct,29,2
qwen/qwen3-next-80b-a3b-instruct,36,2
qwen/qwen3-next-80b-a3b-instruct,29,2
qwen/qwen3-next-80b-a3b-instruct,30,2
qwen/qwen3-next-80b-a3b-instruct,30,2
qwen/qwen3-next-80b-a3b-instruct,31,2
qwen/qwen3-next-80b-a3b-instruct,31,2
qwen/qwen3-next-80b-a3b-instruct,30,2
qwen/qwen3-next-80b-a3b-instruct,28,2
qwen/qwen3-next-80b-a3b-instruct,28,2
qwen/qwen3-next-80b-a3b-instruct,36,2
qwen/qwen3-next-80b-a3b-instruct,30,2
qwen/qwen3-next-80b-a3b-instruct,28,2
