meta/llama-3.1-8b-instruct,63,2
meta/llama-3.1-8b-instruct,63,2
meta/llama-3.1-8b-instruct,64,2
meta/llama-3.1-8b-instruct,62,2
meta/llama-3.1-8b-instruct,62,2
meta/llama-3.1-8b-instruct,64,2
meta/llama-3.1-8b-instruct,63,2
meta/llama-3.1-8b-instruct,63,2
meta/llama-3.1-8b-instruct,58,2
meta/llama-3.1-8b-instruct,59,2
meta/llama-3.1-8b-instruct,58,2
meta/llama-3.1-8b-instruct,59,2
meta/llama-3.1-8b-instruct,58,2
meta/llama-3.1-8b-instruct,58,2
meta/llama-3.1-8b-instruct,59,2
meta/llama-3.1-8b-instruct,59,2
meta/llama-3.1-8b-instruct,60,34
meta/llama-3.1-8b-instruct,60,38
meta/llama-3.1-8b-instruct,60,102
meta/llama-3.1-8b-instruct,60,93
meta/llama-3.1-8b-instruct,59,228
meta/llama-3.1-8b-instruct,59,206
meta/llama-3.1-8b-instruct,49,256
meta/llama-3.1-8b-instruct,49,256
meta/llama-3.1-8b-instruct,53,110
meta/llama-3.1-8b-instruct,53,104
meta/llama-3.1-8b-instruct,53,256
meta/llama-3.1-8b-instruct,59,77
meta/llama-3.1-8b-instruct,53,256
meta/llama-3.1-8b-instruct,59,99
meta/llama-3.1-8b-instruct,62,90
meta/llama-3.1-8b-instruct,55,256
meta/llama-3.1-8b-instruct,55,256
meta/llama-3.1-8b-instruct,62,144
meta/llama-3.1-8b-instruct,57,2
meta/llama-3.1-8b-instruct,57,2
meta/llama-3.1-8b-instruct,58,2
meta/llama-3.1-8b-instruct,58,2
meta/llama-3.1-8b-instruct,61,256
meta/llama-3.1-8b-instruct,61,256
meta/llama-3.1-8b-instruct,64,2
meta/llama-3.1-8b-instruct,65,2
meta/llama-3.1-8b-instruct,61,2
meta/llama-3.1-8b-instruct,58,2
meta/llama-3.1-8b-instruct,57,2
meta/llama-3.1-8b-instruct,61,2
meta/llama-3.1-8b-instruct,57,2
meta/llama-3.1-8b-instruct,58,2
meta/llama-3.1-8b-instruct,64,50
meta/llama-3.1-8b-instruct,64,40
meta/llama-3.1-8b-instruct,67,256
meta/llama-3.1-8b-instruct,69,256
meta/llama-3.1-8b-instruct,69,220
meta/llama-3.1-8b-instruct,67,256
meta/llama-3.1-8b-instruct,57,79
meta/llama-3.1-8b-instruct,57,69
meta/llama-3.1-8b-instruct,56,256
meta/llama-3.1-8b-instruct,56,256
meta/llama-3.1-8b-instruct,64,64
meta/llama-3.1-8b-instruct,57,256
meta/llama-3.1-8b-instruct,57,256
meta/llama-3.1-8b-instruct,66,256
meta/llama-3.1-8b-instruct,64,69
meta/llama-3.1-8b-instruct,66,228
meta/llama-3.1-8b-instruct,67,256
meta/llama-3.1-8b-instruct,67,256
meta/llama-3.1-8b-instruct,64,256
meta/llama-3.1-8b-instruct,64,256
meta/llama-3.1-8b-instruct,63,2
meta/llama-3.1-8b-instruct,63,2
meta/llama-3.1-8b-instruct,63,2
meta/llama-3.1-8b-instruct,63,2
meta/llama-3.1-8b-instruct,63,2
meta/llama-3.1-8b-instruct,63,2
meta/llama-3.1-8b-instruct,63,2
meta/llama-3.1-8b-instruct,63,2
meta/llama-3.1-8b-instruct,64,2
meta/llama-3.1-8b-instruct,64,2
meta/llama-3.1-8b-instruct,64,2
meta/llama-3.1-8b-instruct,64,2
meta/llama-3.1-8b-instruct,64,2
meta/llama-3.1-8b-instruct,64,2
meta/llama-3.1-8b-instruct,64,2
meta/llama-3.1-8b-instruct,64,2
meta/llama-3.1-8b-instruct,62,2
meta/llama-3.1-8b-instruct,62,2
meta/llama-3.1-8b-instruct,62,2
meta/llama-3.1-8b-instruct,62,2
meta/llama-3.1-8b-instruct,62,2
meta/llama-3.1-8b-instruct,62,2
meta/llama-3.1-8b-instruct,62,2
meta/llama-3.1-8b-instruct,63,2
meta/llama-3.1-8b-instruct,62,2
meta/llama-3.1-8b-instruct,63,2
meta/llama-3.1-8b-instruct,63,2
meta/llama-3.1-8b-instruct,63,2
meta/llama-3.1-8b-instruct,63,2
meta/llama-3.1-8b-instruct,63,2
meta/llama-3.1-8b-instruct,63,2
meta/llama-3.1-8b-instruct,63,2
meta/llama-3.1-8b-instruct,58,2
meta/llama-3.1-8b-instruct,58,2
meta/llama-3.1-8b-instruct,58,2
meta/llama-3.1-8b-instruct,58,2
meta/llama-3.1-8b-instruct,58,2
meta/llama-3.1-8b-instruct,58,2
meta/llama-3.1-8b-instruct,58,2
meta/llama-3.1-8b-instruct,59,2
meta/llama-3.1-8b-instruct,59,2
meta/llama-3.1-8b-instruct,59,2
meta/llama-3.1-8b-instruct,58,2
meta/llama-3.1-8b-instruct,58,2
meta/llama-3.1-8b-instruct,58,2
meta/llama-3.1-8b-instruct,59,2
meta/llama-3.1-8b-instruct,58,2
meta/llama-3.1-8b-instruct,58,2
meta/llama-3.1-8b-instruct,58,2
meta/llama-3.1-8b-instruct,58,2
meta/llama-3.1-8b-instruct,58,2
meta/llama-3.1-8b-instruct,59,2
meta/llama-3.1-8b-instruct,59,2
meta/llama-3.1-8b-instruct,59,2
meta/llama-3.1-8b-instruct,59,2
meta/llama-3.1-8b-instruct,59,2
meta/llama-3.1-8b-instruct,59,2
meta/llama-3.1-8b-instruct,59,2
meta/llama-3.1-8b-instruct,59,2
meta/llama-3.1-8b-instruct,59,2
meta/llama-3.1-8b-instruct,57,37
meta/llama-3.1-8b-instruct,57,43
meta/llama-3.1-8b-instruct,57,36
meta/llama-3.1-8b-instruct,57,32
meta/llama-3.1-8b-instruct,57,38
meta/llama-3.1-8b-instruct,57,37
meta/llama-3.1-8b-instruct,57,35
meta/llama-3.1-8b-instruct,57,34
meta/llama-3.1-8b-instruct,57,90
meta/llama-3.1-8b-instruct,57,111
meta/llama-3.1-8b-instruct,57,108
meta/llama-3.1-8b-instruct,57,106
meta/llama-3.1-8b-instruct,56,71
meta/llama-3.1-8b-instruct,56,103
meta/llama-3.1-8b-instruct,56,67
meta/llama-3.1-8b-instruct,56,96
meta/llama-3.1-8b-instruct,56,59
meta/llama-3.1-8b-instruct,56,81
meta/llama-3.1-8b-instruct,56,95
meta/llama-3.1-8b-instruct,46,256
meta/llama-3.1-8b-instruct,46,256
meta/llama-3.1-8b-instruct,46,256
meta/llama-3.1-8b-instruct,46,256
meta/llama-3.1-8b-instruct,46,256
meta/llama-3.1-8b-instruct,46,256
meta/llama-3.1-8b-instruct,46,256
meta/llama-3.1-8b-instruct,46,256
meta/llama-3.1-8b-instruct,50,86
meta/llama-3.1-8b-instruct,50,82
meta/llama-3.1-8b-instruct,50,74
meta/llama-3.1-8b-instruct,50,63
meta/llama-3.1-8b-instruct,50,62
meta/llama-3.1-8b-instruct,50,84
meta/llama-3.1-8b-instruct,50,73
meta/llama-3.1-8b-instruct,50,87
meta/llama-3.1-8b-instruct,50,256
meta/llama-3.1-8b-instruct,50,256
meta/llama-3.1-8b-instruct,50,256
meta/llama-3.1-8b-instruct,50,256
meta/llama-3.1-8b-instruct,50,256
meta/llama-3.1-8b-instruct,50,256
meta/llama-3.1-8b-instruct,50,256
meta/llama-3.1-8b-instruct,56,89
meta/llama-3.1-8b-instruct,56,95
meta/llama-3.1-8b-instruct,56,85
meta/llama-3.1-8b-instruct,52,256
meta/llama-3.1-8b-instruct,56,93
meta/llama-3.1-8b-instruct,56,93
meta/llama-3.1-8b-instruct,52,256
meta/llama-3.1-8b-instruct,52,256
meta/llama-3.1-8b-instruct,52,256
meta/llama-3.1-8b-instruct,52,256
meta/llama-3.1-8b-instruct,52,256
meta/llama-3.1-8b-instruct,52,256
meta/llama-3.1-8b-instruct,59,60
meta/llama-3.1-8b-instruct,59,60
meta/llama-3.1-8b-instruct,59,66
meta/llama-3.1-8b-instruct,59,73
meta/llama-3.1-8b-instruct,59,89
meta/llama-3.1-8b-instruct,59,60
meta/llama-3.1-8b-instruct,58,256
meta/llama-3.1-8b-instruct,52,256
meta/llama-3.1-8b-instruct,59,147
meta/llama-3.1-8b-instruct,59,132
meta/llama-3.1-8b-instruct,58,256
meta/llama-3.1-8b-instruct,58,256
meta/llama-3.1-8b-instruct,58,256
meta/llama-3.1-8b-instruct,58,256
meta/llama-3.1-8b-instruct,59,2
meta/llama-3.1-8b-instruct,58,256
meta/llama-3.1-8b-instruct,58,256
meta/llama-3.1-8b-instruct,58,256
meta/llama-3.1-8b-instruct,59,2
meta/llama-3.1-8b-instruct,60,2
meta/llama-3.1-8b-instruct,59,2
meta/llama-3.1-8b-instruct,60,2
meta/llama-3.1-8b-instruct,60,2
meta/llama-3.1-8b-instruct,59,2
meta/llama-3.1-8b-instruct,60,2
meta/llama-3.1-8b-instruct,60,2
meta/llama-3.1-8b-instruct,60,2
meta/llama-3.1-8b-instruct,60,2
meta/llama-3.1-8b-instruct,66,2
meta/llama-3.1-8b-instruct,66,2
meta/llama-3.1-8b-instruct,60,2
meta/llama-3.1-8b-instruct,66,2
meta/llama-3.1-8b-instruct,66,2
meta/llama-3.1-8b-instruct,66,2
meta/llama-3.1-8b-instruct,66,2
meta/llama-3.1-8b-instruct,66,2
meta/llama-3.1-8b-instruct,66,2
meta/llama-3.1-8b-instruct,67,3
meta/llama-3.1-8b-instruct,67,2
meta/llama-3.1-8b-instruct,67,2
meta/llama-3.1-8b-instruct,67,3
meta/llama-3.1-8b-instruct,67,2
meta/llama-3.1-8b-instruct,67,2
meta/llama-3.1-8b-instruct,67,2
meta/llama-3.1-8b-instruct,67,3
meta/llama-3.1-8b-instruct,62,2
meta/llama-3.1-8b-instruct,62,2
meta/llama-3.1-8b-instruct,62,2
meta/llama-3.1-8b-instruct,63,2
meta/llama-3.1-8b-instruct,63,2
meta/llama-3.1-8b-instruct,62,2
meta/llama-3.1-8b-instruct,63,2
meta/llama-3.1-8b-instruct,63,2
meta/llama-3.1-8b-instruct,63,2
meta/llama-3.1-8b-instruct,63,2
meta/llama-3.1-8b-instruct,63,2
meta/llama-3.1-8b-instruct,63,2
meta/llama-3.1-8b-instruct,59,2
meta/llama-3.1-8b-instruct,59,2
meta/llama-3.1-8b-instruct,59,2
meta/llama-3.1-8b-instruct,59,2
meta/llama-3.1-8b-instruct,59,2
meta/llama-3.1-8b-instruct,59,2
meta/llama-3.1-8b-instruct,59,2
meta/llama-3.1-8b-instruct,59,2
meta/llama-3.1-8b-instruct,60,2
meta/llama-3.1-8b-instruct,60,2
meta/llama-3.1-8b-instruct,60,2
meta/llama-3.1-8b-instruct,60,2
meta/llama-3.1-8b-instruct,60,2
meta/llama-3.1-8b-instruct,60,2
meta/llama-3.1-8b-instruct,60,2
meta/llama-3.1-8b-instruct,60,2
meta/llama-3.1-8b-instruct,59,43
meta/llama-3.1-8b-instruct,59,45
meta/llama-3.1-8b-instruct,59,62
meta/llama-3.1-8b-instruct,59,69
meta/llama-3.1-8b-instruct,59,46
meta/llama-3.1-8b-instruct,62,256
meta/llama-3.1-8b-instruct,62,256
meta/llama-3.1-8b-instruct,62,256
meta/llama-3.1-8b-instruct,62,256
meta/llama-3.1-8b-instruct,62,256
meta/llama-3.1-8b-instruct,62,256
meta/llama-3.1-8b-instruct,62,256
meta/llama-3.1-8b-instruct,64,256
meta/llama-3.1-8b-instruct,64,256
meta/llama-3.1-8b-instruct,64,256
meta/llama-3.1-8b-instruct,64,256
meta/llama-3.1-8b-instruct,64,256
meta/llama-3.1-8b-instruct,64,256
meta/llama-3.1-8b-instruct,64,256
meta/llama-3.1-8b-instruct,64,256
meta/llama-3.1-8b-instruct,51,256
meta/llama-3.1-8b-instruct,51,256
meta/llama-3.1-8b-instruct,51,256
meta/llama-3.1-8b-instruct,51,256
meta/llama-3.1-8b-instruct,51,256
meta/llama-3.1-8b-instruct,51,256
meta/llama-3.1-8b-instruct,51,256
meta/llama-3.1-8b-instruct,52,66
meta/llama-3.1-8b-instruct,52,85
meta/llama-3.1-8b-instruct,52,90
meta/llama-3.1-8b-instruct,52,84
meta/llama-3.1-8b-instruct,51,256
meta/llama-3.1-8b-instruct,52,72
meta/llama-3.1-8b-instruct,52,77
meta/llama-3.1-8b-instruct,52,78
meta/llama-3.1-8b-instruct,52,256
meta/llama-3.1-8b-instruct,52,256
meta/llama-3.1-8b-instruct,52,256
meta/llama-3.1-8b-instruct,59,82
meta/llama-3.1-8b-instruct,52,256
meta/llama-3.1-8b-instruct,59,83
meta/llama-3.1-8b-instruct,59,74
meta/llama-3.1-8b-instruct,52,256
meta/llama-3.1-8b-instruct,59,59
meta/llama-3.1-8b-instruct,59,78
meta/llama-3.1-8b-instruct,59,66
meta/llama-3.1-8b-instruct,59,59
meta/llama-3.1-8b-instruct,59,80
meta/llama-3.1-8b-instruct,62,256
meta/llama-3.1-8b-instruct,62,256
meta/llama-3.1-8b-instruct,62,256
meta/llama-3.1-8b-instruct,62,256
meta/llama-3.1-8b-instruct,62,256
meta/llama-3.1-8b-instruct,62,256
meta/llama-3.1-8b-instruct,62,256
meta/llama-3.1-8b-instruct,61,256
meta/llama-3.1-8b-instruct,62,256
meta/llama-3.1-8b-instruct,61,256
meta/llama-3.1-8b-instruct,61,246
meta/llama-3.1-8b-instruct,61,208
meta/llama-3.1-8b-instruct,61,256
meta/llama-3.1-8b-instruct,61,221
meta/llama-3.1-8b-instruct,61,256
meta/llama-3.1-8b-instruct,61,256
meta/llama-3.1-8b-instruct,59,256
meta/llama-3.1-8b-instruct,64,2
meta/llama-3.1-8b-instruct,64,2
meta/llama-3.1-8b-instruct,59,256
meta/llama-3.1-8b-instruct,64,2
meta/llama-3.1-8b-instruct,64,2
meta/llama-3.1-8b-instruct,64,2
meta/llama-3.1-8b-instruct,64,2
meta/llama-3.1-8b-instruct,64,2
meta/llama-3.1-8b-instruct,64,2
meta/llama-3.1-8b-instruct,59,256
meta/llama-3.1-8b-instruct,59,256
meta/llama-3.1-8b-instruct,65,2
meta/llama-3.1-8b-instruct,65,2
meta/llama-3.1-8b-instruct,65,2
meta/llama-3.1-8b-instruct,65,2
meta/llama-3.1-8b-instruct,65,2
meta/llama-3.1-8b-instruct,65,2
meta/llama-3.1-8b-instruct,65,2
meta/llama-3.1-8b-instruct,65,2
meta/llama-3.1-8b-instruct,63,2
meta/llama-3.1-8b-instruct,63,2
meta/llama-3.1-8b-instruct,63,2
meta/llama-3.1-8b-instruct,63,2
meta/llama-3.1-8b-instruct,63,2
meta/llama-3.1-8b-instruct,63,2
meta/llama-3.1-8b-instruct,63,2
meta/llama-3.1-8b-instruct,63,2
meta/llama-3.1-8b-instruct,64,2
meta/llama-3.1-8b-instruct,64,2
meta/llama-3.1-8b-instruct,64,2
meta/llama-3.1-8b-instruct,64,2
meta/llama-3.1-8b-instruct,59,2
meta/llama-3.1-8b-instruct,59,2
meta/llama-3.1-8b-instruct,59,2
meta/llama-3.1-8b-instruct,59,2
meta/llama-3.1-8b-instruct,59,2
meta/llama-3.1-8b-instruct,59,2
meta/llama-3.1-8b-instruct,60,2
meta/llama-3.1-8b-instruct,60,2
meta/llama-3.1-8b-instruct,59,2
meta/llama-3.1-8b-instruct,60,2
meta/llama-3.1-8b-instruct,60,2
meta/llama-3.1-8b-instruct,60,2
meta/llama-3.1-8b-instruct,60,2
meta/llama-3.1-8b-instruct,60,2
meta/llama-3.1-8b-instruct,60,2
meta/llama-3.1-8b-instruct,59,2
meta/llama-3.1-8b-instruct,59,2
meta/llama-3.1-8b-instruct,59,2
meta/llama-3.1-8b-instruct,59,2
meta/llama-3.1-8b-instruct,59,2
meta/llama-3.1-8b-instruct,59,2
meta/llama-3.1-8b-instruct,59,2
meta/llama-3.1-8b-instruct,59,2
meta/llama-3.1-8b-instruct,59,2
meta/llama-3.1-8b-instruct,60,2
meta/llama-3.1-8b-instruct,60,2
meta/llama-3.1-8b-instruct,60,2
meta/llama-3.1-8b-instruct,60,2
meta/llama-3.1-8b-instruct,60,2
meta/llama-3.1-8b-instruct,58,34
meta/llama-3.1-8b-instruct,58,26
meta/llama-3.1-8b-instruct,58,30
meta/llama-3.1-8b-instruct,58,31
meta/llama-3.1-8b-instruct,58,30
meta/llama-3.1-8b-instruct,58,32
meta/llama-3.1-8b-instruct,58,69
meta/llama-3.1-8b-instruct,58,98
meta/llama-3.1-8b-instruct,58,112
meta/llama-3.1-8b-instruct,58,27
meta/llama-3.1-8b-instruct,58,99
meta/llama-3.1-8b-instruct,58,152
meta/llama-3.1-8b-instruct,58,125
meta/llama-3.1-8b-instruct,58,169
meta/llama-3.1-8b-instruct,58,101
meta/llama-3.1-8b-instruct,57,80
meta/llama-3.1-8b-instruct,57,85
meta/llama-3.1-8b-instruct,57,106
meta/llama-3.1-8b-instruct,57,109
meta/llama-3.1-8b-instruct,57,92
meta/llama-3.1-8b-instruct,57,102
meta/llama-3.1-8b-instruct,57,127
meta/llama-3.1-8b-instruct,57,142
meta/llama-3.1-8b-instruct,47,256
meta/llama-3.1-8b-instruct,47,256
meta/llama-3.1-8b-instruct,47,256
meta/llama-3.1-8b-instruct,47,256
meta/llama-3.1-8b-instruct,47,234
meta/llama-3.1-8b-instruct,47,256
meta/llama-3.1-8b-instruct,47,256
meta/llama-3.1-8b-instruct,51,115
meta/llama-3.1-8b-instruct,51,79
meta/llama-3.1-8b-instruct,51,93
meta/llama-3.1-8b-instruct,51,83
meta/llama-3.1-8b-instruct,51,89
meta/llama-3.1-8b-instruct,51,256
meta/llama-3.1-8b-instruct,51,256
meta/llama-3.1-8b-instruct,51,256
meta/llama-3.1-8b-instruct,51,256
meta/llama-3.1-8b-instruct,51,256
meta/llama-3.1-8b-instruct,51,256
meta/llama-3.1-8b-instruct,51,256
meta/llama-3.1-8b-instruct,51,256
meta/llama-3.1-8b-instruct,57,84
meta/llama-3.1-8b-instruct,57,94
meta/llama-3.1-8b-instruct,57,88
meta/llama-3.1-8b-instruct,57,79
meta/llama-3.1-8b-instruct,57,76
meta/llama-3.1-8b-instruct,57,107
meta/llama-3.1-8b-instruct,57,84
meta/llama-3.1-8b-instruct,57,76
meta/llama-3.1-8b-instruct,53,256
meta/llama-3.1-8b-instruct,53,256
meta/llama-3.1-8b-instruct,53,256
meta/llama-3.1-8b-instruct,53,256
meta/llama-3.1-8b-instruct,53,256
meta/llama-3.1-8b-instruct,53,256
meta/llama-3.1-8b-instruct,53,256
meta/llama-3.1-8b-instruct,60,55
meta/llama-3.1-8b-instruct,53,256
meta/llama-3.1-8b-instruct,60,57
meta/llama-3.1-8b-instruct,60,70
meta/llama-3.1-8b-instruct,60,124
meta/llama-3.1-8b-instruct,59,256
meta/llama-3.1-8b-instruct,59,256
meta/llama-3.1-8b-instruct,59,256
meta/llama-3.1-8b-instruct,59,256
meta/llama-3.1-8b-instruct,59,256
meta/llama-3.1-8b-instruct,58,2
meta/llama-3.1-8b-instruct,58,2
meta/llama-3.1-8b-instruct,59,256
meta/llama-3.1-8b-instruct,58,2
meta/llama-3.1-8b-instruct,58,2
meta/llama-3.1-8b-instruct,58,2
meta/llama-3.1-8b-instruct,59,256
meta/llama-3.1-8b-instruct,59,256
meta/llama-3.1-8b-instruct,58,2
meta/llama-3.1-8b-instruct,58,12
meta/llama-3.1-8b-instruct,58,12
meta/llama-3.1-8b-instruct,59,2
meta/llama-3.1-8b-instruct,59,2
meta/llama-3.1-8b-instruct,59,2
meta/llama-3.1-8b-instruct,59,2
meta/llama-3.1-8b-instruct,59,2
meta/llama-3.1-8b-instruct,59,2
meta/llama-3.1-8b-instruct,59,2
meta/llama-3.1-8b-instruct,59,2
meta/llama-3.1-8b-instruct,65,2
meta/llama-3.1-8b-instruct,65,2
meta/llama-3.1-8b-instruct,65,3
meta/llama-3.1-8b-instruct,65,3
meta/llama-3.1-8b-instruct,66,2
meta/llama-3.1-8b-instruct,66,2
meta/llama-3.1-8b-instruct,66,2
meta/llama-3.1-8b-instruct,66,2
meta/llama-3.1-8b-instruct,66,2
meta/llama-3.1-8b-instruct,66,2
meta/llama-3.1-8b-instruct,61,2
meta/llama-3.1-8b-instruct,61,2
meta/llama-3.1-8b-instruct,61,2
meta/llama-3.1-8b-instruct,66,2
meta/llama-3.1-8b-instruct,61,2
meta/llama-3.1-8b-instruct,61,2
meta/llama-3.1-8b-instruct,66,2
meta/llama-3.1-8b-instruct,61,2
meta/llama-3.1-8b-instruct,61,2
meta/llama-3.1-8b-instruct,61,2
meta/llama-3.1-8b-instruct,62,2
meta/llama-3.1-8b-instruct,62,2
meta/llama-3.1-8b-instruct,62,2
meta/llama-3.1-8b-instruct,62,2
meta/llama-3.1-8b-instruct,62,2
meta/llama-3.1-8b-instruct,62,2
meta/llama-3.1-8b-instruct,62,2
meta/llama-3.1-8b-instruct,62,2
meta/llama-3.1-8b-instruct,58,2
meta/llama-3.1-8b-instruct,58,2
meta/llama-3.1-8b-instruct,58,2
meta/llama-3.1-8b-instruct,58,2
meta/llama-3.1-8b-instruct,58,2
meta/llama-3.1-8b-instruct,59,2
meta/llama-3.1-8b-instruct,59,2
meta/llama-3.1-8b-instruct,59,2
meta/llama-3.1-8b-instruct,59,2
meta/llama-3.1-8b-instruct,59,2
meta/llama-3.1-8b-instruct,60,32
meta/llama-3.1-8b-instruct,60,40
meta/llama-3.1-8b-instruct,59,2
meta/llama-3.1-8b-instruct,59,2
meta/llama-3.1-8b-instruct,60,41
meta/llama-3.1-8b-instruct,60,55
meta/llama-3.1-8b-instruct,60,47
meta/llama-3.1-8b-instruct,60,36
meta/llama-3.1-8b-instruct,60,50
meta/llama-3.1-8b-instruct,60,54
meta/llama-3.1-8b-instruct,63,256
meta/llama-3.1-8b-instruct,63,256
meta/llama-3.1-8b-instruct,63,256
meta/llama-3.1-8b-instruct,63,256
meta/llama-3.1-8b-instruct,63,256
meta/llama-3.1-8b-instruct,63,256
meta/llama-3.1-8b-instruct,63,256
meta/llama-3.1-8b-instruct,65,230
meta/llama-3.1-8b-instruct,63,256
meta/llama-3.1-8b-instruct,65,256
meta/llama-3.1-8b-instruct,65,256
meta/llama-3.1-8b-instruct,65,256
meta/llama-3.1-8b-instruct,65,227
meta/llama-3.1-8b-instruct,65,256
meta/llama-3.1-8b-instruct,65,256
meta/llama-3.1-8b-instruct,52,256
meta/llama-3.1-8b-instruct,52,256
meta/llama-3.1-8b-instruct,52,256
meta/llama-3.1-8b-instruct,53,79
meta/llama-3.1-8b-instruct,53,79
meta/llama-3.1-8b-instruct,53,64
meta/llama-3.1-8b-instruct,52,256
meta/llama-3.1-8b-instruct,53,81
meta/llama-3.1-8b-instruct,53,91
meta/llama-3.1-8b-instruct,52,256
meta/llama-3.1-8b-instruct,53,81
meta/llama-3.1-8b-instruct,53,72
meta/llama-3.1-8b-instruct,53,88
meta/llama-3.1-8b-instruct,53,256
meta/llama-3.1-8b-instruct,53,256
meta/llama-3.1-8b-instruct,53,256
meta/llama-3.1-8b-instruct,53,256
meta/llama-3.1-8b-instruct,53,256
meta/llama-3.1-8b-instruct,53,256
meta/llama-3.1-8b-instruct,53,256
meta/llama-3.1-8b-instruct,53,256
meta/llama-3.1-8b-instruct,60,83
meta/llama-3.1-8b-instruct,60,83
meta/llama-3.1-8b-instruct,60,91
meta/llama-3.1-8b-instruct,60,78
meta/llama-3.1-8b-instruct,60,79
meta/llama-3.1-8b-instruct,60,80
meta/llama-3.1-8b-instruct,60,78
meta/llama-3.1-8b-instruct,60,79
meta/llama-3.1-8b-instruct,63,256
meta/llama-3.1-8b-instruct,63,256
meta/llama-3.1-8b-instruct,62,256
meta/llama-3.1-8b-instruct,63,256
meta/llama-3.1-8b-instruct,63,256
meta/llama-3.1-8b-instruct,62,256
meta/llama-3.1-8b-instruct,62,130
meta/llama-3.1-8b-instruct,62,235
meta/llama-3.1-8b-instruct,62,256
meta/llama-3.1-8b-instruct,62,256
meta/llama-3.1-8b-instruct,62,256
meta/llama-3.1-8b-instruct,60,256
meta/llama-3.1-8b-instruct,62,256
meta/llama-3.1-8b-instruct,60,256
meta/llama-3.1-8b-instruct,60,256
meta/llama-3.1-8b-instruct,60,256
meta/llama-3.1-8b-instruct,60,256
meta/llama-3.1-8b-instruct,63,2
meta/llama-3.1-8b-instruct,63,2
meta/llama-3.1-8b-instruct,63,2
meta/llama-3.1-8b-instruct,63,2
meta/llama-3.1-8b-instruct,60,256
meta/llama-3.1-8b-instruct,60,256
meta/llama-3.1-8b-instruct,63,2
meta/llama-3.1-8b-instruct,63,2
meta/llama-3.1-8b-instruct,60,256
meta/llama-3.1-8b-instruct,64,2
meta/llama-3.1-8b-instruct,64,2
meta/llama-3.1-8b-instruct,64,2
meta/llama-3.1-8b-instruct,64,2
meta/llama-3.1-8b-instruct,64,2
meta/llama-3.1-8b-instruct,64,2
meta/llama-3.1-8b-instruct,62,2
meta/llama-3.1-8b-instruct,63,2
meta/llama-3.1-8b-instruct,63,2
meta/llama-3.1-8b-instruct,63,2
meta/llama-3.1-8b-instruct,63,2
meta/llama-3.1-8b-instruct,62,2
meta/llama-3.1-8b-instruct,58,2
meta/llama-3.1-8b-instruct,63,2
meta/llama-3.1-8b-instruct,58,2
meta/llama-3.1-8b-instruct,58,2
meta/llama-3.1-8b-instruct,63,2
meta/llama-3.1-8b-instruct,58,2
meta/llama-3.1-8b-instruct,58,2
meta/llama-3.1-8b-instruct,58,2
meta/llama-3.1-8b-instruct,59,2
meta/llama-3.1-8b-instruct,59,2
meta/llama-3.1-8b-instruct,59,2
meta/llama-3.1-8b-instruct,59,2
meta/llama-3.1-8b-instruct,59,2
meta/llama-3.1-8b-instruct,59,2
meta/llama-3.1-8b-instruct,58,2
meta/llama-3.1-8b-instruct,58,2
meta/llama-3.1-8b-instruct,58,2
meta/llama-3.1-8b-instruct,58,2
meta/llama-3.1-8b-instruct,58,2
meta/llama-3.1-8b-instruct,58,2
meta/llama-3.1-8b-instruct,59,2
meta/llama-3.1-8b-instruct,59,2
meta/llama-3.1-8b-instruct,59,2
meta/llama-3.1-8b-instruct,59,2
meta/llama-3.1-8b-instruct,60,30
meta/llama-3.1-8b-instruct,60,33
meta/llama-3.1-8b-instruct,60,32
meta/llama-3.1-8b-instruct,60,117
meta/llama-3.1-8b-instruct,60,33
meta/llama-3.1-8b-instruct,60,117
meta/llama-3.1-8b-instruct,60,184
meta/llama-3.1-8b-instruct,60,101
meta/llama-3.1-8b-instruct,60,119
meta/llama-3.1-8b-instruct,60,253
meta/llama-3.1-8b-instruct,59,166
meta/llama-3.1-8b-instruct,59,190
meta/llama-3.1-8b-instruct,59,85
meta/llama-3.1-8b-instruct,59,72
meta/llama-3.1-8b-instruct,59,64
meta/llama-3.1-8b-instruct,59,256
meta/llama-3.1-8b-instruct,49,256
meta/llama-3.1-8b-instruct,49,256
meta/llama-3.1-8b-instruct,49,256
meta/llama-3.1-8b-instruct,49,256
meta/llama-3.1-8b-instruct,53,65
meta/llama-3.1-8b-instruct,49,256
meta/llama-3.1-8b-instruct,53,75
meta/llama-3.1-8b-instruct,53,85
meta/llama-3.1-8b-instruct,53,74
meta/llama-3.1-8b-instruct,53,84
meta/llama-3.1-8b-instruct,49,256
meta/llama-3.1-8b-instruct,53,94
meta/llama-3.1-8b-instruct,53,256
meta/llama-3.1-8b-instruct,53,256
meta/llama-3.1-8b-instruct,59,73
meta/llama-3.1-8b-instruct,59,84
meta/llama-3.1-8b-instruct,59,85
meta/llama-3.1-8b-instruct,59,83
meta/llama-3.1-8b-instruct,59,94
meta/llama-3.1-8b-instruct,55,256
meta/llama-3.1-8b-instruct,55,256
meta/llama-3.1-8b-instruct,59,84
meta/llama-3.1-8b-instruct,55,256
meta/llama-3.1-8b-instruct,62,64
meta/llama-3.1-8b-instruct,55,256
meta/llama-3.1-8b-instruct,62,63
meta/llama-3.1-8b-instruct,55,256
meta/llama-3.1-8b-instruct,55,256
meta/llama-3.1-8b-instruct,62,122
meta/llama-3.1-8b-instruct,62,63
meta/llama-3.1-8b-instruct,62,118
meta/llama-3.1-8b-instruct,62,152
meta/llama-3.1-8b-instruct,61,256
meta/llama-3.1-8b-instruct,61,256
meta/llama-3.1-8b-instruct,61,256
meta/llama-3.1-8b-instruct,61,256
meta/llama-3.1-8b-instruct,57,2
meta/llama-3.1-8b-instruct,57,2
meta/llama-3.1-8b-instruct,57,2
meta/llama-3.1-8b-instruct,57,2
meta/llama-3.1-8b-instruct,57,2
meta/llama-3.1-8b-instruct,57,2
meta/llama-3.1-8b-instruct,61,256
meta/llama-3.1-8b-instruct,61,256
meta/llama-3.1-8b-instruct,58,2
meta/llama-3.1-8b-instruct,64,2
meta/llama-3.1-8b-instruct,64,2
meta/llama-3.1-8b-instruct,64,2
meta/llama-3.1-8b-instruct,58,2
meta/llama-3.1-8b-instruct,64,2
meta/llama-3.1-8b-instruct,64,2
meta/llama-3.1-8b-instruct,64,2
meta/llama-3.1-8b-instruct,65,3
meta/llama-3.1-8b-instruct,65,2
meta/llama-3.1-8b-instruct,65,2
meta/llama-3.1-8b-instruct,65,2
meta/llama-3.1-8b-instruct,65,2
meta/llama-3.1-8b-instruct,64,2
meta/llama-3.1-8b-instruct,65,2
meta/llama-3.1-8b-instruct,65,3
meta/llama-3.1-8b-instruct,60,2
meta/llama-3.1-8b-instruct,60,2
meta/llama-3.1-8b-instruct,60,2
meta/llama-3.1-8b-instruct,60,2
meta/llama-3.1-8b-instruct,60,2
meta/llama-3.1-8b-instruct,60,2
meta/llama-3.1-8b-instruct,60,2
meta/llama-3.1-8b-instruct,61,2
meta/llama-3.1-8b-instruct,61,2
meta/llama-3.1-8b-instruct,61,2
meta/llama-3.1-8b-instruct,61,2
meta/llama-3.1-8b-instruct,61,2
meta/llama-3.1-8b-instruct,61,2
meta/llama-3.1-8b-instruct,60,2
meta/llama-3.1-8b-instruct,57,2
meta/llama-3.1-8b-instruct,58,2
meta/llama-3.1-8b-instruct,57,2
meta/llama-3.1-8b-instruct,58,2
meta/llama-3.1-8b-instruct,58,2
meta/llama-3.1-8b-instruct,58,2
meta/llama-3.1-8b-instruct,58,2
meta/llama-3.1-8b-instruct,58,2
meta/llama-3.1-8b-instruct,64,31
meta/llama-3.1-8b-instruct,64,28
meta/llama-3.1-8b-instruct,64,62
meta/llama-3.1-8b-instruct,64,53
meta/llama-3.1-8b-instruct,64,37
meta/llama-3.1-8b-instruct,64,49
meta/llama-3.1-8b-instruct,67,231
meta/llama-3.1-8b-instruct,67,172
meta/llama-3.1-8b-instruct,67,256
meta/llama-3.1-8b-instruct,67,256
meta/llama-3.1-8b-instruct,67,116
meta/llama-3.1-8b-instruct,69,168
meta/llama-3.1-8b-instruct,69,253
meta/llama-3.1-8b-instruct,67,256
meta/llama-3.1-8b-instruct,69,221
meta/llama-3.1-8b-instruct,69,256
meta/llama-3.1-8b-instruct,69,256
meta/llama-3.1-8b-instruct,56,256
meta/llama-3.1-8b-instruct,69,256
meta/llama-3.1-8b-instruct,56,256
meta/llama-3.1-8b-instruct,56,256
meta/llama-3.1-8b-instruct,56,256
meta/llama-3.1-8b-instruct,57,74
meta/llama-3.1-8b-instruct,57,72
meta/llama-3.1-8b-instruct,57,74
meta/llama-3.1-8b-instruct,57,83
meta/llama-3.1-8b-instruct,57,256
meta/llama-3.1-8b-instruct,57,256
meta/llama-3.1-8b-instruct,57,256
meta/llama-3.1-8b-instruct,57,256
meta/llama-3.1-8b-instruct,57,256
meta/llama-3.1-8b-instruct,64,74
meta/llama-3.1-8b-instruct,64,81
meta/llama-3.1-8b-instruct,64,59
meta/llama-3.1-8b-instruct,64,80
meta/llama-3.1-8b-instruct,64,61
meta/llama-3.1-8b-instruct,57,256
meta/llama-3.1-8b-instruct,64,91
meta/llama-3.1-8b-instruct,67,256
meta/llama-3.1-8b-instruct,67,256
meta/llama-3.1-8b-instruct,67,256
meta/llama-3.1-8b-instruct,67,256
meta/llama-3.1-8b-instruct,67,256
meta/llama-3.1-8b-instruct,66,256
meta/llama-3.1-8b-instruct,67,256
meta/llama-3.1-8b-instruct,66,107
meta/llama-3.1-8b-instruct,66,247
meta/llama-3.1-8b-instruct,66,256
meta/llama-3.1-8b-instruct,66,256
meta/llama-3.1-8b-instruct,64,256
meta/llama-3.1-8b-instruct,66,256
meta/llama-3.1-8b-instruct,64,256
meta/llama-3.1-8b-instruct,63,2
meta/llama-3.1-8b-instruct,63,2
meta/llama-3.1-8b-instruct,63,2
meta/llama-3.1-8b-instruct,63,2
meta/llama-3.1-8b-instruct,63,2
meta/llama-3.1-8b-instruct,63,2
meta/llama-3.1-8b-instruct,64,2
meta/llama-3.1-8b-instruct,64,2
meta/llama-3.1-8b-instruct,63,2
meta/llama-3.1-8b-instruct,64,2
meta/llama-3.1-8b-instruct,64,2
meta/llama-3.1-8b-instruct,64,2
meta/llama-3.1-8b-instruct,64,2
meta/llama-3.1-8b-instruct,64,2
meta/llama-3.1-8b-instruct,64,2
meta/llama-3.1-8b-instruct,62,2
meta/llama-3.1-8b-instruct,62,2
meta/llama-3.1-8b-instruct,62,2
meta/llama-3.1-8b-instruct,62,2
meta/llama-3.1-8b-instruct,62,2
meta/llama-3.1-8b-instruct,62,2
meta/llama-3.1-8b-instruct,62,2
meta/llama-3.1-8b-instruct,62,2
meta/llama-3.1-8b-instruct,63,2
meta/llama-3.1-8b-instruct,63,2
meta/llama-3.1-8b-instruct,63,2
meta/llama-3.1-8b-instruct,63,2
meta/llama-3.1-8b-instruct,63,2
meta/llama-3.1-8b-instruct,63,2
meta/llama-3.1-8b-instruct,63,2
meta/llama-3.1-8b-instruct,58,2
meta/llama-3.1-8b-instruct,58,2
meta/llama-3.1-8b-instruct,58,2
meta/llama-3.1-8b-instruct,58,2
meta/llama-3.1-8b-instruct,59,2
meta/llama-3.1-8b-instruct,58,2
meta/llama-3.1-8b-instruct,58,2
meta/llama-3.1-8b-instruct,59,2
meta/llama-3.1-8b-instruct,59,2
meta/llama-3.1-8b-instruct,59,2
meta/llama-3.1-8b-instruct,59,2
meta/llama-3.1-8b-instruct,59,2
meta/llama-3.1-8b-instruct,59,2
meta/llama-3.1-8b-instruct,59,2
meta/llama-3.1-8b-instruct,58,2
meta/llama-3.1-8b-instruct,58,2
meta/llama-3.1-8b-instruct,58,2
meta/llama-3.1-8b-instruct,58,2
meta/llama-3.1-8b-instruct,58,2
meta/llama-3.1-8b-instruct,58,2
meta/llama-3.1-8b-instruct,58,2
meta/llama-3.1-8b-instruct,59,2
meta/llama-3.1-8b-instruct,59,2
meta/llama-3.1-8b-instruct,59,2
meta/llama-3.1-8b-instruct,59,2
meta/llama-3.1-8b-instruct,59,2
meta/llama-3.1-8b-instruct,59,2
meta/llama-3.1-8b-instruct,59,2
meta/llama-3.1-8b-instruct,59,2
meta/llama-3.1-8b-instruct,58,2
meta/llama-3.1-8b-instruct,60,41
meta/llama-3.1-8b-instruct,60,31
meta/llama-3.1-8b-instruct,60,206
meta/llama-3.1-8b-instruct,60,36
meta/llama-3.1-8b-instruct,60,182
meta/llama-3.1-8b-instruct,60,192
meta/llama-3.1-8b-instruct,60,33
meta/llama-3.1-8b-instruct,60,94
meta/llama-3.1-8b-instruct,60,201
meta/llama-3.1-8b-instruct,59,67
meta/llama-3.1-8b-instruct,60,185
meta/llama-3.1-8b-instruct,59,82
meta/llama-3.1-8b-instruct,60,219
meta/llama-3.1-8b-instruct,60,225
meta/llama-3.1-8b-instruct,59,96
meta/llama-3.1-8b-instruct,59,85
meta/llama-3.1-8b-instruct,59,99
meta/llama-3.1-8b-instruct,59,99
meta/llama-3.1-8b-instruct,59,79
meta/llama-3.1-8b-instruct,59,193
meta/llama-3.1-8b-instruct,49,256
meta/llama-3.1-8b-instruct,49,256
meta/llama-3.1-8b-instruct,49,256
meta/llama-3.1-8b-instruct,49,256
meta/llama-3.1-8b-instruct,49,256
meta/llama-3.1-8b-instruct,53,85
meta/llama-3.1-8b-instruct,49,256
meta/llama-3.1-8b-instruct,49,256
meta/llama-3.1-8b-instruct,53,91
meta/llama-3.1-8b-instruct,49,256
meta/llama-3.1-8b-instruct,53,256
meta/llama-3.1-8b-instruct,53,68
meta/llama-3.1-8b-instruct,53,256
meta/llama-3.1-8b-instruct,53,72
meta/llama-3.1-8b-instruct,53,256
meta/llama-3.1-8b-instruct,53,256
meta/llama-3.1-8b-instruct,53,256
meta/llama-3.1-8b-instruct,53,256
meta/llama-3.1-8b-instruct,53,256
meta/llama-3.1-8b-instruct,59,86
meta/llama-3.1-8b-instruct,53,256
meta/llama-3.1-8b-instruct,59,92
meta/llama-3.1-8b-instruct,59,86
meta/llama-3.1-8b-instruct,59,98
meta/llama-3.1-8b-instruct,59,95
meta/llama-3.1-8b-instruct,59,84
meta/llama-3.1-8b-instruct,59,78
meta/llama-3.1-8b-instruct,59,74
meta/llama-3.1-8b-instruct,55,256
meta/llama-3.1-8b-instruct,55,256
meta/llama-3.1-8b-instruct,55,256
meta/llama-3.1-8b-instruct,55,256
meta/llama-3.1-8b-instruct,55,256
meta/llama-3.1-8b-instruct,55,256
meta/llama-3.1-8b-instruct,55,256
meta/llama-3.1-8b-instruct,62,58
meta/llama-3.1-8b-instruct,55,256
meta/llama-3.1-8b-instruct,62,239
meta/llama-3.1-8b-instruct,62,51
meta/llama-3.1-8b-instruct,62,131
meta/llama-3.1-8b-instruct,61,256
meta/llama-3.1-8b-instruct,61,256
meta/llama-3.1-8b-instruct,61,256
meta/llama-3.1-8b-instruct,61,256
meta/llama-3.1-8b-instruct,61,256
meta/llama-3.1-8b-instruct,57,2
meta/llama-3.1-8b-instruct,57,2
meta/llama-3.1-8b-instruct,57,2
meta/llama-3.1-8b-instruct,61,256
meta/llama-3.1-8b-instruct,57,2
meta/llama-3.1-8b-instruct,57,2
meta/llama-3.1-8b-instruct,57,2
meta/llama-3.1-8b-instruct,61,256
meta/llama-3.1-8b-instruct,57,2
meta/llama-3.1-8b-instruct,57,2
meta/llama-3.1-8b-instruct,58,2
meta/llama-3.1-8b-instruct,61,256
meta/llama-3.1-8b-instruct,58,2
meta/llama-3.1-8b-instruct,58,2
meta/llama-3.1-8b-instruct,58,2
meta/llama-3.1-8b-instruct,58,2
meta/llama-3.1-8b-instruct,58,2
meta/llama-3.1-8b-instruct,58,2
meta/llama-3.1-8b-instruct,58,2
meta/llama-3.1-8b-instruct,64,3
meta/llama-3.1-8b-instruct,64,2
meta/llama-3.1-8b-instruct,64,3
meta/llama-3.1-8b-instruct,64,2
meta/llama-3.1-8b-instruct,64,2
meta/llama-3.1-8b-instruct,64,4
meta/llama-3.1-8b-instruct,65,2
meta/llama-3.1-8b-instruct,65,2
meta/llama-3.1-8b-instruct,65,2
meta/llama-3.1-8b-instruct,65,2
meta/llama-3.1-8b-instruct,60,2
meta/llama-3.1-8b-instruct,60,2
meta/llama-3.1-8b-instruct,60,2
meta/llama-3.1-8b-instruct,65,3
meta/llama-3.1-8b-instruct,60,2
meta/llama-3.1-8b-instruct,60,2
meta/llama-3.1-8b-instruct,60,2
meta/llama-3.1-8b-instruct,60,2
meta/llama-3.1-8b-instruct,61,2
meta/llama-3.1-8b-instruct,61,2
meta/llama-3.1-8b-instruct,65,2
meta/llama-3.1-8b-instruct,61,2
meta/llama-3.1-8b-instruct,61,2
meta/llama-3.1-8b-instruct,61,2
meta/llama-3.1-8b-instruct,61,2
meta/llama-3.1-8b-instruct,61,2
meta/llama-3.1-8b-instruct,61,2
meta/llama-3.1-8b-instruct,60,2
meta/llama-3.1-8b-instruct,57,2
meta/llama-3.1-8b-instruct,57,2
meta/llama-3.1-8b-instruct,57,2
meta/llama-3.1-8b-instruct,57,2
meta/llama-3.1-8b-instruct,57,2
meta/llama-3.1-8b-instruct,57,2
meta/llama-3.1-8b-instruct,57,2
meta/llama-3.1-8b-instruct,58,2
meta/llama-3.1-8b-instruct,58,2
meta/llama-3.1-8b-instruct,60,44
meta/llama-3.1-8b-instruct,58,2
meta/llama-3.1-8b-instruct,60,40
meta/llama-3.1-8b-instruct,58,2
meta/llama-3.1-8b-instruct,60,31
meta/llama-3.1-8b-instruct,60,63
meta/llama-3.1-8b-instruct,60,38
meta/llama-3.1-8b-instruct,60,54
meta/llama-3.1-8b-instruct,60,33
meta/llama-3.1-8b-instruct,60,36
meta/llama-3.1-8b-instruct,58,2
meta/llama-3.1-8b-instruct,63,256
meta/llama-3.1-8b-instruct,63,256
meta/llama-3.1-8b-instruct,63,256
meta/llama-3.1-8b-instruct,63,117
meta/llama-3.1-8b-instruct,63,256
meta/llama-3.1-8b-instruct,63,101
meta/llama-3.1-8b-instruct,63,112
meta/llama-3.1-8b-instruct,63,256
meta/llama-3.1-8b-instruct,65,256
meta/llama-3.1-8b-instruct,65,256
meta/llama-3.1-8b-instruct,65,223
meta/llama-3.1-8b-instruct,65,256
meta/llama-3.1-8b-instruct,65,256
meta/llama-3.1-8b-instruct,65,256
meta/llama-3.1-8b-instruct,65,256
meta/llama-3.1-8b-instruct,65,254
meta/llama-3.1-8b-instruct,52,256
meta/llama-3.1-8b-instruct,52,256
meta/llama-3.1-8b-instruct,53,75
meta/llama-3.1-8b-instruct,53,102
meta/llama-3.1-8b-instruct,53,88
meta/llama-3.1-8b-instruct,53,97
meta/llama-3.1-8b-instruct,52,256
meta/llama-3.1-8b-instruct,53,71
meta/llama-3.1-8b-instruct,53,83
meta/llama-3.1-8b-instruct,53,59
meta/llama-3.1-8b-instruct,53,62
meta/llama-3.1-8b-instruct,52,256
meta/llama-3.1-8b-instruct,53,256
meta/llama-3.1-8b-instruct,53,256
meta/llama-3.1-8b-instruct,53,256
meta/llama-3.1-8b-instruct,53,256
meta/llama-3.1-8b-instruct,53,256
meta/llama-3.1-8b-instruct,53,256
meta/llama-3.1-8b-instruct,53,256
meta/llama-3.1-8b-instruct,60,71
meta/llama-3.1-8b-instruct,60,71
meta/llama-3.1-8b-instruct,53,256
meta/llama-3.1-8b-instruct,60,86
meta/llama-3.1-8b-instruct,60,74
meta/llama-3.1-8b-instruct,60,79
meta/llama-3.1-8b-instruct,60,75
meta/llama-3.1-8b-instruct,60,71
meta/llama-3.1-8b-instruct,60,77
meta/llama-3.1-8b-instruct,63,256
meta/llama-3.1-8b-instruct,63,256
meta/llama-3.1-8b-instruct,63,256
meta/llama-3.1-8b-instruct,63,256
meta/llama-3.1-8b-instruct,62,256
meta/llama-3.1-8b-instruct,62,256
meta/llama-3.1-8b-instruct,62,230
meta/llama-3.1-8b-instruct,62,256
meta/llama-3.1-8b-instruct,62,256
meta/llama-3.1-8b-instruct,62,256
meta/llama-3.1-8b-instruct,62,256
meta/llama-3.1-8b-instruct,62,256
meta/llama-3.1-8b-instruct,60,256
meta/llama-3.1-8b-instruct,60,256
meta/llama-3.1-8b-instruct,60,256
meta/llama-3.1-8b-instruct,60,256
meta/llama-3.1-8b-instruct,60,256
meta/llama-3.1-8b-instruct,65,2
meta/llama-3.1-8b-instruct,60,256
meta/llama-3.1-8b-instruct,65,2
meta/llama-3.1-8b-instruct,60,256
meta/llama-3.1-8b-instruct,65,2
meta/llama-3.1-8b-instruct,65,2
meta/llama-3.1-8b-instruct,65,2
meta/llama-3.1-8b-instruct,65,2
meta/llama-3.1-8b-instruct,60,256
meta/llama-3.1-8b-instruct,65,2
meta/llama-3.1-8b-instruct,65,2
meta/llama-3.1-8b-instruct,66,2
meta/llama-3.1-8b-instruct,66,2
meta/llama-3.1-8b-instruct,66,2
meta/llama-3.1-8b-instruct,66,2
meta/llama-3.1-8b-instruct,66,2
meta/llama-3.1-8b-instruct,66,2
meta/llama-3.1-8b-instruct,64,2
meta/llama-3.1-8b-instruct,64,2
meta/llama-3.1-8b-instruct,64,2
meta/llama-3.1-8b-instruct,64,2
meta/llama-3.1-8b-instruct,65,2
meta/llama-3.1-8b-instruct,65,2
meta/llama-3.1-8b-instruct,65,2
meta/llama-3.1-8b-instruct,64,2
meta/llama-3.1-8b-instruct,65,2
meta/llama-3.1-8b-instruct,65,2
meta/llama-3.1-8b-instruct,64,2
meta/llama-3.1-8b-instruct,65,2
meta/llama-3.1-8b-instruct,65,2
meta/llama-3.1-8b-instruct,65,2
meta/llama-3.1-8b-instruct,60,2
meta/llama-3.1-8b-instruct,60,2
meta/llama-3.1-8b-instruct,60,2
meta/llama-3.1-8b-instruct,60,2
meta/llama-3.1-8b-instruct,60,2
meta/llama-3.1-8b-instruct,60,2
meta/llama-3.1-8b-instruct,60,2
meta/llama-3.1-8b-instruct,60,2
meta/llama-3.1-8b-instruct,61,2
meta/llama-3.1-8b-instruct,61,2
meta/llama-3.1-8b-instruct,61,2
meta/llama-3.1-8b-instruct,61,2
meta/llama-3.1-8b-instruct,61,2
meta/llama-3.1-8b-instruct,61,2
meta/llama-3.1-8b-instruct,61,2
meta/llama-3.1-8b-instruct,61,2
meta/llama-3.1-8b-instruct,61,2
meta/llama-3.1-8b-instruct,60,2
meta/llama-3.1-8b-instruct,61,2
meta/llama-3.1-8b-instruct,60,2
meta/llama-3.1-8b-instruct,60,2
meta/llama-3.1-8b-instruct,61,2
meta/llama-3.1-8b-instruct,61,2
meta/llama-3.1-8b-instruct,61,2
meta/llama-3.1-8b-instruct,61,2
meta/llama-3.1-8b-instruct,61,2
meta/llama-3.1-8b-instruct,61,2
meta/llama-3.1-8b-instruct,57,30
meta/llama-3.1-8b-instruct,57,40
meta/llama-3.1-8b-instruct,57,30
meta/llama-3.1-8b-instruct,57,32
meta/llama-3.1-8b-instruct,57,34
meta/llama-3.1-8b-instruct,57,31
meta/llama-3.1-8b-instruct,57,32
meta/llama-3.1-8b-instruct,57,89
meta/llama-3.1-8b-instruct,57,32
meta/llama-3.1-8b-instruct,57,92
meta/llama-3.1-8b-instruct,57,93
meta/llama-3.1-8b-instruct,57,73
meta/llama-3.1-8b-instruct,57,77
meta/llama-3.1-8b-instruct,56,39
meta/llama-3.1-8b-instruct,57,76
meta/llama-3.1-8b-instruct,57,99
meta/llama-3.1-8b-instruct,57,124
meta/llama-3.1-8b-instruct,56,108
meta/llama-3.1-8b-instruct,56,66
meta/llama-3.1-8b-instruct,56,105
meta/llama-3.1-8b-instruct,46,207
meta/llama-3.1-8b-instruct,46,256
meta/llama-3.1-8b-instruct,46,256
meta/llama-3.1-8b-instruct,46,249
meta/llama-3.1-8b-instruct,46,256
meta/llama-3.1-8b-instruct,46,231
meta/llama-3.1-8b-instruct,46,256
meta/llama-3.1-8b-instruct,50,90
meta/llama-3.1-8b-instruct,50,89
meta/llama-3.1-8b-instruct,50,68
meta/llama-3.1-8b-instruct,46,256
meta/llama-3.1-8b-instruct,50,94
meta/llama-3.1-8b-instruct,50,101
meta/llama-3.1-8b-instruct,50,96
meta/llama-3.1-8b-instruct,50,91
meta/llama-3.1-8b-instruct,50,82
meta/llama-3.1-8b-instruct,50,256
meta/llama-3.1-8b-instruct,50,256
meta/llama-3.1-8b-instruct,50,256
meta/llama-3.1-8b-instruct,50,256
meta/llama-3.1-8b-instruct,50,256
meta/llama-3.1-8b-instruct,50,256
meta/llama-3.1-8b-instruct,56,78
meta/llama-3.1-8b-instruct,50,256
meta/llama-3.1-8b-instruct,56,70
meta/llama-3.1-8b-instruct,50,256
meta/llama-3.1-8b-instruct,56,73
meta/llama-3.1-8b-instruct,56,74
meta/llama-3.1-8b-instruct,56,79
meta/llama-3.1-8b-instruct,52,256
meta/llama-3.1-8b-instruct,52,256
meta/llama-3.1-8b-instruct,52,256
meta/llama-3.1-8b-instruct,52,256
meta/llama-3.1-8b-instruct,52,256
meta/llama-3.1-8b-instruct,59,65
meta/llama-3.1-8b-instruct,52,256
meta/llama-3.1-8b-instruct,59,54
meta/llama-3.1-8b-instruct,52,256
meta/llama-3.1-8b-instruct,59,55
meta/llama-3.1-8b-instruct,59,59
meta/llama-3.1-8b-instruct,59,60
meta/llama-3.1-8b-instruct,59,59
meta/llama-3.1-8b-instruct,59,67
meta/llama-3.1-8b-instruct,59,75
meta/llama-3.1-8b-instruct,58,256
meta/llama-3.1-8b-instruct,58,256
meta/llama-3.1-8b-instruct,58,256
meta/llama-3.1-8b-instruct,58,256
meta/llama-3.1-8b-instruct,58,256
meta/llama-3.1-8b-instruct,59,2
meta/llama-3.1-8b-instruct,59,2
meta/llama-3.1-8b-instruct,58,256
meta/llama-3.1-8b-instruct,58,256
meta/llama-3.1-8b-instruct,59,2
meta/llama-3.1-8b-instruct,59,2
meta/llama-3.1-8b-instruct,59,2
meta/llama-3.1-8b-instruct,59,2
meta/llama-3.1-8b-instruct,58,256
meta/llama-3.1-8b-instruct,59,2
meta/llama-3.1-8b-instruct,60,2
meta/llama-3.1-8b-instruct,60,2
meta/llama-3.1-8b-instruct,66,2
meta/llama-3.1-8b-instruct,60,2
meta/llama-3.1-8b-instruct,66,4
meta/llama-3.1-8b-instruct,66,2
meta/llama-3.1-8b-instruct,66,2
meta/llama-3.1-8b-instruct,66,4
meta/llama-3.1-8b-instruct,66,2
meta/llama-3.1-8b-instruct,66,2
meta/llama-3.1-8b-instruct,66,2
meta/llama-3.1-8b-instruct,60,2
meta/llama-3.1-8b-instruct,60,2
meta/llama-3.1-8b-instruct,67,2
meta/llama-3.1-8b-instruct,67,2
meta/llama-3.1-8b-instruct,67,3
meta/llama-3.1-8b-instruct,67,2
meta/llama-3.1-8b-instruct,67,2
meta/llama-3.1-8b-instruct,67,3
meta/llama-3.1-8b-instruct,67,2
meta/llama-3.1-8b-instruct,62,2
meta/llama-3.1-8b-instruct,67,2
meta/llama-3.1-8b-instruct,62,2
meta/llama-3.1-8b-instruct,62,2
meta/llama-3.1-8b-instruct,62,2
meta/llama-3.1-8b-instruct,62,2
meta/llama-3.1-8b-instruct,62,2
meta/llama-3.1-8b-instruct,62,2
meta/llama-3.1-8b-instruct,62,2
meta/llama-3.1-8b-instruct,63,2
meta/llama-3.1-8b-instruct,59,2
meta/llama-3.1-8b-instruct,59,2
meta/llama-3.1-8b-instruct,63,2
meta/llama-3.1-8b-instruct,63,2
meta/llama-3.1-8b-instruct,59,2
meta/llama-3.1-8b-instruct,59,2
meta/llama-3.1-8b-instruct,59,2
meta/llama-3.1-8b-instruct,63,2
meta/llama-3.1-8b-instruct,59,2
meta/llama-3.1-8b-instruct,59,2
meta/llama-3.1-8b-instruct,59,2
meta/llama-3.1-8b-instruct,60,2
meta/llama-3.1-8b-instruct,60,2
meta/llama-3.1-8b-instruct,60,2
meta/llama-3.1-8b-instruct,60,2
meta/llama-3.1-8b-instruct,60,2
meta/llama-3.1-8b-instruct,60,2
meta/llama-3.1-8b-instruct,60,2
meta/llama-3.1-8b-instruct,58,39
meta/llama-3.1-8b-instruct,60,2
meta/llama-3.1-8b-instruct,58,38
meta/llama-3.1-8b-instruct,58,24
meta/llama-3.1-8b-instruct,58,32
meta/llama-3.1-8b-instruct,58,57
meta/llama-3.1-8b-instruct,58,32
meta/llama-3.1-8b-instruct,58,33
meta/llama-3.1-8b-instruct,58,31
meta/llama-3.1-8b-instruct,61,256
meta/llama-3.1-8b-instruct,61,240
meta/llama-3.1-8b-instruct,61,256
meta/llama-3.1-8b-instruct,61,256
meta/llama-3.1-8b-instruct,63,256
meta/llama-3.1-8b-instruct,63,256
meta/llama-3.1-8b-instruct,63,254
meta/llama-3.1-8b-instruct,63,256
meta/llama-3.1-8b-instruct,63,256
meta/llama-3.1-8b-instruct,63,256
meta/llama-3.1-8b-instruct,63,256
meta/llama-3.1-8b-instruct,63,256
meta/llama-3.1-8b-instruct,50,256
meta/llama-3.1-8b-instruct,50,256
meta/llama-3.1-8b-instruct,50,256
meta/llama-3.1-8b-instruct,50,256
meta/llama-3.1-8b-instruct,50,256
meta/llama-3.1-8b-instruct,50,256
meta/llama-3.1-8b-instruct,51,78
meta/llama-3.1-8b-instruct,51,74
meta/llama-3.1-8b-instruct,51,72
meta/llama-3.1-8b-instruct,50,256
meta/llama-3.1-8b-instruct,50,256
meta/llama-3.1-8b-instruct,51,80
meta/llama-3.1-8b-instruct,51,87
meta/llama-3.1-8b-instruct,51,67
meta/llama-3.1-8b-instruct,51,79
meta/llama-3.1-8b-instruct,51,80
meta/llama-3.1-8b-instruct,51,256
meta/llama-3.1-8b-instruct,51,256
meta/llama-3.1-8b-instruct,51,256
meta/llama-3.1-8b-instruct,51,256
meta/llama-3.1-8b-instruct,51,256
meta/llama-3.1-8b-instruct,58,67
meta/llama-3.1-8b-instruct,58,61
meta/llama-3.1-8b-instruct,58,77
meta/llama-3.1-8b-instruct,58,62
meta/llama-3.1-8b-instruct,58,59
meta/llama-3.1-8b-instruct,58,85
meta/llama-3.1-8b-instruct,58,75
meta/llama-3.1-8b-instruct,61,256
meta/llama-3.1-8b-instruct,61,256
meta/llama-3.1-8b-instruct,61,256
meta/llama-3.1-8b-instruct,61,256
meta/llama-3.1-8b-instruct,61,256
meta/llama-3.1-8b-instruct,61,256
meta/llama-3.1-8b-instruct,61,256
meta/llama-3.1-8b-instruct,60,256
meta/llama-3.1-8b-instruct,61,256
meta/llama-3.1-8b-instruct,60,256
meta/llama-3.1-8b-instruct,60,256
meta/llama-3.1-8b-instruct,60,173
meta/llama-3.1-8b-instruct,60,256
meta/llama-3.1-8b-instruct,60,256
meta/llama-3.1-8b-instruct,60,256
meta/llama-3.1-8b-instruct,60,256
meta/llama-3.1-8b-instruct,58,256
meta/llama-3.1-8b-instruct,58,256
meta/llama-3.1-8b-instruct,58,256
meta/llama-3.1-8b-instruct,58,256
meta/llama-3.1-8b-instruct,58,256
meta/llama-3.1-8b-instruct,58,256
meta/llama-3.1-8b-instruct,58,256
meta/llama-3.1-8b-instruct,63,2
meta/llama-3.1-8b-instruct,63,2
meta/llama-3.1-8b-instruct,63,2
meta/llama-3.1-8b-instruct,63,2
meta/llama-3.1-8b-instruct,64,2
meta/llama-3.1-8b-instruct,64,2
meta/llama-3.1-8b-instruct,64,2
meta/llama-3.1-8b-instruct,63,2
meta/llama-3.1-8b-instruct,64,2
meta/llama-3.1-8b-instruct,64,2
meta/llama-3.1-8b-instruct,64,2
meta/llama-3.1-8b-instruct,64,2
meta/llama-3.1-8b-instruct,64,2
meta/llama-3.1-8b-instruct,62,2
meta/llama-3.1-8b-instruct,62,2
meta/llama-3.1-8b-instruct,62,2
meta/llama-3.1-8b-instruct,62,2
meta/llama-3.1-8b-instruct,62,2
meta/llama-3.1-8b-instruct,62,2
meta/llama-3.1-8b-instruct,62,2
meta/llama-3.1-8b-instruct,62,2
meta/llama-3.1-8b-instruct,63,2
meta/llama-3.1-8b-instruct,63,2
meta/llama-3.1-8b-instruct,63,2
meta/llama-3.1-8b-instruct,63,2
meta/llama-3.1-8b-instruct,63,2
meta/llama-3.1-8b-instruct,63,2
meta/llama-3.1-8b-instruct,63,2
meta/llama-3.1-8b-instruct,63,2
meta/llama-3.1-8b-instruct,58,2
meta/llama-3.1-8b-instruct,58,2
meta/llama-3.1-8b-instruct,59,2
meta/llama-3.1-8b-instruct,58,2
meta/llama-3.1-8b-instruct,59,2
meta/llama-3.1-8b-instruct,59,2
meta/llama-3.1-8b-instruct,59,2
meta/llama-3.1-8b-instruct,59,2
meta/llama-3.1-8b-instruct,58,2
meta/llama-3.1-8b-instruct,59,2
meta/llama-3.1-8b-instruct,59,2
meta/llama-3.1-8b-instruct,59,2
meta/llama-3.1-8b-instruct,58,2
meta/llama-3.1-8b-instruct,58,2
meta/llama-3.1-8b-instruct,58,2
meta/llama-3.1-8b-instruct,58,2
meta/llama-3.1-8b-instruct,58,2
meta/llama-3.1-8b-instruct,58,2
meta/llama-3.1-8b-instruct,58,2
meta/llama-3.1-8b-instruct,58,2
meta/llama-3.1-8b-instruct,59,2
meta/llama-3.1-8b-instruct,59,2
meta/llama-3.1-8b-instruct,59,2
meta/llama-3.1-8b-instruct,59,2
meta/llama-3.1-8b-instruct,59,2
meta/llama-3.1-8b-instruct,59,2
meta/llama-3.1-8b-instruct,59,2
meta/llama-3.1-8b-instruct,59,2
meta/llama-3.1-8b-instruct,60,34
meta/llama-3.1-8b-instruct,60,32
meta/llama-3.1-8b-instruct,60,32
meta/llama-3.1-8b-instruct,60,32
meta/llama-3.1-8b-instruct,60,163
meta/llama-3.1-8b-instruct,60,141
meta/llama-3.1-8b-instruct,60,134
meta/llama-3.1-8b-instruct,60,64
meta/llama-3.1-8b-instruct,60,130
meta/llama-3.1-8b-instruct,60,87
meta/llama-3.1-8b-instruct,60,101
meta/llama-3.1-8b-instruct,60,103
meta/llama-3.1-8b-instruct,59,60
meta/llama-3.1-8b-instruct,59,57
meta/llama-3.1-8b-instruct,59,82
meta/llama-3.1-8b-instruct,59,95
meta/llama-3.1-8b-instruct,59,71
meta/llama-3.1-8b-instruct,59,81
meta/llama-3.1-8b-instruct,59,92
meta/llama-3.1-8b-instruct,59,91
meta/llama-3.1-8b-instruct,49,256
meta/llama-3.1-8b-instruct,49,256
meta/llama-3.1-8b-instruct,49,256
meta/llama-3.1-8b-instruct,49,256
meta/llama-3.1-8b-instruct,49,256
meta/llama-3.1-8b-instruct,49,256
meta/llama-3.1-8b-instruct,49,233
meta/llama-3.1-8b-instruct,53,86
meta/llama-3.1-8b-instruct,53,80
meta/llama-3.1-8b-instruct,53,70
meta/llama-3.1-8b-instruct,49,256
meta/llama-3.1-8b-instruct,53,77
meta/llama-3.1-8b-instruct,53,101
meta/llama-3.1-8b-instruct,53,256
meta/llama-3.1-8b-instruct,53,256
meta/llama-3.1-8b-instruct,53,256
meta/llama-3.1-8b-instruct,53,256
meta/llama-3.1-8b-instruct,53,256
meta/llama-3.1-8b-instruct,59,86
meta/llama-3.1-8b-instruct,59,82
meta/llama-3.1-8b-instruct,53,256
meta/llama-3.1-8b-instruct,53,256
meta/llama-3.1-8b-instruct,59,81
meta/llama-3.1-8b-instruct,59,81
meta/llama-3.1-8b-instruct,59,81
meta/llama-3.1-8b-instruct,59,78
meta/llama-3.1-8b-instruct,59,91
meta/llama-3.1-8b-instruct,59,89
meta/llama-3.1-8b-instruct,55,256
meta/llama-3.1-8b-instruct,55,256
meta/llama-3.1-8b-instruct,55,256
meta/llama-3.1-8b-instruct,55,256
meta/llama-3.1-8b-instruct,55,256
meta/llama-3.1-8b-instruct,55,256
meta/llama-3.1-8b-instruct,62,55
meta/llama-3.1-8b-instruct,62,62
meta/llama-3.1-8b-instruct,55,256
meta/llama-3.1-8b-instruct,62,59
meta/llama-3.1-8b-instruct,55,256
meta/llama-3.1-8b-instruct,62,60
meta/llama-3.1-8b-instruct,62,61
meta/llama-3.1-8b-instruct,62,56
meta/llama-3.1-8b-instruct,62,167
meta/llama-3.1-8b-instruct,61,256
meta/llama-3.1-8b-instruct,61,256
meta/llama-3.1-8b-instruct,59,2
meta/llama-3.1-8b-instruct,59,2
meta/llama-3.1-8b-instruct,59,2
meta/llama-3.1-8b-instruct,59,2
meta/llama-3.1-8b-instruct,59,2
meta/llama-3.1-8b-instruct,59,2
meta/llama-3.1-8b-instruct,61,256
meta/llama-3.1-8b-instruct,59,2
meta/llama-3.1-8b-instruct,61,256
meta/llama-3.1-8b-instruct,59,2
meta/llama-3.1-8b-instruct,60,2
meta/llama-3.1-8b-instruct,60,2
meta/llama-3.1-8b-instruct,60,2
meta/llama-3.1-8b-instruct,60,2
meta/llama-3.1-8b-instruct,60,2
meta/llama-3.1-8b-instruct,61,256
meta/llama-3.1-8b-instruct,60,2
meta/llama-3.1-8b-instruct,60,2
meta/llama-3.1-8b-instruct,60,2
meta/llama-3.1-8b-instruct,66,2
meta/llama-3.1-8b-instruct,66,2
meta/llama-3.1-8b-instruct,66,2
meta/llama-3.1-8b-instruct,66,3
meta/llama-3.1-8b-instruct,66,2
meta/llama-3.1-8b-instruct,66,2
meta/llama-3.1-8b-instruct,66,2
meta/llama-3.1-8b-instruct,66,3
meta/llama-3.1-8b-instruct,67,3
meta/llama-3.1-8b-instruct,67,2
meta/llama-3.1-8b-instruct,62,2
meta/llama-3.1-8b-instruct,62,2
meta/llama-3.1-8b-instruct,62,2
meta/llama-3.1-8b-instruct,62,2
meta/llama-3.1-8b-instruct,62,2
meta/llama-3.1-8b-instruct,62,2
meta/llama-3.1-8b-instruct,62,2
meta/llama-3.1-8b-instruct,67,2
meta/llama-3.1-8b-instruct,63,2
meta/llama-3.1-8b-instruct,63,2
meta/llama-3.1-8b-instruct,67,2
meta/llama-3.1-8b-instruct,63,2
meta/llama-3.1-8b-instruct,63,2
meta/llama-3.1-8b-instruct,63,2
meta/llama-3.1-8b-instruct,63,2
meta/llama-3.1-8b-instruct,63,2
meta/llama-3.1-8b-instruct,63,2
meta/llama-3.1-8b-instruct,62,2
meta/llama-3.1-8b-instruct,59,2
meta/llama-3.1-8b-instruct,59,2
meta/llama-3.1-8b-instruct,59,2
meta/llama-3.1-8b-instruct,59,2
meta/llama-3.1-8b-instruct,59,2
meta/llama-3.1-8b-instruct,59,2
meta/llama-3.1-8b-instruct,59,2
meta/llama-3.1-8b-instruct,60,2
meta/llama-3.1-8b-instruct,60,2
meta/llama-3.1-8b-instruct,59,2
meta/llama-3.1-8b-instruct,60,2
meta/llama-3.1-8b-instruct,60,45
meta/llama-3.1-8b-instruct,60,2
meta/llama-3.1-8b-instruct,60,35
meta/llama-3.1-8b-instruct,60,43
meta/llama-3.1-8b-instruct,60,45
meta/llama-3.1-8b-instruct,60,38
meta/llama-3.1-8b-instruct,60,42
meta/llama-3.1-8b-instruct,60,39
meta/llama-3.1-8b-instruct,60,37
meta/llama-3.1-8b-instruct,63,256
meta/llama-3.1-8b-instruct,63,256
meta/llama-3.1-8b-instruct,63,253
meta/llama-3.1-8b-instruct,63,256
meta/llama-3.1-8b-instruct,63,256
meta/llama-3.1-8b-instruct,63,256
meta/llama-3.1-8b-instruct,63,256
meta/llama-3.1-8b-instruct,63,256
meta/llama-3.1-8b-instruct,65,256
meta/llama-3.1-8b-instruct,65,256
meta/llama-3.1-8b-instruct,65,256
meta/llama-3.1-8b-instruct,65,256
meta/llama-3.1-8b-instruct,65,256
meta/llama-3.1-8b-instruct,65,254
meta/llama-3.1-8b-instruct,65,256
meta/llama-3.1-8b-instruct,65,256
meta/llama-3.1-8b-instruct,52,256
meta/llama-3.1-8b-instruct,52,256
meta/llama-3.1-8b-instruct,52,256
meta/llama-3.1-8b-instruct,52,256
meta/llama-3.1-8b-instruct,52,256
meta/llama-3.1-8b-instruct,53,75
meta/llama-3.1-8b-instruct,53,78
meta/llama-3.1-8b-instruct,53,66
meta/llama-3.1-8b-instruct,53,101
meta/llama-3.1-8b-instruct,53,75
meta/llama-3.1-8b-instruct,53,77
meta/llama-3.1-8b-instruct,53,70
meta/llama-3.1-8b-instruct,53,256
meta/llama-3.1-8b-instruct,53,256
meta/llama-3.1-8b-instruct,53,256
meta/llama-3.1-8b-instruct,53,256
meta/llama-3.1-8b-instruct,53,256
meta/llama-3.1-8b-instruct,60,59
meta/llama-3.1-8b-instruct,53,256
meta/llama-3.1-8b-instruct,53,256
meta/llama-3.1-8b-instruct,60,66
meta/llama-3.1-8b-instruct,60,67
meta/llama-3.1-8b-instruct,60,78
meta/llama-3.1-8b-instruct,60,72
meta/llama-3.1-8b-instruct,53,256
meta/llama-3.1-8b-instruct,60,73
meta/llama-3.1-8b-instruct,60,73
meta/llama-3.1-8b-instruct,60,80
meta/llama-3.1-8b-instruct,63,256
meta/llama-3.1-8b-instruct,63,256
meta/llama-3.1-8b-instruct,63,256
meta/llama-3.1-8b-instruct,63,256
meta/llama-3.1-8b-instruct,63,256
meta/llama-3.1-8b-instruct,63,256
meta/llama-3.1-8b-instruct,63,256
meta/llama-3.1-8b-instruct,62,256
meta/llama-3.1-8b-instruct,62,213
meta/llama-3.1-8b-instruct,60,256
meta/llama-3.1-8b-instruct,62,256
meta/llama-3.1-8b-instruct,62,207
meta/llama-3.1-8b-instruct,60,256
meta/llama-3.1-8b-instruct,62,227
meta/llama-3.1-8b-instruct,60,256
meta/llama-3.1-8b-instruct,60,256
meta/llama-3.1-8b-instruct,60,256
meta/llama-3.1-8b-instruct,66,2
meta/llama-3.1-8b-instruct,66,2
meta/llama-3.1-8b-instruct,60,256
meta/llama-3.1-8b-instruct,66,2
meta/llama-3.1-8b-instruct,66,2
meta/llama-3.1-8b-instruct,60,256
meta/llama-3.1-8b-instruct,66,2
meta/llama-3.1-8b-instruct,60,256
meta/llama-3.1-8b-instruct,66,2
meta/llama-3.1-8b-instruct,66,2
meta/llama-3.1-8b-instruct,66,2
meta/llama-3.1-8b-instruct,67,2
meta/llama-3.1-8b-instruct,67,2
meta/llama-3.1-8b-instruct,67,2
meta/llama-3.1-8b-instruct,67,2
meta/llama-3.1-8b-instruct,67,2
meta/llama-3.1-8b-instruct,67,2
meta/llama-3.1-8b-instruct,67,2
meta/llama-3.1-8b-instruct,67,2
meta/llama-3.1-8b-instruct,65,2
meta/llama-3.1-8b-instruct,65,2
meta/llama-3.1-8b-instruct,65,2
meta/llama-3.1-8b-instruct,66,2
meta/llama-3.1-8b-instruct,66,2
meta/llama-3.1-8b-instruct,66,2
meta/llama-3.1-8b-instruct,66,2
meta/llama-3.1-8b-instruct,66,2
meta/llama-3.1-8b-instruct,66,2
meta/llama-3.1-8b-instruct,66,2
meta/llama-3.1-8b-instruct,66,2
meta/llama-3.1-8b-instruct,61,2
meta/llama-3.1-8b-instruct,61,2
meta/llama-3.1-8b-instruct,61,2
meta/llama-3.1-8b-instruct,61,2
meta/llama-3.1-8b-instruct,61,2
meta/llama-3.1-8b-instruct,61,2
meta/llama-3.1-8b-instruct,61,2
meta/llama-3.1-8b-instruct,61,2
meta/llama-3.1-8b-instruct,62,2
meta/llama-3.1-8b-instruct,62,2
meta/llama-3.1-8b-instruct,62,2
meta/llama-3.1-8b-instruct,62,2
meta/llama-3.1-8b-instruct,62,2
meta/llama-3.1-8b-instruct,62,2
meta/llama-3.1-8b-instruct,62,2
meta/llama-3.1-8b-instruct,65,2
meta/llama-3.1-8b-instruct,62,2
meta/llama-3.1-8b-instruct,61,2
meta/llama-3.1-8b-instruct,61,2
meta/llama-3.1-8b-instruct,61,2
meta/llama-3.1-8b-instruct,62,2
meta/llama-3.1-8b-instruct,62,2
meta/llama-3.1-8b-instruct,62,2
meta/llama-3.1-8b-instruct,62,2
meta/llama-3.1-8b-instruct,62,2
meta/llama-3.1-8b-instruct,62,2
meta/llama-3.1-8b-instruct,62,2
meta/llama-3.1-8b-instruct,58,32
meta/llama-3.1-8b-instruct,58,30
meta/llama-3.1-8b-instruct,62,2
meta/llama-3.1-8b-instruct,58,29
meta/llama-3.1-8b-instruct,58,34
meta/llama-3.1-8b-instruct,58,28
meta/llama-3.1-8b-instruct,58,31
meta/llama-3.1-8b-instruct,58,42
meta/llama-3.1-8b-instruct,58,39
meta/llama-3.1-8b-instruct,58,99
meta/llama-3.1-8b-instruct,58,173
meta/llama-3.1-8b-instruct,58,135
meta/llama-3.1-8b-instruct,58,126
meta/llama-3.1-8b-instruct,58,144
meta/llama-3.1-8b-instruct,58,81
meta/llama-3.1-8b-instruct,58,104
meta/llama-3.1-8b-instruct,57,91
meta/llama-3.1-8b-instruct,57,79
meta/llama-3.1-8b-instruct,57,65
meta/llama-3.1-8b-instruct,57,67
meta/llama-3.1-8b-instruct,57,45
meta/llama-3.1-8b-instruct,57,82
meta/llama-3.1-8b-instruct,58,164
meta/llama-3.1-8b-instruct,47,256
meta/llama-3.1-8b-instruct,47,256
meta/llama-3.1-8b-instruct,47,256
meta/llama-3.1-8b-instruct,47,256
meta/llama-3.1-8b-instruct,47,256
meta/llama-3.1-8b-instruct,51,59
meta/llama-3.1-8b-instruct,51,76
meta/llama-3.1-8b-instruct,51,68
meta/llama-3.1-8b-instruct,47,256
meta/llama-3.1-8b-instruct,51,65
meta/llama-3.1-8b-instruct,51,68
meta/llama-3.1-8b-instruct,51,73
meta/llama-3.1-8b-instruct,51,87
meta/llama-3.1-8b-instruct,51,92
meta/llama-3.1-8b-instruct,51,256
meta/llama-3.1-8b-instruct,51,256
meta/llama-3.1-8b-instruct,51,256
meta/llama-3.1-8b-instruct,51,256
meta/llama-3.1-8b-instruct,51,256
meta/llama-3.1-8b-instruct,57,74
meta/llama-3.1-8b-instruct,51,256
meta/llama-3.1-8b-instruct,57,83
meta/llama-3.1-8b-instruct,51,256
meta/llama-3.1-8b-instruct,57,79
meta/llama-3.1-8b-instruct,57,77
meta/llama-3.1-8b-instruct,51,256
meta/llama-3.1-8b-instruct,57,87
meta/llama-3.1-8b-instruct,57,66
meta/llama-3.1-8b-instruct,57,83
meta/llama-3.1-8b-instruct,57,89
meta/llama-3.1-8b-instruct,53,256
meta/llama-3.1-8b-instruct,60,66
meta/llama-3.1-8b-instruct,60,68
meta/llama-3.1-8b-instruct,53,256
meta/llama-3.1-8b-instruct,53,256
meta/llama-3.1-8b-instruct,60,65
meta/llama-3.1-8b-instruct,60,56
meta/llama-3.1-8b-instruct,53,256
meta/llama-3.1-8b-instruct,60,75
meta/llama-3.1-8b-instruct,60,57
meta/llama-3.1-8b-instruct,60,68
meta/llama-3.1-8b-instruct,59,256
meta/llama-3.1-8b-instruct,60,78
meta/llama-3.1-8b-instruct,59,256
meta/llama-3.1-8b-instruct,59,256
meta/llama-3.1-8b-instruct,59,256
meta/llama-3.1-8b-instruct,59,256
meta/llama-3.1-8b-instruct,59,2
meta/llama-3.1-8b-instruct,59,256
meta/llama-3.1-8b-instruct,59,2
meta/llama-3.1-8b-instruct,59,2
meta/llama-3.1-8b-instruct,59,2
meta/llama-3.1-8b-instruct,59,12
meta/llama-3.1-8b-instruct,59,256
meta/llama-3.1-8b-instruct,59,12
meta/llama-3.1-8b-instruct,59,2
meta/llama-3.1-8b-instruct,59,2
meta/llama-3.1-8b-instruct,60,2
meta/llama-3.1-8b-instruct,60,2
meta/llama-3.1-8b-instruct,59,256
meta/llama-3.1-8b-instruct,66,2
meta/llama-3.1-8b-instruct,66,2
meta/llama-3.1-8b-instruct,66,3
meta/llama-3.1-8b-instruct,66,2
meta/llama-3.1-8b-instruct,60,2
meta/llama-3.1-8b-instruct,66,2
meta/llama-3.1-8b-instruct,66,2
meta/llama-3.1-8b-instruct,66,2
meta/llama-3.1-8b-instruct,66,2
meta/llama-3.1-8b-instruct,67,2
meta/llama-3.1-8b-instruct,67,2
meta/llama-3.1-8b-instruct,67,2
meta/llama-3.1-8b-instruct,60,2
meta/llama-3.1-8b-instruct,67,2
meta/llama-3.1-8b-instruct,67,2
meta/llama-3.1-8b-instruct,67,2
meta/llama-3.1-8b-instruct,67,2
meta/llama-3.1-8b-instruct,67,2
meta/llama-3.1-8b-instruct,62,2
meta/llama-3.1-8b-instruct,62,2
meta/llama-3.1-8b-instruct,62,2
meta/llama-3.1-8b-instruct,62,2
meta/llama-3.1-8b-instruct,62,2
meta/llama-3.1-8b-instruct,62,2
meta/llama-3.1-8b-instruct,62,2
meta/llama-3.1-8b-instruct,62,2
meta/llama-3.1-8b-instruct,63,2
meta/llama-3.1-8b-instruct,63,2
meta/llama-3.1-8b-instruct,63,2
meta/llama-3.1-8b-instruct,63,2
meta/llama-3.1-8b-instruct,59,2
meta/llama-3.1-8b-instruct,59,2
meta/llama-3.1-8b-instruct,59,2
meta/llama-3.1-8b-instruct,59,2
meta/llama-3.1-8b-instruct,59,2
meta/llama-3.1-8b-instruct,59,2
meta/llama-3.1-8b-instruct,59,2
meta/llama-3.1-8b-instruct,60,2
meta/llama-3.1-8b-instruct,60,2
meta/llama-3.1-8b-instruct,60,2
meta/llama-3.1-8b-instruct,60,2
meta/llama-3.1-8b-instruct,59,2
meta/llama-3.1-8b-instruct,60,2
meta/llama-3.1-8b-instruct,60,2
meta/llama-3.1-8b-instruct,60,2
meta/llama-3.1-8b-instruct,60,2
meta/llama-3.1-8b-instruct,59,35
meta/llama-3.1-8b-instruct,59,35
meta/llama-3.1-8b-instruct,59,36
meta/llama-3.1-8b-instruct,59,37
meta/llama-3.1-8b-instruct,59,38
meta/llama-3.1-8b-instruct,59,36
meta/llama-3.1-8b-instruct,59,46
meta/llama-3.1-8b-instruct,59,37
meta/llama-3.1-8b-instruct,62,256
meta/llama-3.1-8b-instruct,62,256
meta/llama-3.1-8b-instruct,62,256
meta/llama-3.1-8b-instruct,62,256
meta/llama-3.1-8b-instruct,62,256
meta/llama-3.1-8b-instruct,62,256
meta/llama-3.1-8b-instruct,64,250
meta/llama-3.1-8b-instruct,64,256
meta/llama-3.1-8b-instruct,64,242
meta/llama-3.1-8b-instruct,64,239
meta/llama-3.1-8b-instruct,64,256
meta/llama-3.1-8b-instruct,64,221
meta/llama-3.1-8b-instruct,51,256
meta/llama-3.1-8b-instruct,51,256
meta/llama-3.1-8b-instruct,51,256
meta/llama-3.1-8b-instruct,51,256
meta/llama-3.1-8b-instruct,51,256
meta/llama-3.1-8b-instruct,52,76
meta/llama-3.1-8b-instruct,51,256
meta/llama-3.1-8b-instruct,52,76
meta/llama-3.1-8b-instruct,51,256
meta/llama-3.1-8b-instruct,52,80
meta/llama-3.1-8b-instruct,52,64
meta/llama-3.1-8b-instruct,51,256
meta/llama-3.1-8b-instruct,52,71
meta/llama-3.1-8b-instruct,52,82
meta/llama-3.1-8b-instruct,52,65
meta/llama-3.1-8b-instruct,52,85
meta/llama-3.1-8b-instruct,52,256
meta/llama-3.1-8b-instruct,52,256
meta/llama-3.1-8b-instruct,52,256
meta/llama-3.1-8b-instruct,52,256
meta/llama-3.1-8b-instruct,52,256
meta/llama-3.1-8b-instruct,52,256
meta/llama-3.1-8b-instruct,52,256
meta/llama-3.1-8b-instruct,52,256
meta/llama-3.1-8b-instruct,59,58
meta/llama-3.1-8b-instruct,59,80
meta/llama-3.1-8b-instruct,59,73
meta/llama-3.1-8b-instruct,62,256
meta/llama-3.1-8b-instruct,62,256
meta/llama-3.1-8b-instruct,62,256
meta/llama-3.1-8b-instruct,62,256
meta/llama-3.1-8b-instruct,62,256
meta/llama-3.1-8b-instruct,59,64
meta/llama-3.1-8b-instruct,62,256
meta/llama-3.1-8b-instruct,62,256
meta/llama-3.1-8b-instruct,61,93
meta/llama-3.1-8b-instruct,62,256
meta/llama-3.1-8b-instruct,61,256
meta/llama-3.1-8b-instruct,61,256
meta/llama-3.1-8b-instruct,61,256
meta/llama-3.1-8b-instruct,61,125
meta/llama-3.1-8b-instruct,61,239
meta/llama-3.1-8b-instruct,61,119
meta/llama-3.1-8b-instruct,61,256
meta/llama-3.1-8b-instruct,59,256
meta/llama-3.1-8b-instruct,59,256
meta/llama-3.1-8b-instruct,59,256
meta/llama-3.1-8b-instruct,59,256
meta/llama-3.1-8b-instruct,59,256
meta/llama-3.1-8b-instruct,59,256
meta/llama-3.1-8b-instruct,66,2
meta/llama-3.1-8b-instruct,66,2
meta/llama-3.1-8b-instruct,59,256
meta/llama-3.1-8b-instruct,59,256
meta/llama-3.1-8b-instruct,67,2
meta/llama-3.1-8b-instruct,67,2
meta/llama-3.1-8b-instruct,67,2
meta/llama-3.1-8b-instruct,67,2
meta/llama-3.1-8b-instruct,67,2
meta/llama-3.1-8b-instruct,67,2
meta/llama-3.1-8b-instruct,67,2
meta/llama-3.1-8b-instruct,65,2
meta/llama-3.1-8b-instruct,65,2
meta/llama-3.1-8b-instruct,65,2
meta/llama-3.1-8b-instruct,65,2
meta/llama-3.1-8b-instruct,65,2
meta/llama-3.1-8b-instruct,65,2
meta/llama-3.1-8b-instruct,65,2
meta/llama-3.1-8b-instruct,66,2
meta/llama-3.1-8b-instruct,66,2
meta/llama-3.1-8b-instruct,65,2
meta/llama-3.1-8b-instruct,67,2
meta/llama-3.1-8b-instruct,66,2
meta/llama-3.1-8b-instruct,66,2
meta/llama-3.1-8b-instruct,66,2
meta/llama-3.1-8b-instruct,66,2
meta/llama-3.1-8b-instruct,66,2
meta/llama-3.1-8b-instruct,66,2
meta/llama-3.1-8b-instruct,66,2
meta/llama-3.1-8b-instruct,66,2
meta/llama-3.1-8b-instruct,61,2
meta/llama-3.1-8b-instruct,61,2
meta/llama-3.1-8b-instruct,61,2
meta/llama-3.1-8b-instruct,61,2
meta/llama-3.1-8b-instruct,61,2
meta/llama-3.1-8b-instruct,62,2
meta/llama-3.1-8b-instruct,61,2
meta/llama-3.1-8b-instruct,62,2
meta/llama-3.1-8b-instruct,61,2
meta/llama-3.1-8b-instruct,62,2
meta/llama-3.1-8b-instruct,62,2
meta/llama-3.1-8b-instruct,61,2
meta/llama-3.1-8b-instruct,62,2
meta/llama-3.1-8b-instruct,62,2
meta/llama-3.1-8b-instruct,62,2
meta/llama-3.1-8b-instruct,62,2
meta/llama-3.1-8b-instruct,61,2
meta/llama-3.1-8b-instruct,61,2
meta/llama-3.1-8b-instruct,61,2
meta/llama-3.1-8b-instruct,61,2
meta/llama-3.1-8b-instruct,61,2
meta/llama-3.1-8b-instruct,61,2
meta/llama-3.1-8b-instruct,61,2
meta/llama-3.1-8b-instruct,61,2
meta/llama-3.1-8b-instruct,62,2
meta/llama-3.1-8b-instruct,62,2
meta/llama-3.1-8b-instruct,62,2
meta/llama-3.1-8b-instruct,62,2
meta/llama-3.1-8b-instruct,62,2
meta/llama-3.1-8b-instruct,62,2
meta/llama-3.1-8b-instruct,62,2
meta/llama-3.1-8b-instruct,62,2
meta/llama-3.1-8b-instruct,58,30
meta/llama-3.1-8b-instruct,58,29
meta/llama-3.1-8b-instruct,58,28
meta/llama-3.1-8b-instruct,58,31
meta/llama-3.1-8b-instruct,58,87
meta/llama-3.1-8b-instruct,58,102
meta/llama-3.1-8b-instruct,58,91
meta/llama-3.1-8b-instruct,58,125
meta/llama-3.1-8b-instruct,58,70
meta/llama-3.1-8b-instruct,58,99
meta/llama-3.1-8b-instruct,58,218
meta/llama-3.1-8b-instruct,57,64
meta/llama-3.1-8b-instruct,57,53
meta/llama-3.1-8b-instruct,58,105
meta/llama-3.1-8b-instruct,57,89
meta/llama-3.1-8b-instruct,57,104
meta/llama-3.1-8b-instruct,57,99
meta/llama-3.1-8b-instruct,57,90
meta/llama-3.1-8b-instruct,57,87
meta/llama-3.1-8b-instruct,57,81
meta/llama-3.1-8b-instruct,47,256
meta/llama-3.1-8b-instruct,47,256
meta/llama-3.1-8b-instruct,47,243
meta/llama-3.1-8b-instruct,47,256
meta/llama-3.1-8b-instruct,47,256
meta/llama-3.1-8b-instruct,47,256
meta/llama-3.1-8b-instruct,51,82
meta/llama-3.1-8b-instruct,47,256
meta/llama-3.1-8b-instruct,47,241
meta/llama-3.1-8b-instruct,51,104
meta/llama-3.1-8b-instruct,51,98
meta/llama-3.1-8b-instruct,51,66
meta/llama-3.1-8b-instruct,51,256
meta/llama-3.1-8b-instruct,51,256
meta/llama-3.1-8b-instruct,51,256
meta/llama-3.1-8b-instruct,51,256
meta/llama-3.1-8b-instruct,51,256
meta/llama-3.1-8b-instruct,51,256
meta/llama-3.1-8b-instruct,57,99
meta/llama-3.1-8b-instruct,51,256
meta/llama-3.1-8b-instruct,57,83
meta/llama-3.1-8b-instruct,57,87
meta/llama-3.1-8b-instruct,57,80
meta/llama-3.1-8b-instruct,51,256
meta/llama-3.1-8b-instruct,57,97
meta/llama-3.1-8b-instruct,57,82
meta/llama-3.1-8b-instruct,57,93
meta/llama-3.1-8b-instruct,57,68
meta/llama-3.1-8b-instruct,53,256
meta/llama-3.1-8b-instruct,53,256
meta/llama-3.1-8b-instruct,53,256
meta/llama-3.1-8b-instruct,53,256
meta/llama-3.1-8b-instruct,53,256
meta/llama-3.1-8b-instruct,53,256
meta/llama-3.1-8b-instruct,60,59
meta/llama-3.1-8b-instruct,60,52
meta/llama-3.1-8b-instruct,53,256
meta/llama-3.1-8b-instruct,60,79
meta/llama-3.1-8b-instruct,53,256
meta/llama-3.1-8b-instruct,60,68
meta/llama-3.1-8b-instruct,60,115
meta/llama-3.1-8b-instruct,60,150
meta/llama-3.1-8b-instruct,60,128
meta/llama-3.1-8b-instruct,60,68
meta/llama-3.1-8b-instruct,59,256
meta/llama-3.1-8b-instruct,59,256
meta/llama-3.1-8b-instruct,59,256
meta/llama-3.1-8b-instruct,59,256
meta/llama-3.1-8b-instruct,59,256
meta/llama-3.1-8b-instruct,59,256
meta/llama-3.1-8b-instruct,60,2
meta/llama-3.1-8b-instruct,60,2
meta/llama-3.1-8b-instruct,60,2
meta/llama-3.1-8b-instruct,60,2
meta/llama-3.1-8b-instruct,60,2
meta/llama-3.1-8b-instruct,59,256
meta/llama-3.1-8b-instruct,60,2
meta/llama-3.1-8b-instruct,59,256
meta/llama-3.1-8b-instruct,60,2
meta/llama-3.1-8b-instruct,60,2
meta/llama-3.1-8b-instruct,61,2
meta/llama-3.1-8b-instruct,61,2
meta/llama-3.1-8b-instruct,61,2
meta/llama-3.1-8b-instruct,61,2
meta/llama-3.1-8b-instruct,61,12
meta/llama-3.1-8b-instruct,61,2
meta/llama-3.1-8b-instruct,61,2
meta/llama-3.1-8b-instruct,61,2
meta/llama-3.1-8b-instruct,67,2
meta/llama-3.1-8b-instruct,67,2
meta/llama-3.1-8b-instruct,67,3
meta/llama-3.1-8b-instruct,67,2
meta/llama-3.1-8b-instruct,68,3
meta/llama-3.1-8b-instruct,68,3
meta/llama-3.1-8b-instruct,68,3
meta/llama-3.1-8b-instruct,68,3
meta/llama-3.1-8b-instruct,68,2
meta/llama-3.1-8b-instruct,63,2
meta/llama-3.1-8b-instruct,68,3
meta/llama-3.1-8b-instruct,63,2
meta/llama-3.1-8b-instruct,68,2
meta/llama-3.1-8b-instruct,63,2
meta/llama-3.1-8b-instruct,68,3
meta/llama-3.1-8b-instruct,63,2
meta/llama-3.1-8b-instruct,63,2
meta/llama-3.1-8b-instruct,63,2
meta/llama-3.1-8b-instruct,63,2
meta/llama-3.1-8b-instruct,63,2
meta/llama-3.1-8b-instruct,64,2
meta/llama-3.1-8b-instruct,64,2
meta/llama-3.1-8b-instruct,64,2
meta/llama-3.1-8b-instruct,64,2
meta/llama-3.1-8b-instruct,64,2
meta/llama-3.1-8b-instruct,64,2
meta/llama-3.1-8b-instruct,64,2
meta/llama-3.1-8b-instruct,64,2
meta/llama-3.1-8b-instruct,60,2
meta/llama-3.1-8b-instruct,60,2
meta/llama-3.1-8b-instruct,60,2
meta/llama-3.1-8b-instruct,60,2
meta/llama-3.1-8b-instruct,60,2
meta/llama-3.1-8b-instruct,60,2
meta/llama-3.1-8b-instruct,61,2
meta/llama-3.1-8b-instruct,61,2
meta/llama-3.1-8b-instruct,61,2
meta/llama-3.1-8b-instruct,61,2
meta/llama-3.1-8b-instruct,61,2
meta/llama-3.1-8b-instruct,60,45
meta/llama-3.1-8b-instruct,60,36
meta/llama-3.1-8b-instruct,60,44
meta/llama-3.1-8b-instruct,61,2
meta/llama-3.1-8b-instruct,60,42
meta/llama-3.1-8b-instruct,60,39
meta/llama-3.1-8b-instruct,60,42
meta/llama-3.1-8b-instruct,60,41
meta/llama-3.1-8b-instruct,60,41
meta/llama-3.1-8b-instruct,63,256
meta/llama-3.1-8b-instruct,63,239
meta/llama-3.1-8b-instruct,63,256
meta/llama-3.1-8b-instruct,63,231
meta/llama-3.1-8b-instruct,63,256
meta/llama-3.1-8b-instruct,63,256
meta/llama-3.1-8b-instruct,63,256
meta/llama-3.1-8b-instruct,63,256
meta/llama-3.1-8b-instruct,65,256
meta/llama-3.1-8b-instruct,65,256
meta/llama-3.1-8b-instruct,65,213
meta/llama-3.1-8b-instruct,65,256
meta/llama-3.1-8b-instruct,65,204
meta/llama-3.1-8b-instruct,65,256
meta/llama-3.1-8b-instruct,65,256
meta/llama-3.1-8b-instruct,65,256
meta/llama-3.1-8b-instruct,52,256
meta/llama-3.1-8b-instruct,53,66
meta/llama-3.1-8b-instruct,53,76
meta/llama-3.1-8b-instruct,53,74
meta/llama-3.1-8b-instruct,52,256
meta/llama-3.1-8b-instruct,52,256
meta/llama-3.1-8b-instruct,53,76
meta/llama-3.1-8b-instruct,52,256
meta/llama-3.1-8b-instruct,53,75
meta/llama-3.1-8b-instruct,53,71
meta/llama-3.1-8b-instruct,53,78
meta/llama-3.1-8b-instruct,53,81
meta/llama-3.1-8b-instruct,53,256
meta/llama-3.1-8b-instruct,53,256
meta/llama-3.1-8b-instruct,53,256
meta/llama-3.1-8b-instruct,53,256
meta/llama-3.1-8b-instruct,53,256
meta/llama-3.1-8b-instruct,53,256
meta/llama-3.1-8b-instruct,60,62
meta/llama-3.1-8b-instruct,53,256
meta/llama-3.1-8b-instruct,53,256
meta/llama-3.1-8b-instruct,60,73
meta/llama-3.1-8b-instruct,60,60
meta/llama-3.1-8b-instruct,60,53
meta/llama-3.1-8b-instruct,60,83
meta/llama-3.1-8b-instruct,60,86
meta/llama-3.1-8b-instruct,60,75
meta/llama-3.1-8b-instruct,60,88
meta/llama-3.1-8b-instruct,63,256
meta/llama-3.1-8b-instruct,63,256
meta/llama-3.1-8b-instruct,63,256
meta/llama-3.1-8b-instruct,63,256
meta/llama-3.1-8b-instruct,62,256
meta/llama-3.1-8b-instruct,62,157
meta/llama-3.1-8b-instruct,62,256
meta/llama-3.1-8b-instruct,62,256
meta/llama-3.1-8b-instruct,62,256
meta/llama-3.1-8b-instruct,62,256
meta/llama-3.1-8b-instruct,62,256
meta/llama-3.1-8b-instruct,62,256
meta/llama-3.1-8b-instruct,60,256
meta/llama-3.1-8b-instruct,60,256
meta/llama-3.1-8b-instruct,60,256
meta/llama-3.1-8b-instruct,60,256
meta/llama-3.1-8b-instruct,60,256
meta/llama-3.1-8b-instruct,60,256
meta/llama-3.1-8b-instruct,60,256
meta/llama-3.1-8b-instruct,60,256
meta/llama-3.1-70b-instruct,63,2
meta/llama-3.1-70b-instruct,63,2
meta/llama-3.1-70b-instruct,63,2
meta/llama-3.1-70b-instruct,63,2
meta/llama-3.1-70b-instruct,63,2
meta/llama-3.1-70b-instruct,63,2
meta/llama-3.1-70b-instruct,64,2
meta/llama-3.1-70b-instruct,63,2
meta/llama-3.1-70b-instruct,64,2
meta/llama-3.1-70b-instruct,64,2
meta/llama-3.1-70b-instruct,64,2
meta/llama-3.1-70b-instruct,64,2
meta/llama-3.1-70b-instruct,63,2
meta/llama-3.1-70b-instruct,64,2
meta/llama-3.1-70b-instruct,62,2
meta/llama-3.1-70b-instruct,62,2
meta/llama-3.1-70b-instruct,62,2
meta/llama-3.1-70b-instruct,62,2
meta/llama-3.1-70b-instruct,62,2
meta/llama-3.1-70b-instruct,62,2
meta/llama-3.1-70b-instruct,64,2
meta/llama-3.1-70b-instruct,63,2
meta/llama-3.1-70b-instruct,62,2
meta/llama-3.1-70b-instruct,62,2
meta/llama-3.1-70b-instruct,63,2
meta/llama-3.1-70b-instruct,63,2
meta/llama-3.1-70b-instruct,63,2
meta/llama-3.1-70b-instruct,64,2
meta/llama-3.1-70b-instruct,63,2
meta/llama-3.1-70b-instruct,63,2
meta/llama-3.1-70b-instruct,58,2
meta/llama-3.1-70b-instruct,58,2
meta/llama-3.1-70b-instruct,63,2
meta/llama-3.1-70b-instruct,58,2
meta/llama-3.1-70b-instruct,63,2
meta/llama-3.1-70b-instruct,58,2
meta/llama-3.1-70b-instruct,58,2
meta/llama-3.1-70b-instruct,58,2
meta/llama-3.1-70b-instruct,59,2
meta/llama-3.1-70b-instruct,59,2
meta/llama-3.1-70b-instruct,58,2
meta/llama-3.1-70b-instruct,59,2
meta/llama-3.1-70b-instruct,60,70
meta/llama-3.1-70b-instruct,60,59
meta/llama-3.1-70b-instruct,53,256
meta/llama-3.1-70b-instruct,63,256
meta/llama-3.1-70b-instruct,63,256
meta/llama-3.1-70b-instruct,63,256
meta/llama-3.1-70b-instruct,63,256
meta/llama-3.1-70b-instruct,63,256
meta/llama-3.1-70b-instruct,63,256
meta/llama-3.1-70b-instruct,63,256
meta/llama-3.1-70b-instruct,62,254
meta/llama-3.1-70b-instruct,63,256
meta/llama-3.1-70b-instruct,62,143
meta/llama-3.1-70b-instruct,62,240
meta/llama-3.1-70b-instruct,62,64
meta/llama-3.1-70b-instruct,62,256
meta/llama-3.1-70b-instruct,62,83
meta/llama-3.1-70b-instruct,62,182
meta/llama-3.1-70b-instruct,60,256
meta/llama-3.1-70b-instruct,60,256
meta/llama-3.1-70b-instruct,60,256
meta/llama-3.1-70b-instruct,62,53
meta/llama-3.1-70b-instruct,60,209
meta/llama-3.1-70b-instruct,60,250
meta/llama-3.1-70b-instruct,60,256
meta/llama-3.1-70b-instruct,65,2
meta/llama-3.1-70b-instruct,65,2
meta/llama-3.1-70b-instruct,65,2
meta/llama-3.1-70b-instruct,65,2
meta/llama-3.1-70b-instruct,65,2
meta/llama-3.1-70b-instruct,65,2
meta/llama-3.1-70b-instruct,60,256
meta/llama-3.1-70b-instruct,65,2
meta/llama-3.1-70b-instruct,65,2
meta/llama-3.1-70b-instruct,66,2
meta/llama-3.1-70b-instruct,66,2
meta/llama-3.1-70b-instruct,66,2
meta/llama-3.1-70b-instruct,66,2
meta/llama-3.1-70b-instruct,66,2
meta/llama-3.1-70b-instruct,60,70
meta/llama-3.1-70b-instruct,66,2
meta/llama-3.1-70b-instruct,64,2
meta/llama-3.1-70b-instruct,64,2
meta/llama-3.1-70b-instruct,64,2
meta/llama-3.1-70b-instruct,64,2
meta/llama-3.1-70b-instruct,64,2
meta/llama-3.1-70b-instruct,64,2
meta/llama-3.1-70b-instruct,64,2
meta/llama-3.1-70b-instruct,64,2
meta/llama-3.1-70b-instruct,65,2
meta/llama-3.1-70b-instruct,65,2
meta/llama-3.1-70b-instruct,65,2
meta/llama-3.1-70b-instruct,65,2
meta/llama-3.1-70b-instruct,65,2
meta/llama-3.1-70b-instruct,65,2
meta/llama-3.1-70b-instruct,65,2
meta/llama-3.1-70b-instruct,65,2
meta/llama-3.1-70b-instruct,60,2
meta/llama-3.1-70b-instruct,60,2
meta/llama-3.1-70b-instruct,60,2
meta/llama-3.1-70b-instruct,60,2
meta/llama-3.1-70b-instruct,60,2
meta/llama-3.1-70b-instruct,60,2
meta/llama-3.1-70b-instruct,60,2
meta/llama-3.1-70b-instruct,60,2
meta/llama-3.1-70b-instruct,61,2
meta/llama-3.1-70b-instruct,61,2
meta/llama-3.1-70b-instruct,61,2
meta/llama-3.1-70b-instruct,61,2
meta/llama-3.1-70b-instruct,61,2
meta/llama-3.1-70b-instruct,61,2
meta/llama-3.1-70b-instruct,60,256
meta/llama-3.1-70b-instruct,66,2
meta/llama-3.1-70b-instruct,57,31
meta/llama-3.1-70b-instruct,57,34
meta/llama-3.1-70b-instruct,57,30
meta/llama-3.1-70b-instruct,57,35
meta/llama-3.1-70b-instruct,57,29
meta/llama-3.1-70b-instruct,57,34
meta/llama-3.1-70b-instruct,57,31
meta/llama-3.1-70b-instruct,61,2
meta/llama-3.1-70b-instruct,57,72
meta/llama-3.1-70b-instruct,57,67
meta/llama-3.1-70b-instruct,57,84
meta/llama-3.1-70b-instruct,57,63
meta/llama-3.1-70b-instruct,57,216
meta/llama-3.1-70b-instruct,57,72
meta/llama-3.1-70b-instruct,57,91
meta/llama-3.1-70b-instruct,57,73
meta/llama-3.1-70b-instruct,56,44
meta/llama-3.1-70b-instruct,56,57
meta/llama-3.1-70b-instruct,56,49
meta/llama-3.1-70b-instruct,56,50
meta/llama-3.1-70b-instruct,56,38
meta/llama-3.1-70b-instruct,56,37
meta/llama-3.1-70b-instruct,56,60
meta/llama-3.1-70b-instruct,46,256
meta/llama-3.1-70b-instruct,46,256
meta/llama-3.1-70b-instruct,46,256
meta/llama-3.1-70b-instruct,46,256
meta/llama-3.1-70b-instruct,46,235
meta/llama-3.1-70b-instruct,61,2
meta/llama-3.1-70b-instruct,46,256
meta/llama-3.1-70b-instruct,61,2
meta/llama-3.1-70b-instruct,50,94
meta/llama-3.1-70b-instruct,50,69
meta/llama-3.1-70b-instruct,50,84
meta/llama-3.1-70b-instruct,50,61
meta/llama-3.1-70b-instruct,50,91
meta/llama-3.1-70b-instruct,46,256
meta/llama-3.1-70b-instruct,50,74
meta/llama-3.1-70b-instruct,50,81
meta/llama-3.1-70b-instruct,50,76
meta/llama-3.1-70b-instruct,50,256
meta/llama-3.1-70b-instruct,50,256
meta/llama-3.1-70b-instruct,50,256
meta/llama-3.1-70b-instruct,50,256
meta/llama-3.1-70b-instruct,50,256
meta/llama-3.1-70b-instruct,50,256
meta/llama-3.1-70b-instruct,56,87
meta/llama-3.1-70b-instruct,56,70
meta/llama-3.1-70b-instruct,50,256
meta/llama-3.1-70b-instruct,56,76
meta/llama-3.1-70b-instruct,56,81
meta/llama-3.1-70b-instruct,56,71
meta/llama-3.1-70b-instruct,56,79
meta/llama-3.1-70b-instruct,56,81
meta/llama-3.1-70b-instruct,52,26
meta/llama-3.1-70b-instruct,56,81
meta/llama-3.1-70b-instruct,50,256
meta/llama-3.1-70b-instruct,52,256
meta/llama-3.1-70b-instruct,52,256
meta/llama-3.1-70b-instruct,52,256
meta/llama-3.1-70b-instruct,52,256
meta/llama-3.1-70b-instruct,59,44
meta/llama-3.1-70b-instruct,52,256
meta/llama-3.1-70b-instruct,59,67
meta/llama-3.1-70b-instruct,59,42
meta/llama-3.1-70b-instruct,59,63
meta/llama-3.1-70b-instruct,59,67
meta/llama-3.1-70b-instruct,52,256
meta/llama-3.1-70b-instruct,59,46
meta/llama-3.1-70b-instruct,59,67
meta/llama-3.1-70b-instruct,59,70
meta/llama-3.1-70b-instruct,58,256
meta/llama-3.1-70b-instruct,58,256
meta/llama-3.1-70b-instruct,58,256
meta/llama-3.1-70b-instruct,58,256
meta/llama-3.1-70b-instruct,58,256
meta/llama-3.1-70b-instruct,58,70
meta/llama-3.1-70b-instruct,59,2
meta/llama-3.1-70b-instruct,58,256
meta/llama-3.1-70b-instruct,59,2
meta/llama-3.1-70b-instruct,59,2
meta/llama-3.1-70b-instruct,59,2
meta/llama-3.1-70b-instruct,59,2
meta/llama-3.1-70b-instruct,59,2
meta/llama-3.1-70b-instruct,59,2
meta/llama-3.1-70b-instruct,60,2
meta/llama-3.1-70b-instruct,59,2
meta/llama-3.1-70b-instruct,60,2
meta/llama-3.1-70b-instruct,60,2
meta/llama-3.1-70b-instruct,60,2
meta/llama-3.1-70b-instruct,60,2
meta/llama-3.1-70b-instruct,60,2
meta/llama-3.1-70b-instruct,60,2
meta/llama-3.1-70b-instruct,66,2
meta/llama-3.1-70b-instruct,60,2
meta/llama-3.1-70b-instruct,66,2
meta/llama-3.1-70b-instruct,66,2
meta/llama-3.1-70b-instruct,66,2
meta/llama-3.1-70b-instruct,66,2
meta/llama-3.1-70b-instruct,66,2
meta/llama-3.1-70b-instruct,67,2
meta/llama-3.1-70b-instruct,67,2
meta/llama-3.1-70b-instruct,66,2
meta/llama-3.1-70b-instruct,67,2
meta/llama-3.1-70b-instruct,67,2
meta/llama-3.1-70b-instruct,52,256
meta/llama-3.1-70b-instruct,67,2
meta/llama-3.1-70b-instruct,62,2
meta/llama-3.1-70b-instruct,62,2
meta/llama-3.1-70b-instruct,62,2
meta/llama-3.1-70b-instruct,67,2
meta/llama-3.1-70b-instruct,62,2
meta/llama-3.1-70b-instruct,62,2
meta/llama-3.1-70b-instruct,62,2
meta/llama-3.1-70b-instruct,62,2
meta/llama-3.1-70b-instruct,63,2
meta/llama-3.1-70b-instruct,62,2
meta/llama-3.1-70b-instruct,63,2
meta/llama-3.1-70b-instruct,67,2
meta/llama-3.1-70b-instruct,63,2
meta/llama-3.1-70b-instruct,61,233
meta/llama-3.1-70b-instruct,61,256
meta/llama-3.1-70b-instruct,66,2
meta/llama-3.1-70b-instruct,67,2
meta/llama-3.1-70b-instruct,58,37
meta/llama-3.3-70b-instruct,55,256
meta/llama-3.3-70b-instruct,55,256
meta/llama-3.3-70b-instruct,55,256
meta/llama-3.3-70b-instruct,62,81
meta/llama-3.3-70b-instruct,62,91
meta/llama-3.3-70b-instruct,62,87
meta/llama-3.3-70b-instruct,62,94
meta/llama-3.3-70b-instruct,62,74
meta/llama-3.3-70b-instruct,62,80
meta/llama-3.3-70b-instruct,62,84
meta/llama-3.3-70b-instruct,62,89
meta/llama-3.3-70b-instruct,61,256
meta/llama-3.3-70b-instruct,61,256
meta/llama-3.3-70b-instruct,61,256
meta/llama-3.3-70b-instruct,61,256
meta/llama-3.3-70b-instruct,61,256
meta/llama-3.3-70b-instruct,61,256
meta/llama-3.3-70b-instruct,61,256
meta/llama-3.3-70b-instruct,61,256
meta/llama-3.3-70b-instruct,57,2
meta/llama-3.3-70b-instruct,57,2
meta/llama-3.3-70b-instruct,57,2
meta/llama-3.3-70b-instruct,57,2
meta/llama-3.3-70b-instruct,57,2
meta/llama-3.3-70b-instruct,57,2
meta/llama-3.3-70b-instruct,57,2
meta/llama-3.3-70b-instruct,57,2
meta/llama-3.3-70b-instruct,58,2
meta/llama-3.3-70b-instruct,58,2
meta/llama-3.3-70b-instruct,58,2
meta/llama-3.3-70b-instruct,58,2
meta/llama-3.3-70b-instruct,58,2
meta/llama-3.3-70b-instruct,58,2
meta/llama-3.3-70b-instruct,58,2
meta/llama-3.3-70b-instruct,58,2
meta/llama-3.3-70b-instruct,64,2
meta/llama-3.3-70b-instruct,64,2
meta/llama-3.3-70b-instruct,64,2
meta/llama-3.3-70b-instruct,64,2
meta/llama-3.3-70b-instruct,64,2
meta/llama-3.3-70b-instruct,64,2
meta/llama-3.3-70b-instruct,64,2
meta/llama-3.3-70b-instruct,64,2
meta/llama-3.3-70b-instruct,65,2
meta/llama-3.3-70b-instruct,65,2
meta/llama-3.3-70b-instruct,65,2
meta/llama-3.3-70b-instruct,65,2
meta/llama-3.3-70b-instruct,65,2
meta/llama-3.3-70b-instruct,65,2
meta/llama-3.3-70b-instruct,65,2
meta/llama-3.3-70b-instruct,65,2
meta/llama-3.3-70b-instruct,60,2
meta/llama-3.3-70b-instruct,60,2
meta/llama-3.3-70b-instruct,60,2
meta/llama-3.3-70b-instruct,60,2
meta/llama-3.3-70b-instruct,60,2
meta/llama-3.3-70b-instruct,60,2
meta/llama-3.3-70b-instruct,60,2
meta/llama-3.3-70b-instruct,60,2
meta/llama-3.3-70b-instruct,61,2
meta/llama-3.3-70b-instruct,61,2
meta/llama-3.3-70b-instruct,61,2
meta/llama-3.3-70b-instruct,61,2
meta/llama-3.3-70b-instruct,61,2
meta/llama-3.3-70b-instruct,61,2
meta/llama-3.3-70b-instruct,61,2
meta/llama-3.3-70b-instruct,61,2
meta/llama-3.3-70b-instruct,57,2
meta/llama-3.3-70b-instruct,57,2
meta/llama-3.3-70b-instruct,57,2
meta/llama-3.3-70b-instruct,57,2
meta/llama-3.3-70b-instruct,57,2
meta/llama-3.3-70b-instruct,57,2
meta/llama-3.3-70b-instruct,57,2
meta/llama-3.3-70b-instruct,57,2
meta/llama-3.3-70b-instruct,58,2
meta/llama-3.3-70b-instruct,58,2
meta/llama-3.3-70b-instruct,58,2
meta/llama-3.3-70b-instruct,58,2
meta/llama-3.3-70b-instruct,58,2
meta/llama-3.3-70b-instruct,58,2
meta/llama-3.3-70b-instruct,58,2
meta/llama-3.3-70b-instruct,58,2
meta/llama-3.3-70b-instruct,60,47
meta/llama-3.3-70b-instruct,60,44
meta/llama-3.3-70b-instruct,60,47
meta/llama-3.3-70b-instruct,60,36
meta/llama-3.3-70b-instruct,60,40
meta/llama-3.3-70b-instruct,60,34
meta/llama-3.3-70b-instruct,60,43
meta/llama-3.3-70b-instruct,60,45
meta/llama-3.3-70b-instruct,63,44
meta/llama-3.3-70b-instruct,63,192
meta/llama-3.3-70b-instruct,63,46
meta/llama-3.3-70b-instruct,63,256
meta/llama-3.3-70b-instruct,63,47
meta/llama-3.3-70b-instruct,63,70
meta/llama-3.3-70b-instruct,63,57
meta/llama-3.3-70b-instruct,63,71
meta/llama-3.3-70b-instruct,65,256
meta/llama-3.3-70b-instruct,65,240
meta/llama-3.3-70b-instruct,65,256
meta/llama-3.3-70b-instruct,65,256
meta/llama-3.3-70b-instruct,65,256
meta/llama-3.3-70b-instruct,65,247
meta/llama-3.3-70b-instruct,65,256
meta/llama-3.3-70b-instruct,65,256
meta/llama-3.3-70b-instruct,52,256
meta/llama-3.3-70b-instruct,52,256
meta/llama-3.3-70b-instruct,52,256
meta/llama-3.3-70b-instruct,52,256
meta/llama-3.3-70b-instruct,52,256
meta/llama-3.3-70b-instruct,52,256
meta/llama-3.3-70b-instruct,52,256
meta/llama-3.3-70b-instruct,52,256
meta/llama-3.3-70b-instruct,53,99
meta/llama-3.3-70b-instruct,53,96
meta/llama-3.3-70b-instruct,53,82
meta/llama-3.3-70b-instruct,53,105
meta/llama-3.3-70b-instruct,53,97
meta/llama-3.3-70b-instruct,53,80
meta/llama-3.3-70b-instruct,53,81
meta/llama-3.3-70b-instruct,53,118
meta/llama-3.3-70b-instruct,53,256
meta/llama-3.3-70b-instruct,53,256
meta/llama-3.3-70b-instruct,53,256
meta/llama-3.3-70b-instruct,53,256
meta/llama-3.3-70b-instruct,53,256
meta/llama-3.3-70b-instruct,53,256
meta/llama-3.3-70b-instruct,53,256
meta/llama-3.3-70b-instruct,53,256
meta/llama-3.3-70b-instruct,60,91
meta/llama-3.3-70b-instruct,60,113
meta/llama-3.3-70b-instruct,60,85
meta/llama-3.3-70b-instruct,60,101
meta/llama-3.3-70b-instruct,60,106
meta/llama-3.3-70b-instruct,60,92
meta/llama-3.3-70b-instruct,60,94
meta/llama-3.3-70b-instruct,60,88
meta/llama-3.3-70b-instruct,63,256
meta/llama-3.3-70b-instruct,63,256
meta/llama-3.3-70b-instruct,63,256
meta/llama-3.3-70b-instruct,63,256
meta/llama-3.3-70b-instruct,63,256
meta/llama-3.3-70b-instruct,63,256
meta/llama-3.3-70b-instruct,63,256
meta/llama-3.3-70b-instruct,63,256
meta/llama-3.3-70b-instruct,62,86
meta/llama-3.3-70b-instruct,62,66
meta/llama-3.3-70b-instruct,62,119
meta/llama-3.3-70b-instruct,62,128
meta/llama-3.3-70b-instruct,62,129
meta/llama-3.3-70b-instruct,62,126
meta/llama-3.3-70b-instruct,62,106
meta/llama-3.3-70b-instruct,62,121
meta/llama-3.3-70b-instruct,60,256
meta/llama-3.3-70b-instruct,60,256
meta/llama-3.3-70b-instruct,60,256
meta/llama-3.3-70b-instruct,60,256
meta/llama-3.3-70b-instruct,60,256
meta/llama-3.3-70b-instruct,60,256
meta/llama-3.3-70b-instruct,60,256
meta/llama-3.3-70b-instruct,60,256
meta/llama-3.3-70b-instruct,65,2
meta/llama-3.3-70b-instruct,65,2
meta/llama-3.3-70b-instruct,65,2
meta/llama-3.3-70b-instruct,65,2
meta/llama-3.3-70b-instruct,65,2
meta/llama-3.3-70b-instruct,65,2
meta/llama-3.3-70b-instruct,65,2
meta/llama-3.3-70b-instruct,65,2
meta/llama-3.3-70b-instruct,66,2
meta/llama-3.3-70b-instruct,66,2
meta/llama-3.3-70b-instruct,66,2
meta/llama-3.3-70b-instruct,66,2
meta/llama-3.3-70b-instruct,66,2
meta/llama-3.3-70b-instruct,66,2
meta/llama-3.3-70b-instruct,66,2
meta/llama-3.3-70b-instruct,66,2
meta/llama-3.3-70b-instruct,64,2
meta/llama-3.3-70b-instruct,64,2
meta/llama-3.3-70b-instruct,64,2
meta/llama-3.3-70b-instruct,64,2
meta/llama-3.3-70b-instruct,64,2
meta/llama-3.3-70b-instruct,64,2
meta/llama-3.3-70b-instruct,64,2
meta/llama-3.3-70b-instruct,64,2
meta/llama-3.3-70b-instruct,65,2
meta/llama-3.3-70b-instruct,65,2
meta/llama-3.3-70b-instruct,65,2
meta/llama-3.3-70b-instruct,65,2
meta/llama-3.3-70b-instruct,65,2
meta/llama-3.3-70b-instruct,65,2
meta/llama-3.3-70b-instruct,65,2
meta/llama-3.3-70b-instruct,65,2
meta/llama-3.3-70b-instruct,60,2
meta/llama-3.3-70b-instruct,60,2
meta/llama-3.3-70b-instruct,60,2
meta/llama-3.3-70b-instruct,60,2
meta/llama-3.3-70b-instruct,60,2
meta/llama-3.3-70b-instruct,60,2
meta/llama-3.3-70b-instruct,60,2
meta/llama-3.3-70b-instruct,60,2
meta/llama-3.3-70b-instruct,61,2
meta/llama-3.3-70b-instruct,61,2
meta/llama-3.3-70b-instruct,61,2
meta/llama-3.3-70b-instruct,61,2
meta/llama-3.3-70b-instruct,61,2
meta/llama-3.3-70b-instruct,61,2
meta/llama-3.3-70b-instruct,61,2
meta/llama-3.3-70b-instruct,61,2
meta/llama-3.3-70b-instruct,60,2
meta/llama-3.3-70b-instruct,60,2
meta/llama-3.3-70b-instruct,60,2
meta/llama-3.3-70b-instruct,60,2
meta/llama-3.3-70b-instruct,60,2
meta/llama-3.3-70b-instruct,60,2
meta/llama-3.3-70b-instruct,60,2
meta/llama-3.3-70b-instruct,60,2
meta/llama-3.3-70b-instruct,61,2
meta/llama-3.3-70b-instruct,61,2
meta/llama-3.3-70b-instruct,61,2
meta/llama-3.3-70b-instruct,61,2
meta/llama-3.3-70b-instruct,61,2
meta/llama-3.3-70b-instruct,61,2
meta/llama-3.3-70b-instruct,61,2
meta/llama-3.3-70b-instruct,61,2
meta/llama-3.3-70b-instruct,57,44
meta/llama-3.3-70b-instruct,57,33
meta/llama-3.3-70b-instruct,57,33
meta/llama-3.3-70b-instruct,57,33
meta/llama-3.3-70b-instruct,57,33
meta/llama-3.3-70b-instruct,57,33
meta/llama-3.3-70b-instruct,57,33
meta/llama-3.3-70b-instruct,57,37
meta/llama-3.3-70b-instruct,57,104
meta/llama-3.3-70b-instruct,57,69
meta/llama-3.3-70b-instruct,57,72
meta/llama-3.3-70b-instruct,57,62
meta/llama-3.3-70b-instruct,57,103
meta/llama-3.3-70b-instruct,57,71
meta/llama-3.3-70b-instruct,57,98
meta/llama-3.3-70b-instruct,57,73
meta/llama-3.3-70b-instruct,56,50
meta/llama-3.3-70b-instruct,56,40
meta/llama-3.3-70b-instruct,56,48
meta/llama-3.3-70b-instruct,56,50
meta/llama-3.3-70b-instruct,56,41
meta/llama-3.3-70b-instruct,56,40
meta/llama-3.3-70b-instruct,56,41
meta/llama-3.3-70b-instruct,56,43
meta/llama-3.3-70b-instruct,46,173
meta/llama-3.3-70b-instruct,46,155
meta/llama-3.3-70b-instruct,46,136
meta/llama-3.3-70b-instruct,46,131
meta/llama-3.3-70b-instruct,46,181
meta/llama-3.3-70b-instruct,46,181
meta/llama-3.3-70b-instruct,46,172
meta/llama-3.3-70b-instruct,46,128
meta/llama-3.3-70b-instruct,50,89
meta/llama-3.3-70b-instruct,50,76
meta/llama-3.3-70b-instruct,50,90
meta/llama-3.3-70b-instruct,50,94
meta/llama-3.3-70b-instruct,50,87
meta/llama-3.3-70b-instruct,50,82
meta/llama-3.3-70b-instruct,50,83
meta/llama-3.3-70b-instruct,50,83
meta/llama-3.3-70b-instruct,50,256
meta/llama-3.3-70b-instruct,50,256
meta/llama-3.3-70b-instruct,50,256
meta/llama-3.3-70b-instruct,50,256
meta/llama-3.3-70b-instruct,50,256
meta/llama-3.3-70b-instruct,50,256
meta/llama-3.3-70b-instruct,50,256
meta/llama-3.3-70b-instruct,50,256
meta/llama-3.3-70b-instruct,56,91
meta/llama-3.3-70b-instruct,56,82
meta/llama-3.3-70b-instruct,56,99
meta/llama-3.3-70b-instruct,56,80
meta/llama-3.3-70b-instruct,56,82
meta/llama-3.3-70b-instruct,56,83
meta/llama-3.3-70b-instruct,56,101
meta/llama-3.3-70b-instruct,56,79
meta/llama-3.3-70b-instruct,52,256
meta/llama-3.3-70b-instruct,52,256
meta/llama-3.3-70b-instruct,52,256
meta/llama-3.3-70b-instruct,52,256
meta/llama-3.3-70b-instruct,52,256
meta/llama-3.3-70b-instruct,52,256
meta/llama-3.3-70b-instruct,52,256
meta/llama-3.3-70b-instruct,52,256
meta/llama-3.3-70b-instruct,59,58
meta/llama-3.3-70b-instruct,59,62
meta/llama-3.3-70b-instruct,59,54
meta/llama-3.3-70b-instruct,59,63
meta/llama-3.3-70b-instruct,59,66
meta/llama-3.3-70b-instruct,59,42
meta/llama-3.3-70b-instruct,59,65
meta/llama-3.3-70b-instruct,59,64
meta/llama-3.3-70b-instruct,58,256
meta/llama-3.3-70b-instruct,58,256
meta/llama-3.3-70b-instruct,58,256
meta/llama-3.3-70b-instruct,58,256
meta/llama-3.3-70b-instruct,58,256
meta/llama-3.3-70b-instruct,58,256
meta/llama-3.3-70b-instruct,58,256
meta/llama-3.3-70b-instruct,58,256
meta/llama-3.3-70b-instruct,59,2
meta/llama-3.3-70b-instruct,59,2
meta/llama-3.3-70b-instruct,59,2
meta/llama-3.3-70b-instruct,59,2
meta/llama-3.3-70b-instruct,59,2
meta/llama-3.3-70b-instruct,59,2
meta/llama-3.3-70b-instruct,59,2
meta/llama-3.3-70b-instruct,59,2
meta/llama-3.3-70b-instruct,60,2
meta/llama-3.3-70b-instruct,60,2
meta/llama-3.3-70b-instruct,60,2
meta/llama-3.3-70b-instruct,60,2
meta/llama-3.3-70b-instruct,60,2
meta/llama-3.3-70b-instruct,60,2
meta/llama-3.3-70b-instruct,60,2
meta/llama-3.3-70b-instruct,60,2
meta/llama-3.3-70b-instruct,66,2
meta/llama-3.3-70b-instruct,66,2
meta/llama-3.3-70b-instruct,66,2
meta/llama-3.3-70b-instruct,66,2
meta/llama-3.3-70b-instruct,66,2
meta/llama-3.3-70b-instruct,66,2
meta/llama-3.3-70b-instruct,66,2
meta/llama-3.3-70b-instruct,66,2
meta/llama-3.3-70b-instruct,67,2
meta/llama-3.3-70b-instruct,67,2
meta/llama-3.3-70b-instruct,67,2
meta/llama-3.3-70b-instruct,67,2
meta/llama-3.3-70b-instruct,67,2
meta/llama-3.3-70b-instruct,67,2
meta/llama-3.3-70b-instruct,67,2
meta/llama-3.3-70b-instruct,67,2
meta/llama-3.3-70b-instruct,62,2
meta/llama-3.3-70b-instruct,62,2
meta/llama-3.3-70b-instruct,62,2
meta/llama-3.3-70b-instruct,62,2
meta/llama-3.3-70b-instruct,62,2
meta/llama-3.3-70b-instruct,62,2
meta/llama-3.3-70b-instruct,62,2
meta/llama-3.3-70b-instruct,62,2
meta/llama-3.3-70b-instruct,63,2
meta/llama-3.3-70b-instruct,63,2
meta/llama-3.3-70b-instruct,63,2
meta/llama-3.3-70b-instruct,63,2
meta/llama-3.3-70b-instruct,63,2
meta/llama-3.3-70b-instruct,63,2
meta/llama-3.3-70b-instruct,63,2
meta/llama-3.3-70b-instruct,63,2
meta/llama-3.3-70b-instruct,59,2
meta/llama-3.3-70b-instruct,59,2
meta/llama-3.3-70b-instruct,59,2
meta/llama-3.3-70b-instruct,59,2
meta/llama-3.3-70b-instruct,59,2
meta/llama-3.3-70b-instruct,59,2
meta/llama-3.3-70b-instruct,59,2
meta/llama-3.3-70b-instruct,59,2
meta/llama-3.3-70b-instruct,60,2
meta/llama-3.3-70b-instruct,60,2
meta/llama-3.3-70b-instruct,60,2
meta/llama-3.3-70b-instruct,60,2
meta/llama-3.3-70b-instruct,60,2
meta/llama-3.3-70b-instruct,60,2
meta/llama-3.3-70b-instruct,60,2
meta/llama-3.3-70b-instruct,60,2
meta/llama-3.3-70b-instruct,58,49
meta/llama-3.3-70b-instruct,58,47
meta/llama-3.3-70b-instruct,58,66
meta/llama-3.3-70b-instruct,58,53
meta/llama-3.3-70b-instruct,58,53
meta/llama-3.3-70b-instruct,58,59
meta/llama-3.3-70b-instruct,58,45
meta/llama-3.3-70b-instruct,58,44
meta/llama-3.3-70b-instruct,61,105
meta/llama-3.3-70b-instruct,61,141
meta/llama-3.3-70b-instruct,61,130
meta/llama-3.3-70b-instruct,61,94
meta/llama-3.3-70b-instruct,61,97
meta/llama-3.3-70b-instruct,61,104
meta/llama-3.3-70b-instruct,61,77
meta/llama-3.3-70b-instruct,61,114
meta/llama-3.3-70b-instruct,63,256
meta/llama-3.3-70b-instruct,63,256
meta/llama-3.3-70b-instruct,63,256
meta/llama-3.3-70b-instruct,63,256
meta/llama-3.3-70b-instruct,63,256
meta/llama-3.3-70b-instruct,63,256
meta/llama-3.3-70b-instruct,63,256
meta/llama-3.3-70b-instruct,63,256
meta/llama-3.3-70b-instruct,50,256
meta/llama-3.3-70b-instruct,50,256
meta/llama-3.3-70b-instruct,50,256
meta/llama-3.3-70b-instruct,50,256
meta/llama-3.3-70b-instruct,50,256
meta/llama-3.3-70b-instruct,50,256
meta/llama-3.3-70b-instruct,50,256
meta/llama-3.3-70b-instruct,50,256
meta/llama-3.3-70b-instruct,51,87
meta/llama-3.3-70b-instruct,51,109
meta/llama-3.3-70b-instruct,51,80
meta/llama-3.3-70b-instruct,51,122
meta/llama-3.3-70b-instruct,51,117
meta/llama-3.3-70b-instruct,51,104
meta/llama-3.3-70b-instruct,51,123
meta/llama-3.3-70b-instruct,51,96
meta/llama-3.3-70b-instruct,51,256
meta/llama-3.3-70b-instruct,51,256
meta/llama-3.3-70b-instruct,51,256
meta/llama-3.3-70b-instruct,51,256
meta/llama-3.3-70b-instruct,51,256
meta/llama-3.3-70b-instruct,51,256
meta/llama-3.3-70b-instruct,51,256
meta/llama-3.3-70b-instruct,51,256
meta/llama-3.3-70b-instruct,58,115
meta/llama-3.3-70b-instruct,58,114
meta/llama-3.3-70b-instruct,58,111
meta/llama-3.3-70b-instruct,58,93
meta/llama-3.3-70b-instruct,58,117
meta/llama-3.3-70b-instruct,58,101
meta/llama-3.3-70b-instruct,58,102
meta/llama-3.3-70b-instruct,58,103
meta/llama-3.3-70b-instruct,61,256
meta/llama-3.3-70b-instruct,61,256
meta/llama-3.3-70b-instruct,61,256
meta/llama-3.3-70b-instruct,61,256
meta/llama-3.3-70b-instruct,61,256
meta/llama-3.3-70b-instruct,61,256
meta/llama-3.3-70b-instruct,61,256
meta/llama-3.3-70b-instruct,61,256
meta/llama-3.3-70b-instruct,60,90
meta/llama-3.3-70b-instruct,60,58
meta/llama-3.3-70b-instruct,60,101
meta/llama-3.3-70b-instruct,60,88
meta/llama-3.3-70b-instruct,60,46
meta/llama-3.3-70b-instruct,60,74
meta/llama-3.3-70b-instruct,60,76
meta/llama-3.3-70b-instruct,60,76
meta/llama-3.3-70b-instruct,58,256
meta/llama-3.3-70b-instruct,58,256
meta/llama-3.3-70b-instruct,58,256
meta/llama-3.3-70b-instruct,58,256
meta/llama-3.3-70b-instruct,58,256
meta/llama-3.3-70b-instruct,58,256
meta/llama-3.3-70b-instruct,58,256
meta/llama-3.3-70b-instruct,58,256
meta/llama-3.3-70b-instruct,63,2
meta/llama-3.3-70b-instruct,63,2
meta/llama-3.3-70b-instruct,63,2
meta/llama-3.3-70b-instruct,63,2
meta/llama-3.3-70b-instruct,63,2
meta/llama-3.3-70b-instruct,63,2
meta/llama-3.3-70b-instruct,63,2
meta/llama-3.3-70b-instruct,63,2
meta/llama-3.3-70b-instruct,64,2
meta/llama-3.3-70b-instruct,64,2
meta/llama-3.3-70b-instruct,64,2
meta/llama-3.3-70b-instruct,64,2
meta/llama-3.3-70b-instruct,64,2
meta/llama-3.3-70b-instruct,64,2
meta/llama-3.3-70b-instruct,64,2
meta/llama-3.3-70b-instruct,64,2
meta/llama-3.3-70b-instruct,62,2
meta/llama-3.3-70b-instruct,62,2
meta/llama-3.3-70b-instruct,62,2
meta/llama-3.3-70b-instruct,62,2
meta/llama-3.3-70b-instruct,62,2
meta/llama-3.3-70b-instruct,62,2
meta/llama-3.3-70b-instruct,62,2
meta/llama-3.3-70b-instruct,62,2
meta/llama-3.3-70b-instruct,63,2
meta/llama-3.3-70b-instruct,63,2
meta/llama-3.3-70b-instruct,63,2
meta/llama-3.3-70b-instruct,63,2
meta/llama-3.3-70b-instruct,63,2
meta/llama-3.3-70b-instruct,63,2
meta/llama-3.3-70b-instruct,63,2
meta/llama-3.3-70b-instruct,63,2
meta/llama-3.3-70b-instruct,58,2
meta/llama-3.3-70b-instruct,58,2
meta/llama-3.3-70b-instruct,58,2
meta/llama-3.3-70b-instruct,58,2
meta/llama-3.3-70b-instruct,58,2
meta/llama-3.3-70b-instruct,58,2
meta/llama-3.3-70b-instruct,58,2
meta/llama-3.3-70b-instruct,58,2
meta/llama-3.3-70b-instruct,59,2
meta/llama-3.3-70b-instruct,59,2
meta/llama-3.3-70b-instruct,59,2
meta/llama-3.3-70b-instruct,59,2
meta/llama-3.3-70b-instruct,59,2
meta/llama-3.3-70b-instruct,59,2
meta/llama-3.3-70b-instruct,59,2
meta/llama-3.3-70b-instruct,59,2
meta/llama-3.3-70b-instruct,58,2
meta/llama-3.3-70b-instruct,58,2
meta/llama-3.3-70b-instruct,58,2
meta/llama-3.3-70b-instruct,58,2
meta/llama-3.3-70b-instruct,58,2
meta/llama-3.3-70b-instruct,58,2
meta/llama-3.3-70b-instruct,58,2
meta/llama-3.3-70b-instruct,58,2
meta/llama-3.3-70b-instruct,59,2
meta/llama-3.3-70b-instruct,59,2
meta/llama-3.3-70b-instruct,59,2
meta/llama-3.3-70b-instruct,59,2
meta/llama-3.3-70b-instruct,59,2
meta/llama-3.3-70b-instruct,59,2
meta/llama-3.3-70b-instruct,59,2
meta/llama-3.3-70b-instruct,59,2
meta/llama-3.3-70b-instruct,60,33
meta/llama-3.3-70b-instruct,60,33
meta/llama-3.3-70b-instruct,60,33
meta/llama-3.3-70b-instruct,60,33
meta/llama-3.3-70b-instruct,60,33
meta/llama-3.3-70b-instruct,60,33
meta/llama-3.3-70b-instruct,60,33
meta/llama-3.3-70b-instruct,60,33
meta/llama-3.3-70b-instruct,60,100
meta/llama-3.3-70b-instruct,60,81
meta/llama-3.3-70b-instruct,60,127
meta/llama-3.3-70b-instruct,60,101
meta/llama-3.3-70b-instruct,60,89
meta/llama-3.3-70b-instruct,60,106
meta/llama-3.3-70b-instruct,60,105
meta/llama-3.3-70b-instruct,60,122
meta/llama-3.3-70b-instruct,59,52
meta/llama-3.3-70b-instruct,59,43
meta/llama-3.3-70b-instruct,59,51
meta/llama-3.3-70b-instruct,59,48
meta/llama-3.3-70b-instruct,59,45
meta/llama-3.3-70b-instruct,59,50
meta/llama-3.3-70b-instruct,59,47
meta/llama-3.3-70b-instruct,59,41
meta/llama-3.3-70b-instruct,49,111
meta/llama-3.3-70b-instruct,49,204
meta/llama-3.3-70b-instruct,49,202
meta/llama-3.3-70b-instruct,49,170
meta/llama-3.3-70b-instruct,49,217
meta/llama-3.3-70b-instruct,49,193
meta/llama-3.3-70b-instruct,49,212
meta/llama-3.3-70b-instruct,49,191
meta/llama-3.3-70b-instruct,53,85
meta/llama-3.3-70b-instruct,53,109
meta/llama-3.3-70b-instruct,53,114
meta/llama-3.3-70b-instruct,53,115
meta/llama-3.3-70b-instruct,53,83
meta/llama-3.3-70b-instruct,53,111
meta/llama-3.3-70b-instruct,53,103
meta/llama-3.3-70b-instruct,53,85
meta/llama-3.3-70b-instruct,53,256
meta/llama-3.3-70b-instruct,53,256
meta/llama-3.3-70b-instruct,53,256
meta/llama-3.3-70b-instruct,53,256
meta/llama-3.3-70b-instruct,53,256
meta/llama-3.3-70b-instruct,53,256
meta/llama-3.3-70b-instruct,53,256
meta/llama-3.3-70b-instruct,53,256
meta/llama-3.3-70b-instruct,59,100
meta/llama-3.3-70b-instruct,59,85
meta/llama-3.3-70b-instruct,59,88
meta/llama-3.3-70b-instruct,59,94
meta/llama-3.3-70b-instruct,59,87
meta/llama-3.3-70b-instruct,59,98
meta/llama-3.3-70b-instruct,59,87
meta/llama-3.3-70b-instruct,59,94
meta/llama-3.3-70b-instruct,55,256
meta/llama-3.3-70b-instruct,55,256
meta/llama-3.3-70b-instruct,55,256
meta/llama-3.3-70b-instruct,55,256
meta/llama-3.3-70b-instruct,55,256
meta/llama-3.3-70b-instruct,55,256
meta/llama-3.3-70b-instruct,55,256
meta/llama-3.3-70b-instruct,55,256
meta/llama-3.3-70b-instruct,62,65
meta/llama-3.3-70b-instruct,62,66
meta/llama-3.3-70b-instruct,62,64
meta/llama-3.3-70b-instruct,62,55
meta/llama-3.3-70b-instruct,62,82
meta/llama-3.3-70b-instruct,62,64
meta/llama-3.3-70b-instruct,62,68
meta/llama-3.3-70b-instruct,62,65
meta/llama-3.3-70b-instruct,61,256
meta/llama-3.3-70b-instruct,61,256
meta/llama-3.3-70b-instruct,61,256
meta/llama-3.3-70b-instruct,61,256
meta/llama-3.3-70b-instruct,61,256
meta/llama-3.3-70b-instruct,61,256
meta/llama-3.3-70b-instruct,61,256
meta/llama-3.3-70b-instruct,61,256
meta/llama-3.3-70b-instruct,59,2
meta/llama-3.3-70b-instruct,59,2
meta/llama-3.3-70b-instruct,59,2
meta/llama-3.3-70b-instruct,59,2
meta/llama-3.3-70b-instruct,59,2
meta/llama-3.3-70b-instruct,59,2
meta/llama-3.3-70b-instruct,59,2
meta/llama-3.3-70b-instruct,59,2
meta/llama-3.3-70b-instruct,60,2
meta/llama-3.3-70b-instruct,60,2
meta/llama-3.3-70b-instruct,60,2
meta/llama-3.3-70b-instruct,60,2
meta/llama-3.3-70b-instruct,60,2
meta/llama-3.3-70b-instruct,60,2
meta/llama-3.3-70b-instruct,60,2
meta/llama-3.3-70b-instruct,60,2
meta/llama-3.3-70b-instruct,66,2
meta/llama-3.3-70b-instruct,66,2
meta/llama-3.3-70b-instruct,66,2
meta/llama-3.3-70b-instruct,66,2
meta/llama-3.3-70b-instruct,66,2
meta/llama-3.3-70b-instruct,66,2
meta/llama-3.3-70b-instruct,66,2
meta/llama-3.3-70b-instruct,66,2
meta/llama-3.3-70b-instruct,67,2
meta/llama-3.3-70b-instruct,67,2
meta/llama-3.3-70b-instruct,67,2
meta/llama-3.3-70b-instruct,67,2
meta/llama-3.3-70b-instruct,67,2
meta/llama-3.3-70b-instruct,67,2
meta/llama-3.3-70b-instruct,67,2
meta/llama-3.3-70b-instruct,67,2
meta/llama-3.3-70b-instruct,62,2
meta/llama-3.3-70b-instruct,62,2
meta/llama-3.3-70b-instruct,62,2
meta/llama-3.3-70b-instruct,62,2
meta/llama-3.3-70b-instruct,62,2
meta/llama-3.3-70b-instruct,62,2
meta/llama-3.3-70b-instruct,62,2
meta/llama-3.3-70b-instruct,62,2
meta/llama-3.3-70b-instruct,63,2
meta/llama-3.3-70b-instruct,63,2
meta/llama-3.3-70b-instruct,63,2
meta/llama-3.3-70b-instruct,63,2
meta/llama-3.3-70b-instruct,63,2
meta/llama-3.3-70b-instruct,63,2
meta/llama-3.3-70b-instruct,63,2
meta/llama-3.3-70b-instruct,63,2
meta/llama-3.3-70b-instruct,59,2
meta/llama-3.3-70b-instruct,59,2
meta/llama-3.3-70b-instruct,59,2
meta/llama-3.3-70b-instruct,59,2
meta/llama-3.3-70b-instruct,59,2
meta/llama-3.3-70b-instruct,59,2
meta/llama-3.3-70b-instruct,59,2
meta/llama-3.3-70b-instruct,59,2
meta/llama-3.3-70b-instruct,60,2
meta/llama-3.3-70b-instruct,60,2
meta/llama-3.3-70b-instruct,60,2
meta/llama-3.3-70b-instruct,60,2
meta/llama-3.3-70b-instruct,60,2
meta/llama-3.3-70b-instruct,60,2
meta/llama-3.3-70b-instruct,60,2
meta/llama-3.3-70b-instruct,60,2
meta/llama-3.3-70b-instruct,60,49
meta/llama-3.3-70b-instruct,60,53
meta/llama-3.3-70b-instruct,60,51
meta/llama-3.3-70b-instruct,60,52
meta/llama-3.3-70b-instruct,60,56
meta/llama-3.3-70b-instruct,60,46
meta/llama-3.3-70b-instruct,60,53
meta/llama-3.3-70b-instruct,60,45
meta/llama-3.3-70b-instruct,63,51
meta/llama-3.3-70b-instruct,63,99
meta/llama-3.3-70b-instruct,63,94
meta/llama-3.3-70b-instruct,63,54
meta/llama-3.3-70b-instruct,63,44
meta/llama-3.3-70b-instruct,63,78
meta/llama-3.3-70b-instruct,63,79
meta/llama-3.3-70b-instruct,63,91
meta/llama-3.3-70b-instruct,65,256
meta/llama-3.3-70b-instruct,65,256
meta/llama-3.3-70b-instruct,65,256
meta/llama-3.3-70b-instruct,65,256
meta/llama-3.3-70b-instruct,65,256
meta/llama-3.3-70b-instruct,65,256
meta/llama-3.3-70b-instruct,65,256
meta/llama-3.3-70b-instruct,65,256
meta/llama-3.3-70b-instruct,52,256
meta/llama-3.3-70b-instruct,52,256
meta/llama-3.3-70b-instruct,52,256
meta/llama-3.3-70b-instruct,52,256
meta/llama-3.3-70b-instruct,52,256
meta/llama-3.3-70b-instruct,52,256
meta/llama-3.3-70b-instruct,52,256
meta/llama-3.3-70b-instruct,52,256
meta/llama-3.3-70b-instruct,53,93
meta/llama-3.3-70b-instruct,53,91
meta/llama-3.3-70b-instruct,53,97
meta/llama-3.3-70b-instruct,53,115
meta/llama-3.3-70b-instruct,53,83
meta/llama-3.3-70b-instruct,53,97
meta/llama-3.3-70b-instruct,53,105
meta/llama-3.3-70b-instruct,53,109
meta/llama-3.3-70b-instruct,53,256
meta/llama-3.3-70b-instruct,53,256
meta/llama-3.3-70b-instruct,53,256
meta/llama-3.3-70b-instruct,53,256
meta/llama-3.3-70b-instruct,53,256
meta/llama-3.3-70b-instruct,53,256
meta/llama-3.3-70b-instruct,53,256
meta/llama-3.3-70b-instruct,53,256
meta/llama-3.3-70b-instruct,60,97
meta/llama-3.3-70b-instruct,60,89
meta/llama-3.3-70b-instruct,60,85
meta/llama-3.3-70b-instruct,60,108
meta/llama-3.3-70b-instruct,60,111
meta/llama-3.3-70b-instruct,60,90
meta/llama-3.3-70b-instruct,60,91
meta/llama-3.3-70b-instruct,60,101
meta/llama-3.3-70b-instruct,63,256
meta/llama-3.3-70b-instruct,63,256
meta/llama-3.3-70b-instruct,63,256
meta/llama-3.3-70b-instruct,63,256
meta/llama-3.3-70b-instruct,63,256
meta/llama-3.3-70b-instruct,63,256
meta/llama-3.3-70b-instruct,63,256
meta/llama-3.3-70b-instruct,63,256
meta/llama-3.3-70b-instruct,62,74
meta/llama-3.3-70b-instruct,62,106
meta/llama-3.3-70b-instruct,62,76
meta/llama-3.3-70b-instruct,62,89
meta/llama-3.3-70b-instruct,62,81
meta/llama-3.3-70b-instruct,62,122
meta/llama-3.3-70b-instruct,62,89
meta/llama-3.3-70b-instruct,62,61
meta/llama-3.3-70b-instruct,60,256
meta/llama-3.3-70b-instruct,60,208
meta/llama-3.3-70b-instruct,60,256
meta/llama-3.3-70b-instruct,60,256
meta/llama-3.3-70b-instruct,60,256
meta/llama-3.3-70b-instruct,60,256
meta/llama-3.3-70b-instruct,60,256
meta/llama-3.3-70b-instruct,60,256
meta/llama-3.3-70b-instruct,66,2
meta/llama-3.3-70b-instruct,66,2
meta/llama-3.3-70b-instruct,66,2
meta/llama-3.3-70b-instruct,66,2
meta/llama-3.3-70b-instruct,66,2
meta/llama-3.3-70b-instruct,66,2
meta/llama-3.3-70b-instruct,66,2
meta/llama-3.3-70b-instruct,66,2
meta/llama-3.3-70b-instruct,67,2
meta/llama-3.3-70b-instruct,67,2
meta/llama-3.3-70b-instruct,67,2
meta/llama-3.3-70b-instruct,67,2
meta/llama-3.3-70b-instruct,67,2
meta/llama-3.3-70b-instruct,67,2
meta/llama-3.3-70b-instruct,67,2
meta/llama-3.3-70b-instruct,67,2
meta/llama-3.3-70b-instruct,65,2
meta/llama-3.3-70b-instruct,65,2
meta/llama-3.3-70b-instruct,65,2
meta/llama-3.3-70b-instruct,65,2
meta/llama-3.3-70b-instruct,65,2
meta/llama-3.3-70b-instruct,65,2
meta/llama-3.3-70b-instruct,65,2
meta/llama-3.3-70b-instruct,65,2
meta/llama-3.3-70b-instruct,66,2
meta/llama-3.3-70b-instruct,66,2
meta/llama-3.3-70b-instruct,66,2
meta/llama-3.3-70b-instruct,66,2
meta/llama-3.3-70b-instruct,66,2
meta/llama-3.3-70b-instruct,66,2
meta/llama-3.3-70b-instruct,66,2
meta/llama-3.3-70b-instruct,66,2
meta/llama-3.3-70b-instruct,61,2
meta/llama-3.3-70b-instruct,61,2
meta/llama-3.3-70b-instruct,61,2
meta/llama-3.3-70b-instruct,61,2
meta/llama-3.3-70b-instruct,61,2
meta/llama-3.3-70b-instruct,61,2
meta/llama-3.3-70b-instruct,61,2
meta/llama-3.3-70b-instruct,61,2
meta/llama-3.3-70b-instruct,62,2
meta/llama-3.3-70b-instruct,62,2
meta/llama-3.3-70b-instruct,62,2
meta/llama-3.3-70b-instruct,62,2
meta/llama-3.3-70b-instruct,62,2
meta/llama-3.3-70b-instruct,62,2
meta/llama-3.3-70b-instruct,62,2
meta/llama-3.3-70b-instruct,62,2
meta/llama-3.3-70b-instruct,61,2
meta/llama-3.3-70b-instruct,61,2
meta/llama-3.3-70b-instruct,61,2
meta/llama-3.3-70b-instruct,61,2
meta/llama-3.3-70b-instruct,61,2
meta/llama-3.3-70b-instruct,61,2
meta/llama-3.3-70b-instruct,61,2
meta/llama-3.3-70b-instruct,61,2
meta/llama-3.3-70b-instruct,62,2
meta/llama-3.3-70b-instruct,62,2
meta/llama-3.3-70b-instruct,62,2
meta/llama-3.3-70b-instruct,62,2
meta/llama-3.3-70b-instruct,62,2
meta/llama-3.3-70b-instruct,62,2
meta/llama-3.3-70b-instruct,62,2
meta/llama-3.3-70b-instruct,62,2
meta/llama-3.3-70b-instruct,58,41
meta/llama-3.3-70b-instruct,58,40
meta/llama-3.3-70b-instruct,58,45
meta/llama-3.3-70b-instruct,58,46
meta/llama-3.3-70b-instruct,58,46
meta/llama-3.3-70b-instruct,58,39
meta/llama-3.3-70b-instruct,58,41
meta/llama-3.3-70b-instruct,58,45
meta/llama-3.3-70b-instruct,58,131
meta/llama-3.3-70b-instruct,58,98
meta/llama-3.3-70b-instruct,58,110
meta/llama-3.3-70b-instruct,58,95
meta/llama-3.3-70b-instruct,58,94
meta/llama-3.3-70b-instruct,58,97
meta/llama-3.3-70b-instruct,58,90
meta/llama-3.3-70b-instruct,58,87
meta/llama-3.3-70b-instruct,57,40
meta/llama-3.3-70b-instruct,57,42
meta/llama-3.3-70b-instruct,57,53
meta/llama-3.3-70b-instruct,57,53
meta/llama-3.3-70b-instruct,57,41
meta/llama-3.3-70b-instruct,57,59
meta/llama-3.3-70b-instruct,57,51
meta/llama-3.3-70b-instruct,57,38
meta/llama-3.3-70b-instruct,47,121
meta/llama-3.3-70b-instruct,47,157
meta/llama-3.3-70b-instruct,47,144
meta/llama-3.3-70b-instruct,47,166
meta/llama-3.3-70b-instruct,47,181
meta/llama-3.3-70b-instruct,47,168
meta/llama-3.3-70b-instruct,47,229
meta/llama-3.3-70b-instruct,47,241
meta/llama-3.3-70b-instruct,51,85
meta/llama-3.3-70b-instruct,51,86
meta/llama-3.3-70b-instruct,51,85
meta/llama-3.3-70b-instruct,51,84
meta/llama-3.3-70b-instruct,51,76
meta/llama-3.3-70b-instruct,51,76
meta/llama-3.3-70b-instruct,51,80
meta/llama-3.3-70b-instruct,51,84
meta/llama-3.3-70b-instruct,51,256
meta/llama-3.3-70b-instruct,51,256
meta/llama-3.3-70b-instruct,51,256
meta/llama-3.3-70b-instruct,51,256
meta/llama-3.3-70b-instruct,51,256
meta/llama-3.3-70b-instruct,51,256
meta/llama-3.3-70b-instruct,51,256
meta/llama-3.3-70b-instruct,51,256
meta/llama-3.3-70b-instruct,57,89
meta/llama-3.3-70b-instruct,57,86
meta/llama-3.3-70b-instruct,57,93
meta/llama-3.3-70b-instruct,57,107
meta/llama-3.3-70b-instruct,57,73
meta/llama-3.3-70b-instruct,57,85
meta/llama-3.3-70b-instruct,57,82
meta/llama-3.3-70b-instruct,57,99
meta/llama-3.3-70b-instruct,53,256
meta/llama-3.3-70b-instruct,53,256
meta/llama-3.3-70b-instruct,53,256
meta/llama-3.3-70b-instruct,53,256
meta/llama-3.3-70b-instruct,53,256
meta/llama-3.3-70b-instruct,53,256
meta/llama-3.3-70b-instruct,53,256
meta/llama-3.3-70b-instruct,53,256
meta/llama-3.3-70b-instruct,60,80
meta/llama-3.3-70b-instruct,60,70
meta/llama-3.3-70b-instruct,60,66
meta/llama-3.3-70b-instruct,60,72
meta/llama-3.3-70b-instruct,60,72
meta/llama-3.3-70b-instruct,60,59
meta/llama-3.3-70b-instruct,60,91
meta/llama-3.3-70b-instruct,60,111
meta/llama-3.3-70b-instruct,59,256
meta/llama-3.3-70b-instruct,59,256
meta/llama-3.3-70b-instruct,59,256
meta/llama-3.3-70b-instruct,59,256
meta/llama-3.3-70b-instruct,59,256
meta/llama-3.3-70b-instruct,59,256
meta/llama-3.3-70b-instruct,59,256
meta/llama-3.3-70b-instruct,59,256
meta/llama-3.3-70b-instruct,59,2
meta/llama-3.3-70b-instruct,59,2
meta/llama-3.3-70b-instruct,59,2
meta/llama-3.3-70b-instruct,59,2
meta/llama-3.3-70b-instruct,59,2
meta/llama-3.3-70b-instruct,59,2
meta/llama-3.3-70b-instruct,59,2
meta/llama-3.3-70b-instruct,59,2
meta/llama-3.3-70b-instruct,60,2
meta/llama-3.3-70b-instruct,60,2
meta/llama-3.3-70b-instruct,60,2
meta/llama-3.3-70b-instruct,60,2
meta/llama-3.3-70b-instruct,60,2
meta/llama-3.3-70b-instruct,60,2
meta/llama-3.3-70b-instruct,60,2
meta/llama-3.3-70b-instruct,60,2
meta/llama-3.3-70b-instruct,66,2
meta/llama-3.3-70b-instruct,66,2
meta/llama-3.3-70b-instruct,66,2
meta/llama-3.3-70b-instruct,66,2
meta/llama-3.3-70b-instruct,66,2
meta/llama-3.3-70b-instruct,66,2
meta/llama-3.3-70b-instruct,66,2
meta/llama-3.3-70b-instruct,66,2
meta/llama-3.3-70b-instruct,67,2
meta/llama-3.3-70b-instruct,67,2
meta/llama-3.3-70b-instruct,67,2
meta/llama-3.3-70b-instruct,67,2
meta/llama-3.3-70b-instruct,67,2
meta/llama-3.3-70b-instruct,67,2
meta/llama-3.3-70b-instruct,67,2
meta/llama-3.3-70b-instruct,67,2
meta/llama-3.3-70b-instruct,62,2
meta/llama-3.3-70b-instruct,62,2
meta/llama-3.3-70b-instruct,62,2
meta/llama-3.3-70b-instruct,62,2
meta/llama-3.3-70b-instruct,62,2
meta/llama-3.3-70b-instruct,62,2
meta/llama-3.3-70b-instruct,62,2
meta/llama-3.3-70b-instruct,62,2
meta/llama-3.3-70b-instruct,63,2
meta/llama-3.3-70b-instruct,63,2
meta/llama-3.3-70b-instruct,63,2
meta/llama-3.3-70b-instruct,63,2
meta/llama-3.3-70b-instruct,63,2
meta/llama-3.3-70b-instruct,63,2
meta/llama-3.3-70b-instruct,63,2
meta/llama-3.3-70b-instruct,63,2
meta/llama-3.3-70b-instruct,59,2
meta/llama-3.3-70b-instruct,59,2
meta/llama-3.3-70b-instruct,59,2
meta/llama-3.3-70b-instruct,59,2
meta/llama-3.3-70b-instruct,59,2
meta/llama-3.3-70b-instruct,59,2
meta/llama-3.3-70b-instruct,59,2
meta/llama-3.3-70b-instruct,59,2
meta/llama-3.3-70b-instruct,60,2
meta/llama-3.3-70b-instruct,60,2
meta/llama-3.3-70b-instruct,60,2
meta/llama-3.3-70b-instruct,60,2
meta/llama-3.3-70b-instruct,60,2
meta/llama-3.3-70b-instruct,60,2
meta/llama-3.3-70b-instruct,60,2
meta/llama-3.3-70b-instruct,60,2
meta/llama-3.3-70b-instruct,59,44
meta/llama-3.3-70b-instruct,59,45
meta/llama-3.3-70b-instruct,59,52
meta/llama-3.3-70b-instruct,59,47
meta/llama-3.3-70b-instruct,59,44
meta/llama-3.3-70b-instruct,59,48
meta/llama-3.3-70b-instruct,59,42
meta/llama-3.3-70b-instruct,59,49
meta/llama-3.3-70b-instruct,62,88
meta/llama-3.3-70b-instruct,62,119
meta/llama-3.3-70b-instruct,62,100
meta/llama-3.3-70b-instruct,62,100
meta/llama-3.3-70b-instruct,62,111
meta/llama-3.3-70b-instruct,62,130
meta/llama-3.3-70b-instruct,62,99
meta/llama-3.3-70b-instruct,62,131
meta/llama-3.3-70b-instruct,64,256
meta/llama-3.3-70b-instruct,64,256
meta/llama-3.3-70b-instruct,64,256
meta/llama-3.3-70b-instruct,64,256
meta/llama-3.3-70b-instruct,64,256
meta/llama-3.3-70b-instruct,64,256
meta/llama-3.3-70b-instruct,64,256
meta/llama-3.3-70b-instruct,64,256
meta/llama-3.3-70b-instruct,51,256
meta/llama-3.3-70b-instruct,51,243
meta/llama-3.3-70b-instruct,51,256
meta/llama-3.3-70b-instruct,51,256
meta/llama-3.3-70b-instruct,51,256
meta/llama-3.3-70b-instruct,51,203
meta/llama-3.3-70b-instruct,51,256
meta/llama-3.3-70b-instruct,51,241
meta/llama-3.3-70b-instruct,52,103
meta/llama-3.3-70b-instruct,52,81
meta/llama-3.3-70b-instruct,52,90
meta/llama-3.3-70b-instruct,52,102
meta/llama-3.3-70b-instruct,52,85
meta/llama-3.3-70b-instruct,52,95
meta/llama-3.3-70b-instruct,52,104
meta/llama-3.3-70b-instruct,52,93
meta/llama-3.3-70b-instruct,52,256
meta/llama-3.3-70b-instruct,52,256
meta/llama-3.3-70b-instruct,52,256
meta/llama-3.3-70b-instruct,52,256
meta/llama-3.3-70b-instruct,52,256
meta/llama-3.3-70b-instruct,52,256
meta/llama-3.3-70b-instruct,52,256
meta/llama-3.3-70b-instruct,52,256
meta/llama-3.3-70b-instruct,59,116
meta/llama-3.3-70b-instruct,59,103
meta/llama-3.3-70b-instruct,59,93
meta/llama-3.3-70b-instruct,59,102
meta/llama-3.3-70b-instruct,59,95
meta/llama-3.3-70b-instruct,59,109
meta/llama-3.3-70b-instruct,59,98
meta/llama-3.3-70b-instruct,59,100
meta/llama-3.3-70b-instruct,62,256
meta/llama-3.3-70b-instruct,62,256
meta/llama-3.3-70b-instruct,62,256
meta/llama-3.3-70b-instruct,62,256
meta/llama-3.3-70b-instruct,62,256
meta/llama-3.3-70b-instruct,62,256
meta/llama-3.3-70b-instruct,62,256
meta/llama-3.3-70b-instruct,62,256
meta/llama-3.3-70b-instruct,61,48
meta/llama-3.3-70b-instruct,61,75
meta/llama-3.3-70b-instruct,61,72
meta/llama-3.3-70b-instruct,61,114
meta/llama-3.3-70b-instruct,61,110
meta/llama-3.3-70b-instruct,61,86
meta/llama-3.3-70b-instruct,61,63
meta/llama-3.3-70b-instruct,61,96
meta/llama-3.3-70b-instruct,59,256
meta/llama-3.3-70b-instruct,59,256
meta/llama-3.3-70b-instruct,59,256
meta/llama-3.3-70b-instruct,59,256
meta/llama-3.3-70b-instruct,59,256
meta/llama-3.3-70b-instruct,59,256
meta/llama-3.3-70b-instruct,59,256
meta/llama-3.3-70b-instruct,59,256
meta/llama-3.3-70b-instruct,66,2
meta/llama-3.3-70b-instruct,66,2
meta/llama-3.3-70b-instruct,66,2
meta/llama-3.3-70b-instruct,66,2
meta/llama-3.3-70b-instruct,66,2
meta/llama-3.3-70b-instruct,66,2
meta/llama-3.3-70b-instruct,66,2
meta/llama-3.3-70b-instruct,66,2
meta/llama-3.3-70b-instruct,67,2
meta/llama-3.3-70b-instruct,67,2
meta/llama-3.3-70b-instruct,67,2
meta/llama-3.3-70b-instruct,67,2
meta/llama-3.3-70b-instruct,67,2
meta/llama-3.3-70b-instruct,67,2
meta/llama-3.3-70b-instruct,67,2
meta/llama-3.3-70b-instruct,67,2
meta/llama-3.3-70b-instruct,65,2
meta/llama-3.3-70b-instruct,65,2
meta/llama-3.3-70b-instruct,65,2
meta/llama-3.3-70b-instruct,65,2
meta/llama-3.3-70b-instruct,65,2
meta/llama-3.3-70b-instruct,65,2
meta/llama-3.3-70b-instruct,65,2
meta/llama-3.3-70b-instruct,65,2
meta/llama-3.3-70b-instruct,66,2
meta/llama-3.3-70b-instruct,66,2
meta/llama-3.3-70b-instruct,66,2
meta/llama-3.3-70b-instruct,66,2
meta/llama-3.3-70b-instruct,66,2
meta/llama-3.3-70b-instruct,66,2
meta/llama-3.3-70b-instruct,66,2
meta/llama-3.3-70b-instruct,66,2
meta/llama-3.3-70b-instruct,61,2
meta/llama-3.3-70b-instruct,61,2
meta/llama-3.3-70b-instruct,61,2
meta/llama-3.3-70b-instruct,61,2
meta/llama-3.3-70b-instruct,61,2
meta/llama-3.3-70b-instruct,61,2
meta/llama-3.3-70b-instruct,61,2
meta/llama-3.3-70b-instruct,61,2
meta/llama-3.3-70b-instruct,62,2
meta/llama-3.3-70b-instruct,62,2
meta/llama-3.3-70b-instruct,62,2
meta/llama-3.3-70b-instruct,62,2
meta/llama-3.3-70b-instruct,62,2
meta/llama-3.3-70b-instruct,62,2
meta/llama-3.3-70b-instruct,62,2
meta/llama-3.3-70b-instruct,62,2
meta/llama-3.3-70b-instruct,61,2
meta/llama-3.3-70b-instruct,61,2
meta/llama-3.3-70b-instruct,61,2
meta/llama-3.3-70b-instruct,61,2
meta/llama-3.3-70b-instruct,61,2
meta/llama-3.3-70b-instruct,61,2
meta/llama-3.3-70b-instruct,61,2
meta/llama-3.3-70b-instruct,61,2
meta/llama-3.3-70b-instruct,62,2
meta/llama-3.3-70b-instruct,62,2
meta/llama-3.3-70b-instruct,62,2
meta/llama-3.3-70b-instruct,62,2
meta/llama-3.3-70b-instruct,62,2
meta/llama-3.3-70b-instruct,62,2
meta/llama-3.3-70b-instruct,62,2
meta/llama-3.3-70b-instruct,62,2
meta/llama-3.3-70b-instruct,58,44
meta/llama-3.3-70b-instruct,58,43
meta/llama-3.3-70b-instruct,58,41
meta/llama-3.3-70b-instruct,58,43
meta/llama-3.3-70b-instruct,58,35
meta/llama-3.3-70b-instruct,58,45
meta/llama-3.3-70b-instruct,58,37
meta/llama-3.3-70b-instruct,58,35
meta/llama-3.3-70b-instruct,58,101
meta/llama-3.3-70b-instruct,58,104
meta/llama-3.3-70b-instruct,58,86
meta/llama-3.3-70b-instruct,58,119
meta/llama-3.3-70b-instruct,58,85
meta/llama-3.3-70b-instruct,58,76
meta/llama-3.3-70b-instruct,58,97
meta/llama-3.3-70b-instruct,58,108
meta/llama-3.3-70b-instruct,57,47
meta/llama-3.3-70b-instruct,57,44
meta/llama-3.3-70b-instruct,57,46
meta/llama-3.3-70b-instruct,57,45
meta/llama-3.3-70b-instruct,57,54
meta/llama-3.3-70b-instruct,57,61
meta/llama-3.3-70b-instruct,57,61
meta/llama-3.3-70b-instruct,57,49
meta/llama-3.3-70b-instruct,47,148
meta/llama-3.3-70b-instruct,47,174
meta/llama-3.3-70b-instruct,47,166
meta/llama-3.3-70b-instruct,47,168
meta/llama-3.3-70b-instruct,47,161
meta/llama-3.3-70b-instruct,47,168
meta/llama-3.3-70b-instruct,47,162
meta/llama-3.3-70b-instruct,47,155
meta/llama-3.3-70b-instruct,51,91
meta/llama-3.3-70b-instruct,51,95
meta/llama-3.3-70b-instruct,51,95
meta/llama-3.3-70b-instruct,51,97
meta/llama-3.3-70b-instruct,51,85
meta/llama-3.3-70b-instruct,51,73
meta/llama-3.3-70b-instruct,51,102
meta/llama-3.3-70b-instruct,51,108
meta/llama-3.3-70b-instruct,51,256
meta/llama-3.3-70b-instruct,51,256
meta/llama-3.3-70b-instruct,51,256
meta/llama-3.3-70b-instruct,51,256
meta/llama-3.3-70b-instruct,51,256
meta/llama-3.3-70b-instruct,51,256
meta/llama-3.3-70b-instruct,51,256
meta/llama-3.3-70b-instruct,51,256
meta/llama-3.3-70b-instruct,57,98
meta/llama-3.3-70b-instruct,57,81
meta/llama-3.3-70b-instruct,57,90
meta/llama-3.3-70b-instruct,57,81
meta/llama-3.3-70b-instruct,57,87
meta/llama-3.3-70b-instruct,57,85
meta/llama-3.3-70b-instruct,57,99
meta/llama-3.3-70b-instruct,57,88
meta/llama-3.3-70b-instruct,53,256
meta/llama-3.3-70b-instruct,53,256
meta/llama-3.3-70b-instruct,53,256
meta/llama-3.3-70b-instruct,53,256
meta/llama-3.3-70b-instruct,53,256
meta/llama-3.3-70b-instruct,53,256
meta/llama-3.3-70b-instruct,53,256
meta/llama-3.3-70b-instruct,53,256
meta/llama-3.3-70b-instruct,60,57
meta/llama-3.3-70b-instruct,60,57
meta/llama-3.3-70b-instruct,60,54
meta/llama-3.3-70b-instruct,60,40
meta/llama-3.3-70b-instruct,60,64
meta/llama-3.3-70b-instruct,60,65
meta/llama-3.3-70b-instruct,60,77
meta/llama-3.3-70b-instruct,60,78
meta/llama-3.3-70b-instruct,59,256
meta/llama-3.3-70b-instruct,59,256
meta/llama-3.3-70b-instruct,59,256
meta/llama-3.3-70b-instruct,59,256
meta/llama-3.3-70b-instruct,59,256
meta/llama-3.3-70b-instruct,59,256
meta/llama-3.3-70b-instruct,59,256
meta/llama-3.3-70b-instruct,59,256
meta/llama-3.3-70b-instruct,60,2
meta/llama-3.3-70b-instruct,60,2
meta/llama-3.3-70b-instruct,60,2
meta/llama-3.3-70b-instruct,60,2
meta/llama-3.3-70b-instruct,60,2
meta/llama-3.3-70b-instruct,60,2
meta/llama-3.3-70b-instruct,60,2
meta/llama-3.3-70b-instruct,60,2
meta/llama-3.3-70b-instruct,61,2
meta/llama-3.3-70b-instruct,61,2
meta/llama-3.3-70b-instruct,61,2
meta/llama-3.3-70b-instruct,61,2
meta/llama-3.3-70b-instruct,61,2
meta/llama-3.3-70b-instruct,61,2
meta/llama-3.3-70b-instruct,61,2
meta/llama-3.3-70b-instruct,61,2
meta/llama-3.3-70b-instruct,67,2
meta/llama-3.3-70b-instruct,67,2
meta/llama-3.3-70b-instruct,67,2
meta/llama-3.3-70b-instruct,67,2
meta/llama-3.3-70b-instruct,67,2
meta/llama-3.3-70b-instruct,67,2
meta/llama-3.3-70b-instruct,67,2
meta/llama-3.3-70b-instruct,67,2
meta/llama-3.3-70b-instruct,68,2
meta/llama-3.3-70b-instruct,68,2
meta/llama-3.3-70b-instruct,68,2
meta/llama-3.3-70b-instruct,68,2
meta/llama-3.3-70b-instruct,68,2
meta/llama-3.3-70b-instruct,68,2
meta/llama-3.3-70b-instruct,68,2
meta/llama-3.3-70b-instruct,68,2
meta/llama-3.3-70b-instruct,63,2
meta/llama-3.3-70b-instruct,63,2
meta/llama-3.3-70b-instruct,63,2
meta/llama-3.3-70b-instruct,63,2
meta/llama-3.3-70b-instruct,63,2
meta/llama-3.3-70b-instruct,63,2
meta/llama-3.3-70b-instruct,63,2
meta/llama-3.3-70b-instruct,63,2
meta/llama-3.3-70b-instruct,64,2
meta/llama-3.3-70b-instruct,64,2
meta/llama-3.3-70b-instruct,64,2
meta/llama-3.3-70b-instruct,64,2
meta/llama-3.3-70b-instruct,64,2
meta/llama-3.3-70b-instruct,64,2
meta/llama-3.3-70b-instruct,64,2
meta/llama-3.3-70b-instruct,64,2
meta/llama-3.3-70b-instruct,60,2
meta/llama-3.3-70b-instruct,60,2
meta/llama-3.3-70b-instruct,60,2
meta/llama-3.3-70b-instruct,60,2
meta/llama-3.3-70b-instruct,60,2
meta/llama-3.3-70b-instruct,60,2
meta/llama-3.3-70b-instruct,60,2
meta/llama-3.3-70b-instruct,60,2
meta/llama-3.3-70b-instruct,61,2
meta/llama-3.3-70b-instruct,61,2
meta/llama-3.3-70b-instruct,61,2
meta/llama-3.3-70b-instruct,61,2
meta/llama-3.3-70b-instruct,61,2
meta/llama-3.3-70b-instruct,61,2
meta/llama-3.3-70b-instruct,61,2
meta/llama-3.3-70b-instruct,61,2
meta/llama-3.3-70b-instruct,60,42
meta/llama-3.3-70b-instruct,60,51
meta/llama-3.3-70b-instruct,60,47
meta/llama-3.3-70b-instruct,60,55
meta/llama-3.3-70b-instruct,60,47
meta/llama-3.3-70b-instruct,60,49
meta/llama-3.3-70b-instruct,60,46
meta/llama-3.3-70b-instruct,60,56
meta/llama-3.3-70b-instruct,63,83
meta/llama-3.3-70b-instruct,63,115
meta/llama-3.3-70b-instruct,63,157
meta/llama-3.3-70b-instruct,63,108
meta/llama-3.3-70b-instruct,63,86
meta/llama-3.3-70b-instruct,63,66
meta/llama-3.3-70b-instruct,63,127
meta/llama-3.3-70b-instruct,63,97
meta/llama-3.3-70b-instruct,65,256
meta/llama-3.3-70b-instruct,65,256
meta/llama-3.3-70b-instruct,65,256
meta/llama-3.3-70b-instruct,65,256
meta/llama-3.3-70b-instruct,65,256
meta/llama-3.3-70b-instruct,65,256
meta/llama-3.3-70b-instruct,65,256
meta/llama-3.3-70b-instruct,65,256
meta/llama-3.3-70b-instruct,52,256
meta/llama-3.3-70b-instruct,52,256
meta/llama-3.3-70b-instruct,52,256
meta/llama-3.3-70b-instruct,52,256
meta/llama-3.3-70b-instruct,52,256
meta/llama-3.3-70b-instruct,52,256
meta/llama-3.3-70b-instruct,52,256
meta/llama-3.3-70b-instruct,52,256
meta/llama-3.3-70b-instruct,53,99
meta/llama-3.3-70b-instruct,53,101
meta/llama-3.3-70b-instruct,53,101
meta/llama-3.3-70b-instruct,53,85
meta/llama-3.3-70b-instruct,53,85
meta/llama-3.3-70b-instruct,53,92
meta/llama-3.3-70b-instruct,53,110
meta/llama-3.3-70b-instruct,53,105
meta/llama-3.3-70b-instruct,53,256
meta/llama-3.3-70b-instruct,53,256
meta/llama-3.3-70b-instruct,53,256
meta/llama-3.3-70b-instruct,53,256
meta/llama-3.3-70b-instruct,53,256
meta/llama-3.3-70b-instruct,53,256
meta/llama-3.3-70b-instruct,53,256
meta/llama-3.3-70b-instruct,53,256
meta/llama-3.3-70b-instruct,60,98
meta/llama-3.3-70b-instruct,60,103
meta/llama-3.3-70b-instruct,60,98
meta/llama-3.3-70b-instruct,60,108
meta/llama-3.3-70b-instruct,60,121
meta/llama-3.3-70b-instruct,60,92
meta/llama-3.3-70b-instruct,60,105
meta/llama-3.3-70b-instruct,60,87
meta/llama-3.3-70b-instruct,63,256
meta/llama-3.3-70b-instruct,63,256
meta/llama-3.3-70b-instruct,63,256
meta/llama-3.3-70b-instruct,63,256
meta/llama-3.3-70b-instruct,63,256
meta/llama-3.3-70b-instruct,63,256
meta/llama-3.3-70b-instruct,63,256
meta/llama-3.3-70b-instruct,63,256
meta/llama-3.3-70b-instruct,62,116
meta/llama-3.3-70b-instruct,62,203
meta/llama-3.3-70b-instruct,62,108
meta/llama-3.3-70b-instruct,62,186
meta/llama-3.3-70b-instruct,62,170
meta/llama-3.3-70b-instruct,62,46
meta/llama-3.3-70b-instruct,62,113
meta/llama-3.3-70b-instruct,62,77
meta/llama-3.3-70b-instruct,60,256
meta/llama-3.3-70b-instruct,60,256
meta/llama-3.3-70b-instruct,60,256
meta/llama-3.3-70b-instruct,60,256
meta/llama-3.3-70b-instruct,60,256
meta/llama-3.3-70b-instruct,60,256
meta/llama-3.3-70b-instruct,60,256
meta/llama-3.3-70b-instruct,60,256
mistralai/mixtral-8x7b-instruct-v0.1,37,12
mistralai/mixtral-8x7b-instruct-v0.1,37,12
mistralai/mixtral-8x7b-instruct-v0.1,37,12
mistralai/mixtral-8x7b-instruct-v0.1,37,12
mistralai/mixtral-8x7b-instruct-v0.1,37,12
mistralai/mixtral-8x7b-instruct-v0.1,37,12
mistralai/mixtral-8x7b-instruct-v0.1,37,12
mistralai/mixtral-8x7b-instruct-v0.1,37,12
mistralai/mixtral-8x7b-instruct-v0.1,38,12
mistralai/mixtral-8x7b-instruct-v0.1,38,12
mistralai/mixtral-8x7b-instruct-v0.1,38,12
mistralai/mixtral-8x7b-instruct-v0.1,38,12
mistralai/mixtral-8x7b-instruct-v0.1,38,12
mistralai/mixtral-8x7b-instruct-v0.1,38,12
mistralai/mixtral-8x7b-instruct-v0.1,38,12
mistralai/mixtral-8x7b-instruct-v0.1,38,12
mistralai/mixtral-8x7b-instruct-v0.1,36,12
mistralai/mixtral-8x7b-instruct-v0.1,36,12
mistralai/mixtral-8x7b-instruct-v0.1,36,12
mistralai/mixtral-8x7b-instruct-v0.1,36,12
mistralai/mixtral-8x7b-instruct-v0.1,36,12
mistralai/mixtral-8x7b-instruct-v0.1,36,12
mistralai/mixtral-8x7b-instruct-v0.1,36,12
mistralai/mixtral-8x7b-instruct-v0.1,36,12
mistralai/mixtral-8x7b-instruct-v0.1,37,12
mistralai/mixtral-8x7b-instruct-v0.1,37,12
mistralai/mixtral-8x7b-instruct-v0.1,37,12
mistralai/mixtral-8x7b-instruct-v0.1,37,12
mistralai/mixtral-8x7b-instruct-v0.1,37,12
mistralai/mixtral-8x7b-instruct-v0.1,37,12
mistralai/mixtral-8x7b-instruct-v0.1,37,12
mistralai/mixtral-8x7b-instruct-v0.1,37,12
mistralai/mixtral-8x7b-instruct-v0.1,31,12
mistralai/mixtral-8x7b-instruct-v0.1,31,12
mistralai/mixtral-8x7b-instruct-v0.1,31,12
mistralai/mixtral-8x7b-instruct-v0.1,31,12
mistralai/mixtral-8x7b-instruct-v0.1,31,12
mistralai/mixtral-8x7b-instruct-v0.1,31,12
mistralai/mixtral-8x7b-instruct-v0.1,31,12
mistralai/mixtral-8x7b-instruct-v0.1,31,12
mistralai/mixtral-8x7b-instruct-v0.1,32,12
mistralai/mixtral-8x7b-instruct-v0.1,32,12
mistralai/mixtral-8x7b-instruct-v0.1,32,12
mistralai/mixtral-8x7b-instruct-v0.1,32,12
mistralai/mixtral-8x7b-instruct-v0.1,32,12
mistralai/mixtral-8x7b-instruct-v0.1,32,12
mistralai/mixtral-8x7b-instruct-v0.1,32,12
mistralai/mixtral-8x7b-instruct-v0.1,32,12
mistralai/mixtral-8x7b-instruct-v0.1,31,12
mistralai/mixtral-8x7b-instruct-v0.1,31,12
mistralai/mixtral-8x7b-instruct-v0.1,31,12
mistralai/mixtral-8x7b-instruct-v0.1,31,12
mistralai/mixtral-8x7b-instruct-v0.1,31,12
mistralai/mixtral-8x7b-instruct-v0.1,31,12
mistralai/mixtral-8x7b-instruct-v0.1,31,12
mistralai/mixtral-8x7b-instruct-v0.1,31,12
mistralai/mixtral-8x7b-instruct-v0.1,32,12
mistralai/mixtral-8x7b-instruct-v0.1,32,12
mistralai/mixtral-8x7b-instruct-v0.1,32,12
mistralai/mixtral-8x7b-instruct-v0.1,32,12
mistralai/mixtral-8x7b-instruct-v0.1,32,12
mistralai/mixtral-8x7b-instruct-v0.1,32,12
mistralai/mixtral-8x7b-instruct-v0.1,32,12
mistralai/mixtral-8x7b-instruct-v0.1,32,12
mistralai/mixtral-8x7b-instruct-v0.1,30,48
mistralai/mixtral-8x7b-instruct-v0.1,30,66
mistralai/mixtral-8x7b-instruct-v0.1,30,60
mistralai/mixtral-8x7b-instruct-v0.1,30,37
mistralai/mixtral-8x7b-instruct-v0.1,30,65
mistralai/mixtral-8x7b-instruct-v0.1,30,60
mistralai/mixtral-8x7b-instruct-v0.1,30,41
mistralai/mixtral-8x7b-instruct-v0.1,30,44
mistralai/mixtral-8x7b-instruct-v0.1,30,158
mistralai/mixtral-8x7b-instruct-v0.1,30,202
mistralai/mixtral-8x7b-instruct-v0.1,30,215
mistralai/mixtral-8x7b-instruct-v0.1,30,256
mistralai/mixtral-8x7b-instruct-v0.1,30,256
mistralai/mixtral-8x7b-instruct-v0.1,30,188
mistralai/mixtral-8x7b-instruct-v0.1,30,199
mistralai/mixtral-8x7b-instruct-v0.1,30,256
mistralai/mixtral-8x7b-instruct-v0.1,29,151
mistralai/mixtral-8x7b-instruct-v0.1,29,188
mistralai/mixtral-8x7b-instruct-v0.1,29,181
mistralai/mixtral-8x7b-instruct-v0.1,29,236
mistralai/mixtral-8x7b-instruct-v0.1,29,207
mistralai/mixtral-8x7b-instruct-v0.1,29,256
mistralai/mixtral-8x7b-instruct-v0.1,29,231
mistralai/mixtral-8x7b-instruct-v0.1,29,207
mistralai/mixtral-8x7b-instruct-v0.1,20,179
mistralai/mixtral-8x7b-instruct-v0.1,20,207
mistralai/mixtral-8x7b-instruct-v0.1,20,223
mistralai/mixtral-8x7b-instruct-v0.1,20,231
mistralai/mixtral-8x7b-instruct-v0.1,20,224
mistralai/mixtral-8x7b-instruct-v0.1,20,149
mistralai/mixtral-8x7b-instruct-v0.1,20,110
mistralai/mixtral-8x7b-instruct-v0.1,20,165
mistralai/mixtral-8x7b-instruct-v0.1,23,122
mistralai/mixtral-8x7b-instruct-v0.1,23,88
mistralai/mixtral-8x7b-instruct-v0.1,23,63
mistralai/mixtral-8x7b-instruct-v0.1,23,75
mistralai/mixtral-8x7b-instruct-v0.1,23,93
mistralai/mixtral-8x7b-instruct-v0.1,23,63
mistralai/mixtral-8x7b-instruct-v0.1,23,100
mistralai/mixtral-8x7b-instruct-v0.1,23,77
mistralai/mixtral-8x7b-instruct-v0.1,23,256
mistralai/mixtral-8x7b-instruct-v0.1,23,256
mistralai/mixtral-8x7b-instruct-v0.1,23,256
mistralai/mixtral-8x7b-instruct-v0.1,23,256
mistralai/mixtral-8x7b-instruct-v0.1,23,256
mistralai/mixtral-8x7b-instruct-v0.1,23,256
mistralai/mixtral-8x7b-instruct-v0.1,23,256
mistralai/mixtral-8x7b-instruct-v0.1,23,256
mistralai/mixtral-8x7b-instruct-v0.1,29,60
mistralai/mixtral-8x7b-instruct-v0.1,29,74
mistralai/mixtral-8x7b-instruct-v0.1,29,77
mistralai/mixtral-8x7b-instruct-v0.1,29,63
mistralai/mixtral-8x7b-instruct-v0.1,29,59
mistralai/mixtral-8x7b-instruct-v0.1,29,58
mistralai/mixtral-8x7b-instruct-v0.1,29,80
mistralai/mixtral-8x7b-instruct-v0.1,29,56
mistralai/mixtral-8x7b-instruct-v0.1,25,225
mistralai/mixtral-8x7b-instruct-v0.1,25,256
mistralai/mixtral-8x7b-instruct-v0.1,25,256
mistralai/mixtral-8x7b-instruct-v0.1,25,256
mistralai/mixtral-8x7b-instruct-v0.1,25,249
mistralai/mixtral-8x7b-instruct-v0.1,25,256
mistralai/mixtral-8x7b-instruct-v0.1,25,256
mistralai/mixtral-8x7b-instruct-v0.1,25,256
mistralai/mixtral-8x7b-instruct-v0.1,32,188
mistralai/mixtral-8x7b-instruct-v0.1,32,198
mistralai/mixtral-8x7b-instruct-v0.1,32,226
mistralai/mixtral-8x7b-instruct-v0.1,32,256
mistralai/mixtral-8x7b-instruct-v0.1,32,256
mistralai/mixtral-8x7b-instruct-v0.1,32,256
mistralai/mixtral-8x7b-instruct-v0.1,32,221
mistralai/mixtral-8x7b-instruct-v0.1,32,256
mistralai/mixtral-8x7b-instruct-v0.1,31,256
mistralai/mixtral-8x7b-instruct-v0.1,31,256
mistralai/mixtral-8x7b-instruct-v0.1,31,256
mistralai/mixtral-8x7b-instruct-v0.1,31,238
mistralai/mixtral-8x7b-instruct-v0.1,31,256
mistralai/mixtral-8x7b-instruct-v0.1,31,135
mistralai/mixtral-8x7b-instruct-v0.1,31,203
mistralai/mixtral-8x7b-instruct-v0.1,31,100
mistralai/mixtral-8x7b-instruct-v0.1,37,12
mistralai/mixtral-8x7b-instruct-v0.1,37,12
mistralai/mixtral-8x7b-instruct-v0.1,37,12
mistralai/mixtral-8x7b-instruct-v0.1,37,12
mistralai/mixtral-8x7b-instruct-v0.1,37,12
mistralai/mixtral-8x7b-instruct-v0.1,37,12
mistralai/mixtral-8x7b-instruct-v0.1,37,12
mistralai/mixtral-8x7b-instruct-v0.1,37,12
mistralai/mixtral-8x7b-instruct-v0.1,38,12
mistralai/mixtral-8x7b-instruct-v0.1,38,12
mistralai/mixtral-8x7b-instruct-v0.1,38,12
mistralai/mixtral-8x7b-instruct-v0.1,38,12
mistralai/mixtral-8x7b-instruct-v0.1,38,12
mistralai/mixtral-8x7b-instruct-v0.1,38,12
mistralai/mixtral-8x7b-instruct-v0.1,38,12
mistralai/mixtral-8x7b-instruct-v0.1,38,12
mistralai/mixtral-8x7b-instruct-v0.1,46,12
mistralai/mixtral-8x7b-instruct-v0.1,46,12
mistralai/mixtral-8x7b-instruct-v0.1,46,12
mistralai/mixtral-8x7b-instruct-v0.1,46,12
mistralai/mixtral-8x7b-instruct-v0.1,46,12
mistralai/mixtral-8x7b-instruct-v0.1,46,12
mistralai/mixtral-8x7b-instruct-v0.1,46,12
mistralai/mixtral-8x7b-instruct-v0.1,46,12
mistralai/mixtral-8x7b-instruct-v0.1,47,12
mistralai/mixtral-8x7b-instruct-v0.1,47,12
mistralai/mixtral-8x7b-instruct-v0.1,47,12
mistralai/mixtral-8x7b-instruct-v0.1,47,12
mistralai/mixtral-8x7b-instruct-v0.1,47,12
mistralai/mixtral-8x7b-instruct-v0.1,47,12
mistralai/mixtral-8x7b-instruct-v0.1,47,12
mistralai/mixtral-8x7b-instruct-v0.1,47,12
mistralai/mixtral-8x7b-instruct-v0.1,42,12
mistralai/mixtral-8x7b-instruct-v0.1,42,12
mistralai/mixtral-8x7b-instruct-v0.1,42,12
mistralai/mixtral-8x7b-instruct-v0.1,42,12
mistralai/mixtral-8x7b-instruct-v0.1,42,12
mistralai/mixtral-8x7b-instruct-v0.1,42,12
mistralai/mixtral-8x7b-instruct-v0.1,42,12
mistralai/mixtral-8x7b-instruct-v0.1,42,12
mistralai/mixtral-8x7b-instruct-v0.1,43,12
mistralai/mixtral-8x7b-instruct-v0.1,43,12
mistralai/mixtral-8x7b-instruct-v0.1,43,12
mistralai/mixtral-8x7b-instruct-v0.1,43,12
mistralai/mixtral-8x7b-instruct-v0.1,43,12
mistralai/mixtral-8x7b-instruct-v0.1,43,12
mistralai/mixtral-8x7b-instruct-v0.1,43,12
mistralai/mixtral-8x7b-instruct-v0.1,43,12
mistralai/mixtral-8x7b-instruct-v0.1,39,12
mistralai/mixtral-8x7b-instruct-v0.1,39,12
mistralai/mixtral-8x7b-instruct-v0.1,39,12
mistralai/mixtral-8x7b-instruct-v0.1,39,12
mistralai/mixtral-8x7b-instruct-v0.1,39,12
mistralai/mixtral-8x7b-instruct-v0.1,39,12
mistralai/mixtral-8x7b-instruct-v0.1,39,12
mistralai/mixtral-8x7b-instruct-v0.1,39,12
mistralai/mixtral-8x7b-instruct-v0.1,40,12
mistralai/mixtral-8x7b-instruct-v0.1,40,12
mistralai/mixtral-8x7b-instruct-v0.1,40,12
mistralai/mixtral-8x7b-instruct-v0.1,40,12
mistralai/mixtral-8x7b-instruct-v0.1,40,12
mistralai/mixtral-8x7b-instruct-v0.1,40,12
mistralai/mixtral-8x7b-instruct-v0.1,40,12
mistralai/mixtral-8x7b-instruct-v0.1,40,12
mistralai/mixtral-8x7b-instruct-v0.1,40,39
mistralai/mixtral-8x7b-instruct-v0.1,40,86
mistralai/mixtral-8x7b-instruct-v0.1,40,82
mistralai/mixtral-8x7b-instruct-v0.1,40,129
mistralai/mixtral-8x7b-instruct-v0.1,40,57
mistralai/mixtral-8x7b-instruct-v0.1,40,56
mistralai/mixtral-8x7b-instruct-v0.1,40,93
mistralai/mixtral-8x7b-instruct-v0.1,40,75
mistralai/mixtral-8x7b-instruct-v0.1,45,256
mistralai/mixtral-8x7b-instruct-v0.1,45,256
mistralai/mixtral-8x7b-instruct-v0.1,45,241
mistralai/mixtral-8x7b-instruct-v0.1,45,256
mistralai/mixtral-8x7b-instruct-v0.1,45,256
mistralai/mixtral-8x7b-instruct-v0.1,45,170
mistralai/mixtral-8x7b-instruct-v0.1,45,223
mistralai/mixtral-8x7b-instruct-v0.1,45,256
mistralai/mixtral-8x7b-instruct-v0.1,47,256
mistralai/mixtral-8x7b-instruct-v0.1,47,256
mistralai/mixtral-8x7b-instruct-v0.1,47,256
mistralai/mixtral-8x7b-instruct-v0.1,47,256
mistralai/mixtral-8x7b-instruct-v0.1,47,256
mistralai/mixtral-8x7b-instruct-v0.1,47,256
mistralai/mixtral-8x7b-instruct-v0.1,47,256
mistralai/mixtral-8x7b-instruct-v0.1,47,256
mistralai/mixtral-8x7b-instruct-v0.1,31,256
mistralai/mixtral-8x7b-instruct-v0.1,31,256
mistralai/mixtral-8x7b-instruct-v0.1,31,256
mistralai/mixtral-8x7b-instruct-v0.1,31,256
mistralai/mixtral-8x7b-instruct-v0.1,31,256
mistralai/mixtral-8x7b-instruct-v0.1,31,256
mistralai/mixtral-8x7b-instruct-v0.1,31,256
mistralai/mixtral-8x7b-instruct-v0.1,31,256
mistralai/mixtral-8x7b-instruct-v0.1,32,159
mistralai/mixtral-8x7b-instruct-v0.1,32,151
mistralai/mixtral-8x7b-instruct-v0.1,32,130
mistralai/mixtral-8x7b-instruct-v0.1,32,164
mistralai/mixtral-8x7b-instruct-v0.1,32,111
mistralai/mixtral-8x7b-instruct-v0.1,32,117
mistralai/mixtral-8x7b-instruct-v0.1,32,162
mistralai/mixtral-8x7b-instruct-v0.1,32,137
mistralai/mixtral-8x7b-instruct-v0.1,34,256
mistralai/mixtral-8x7b-instruct-v0.1,34,256
mistralai/mixtral-8x7b-instruct-v0.1,34,256
mistralai/mixtral-8x7b-instruct-v0.1,34,256
mistralai/mixtral-8x7b-instruct-v0.1,34,256
mistralai/mixtral-8x7b-instruct-v0.1,34,256
mistralai/mixtral-8x7b-instruct-v0.1,34,256
mistralai/mixtral-8x7b-instruct-v0.1,34,256
mistralai/mixtral-8x7b-instruct-v0.1,41,171
mistralai/mixtral-8x7b-instruct-v0.1,41,159
mistralai/mixtral-8x7b-instruct-v0.1,41,80
mistralai/mixtral-8x7b-instruct-v0.1,41,89
mistralai/mixtral-8x7b-instruct-v0.1,41,87
mistralai/mixtral-8x7b-instruct-v0.1,41,72
mistralai/mixtral-8x7b-instruct-v0.1,41,107
mistralai/mixtral-8x7b-instruct-v0.1,41,104
mistralai/mixtral-8x7b-instruct-v0.1,46,209
mistralai/mixtral-8x7b-instruct-v0.1,46,256
mistralai/mixtral-8x7b-instruct-v0.1,46,256
mistralai/mixtral-8x7b-instruct-v0.1,46,256
mistralai/mixtral-8x7b-instruct-v0.1,46,249
mistralai/mixtral-8x7b-instruct-v0.1,46,256
mistralai/mixtral-8x7b-instruct-v0.1,46,256
mistralai/mixtral-8x7b-instruct-v0.1,46,256
mistralai/mixtral-8x7b-instruct-v0.1,44,256
mistralai/mixtral-8x7b-instruct-v0.1,44,256
mistralai/mixtral-8x7b-instruct-v0.1,44,256
mistralai/mixtral-8x7b-instruct-v0.1,44,226
mistralai/mixtral-8x7b-instruct-v0.1,44,256
mistralai/mixtral-8x7b-instruct-v0.1,44,256
mistralai/mixtral-8x7b-instruct-v0.1,44,130
mistralai/mixtral-8x7b-instruct-v0.1,44,256
mistralai/mixtral-8x7b-instruct-v0.1,45,256
mistralai/mixtral-8x7b-instruct-v0.1,45,256
mistralai/mixtral-8x7b-instruct-v0.1,45,228
mistralai/mixtral-8x7b-instruct-v0.1,45,256
mistralai/mixtral-8x7b-instruct-v0.1,45,256
mistralai/mixtral-8x7b-instruct-v0.1,45,256
mistralai/mixtral-8x7b-instruct-v0.1,45,256
mistralai/mixtral-8x7b-instruct-v0.1,45,256
mistralai/mixtral-8x7b-instruct-v0.1,39,12
mistralai/mixtral-8x7b-instruct-v0.1,39,12
mistralai/mixtral-8x7b-instruct-v0.1,39,12
mistralai/mixtral-8x7b-instruct-v0.1,39,12
mistralai/mixtral-8x7b-instruct-v0.1,39,12
mistralai/mixtral-8x7b-instruct-v0.1,39,12
mistralai/mixtral-8x7b-instruct-v0.1,39,12
mistralai/mixtral-8x7b-instruct-v0.1,39,12
mistralai/mixtral-8x7b-instruct-v0.1,40,12
mistralai/mixtral-8x7b-instruct-v0.1,40,12
mistralai/mixtral-8x7b-instruct-v0.1,40,12
mistralai/mixtral-8x7b-instruct-v0.1,40,12
mistralai/mixtral-8x7b-instruct-v0.1,40,12
mistralai/mixtral-8x7b-instruct-v0.1,40,12
mistralai/mixtral-8x7b-instruct-v0.1,40,12
mistralai/mixtral-8x7b-instruct-v0.1,40,12
mistralai/mixtral-8x7b-instruct-v0.1,38,12
mistralai/mixtral-8x7b-instruct-v0.1,38,12
mistralai/mixtral-8x7b-instruct-v0.1,38,12
mistralai/mixtral-8x7b-instruct-v0.1,38,12
mistralai/mixtral-8x7b-instruct-v0.1,38,12
mistralai/mixtral-8x7b-instruct-v0.1,38,12
mistralai/mixtral-8x7b-instruct-v0.1,38,12
mistralai/mixtral-8x7b-instruct-v0.1,38,12
mistralai/mixtral-8x7b-instruct-v0.1,39,12
mistralai/mixtral-8x7b-instruct-v0.1,39,12
mistralai/mixtral-8x7b-instruct-v0.1,39,12
mistralai/mixtral-8x7b-instruct-v0.1,39,12
mistralai/mixtral-8x7b-instruct-v0.1,39,12
mistralai/mixtral-8x7b-instruct-v0.1,39,12
mistralai/mixtral-8x7b-instruct-v0.1,39,12
mistralai/mixtral-8x7b-instruct-v0.1,39,12
mistralai/mixtral-8x7b-instruct-v0.1,33,12
mistralai/mixtral-8x7b-instruct-v0.1,33,12
mistralai/mixtral-8x7b-instruct-v0.1,33,12
mistralai/mixtral-8x7b-instruct-v0.1,33,12
mistralai/mixtral-8x7b-instruct-v0.1,33,12
mistralai/mixtral-8x7b-instruct-v0.1,33,12
mistralai/mixtral-8x7b-instruct-v0.1,33,12
mistralai/mixtral-8x7b-instruct-v0.1,33,12
mistralai/mixtral-8x7b-instruct-v0.1,34,12
mistralai/mixtral-8x7b-instruct-v0.1,34,12
mistralai/mixtral-8x7b-instruct-v0.1,34,12
mistralai/mixtral-8x7b-instruct-v0.1,34,12
mistralai/mixtral-8x7b-instruct-v0.1,34,12
mistralai/mixtral-8x7b-instruct-v0.1,34,12
mistralai/mixtral-8x7b-instruct-v0.1,34,12
mistralai/mixtral-8x7b-instruct-v0.1,34,12
mistralai/mixtral-8x7b-instruct-v0.1,33,12
mistralai/mixtral-8x7b-instruct-v0.1,33,12
mistralai/mixtral-8x7b-instruct-v0.1,33,12
mistralai/mixtral-8x7b-instruct-v0.1,33,12
mistralai/mixtral-8x7b-instruct-v0.1,33,12
mistralai/mixtral-8x7b-instruct-v0.1,33,12
mistralai/mixtral-8x7b-instruct-v0.1,33,12
mistralai/mixtral-8x7b-instruct-v0.1,33,12
mistralai/mixtral-8x7b-instruct-v0.1,34,12
mistralai/mixtral-8x7b-instruct-v0.1,34,12
mistralai/mixtral-8x7b-instruct-v0.1,34,12
mistralai/mixtral-8x7b-instruct-v0.1,34,12
mistralai/mixtral-8x7b-instruct-v0.1,34,12
mistralai/mixtral-8x7b-instruct-v0.1,34,12
mistralai/mixtral-8x7b-instruct-v0.1,34,12
mistralai/mixtral-8x7b-instruct-v0.1,34,12
mistralai/mixtral-8x7b-instruct-v0.1,32,41
mistralai/mixtral-8x7b-instruct-v0.1,32,41
mistralai/mixtral-8x7b-instruct-v0.1,32,41
mistralai/mixtral-8x7b-instruct-v0.1,32,47
mistralai/mixtral-8x7b-instruct-v0.1,32,47
mistralai/mixtral-8x7b-instruct-v0.1,32,89
mistralai/mixtral-8x7b-instruct-v0.1,32,43
mistralai/mixtral-8x7b-instruct-v0.1,32,42
mistralai/mixtral-8x7b-instruct-v0.1,32,256
mistralai/mixtral-8x7b-instruct-v0.1,32,256
mistralai/mixtral-8x7b-instruct-v0.1,32,213
mistralai/mixtral-8x7b-instruct-v0.1,32,124
mistralai/mixtral-8x7b-instruct-v0.1,32,143
mistralai/mixtral-8x7b-instruct-v0.1,32,256
mistralai/mixtral-8x7b-instruct-v0.1,32,256
mistralai/mixtral-8x7b-instruct-v0.1,32,150
mistralai/mixtral-8x7b-instruct-v0.1,31,110
mistralai/mixtral-8x7b-instruct-v0.1,31,112
mistralai/mixtral-8x7b-instruct-v0.1,31,135
mistralai/mixtral-8x7b-instruct-v0.1,31,132
mistralai/mixtral-8x7b-instruct-v0.1,31,106
mistralai/mixtral-8x7b-instruct-v0.1,31,102
mistralai/mixtral-8x7b-instruct-v0.1,31,122
mistralai/mixtral-8x7b-instruct-v0.1,31,117
mistralai/mixtral-8x7b-instruct-v0.1,22,256
mistralai/mixtral-8x7b-instruct-v0.1,22,222
mistralai/mixtral-8x7b-instruct-v0.1,22,222
mistralai/mixtral-8x7b-instruct-v0.1,22,253
mistralai/mixtral-8x7b-instruct-v0.1,22,235
mistralai/mixtral-8x7b-instruct-v0.1,22,124
mistralai/mixtral-8x7b-instruct-v0.1,22,254
mistralai/mixtral-8x7b-instruct-v0.1,22,213
mistralai/mixtral-8x7b-instruct-v0.1,25,101
mistralai/mixtral-8x7b-instruct-v0.1,25,97
mistralai/mixtral-8x7b-instruct-v0.1,25,97
mistralai/mixtral-8x7b-instruct-v0.1,25,81
mistralai/mixtral-8x7b-instruct-v0.1,25,90
mistralai/mixtral-8x7b-instruct-v0.1,25,108
mistralai/mixtral-8x7b-instruct-v0.1,25,96
mistralai/mixtral-8x7b-instruct-v0.1,25,102
mistralai/mixtral-8x7b-instruct-v0.1,25,256
mistralai/mixtral-8x7b-instruct-v0.1,25,256
mistralai/mixtral-8x7b-instruct-v0.1,25,256
mistralai/mixtral-8x7b-instruct-v0.1,25,256
mistralai/mixtral-8x7b-instruct-v0.1,25,256
mistralai/mixtral-8x7b-instruct-v0.1,25,256
mistralai/mixtral-8x7b-instruct-v0.1,25,256
mistralai/mixtral-8x7b-instruct-v0.1,25,256
mistralai/mixtral-8x7b-instruct-v0.1,31,74
mistralai/mixtral-8x7b-instruct-v0.1,31,61
mistralai/mixtral-8x7b-instruct-v0.1,31,71
mistralai/mixtral-8x7b-instruct-v0.1,31,69
mistralai/mixtral-8x7b-instruct-v0.1,31,60
mistralai/mixtral-8x7b-instruct-v0.1,31,58
mistralai/mixtral-8x7b-instruct-v0.1,31,60
mistralai/mixtral-8x7b-instruct-v0.1,31,68
mistralai/mixtral-8x7b-instruct-v0.1,27,145
mistralai/mixtral-8x7b-instruct-v0.1,27,220
mistralai/mixtral-8x7b-instruct-v0.1,27,129
mistralai/mixtral-8x7b-instruct-v0.1,27,196
mistralai/mixtral-8x7b-instruct-v0.1,27,147
mistralai/mixtral-8x7b-instruct-v0.1,27,254
mistralai/mixtral-8x7b-instruct-v0.1,27,256
mistralai/mixtral-8x7b-instruct-v0.1,27,148
mistralai/mixtral-8x7b-instruct-v0.1,34,256
mistralai/mixtral-8x7b-instruct-v0.1,34,256
mistralai/mixtral-8x7b-instruct-v0.1,34,216
mistralai/mixtral-8x7b-instruct-v0.1,34,256
mistralai/mixtral-8x7b-instruct-v0.1,34,256
mistralai/mixtral-8x7b-instruct-v0.1,34,255
mistralai/mixtral-8x7b-instruct-v0.1,34,256
mistralai/mixtral-8x7b-instruct-v0.1,34,237
mistralai/mixtral-8x7b-instruct-v0.1,33,256
mistralai/mixtral-8x7b-instruct-v0.1,33,256
mistralai/mixtral-8x7b-instruct-v0.1,33,256
mistralai/mixtral-8x7b-instruct-v0.1,33,256
mistralai/mixtral-8x7b-instruct-v0.1,33,256
mistralai/mixtral-8x7b-instruct-v0.1,33,256
mistralai/mixtral-8x7b-instruct-v0.1,33,244
mistralai/mixtral-8x7b-instruct-v0.1,33,256
mistralai/mixtral-8x7b-instruct-v0.1,36,12
mistralai/mixtral-8x7b-instruct-v0.1,36,12
mistralai/mixtral-8x7b-instruct-v0.1,36,12
mistralai/mixtral-8x7b-instruct-v0.1,36,12
mistralai/mixtral-8x7b-instruct-v0.1,36,12
mistralai/mixtral-8x7b-instruct-v0.1,36,12
mistralai/mixtral-8x7b-instruct-v0.1,36,12
mistralai/mixtral-8x7b-instruct-v0.1,36,12
mistralai/mixtral-8x7b-instruct-v0.1,37,12
mistralai/mixtral-8x7b-instruct-v0.1,37,12
mistralai/mixtral-8x7b-instruct-v0.1,37,12
mistralai/mixtral-8x7b-instruct-v0.1,37,12
mistralai/mixtral-8x7b-instruct-v0.1,37,12
mistralai/mixtral-8x7b-instruct-v0.1,37,12
mistralai/mixtral-8x7b-instruct-v0.1,37,12
mistralai/mixtral-8x7b-instruct-v0.1,37,12
mistralai/mixtral-8x7b-instruct-v0.1,45,12
mistralai/mixtral-8x7b-instruct-v0.1,45,12
mistralai/mixtral-8x7b-instruct-v0.1,45,12
mistralai/mixtral-8x7b-instruct-v0.1,45,12
mistralai/mixtral-8x7b-instruct-v0.1,45,12
mistralai/mixtral-8x7b-instruct-v0.1,45,12
mistralai/mixtral-8x7b-instruct-v0.1,45,12
mistralai/mixtral-8x7b-instruct-v0.1,45,12
mistralai/mixtral-8x7b-instruct-v0.1,46,12
mistralai/mixtral-8x7b-instruct-v0.1,46,12
mistralai/mixtral-8x7b-instruct-v0.1,46,12
mistralai/mixtral-8x7b-instruct-v0.1,46,12
mistralai/mixtral-8x7b-instruct-v0.1,46,12
mistralai/mixtral-8x7b-instruct-v0.1,46,12
mistralai/mixtral-8x7b-instruct-v0.1,46,12
mistralai/mixtral-8x7b-instruct-v0.1,46,12
mistralai/mixtral-8x7b-instruct-v0.1,41,12
mistralai/mixtral-8x7b-instruct-v0.1,41,12
mistralai/mixtral-8x7b-instruct-v0.1,41,12
mistralai/mixtral-8x7b-instruct-v0.1,41,12
mistralai/mixtral-8x7b-instruct-v0.1,41,12
mistralai/mixtral-8x7b-instruct-v0.1,41,12
mistralai/mixtral-8x7b-instruct-v0.1,41,12
mistralai/mixtral-8x7b-instruct-v0.1,41,12
mistralai/mixtral-8x7b-instruct-v0.1,42,12
mistralai/mixtral-8x7b-instruct-v0.1,42,12
mistralai/mixtral-8x7b-instruct-v0.1,42,12
mistralai/mixtral-8x7b-instruct-v0.1,42,12
mistralai/mixtral-8x7b-instruct-v0.1,42,12
mistralai/mixtral-8x7b-instruct-v0.1,42,12
mistralai/mixtral-8x7b-instruct-v0.1,42,12
mistralai/mixtral-8x7b-instruct-v0.1,42,12
mistralai/mixtral-8x7b-instruct-v0.1,38,12
mistralai/mixtral-8x7b-instruct-v0.1,38,12
mistralai/mixtral-8x7b-instruct-v0.1,38,12
mistralai/mixtral-8x7b-instruct-v0.1,38,12
mistralai/mixtral-8x7b-instruct-v0.1,38,12
mistralai/mixtral-8x7b-instruct-v0.1,38,12
mistralai/mixtral-8x7b-instruct-v0.1,38,12
mistralai/mixtral-8x7b-instruct-v0.1,38,12
mistralai/mixtral-8x7b-instruct-v0.1,39,12
mistralai/mixtral-8x7b-instruct-v0.1,39,12
mistralai/mixtral-8x7b-instruct-v0.1,39,12
mistralai/mixtral-8x7b-instruct-v0.1,39,12
mistralai/mixtral-8x7b-instruct-v0.1,39,12
mistralai/mixtral-8x7b-instruct-v0.1,39,12
mistralai/mixtral-8x7b-instruct-v0.1,39,12
mistralai/mixtral-8x7b-instruct-v0.1,39,12
mistralai/mixtral-8x7b-instruct-v0.1,41,67
mistralai/mixtral-8x7b-instruct-v0.1,41,69
mistralai/mixtral-8x7b-instruct-v0.1,41,72
mistralai/mixtral-8x7b-instruct-v0.1,41,69
mistralai/mixtral-8x7b-instruct-v0.1,41,66
mistralai/mixtral-8x7b-instruct-v0.1,41,85
mistralai/mixtral-8x7b-instruct-v0.1,41,72
mistralai/mixtral-8x7b-instruct-v0.1,41,39
mistralai/mixtral-8x7b-instruct-v0.1,46,256
mistralai/mixtral-8x7b-instruct-v0.1,46,256
mistralai/mixtral-8x7b-instruct-v0.1,46,256
mistralai/mixtral-8x7b-instruct-v0.1,46,143
mistralai/mixtral-8x7b-instruct-v0.1,46,154
mistralai/mixtral-8x7b-instruct-v0.1,46,210
mistralai/mixtral-8x7b-instruct-v0.1,46,154
mistralai/mixtral-8x7b-instruct-v0.1,46,256
mistralai/mixtral-8x7b-instruct-v0.1,48,122
mistralai/mixtral-8x7b-instruct-v0.1,48,140
mistralai/mixtral-8x7b-instruct-v0.1,48,120
mistralai/mixtral-8x7b-instruct-v0.1,48,63
mistralai/mixtral-8x7b-instruct-v0.1,48,70
mistralai/mixtral-8x7b-instruct-v0.1,48,98
mistralai/mixtral-8x7b-instruct-v0.1,48,136
mistralai/mixtral-8x7b-instruct-v0.1,48,89
mistralai/mixtral-8x7b-instruct-v0.1,32,256
mistralai/mixtral-8x7b-instruct-v0.1,32,256
mistralai/mixtral-8x7b-instruct-v0.1,32,256
mistralai/mixtral-8x7b-instruct-v0.1,32,256
mistralai/mixtral-8x7b-instruct-v0.1,32,256
mistralai/mixtral-8x7b-instruct-v0.1,32,256
mistralai/mixtral-8x7b-instruct-v0.1,32,256
mistralai/mixtral-8x7b-instruct-v0.1,32,256
mistralai/mixtral-8x7b-instruct-v0.1,33,97
mistralai/mixtral-8x7b-instruct-v0.1,33,94
mistralai/mixtral-8x7b-instruct-v0.1,33,86
mistralai/mixtral-8x7b-instruct-v0.1,33,169
mistralai/mixtral-8x7b-instruct-v0.1,33,88
mistralai/mixtral-8x7b-instruct-v0.1,33,101
mistralai/mixtral-8x7b-instruct-v0.1,33,142
mistralai/mixtral-8x7b-instruct-v0.1,33,173
mistralai/mixtral-8x7b-instruct-v0.1,35,256
mistralai/mixtral-8x7b-instruct-v0.1,35,256
mistralai/mixtral-8x7b-instruct-v0.1,35,256
mistralai/mixtral-8x7b-instruct-v0.1,35,256
mistralai/mixtral-8x7b-instruct-v0.1,35,256
mistralai/mixtral-8x7b-instruct-v0.1,35,256
mistralai/mixtral-8x7b-instruct-v0.1,35,256
mistralai/mixtral-8x7b-instruct-v0.1,35,256
mistralai/mixtral-8x7b-instruct-v0.1,42,127
mistralai/mixtral-8x7b-instruct-v0.1,42,110
mistralai/mixtral-8x7b-instruct-v0.1,42,84
mistralai/mixtral-8x7b-instruct-v0.1,42,107
mistralai/mixtral-8x7b-instruct-v0.1,42,107
mistralai/mixtral-8x7b-instruct-v0.1,42,108
mistralai/mixtral-8x7b-instruct-v0.1,42,104
mistralai/mixtral-8x7b-instruct-v0.1,42,107
mistralai/mixtral-8x7b-instruct-v0.1,47,256
mistralai/mixtral-8x7b-instruct-v0.1,47,219
mistralai/mixtral-8x7b-instruct-v0.1,47,256
mistralai/mixtral-8x7b-instruct-v0.1,47,121
mistralai/mixtral-8x7b-instruct-v0.1,47,206
mistralai/mixtral-8x7b-instruct-v0.1,47,238
mistralai/mixtral-8x7b-instruct-v0.1,47,237
mistralai/mixtral-8x7b-instruct-v0.1,47,179
mistralai/mixtral-8x7b-instruct-v0.1,45,256
mistralai/mixtral-8x7b-instruct-v0.1,45,250
mistralai/mixtral-8x7b-instruct-v0.1,45,256
mistralai/mixtral-8x7b-instruct-v0.1,45,256
mistralai/mixtral-8x7b-instruct-v0.1,45,245
mistralai/mixtral-8x7b-instruct-v0.1,45,231
mistralai/mixtral-8x7b-instruct-v0.1,45,256
mistralai/mixtral-8x7b-instruct-v0.1,45,256
mistralai/mixtral-8x7b-instruct-v0.1,46,256
mistralai/mixtral-8x7b-instruct-v0.1,46,256
mistralai/mixtral-8x7b-instruct-v0.1,46,256
mistralai/mixtral-8x7b-instruct-v0.1,46,256
mistralai/mixtral-8x7b-instruct-v0.1,46,256
mistralai/mixtral-8x7b-instruct-v0.1,46,256
mistralai/mixtral-8x7b-instruct-v0.1,46,256
mistralai/mixtral-8x7b-instruct-v0.1,46,256
mistralai/mixtral-8x7b-instruct-v0.1,37,12
mistralai/mixtral-8x7b-instruct-v0.1,37,12
mistralai/mixtral-8x7b-instruct-v0.1,37,12
mistralai/mixtral-8x7b-instruct-v0.1,37,12
mistralai/mixtral-8x7b-instruct-v0.1,37,12
mistralai/mixtral-8x7b-instruct-v0.1,37,12
mistralai/mixtral-8x7b-instruct-v0.1,37,12
mistralai/mixtral-8x7b-instruct-v0.1,37,12
mistralai/mixtral-8x7b-instruct-v0.1,38,12
mistralai/mixtral-8x7b-instruct-v0.1,38,12
mistralai/mixtral-8x7b-instruct-v0.1,38,12
mistralai/mixtral-8x7b-instruct-v0.1,38,12
mistralai/mixtral-8x7b-instruct-v0.1,38,12
mistralai/mixtral-8x7b-instruct-v0.1,38,12
mistralai/mixtral-8x7b-instruct-v0.1,38,12
mistralai/mixtral-8x7b-instruct-v0.1,38,12
mistralai/mixtral-8x7b-instruct-v0.1,36,12
mistralai/mixtral-8x7b-instruct-v0.1,36,12
mistralai/mixtral-8x7b-instruct-v0.1,36,12
mistralai/mixtral-8x7b-instruct-v0.1,36,12
mistralai/mixtral-8x7b-instruct-v0.1,36,12
mistralai/mixtral-8x7b-instruct-v0.1,36,12
mistralai/mixtral-8x7b-instruct-v0.1,36,12
mistralai/mixtral-8x7b-instruct-v0.1,36,12
mistralai/mixtral-8x7b-instruct-v0.1,37,12
mistralai/mixtral-8x7b-instruct-v0.1,37,12
mistralai/mixtral-8x7b-instruct-v0.1,37,12
mistralai/mixtral-8x7b-instruct-v0.1,37,12
mistralai/mixtral-8x7b-instruct-v0.1,37,12
mistralai/mixtral-8x7b-instruct-v0.1,37,12
mistralai/mixtral-8x7b-instruct-v0.1,37,12
mistralai/mixtral-8x7b-instruct-v0.1,37,12
mistralai/mixtral-8x7b-instruct-v0.1,31,12
mistralai/mixtral-8x7b-instruct-v0.1,31,12
mistralai/mixtral-8x7b-instruct-v0.1,31,12
mistralai/mixtral-8x7b-instruct-v0.1,31,12
mistralai/mixtral-8x7b-instruct-v0.1,31,12
mistralai/mixtral-8x7b-instruct-v0.1,31,12
mistralai/mixtral-8x7b-instruct-v0.1,31,12
mistralai/mixtral-8x7b-instruct-v0.1,31,12
mistralai/mixtral-8x7b-instruct-v0.1,32,12
mistralai/mixtral-8x7b-instruct-v0.1,32,12
mistralai/mixtral-8x7b-instruct-v0.1,32,12
mistralai/mixtral-8x7b-instruct-v0.1,32,12
mistralai/mixtral-8x7b-instruct-v0.1,32,12
mistralai/mixtral-8x7b-instruct-v0.1,32,12
mistralai/mixtral-8x7b-instruct-v0.1,32,12
mistralai/mixtral-8x7b-instruct-v0.1,32,12
mistralai/mixtral-8x7b-instruct-v0.1,31,12
mistralai/mixtral-8x7b-instruct-v0.1,31,12
mistralai/mixtral-8x7b-instruct-v0.1,31,12
mistralai/mixtral-8x7b-instruct-v0.1,31,12
mistralai/mixtral-8x7b-instruct-v0.1,31,12
mistralai/mixtral-8x7b-instruct-v0.1,31,12
mistralai/mixtral-8x7b-instruct-v0.1,31,12
mistralai/mixtral-8x7b-instruct-v0.1,31,12
mistralai/mixtral-8x7b-instruct-v0.1,32,12
mistralai/mixtral-8x7b-instruct-v0.1,32,12
mistralai/mixtral-8x7b-instruct-v0.1,32,12
mistralai/mixtral-8x7b-instruct-v0.1,32,12
mistralai/mixtral-8x7b-instruct-v0.1,32,12
mistralai/mixtral-8x7b-instruct-v0.1,32,12
mistralai/mixtral-8x7b-instruct-v0.1,32,12
mistralai/mixtral-8x7b-instruct-v0.1,32,12
mistralai/mixtral-8x7b-instruct-v0.1,33,87
mistralai/mixtral-8x7b-instruct-v0.1,33,42
mistralai/mixtral-8x7b-instruct-v0.1,33,39
mistralai/mixtral-8x7b-instruct-v0.1,33,56
mistralai/mixtral-8x7b-instruct-v0.1,33,44
mistralai/mixtral-8x7b-instruct-v0.1,33,41
mistralai/mixtral-8x7b-instruct-v0.1,33,37
mistralai/mixtral-8x7b-instruct-v0.1,33,45
mistralai/mixtral-8x7b-instruct-v0.1,33,223
mistralai/mixtral-8x7b-instruct-v0.1,33,209
mistralai/mixtral-8x7b-instruct-v0.1,33,256
mistralai/mixtral-8x7b-instruct-v0.1,33,202
mistralai/mixtral-8x7b-instruct-v0.1,33,209
mistralai/mixtral-8x7b-instruct-v0.1,33,256
mistralai/mixtral-8x7b-instruct-v0.1,33,254
mistralai/mixtral-8x7b-instruct-v0.1,33,208
mistralai/mixtral-8x7b-instruct-v0.1,32,207
mistralai/mixtral-8x7b-instruct-v0.1,32,127
mistralai/mixtral-8x7b-instruct-v0.1,32,199
mistralai/mixtral-8x7b-instruct-v0.1,32,194
mistralai/mixtral-8x7b-instruct-v0.1,32,256
mistralai/mixtral-8x7b-instruct-v0.1,32,233
mistralai/mixtral-8x7b-instruct-v0.1,32,204
mistralai/mixtral-8x7b-instruct-v0.1,32,256
mistralai/mixtral-8x7b-instruct-v0.1,23,256
mistralai/mixtral-8x7b-instruct-v0.1,23,256
mistralai/mixtral-8x7b-instruct-v0.1,23,253
mistralai/mixtral-8x7b-instruct-v0.1,23,256
mistralai/mixtral-8x7b-instruct-v0.1,23,255
mistralai/mixtral-8x7b-instruct-v0.1,23,211
mistralai/mixtral-8x7b-instruct-v0.1,23,241
mistralai/mixtral-8x7b-instruct-v0.1,23,228
mistralai/mixtral-8x7b-instruct-v0.1,26,100
mistralai/mixtral-8x7b-instruct-v0.1,26,90
mistralai/mixtral-8x7b-instruct-v0.1,26,112
mistralai/mixtral-8x7b-instruct-v0.1,26,98
mistralai/mixtral-8x7b-instruct-v0.1,26,102
mistralai/mixtral-8x7b-instruct-v0.1,26,101
mistralai/mixtral-8x7b-instruct-v0.1,26,115
mistralai/mixtral-8x7b-instruct-v0.1,26,101
mistralai/mixtral-8x7b-instruct-v0.1,26,256
mistralai/mixtral-8x7b-instruct-v0.1,26,256
mistralai/mixtral-8x7b-instruct-v0.1,26,256
mistralai/mixtral-8x7b-instruct-v0.1,26,256
mistralai/mixtral-8x7b-instruct-v0.1,26,256
mistralai/mixtral-8x7b-instruct-v0.1,26,256
mistralai/mixtral-8x7b-instruct-v0.1,26,256
mistralai/mixtral-8x7b-instruct-v0.1,26,256
mistralai/mixtral-8x7b-instruct-v0.1,32,79
mistralai/mixtral-8x7b-instruct-v0.1,32,81
mistralai/mixtral-8x7b-instruct-v0.1,32,68
mistralai/mixtral-8x7b-instruct-v0.1,32,78
mistralai/mixtral-8x7b-instruct-v0.1,32,83
mistralai/mixtral-8x7b-instruct-v0.1,32,72
mistralai/mixtral-8x7b-instruct-v0.1,32,76
mistralai/mixtral-8x7b-instruct-v0.1,32,80
mistralai/mixtral-8x7b-instruct-v0.1,28,256
mistralai/mixtral-8x7b-instruct-v0.1,28,256
mistralai/mixtral-8x7b-instruct-v0.1,28,256
mistralai/mixtral-8x7b-instruct-v0.1,28,256
mistralai/mixtral-8x7b-instruct-v0.1,28,256
mistralai/mixtral-8x7b-instruct-v0.1,28,256
mistralai/mixtral-8x7b-instruct-v0.1,28,256
mistralai/mixtral-8x7b-instruct-v0.1,28,256
mistralai/mixtral-8x7b-instruct-v0.1,35,256
mistralai/mixtral-8x7b-instruct-v0.1,35,256
mistralai/mixtral-8x7b-instruct-v0.1,35,256
mistralai/mixtral-8x7b-instruct-v0.1,35,242
mistralai/mixtral-8x7b-instruct-v0.1,35,256
mistralai/mixtral-8x7b-instruct-v0.1,35,256
mistralai/mixtral-8x7b-instruct-v0.1,35,209
mistralai/mixtral-8x7b-instruct-v0.1,35,256
mistralai/mixtral-8x7b-instruct-v0.1,34,256
mistralai/mixtral-8x7b-instruct-v0.1,34,256
mistralai/mixtral-8x7b-instruct-v0.1,34,227
mistralai/mixtral-8x7b-instruct-v0.1,34,256
mistralai/mixtral-8x7b-instruct-v0.1,34,256
mistralai/mixtral-8x7b-instruct-v0.1,34,256
mistralai/mixtral-8x7b-instruct-v0.1,34,256
mistralai/mixtral-8x7b-instruct-v0.1,34,256
mistralai/mixtral-8x7b-instruct-v0.1,37,12
mistralai/mixtral-8x7b-instruct-v0.1,37,12
mistralai/mixtral-8x7b-instruct-v0.1,37,12
mistralai/mixtral-8x7b-instruct-v0.1,37,12
mistralai/mixtral-8x7b-instruct-v0.1,37,12
mistralai/mixtral-8x7b-instruct-v0.1,37,12
mistralai/mixtral-8x7b-instruct-v0.1,37,12
mistralai/mixtral-8x7b-instruct-v0.1,37,12
mistralai/mixtral-8x7b-instruct-v0.1,38,12
mistralai/mixtral-8x7b-instruct-v0.1,38,12
mistralai/mixtral-8x7b-instruct-v0.1,38,12
mistralai/mixtral-8x7b-instruct-v0.1,38,12
mistralai/mixtral-8x7b-instruct-v0.1,38,12
mistralai/mixtral-8x7b-instruct-v0.1,38,12
mistralai/mixtral-8x7b-instruct-v0.1,38,12
mistralai/mixtral-8x7b-instruct-v0.1,38,12
mistralai/mixtral-8x7b-instruct-v0.1,46,12
mistralai/mixtral-8x7b-instruct-v0.1,46,12
mistralai/mixtral-8x7b-instruct-v0.1,46,12
mistralai/mixtral-8x7b-instruct-v0.1,46,12
mistralai/mixtral-8x7b-instruct-v0.1,46,12
mistralai/mixtral-8x7b-instruct-v0.1,46,12
mistralai/mixtral-8x7b-instruct-v0.1,46,12
mistralai/mixtral-8x7b-instruct-v0.1,46,12
mistralai/mixtral-8x7b-instruct-v0.1,47,12
mistralai/mixtral-8x7b-instruct-v0.1,47,12
mistralai/mixtral-8x7b-instruct-v0.1,47,12
mistralai/mixtral-8x7b-instruct-v0.1,47,12
mistralai/mixtral-8x7b-instruct-v0.1,47,12
mistralai/mixtral-8x7b-instruct-v0.1,47,12
mistralai/mixtral-8x7b-instruct-v0.1,47,12
mistralai/mixtral-8x7b-instruct-v0.1,47,12
mistralai/mixtral-8x7b-instruct-v0.1,42,12
mistralai/mixtral-8x7b-instruct-v0.1,42,12
mistralai/mixtral-8x7b-instruct-v0.1,42,12
mistralai/mixtral-8x7b-instruct-v0.1,42,12
mistralai/mixtral-8x7b-instruct-v0.1,42,12
mistralai/mixtral-8x7b-instruct-v0.1,42,12
mistralai/mixtral-8x7b-instruct-v0.1,42,12
mistralai/mixtral-8x7b-instruct-v0.1,42,12
mistralai/mixtral-8x7b-instruct-v0.1,43,12
mistralai/mixtral-8x7b-instruct-v0.1,43,12
mistralai/mixtral-8x7b-instruct-v0.1,43,12
mistralai/mixtral-8x7b-instruct-v0.1,43,12
mistralai/mixtral-8x7b-instruct-v0.1,43,12
mistralai/mixtral-8x7b-instruct-v0.1,43,12
mistralai/mixtral-8x7b-instruct-v0.1,43,12
mistralai/mixtral-8x7b-instruct-v0.1,43,12
mistralai/mixtral-8x7b-instruct-v0.1,39,12
mistralai/mixtral-8x7b-instruct-v0.1,39,12
mistralai/mixtral-8x7b-instruct-v0.1,39,12
mistralai/mixtral-8x7b-instruct-v0.1,39,12
mistralai/mixtral-8x7b-instruct-v0.1,39,12
mistralai/mixtral-8x7b-instruct-v0.1,39,12
mistralai/mixtral-8x7b-instruct-v0.1,39,12
mistralai/mixtral-8x7b-instruct-v0.1,39,12
mistralai/mixtral-8x7b-instruct-v0.1,40,12
mistralai/mixtral-8x7b-instruct-v0.1,40,12
mistralai/mixtral-8x7b-instruct-v0.1,40,12
mistralai/mixtral-8x7b-instruct-v0.1,40,12
mistralai/mixtral-8x7b-instruct-v0.1,40,12
mistralai/mixtral-8x7b-instruct-v0.1,40,12
mistralai/mixtral-8x7b-instruct-v0.1,40,12
mistralai/mixtral-8x7b-instruct-v0.1,40,12
mistralai/mixtral-8x7b-instruct-v0.1,47,37
mistralai/mixtral-8x7b-instruct-v0.1,47,47
mistralai/mixtral-8x7b-instruct-v0.1,47,188
mistralai/mixtral-8x7b-instruct-v0.1,47,43
mistralai/mixtral-8x7b-instruct-v0.1,47,30
mistralai/mixtral-8x7b-instruct-v0.1,47,86
mistralai/mixtral-8x7b-instruct-v0.1,47,56
mistralai/mixtral-8x7b-instruct-v0.1,47,50
mistralai/mixtral-8x7b-instruct-v0.1,52,256
mistralai/mixtral-8x7b-instruct-v0.1,52,224
mistralai/mixtral-8x7b-instruct-v0.1,52,256
mistralai/mixtral-8x7b-instruct-v0.1,52,184
mistralai/mixtral-8x7b-instruct-v0.1,52,256
mistralai/mixtral-8x7b-instruct-v0.1,52,220
mistralai/mixtral-8x7b-instruct-v0.1,52,256
mistralai/mixtral-8x7b-instruct-v0.1,52,239
mistralai/mixtral-8x7b-instruct-v0.1,54,256
mistralai/mixtral-8x7b-instruct-v0.1,54,256
mistralai/mixtral-8x7b-instruct-v0.1,54,256
mistralai/mixtral-8x7b-instruct-v0.1,54,256
mistralai/mixtral-8x7b-instruct-v0.1,54,256
mistralai/mixtral-8x7b-instruct-v0.1,54,256
mistralai/mixtral-8x7b-instruct-v0.1,54,256
mistralai/mixtral-8x7b-instruct-v0.1,54,256
mistralai/mixtral-8x7b-instruct-v0.1,38,256
mistralai/mixtral-8x7b-instruct-v0.1,38,256
mistralai/mixtral-8x7b-instruct-v0.1,38,256
mistralai/mixtral-8x7b-instruct-v0.1,38,256
mistralai/mixtral-8x7b-instruct-v0.1,38,256
mistralai/mixtral-8x7b-instruct-v0.1,38,256
mistralai/mixtral-8x7b-instruct-v0.1,38,256
mistralai/mixtral-8x7b-instruct-v0.1,38,256
mistralai/mixtral-8x7b-instruct-v0.1,39,107
mistralai/mixtral-8x7b-instruct-v0.1,39,225
mistralai/mixtral-8x7b-instruct-v0.1,39,149
mistralai/mixtral-8x7b-instruct-v0.1,39,179
mistralai/mixtral-8x7b-instruct-v0.1,39,170
mistralai/mixtral-8x7b-instruct-v0.1,39,111
mistralai/mixtral-8x7b-instruct-v0.1,39,189
mistralai/mixtral-8x7b-instruct-v0.1,39,139
mistralai/mixtral-8x7b-instruct-v0.1,41,256
mistralai/mixtral-8x7b-instruct-v0.1,41,256
mistralai/mixtral-8x7b-instruct-v0.1,41,256
mistralai/mixtral-8x7b-instruct-v0.1,41,256
mistralai/mixtral-8x7b-instruct-v0.1,41,256
mistralai/mixtral-8x7b-instruct-v0.1,41,256
mistralai/mixtral-8x7b-instruct-v0.1,41,256
mistralai/mixtral-8x7b-instruct-v0.1,41,256
mistralai/mixtral-8x7b-instruct-v0.1,48,109
mistralai/mixtral-8x7b-instruct-v0.1,48,117
mistralai/mixtral-8x7b-instruct-v0.1,48,106
mistralai/mixtral-8x7b-instruct-v0.1,48,100
mistralai/mixtral-8x7b-instruct-v0.1,48,118
mistralai/mixtral-8x7b-instruct-v0.1,48,73
mistralai/mixtral-8x7b-instruct-v0.1,48,86
mistralai/mixtral-8x7b-instruct-v0.1,48,94
mistralai/mixtral-8x7b-instruct-v0.1,53,100
mistralai/mixtral-8x7b-instruct-v0.1,53,133
mistralai/mixtral-8x7b-instruct-v0.1,53,200
mistralai/mixtral-8x7b-instruct-v0.1,53,256
mistralai/mixtral-8x7b-instruct-v0.1,53,256
mistralai/mixtral-8x7b-instruct-v0.1,53,201
mistralai/mixtral-8x7b-instruct-v0.1,53,188
mistralai/mixtral-8x7b-instruct-v0.1,53,229
mistralai/mixtral-8x7b-instruct-v0.1,51,191
mistralai/mixtral-8x7b-instruct-v0.1,51,215
mistralai/mixtral-8x7b-instruct-v0.1,51,197
mistralai/mixtral-8x7b-instruct-v0.1,51,256
mistralai/mixtral-8x7b-instruct-v0.1,51,256
mistralai/mixtral-8x7b-instruct-v0.1,51,256
mistralai/mixtral-8x7b-instruct-v0.1,51,209
mistralai/mixtral-8x7b-instruct-v0.1,51,169
mistralai/mixtral-8x7b-instruct-v0.1,52,256
mistralai/mixtral-8x7b-instruct-v0.1,52,256
mistralai/mixtral-8x7b-instruct-v0.1,52,256
mistralai/mixtral-8x7b-instruct-v0.1,52,256
mistralai/mixtral-8x7b-instruct-v0.1,52,203
mistralai/mixtral-8x7b-instruct-v0.1,52,256
mistralai/mixtral-8x7b-instruct-v0.1,52,224
mistralai/mixtral-8x7b-instruct-v0.1,52,256
mistralai/mixtral-8x7b-instruct-v0.1,37,12
mistralai/mixtral-8x7b-instruct-v0.1,37,12
mistralai/mixtral-8x7b-instruct-v0.1,37,12
mistralai/mixtral-8x7b-instruct-v0.1,37,12
mistralai/mixtral-8x7b-instruct-v0.1,37,12
mistralai/mixtral-8x7b-instruct-v0.1,37,12
mistralai/mixtral-8x7b-instruct-v0.1,37,12
mistralai/mixtral-8x7b-instruct-v0.1,37,12
mistralai/mixtral-8x7b-instruct-v0.1,38,12
mistralai/mixtral-8x7b-instruct-v0.1,38,12
mistralai/mixtral-8x7b-instruct-v0.1,38,12
mistralai/mixtral-8x7b-instruct-v0.1,38,12
mistralai/mixtral-8x7b-instruct-v0.1,38,12
mistralai/mixtral-8x7b-instruct-v0.1,38,12
mistralai/mixtral-8x7b-instruct-v0.1,38,12
mistralai/mixtral-8x7b-instruct-v0.1,38,12
mistralai/mixtral-8x7b-instruct-v0.1,36,12
mistralai/mixtral-8x7b-instruct-v0.1,36,12
mistralai/mixtral-8x7b-instruct-v0.1,36,12
mistralai/mixtral-8x7b-instruct-v0.1,36,12
mistralai/mixtral-8x7b-instruct-v0.1,36,12
mistralai/mixtral-8x7b-instruct-v0.1,36,12
mistralai/mixtral-8x7b-instruct-v0.1,36,12
mistralai/mixtral-8x7b-instruct-v0.1,36,12
mistralai/mixtral-8x7b-instruct-v0.1,37,12
mistralai/mixtral-8x7b-instruct-v0.1,37,12
mistralai/mixtral-8x7b-instruct-v0.1,37,12
mistralai/mixtral-8x7b-instruct-v0.1,37,12
mistralai/mixtral-8x7b-instruct-v0.1,37,12
mistralai/mixtral-8x7b-instruct-v0.1,37,12
mistralai/mixtral-8x7b-instruct-v0.1,37,12
mistralai/mixtral-8x7b-instruct-v0.1,37,12
mistralai/mixtral-8x7b-instruct-v0.1,31,12
mistralai/mixtral-8x7b-instruct-v0.1,31,12
mistralai/mixtral-8x7b-instruct-v0.1,31,12
mistralai/mixtral-8x7b-instruct-v0.1,31,12
mistralai/mixtral-8x7b-instruct-v0.1,31,12
mistralai/mixtral-8x7b-instruct-v0.1,31,12
mistralai/mixtral-8x7b-instruct-v0.1,31,12
mistralai/mixtral-8x7b-instruct-v0.1,31,12
mistralai/mixtral-8x7b-instruct-v0.1,32,12
mistralai/mixtral-8x7b-instruct-v0.1,32,12
mistralai/mixtral-8x7b-instruct-v0.1,32,12
mistralai/mixtral-8x7b-instruct-v0.1,32,12
mistralai/mixtral-8x7b-instruct-v0.1,32,12
mistralai/mixtral-8x7b-instruct-v0.1,32,12
mistralai/mixtral-8x7b-instruct-v0.1,32,12
mistralai/mixtral-8x7b-instruct-v0.1,32,12
mistralai/mixtral-8x7b-instruct-v0.1,31,12
mistralai/mixtral-8x7b-instruct-v0.1,31,12
mistralai/mixtral-8x7b-instruct-v0.1,31,12
mistralai/mixtral-8x7b-instruct-v0.1,31,12
mistralai/mixtral-8x7b-instruct-v0.1,31,12
mistralai/mixtral-8x7b-instruct-v0.1,31,12
mistralai/mixtral-8x7b-instruct-v0.1,31,12
mistralai/mixtral-8x7b-instruct-v0.1,31,12
mistralai/mixtral-8x7b-instruct-v0.1,32,12
mistralai/mixtral-8x7b-instruct-v0.1,32,12
mistralai/mixtral-8x7b-instruct-v0.1,32,12
mistralai/mixtral-8x7b-instruct-v0.1,32,12
mistralai/mixtral-8x7b-instruct-v0.1,32,12
mistralai/mixtral-8x7b-instruct-v0.1,32,12
mistralai/mixtral-8x7b-instruct-v0.1,32,12
mistralai/mixtral-8x7b-instruct-v0.1,32,12
mistralai/mixtral-8x7b-instruct-v0.1,33,46
mistralai/mixtral-8x7b-instruct-v0.1,33,60
mistralai/mixtral-8x7b-instruct-v0.1,33,41
mistralai/mixtral-8x7b-instruct-v0.1,33,44
mistralai/mixtral-8x7b-instruct-v0.1,33,77
mistralai/mixtral-8x7b-instruct-v0.1,33,43
mistralai/mixtral-8x7b-instruct-v0.1,33,70
mistralai/mixtral-8x7b-instruct-v0.1,33,43
mistralai/mixtral-8x7b-instruct-v0.1,33,238
mistralai/mixtral-8x7b-instruct-v0.1,33,200
mistralai/mixtral-8x7b-instruct-v0.1,33,248
mistralai/mixtral-8x7b-instruct-v0.1,33,249
mistralai/mixtral-8x7b-instruct-v0.1,33,247
mistralai/mixtral-8x7b-instruct-v0.1,33,256
mistralai/mixtral-8x7b-instruct-v0.1,33,168
mistralai/mixtral-8x7b-instruct-v0.1,33,235
mistralai/mixtral-8x7b-instruct-v0.1,32,230
mistralai/mixtral-8x7b-instruct-v0.1,32,201
mistralai/mixtral-8x7b-instruct-v0.1,32,220
mistralai/mixtral-8x7b-instruct-v0.1,32,190
mistralai/mixtral-8x7b-instruct-v0.1,32,125
mistralai/mixtral-8x7b-instruct-v0.1,32,164
mistralai/mixtral-8x7b-instruct-v0.1,32,125
mistralai/mixtral-8x7b-instruct-v0.1,32,134
mistralai/mixtral-8x7b-instruct-v0.1,23,256
mistralai/mixtral-8x7b-instruct-v0.1,23,247
mistralai/mixtral-8x7b-instruct-v0.1,23,256
mistralai/mixtral-8x7b-instruct-v0.1,23,256
mistralai/mixtral-8x7b-instruct-v0.1,23,256
mistralai/mixtral-8x7b-instruct-v0.1,23,256
mistralai/mixtral-8x7b-instruct-v0.1,23,256
mistralai/mixtral-8x7b-instruct-v0.1,23,256
mistralai/mixtral-8x7b-instruct-v0.1,26,92
mistralai/mixtral-8x7b-instruct-v0.1,26,105
mistralai/mixtral-8x7b-instruct-v0.1,26,81
mistralai/mixtral-8x7b-instruct-v0.1,26,117
mistralai/mixtral-8x7b-instruct-v0.1,26,83
mistralai/mixtral-8x7b-instruct-v0.1,26,85
mistralai/mixtral-8x7b-instruct-v0.1,26,81
mistralai/mixtral-8x7b-instruct-v0.1,26,85
mistralai/mixtral-8x7b-instruct-v0.1,26,256
mistralai/mixtral-8x7b-instruct-v0.1,26,256
mistralai/mixtral-8x7b-instruct-v0.1,26,256
mistralai/mixtral-8x7b-instruct-v0.1,26,256
mistralai/mixtral-8x7b-instruct-v0.1,26,256
mistralai/mixtral-8x7b-instruct-v0.1,26,256
mistralai/mixtral-8x7b-instruct-v0.1,26,256
mistralai/mixtral-8x7b-instruct-v0.1,26,256
mistralai/mixtral-8x7b-instruct-v0.1,32,80
mistralai/mixtral-8x7b-instruct-v0.1,32,94
mistralai/mixtral-8x7b-instruct-v0.1,32,62
mistralai/mixtral-8x7b-instruct-v0.1,32,84
mistralai/mixtral-8x7b-instruct-v0.1,32,84
mistralai/mixtral-8x7b-instruct-v0.1,32,80
mistralai/mixtral-8x7b-instruct-v0.1,32,81
mistralai/mixtral-8x7b-instruct-v0.1,32,63
mistralai/mixtral-8x7b-instruct-v0.1,28,231
mistralai/mixtral-8x7b-instruct-v0.1,28,256
mistralai/mixtral-8x7b-instruct-v0.1,28,213
mistralai/mixtral-8x7b-instruct-v0.1,28,214
mistralai/mixtral-8x7b-instruct-v0.1,28,256
mistralai/mixtral-8x7b-instruct-v0.1,28,234
mistralai/mixtral-8x7b-instruct-v0.1,28,239
mistralai/mixtral-8x7b-instruct-v0.1,28,256
mistralai/mixtral-8x7b-instruct-v0.1,35,256
mistralai/mixtral-8x7b-instruct-v0.1,35,256
mistralai/mixtral-8x7b-instruct-v0.1,35,247
mistralai/mixtral-8x7b-instruct-v0.1,35,256
mistralai/mixtral-8x7b-instruct-v0.1,35,238
mistralai/mixtral-8x7b-instruct-v0.1,35,207
mistralai/mixtral-8x7b-instruct-v0.1,35,211
mistralai/mixtral-8x7b-instruct-v0.1,35,210
mistralai/mixtral-8x7b-instruct-v0.1,34,255
mistralai/mixtral-8x7b-instruct-v0.1,34,256
mistralai/mixtral-8x7b-instruct-v0.1,34,178
mistralai/mixtral-8x7b-instruct-v0.1,34,256
mistralai/mixtral-8x7b-instruct-v0.1,34,256
mistralai/mixtral-8x7b-instruct-v0.1,34,250
mistralai/mixtral-8x7b-instruct-v0.1,34,256
mistralai/mixtral-8x7b-instruct-v0.1,34,237
mistralai/mixtral-8x7b-instruct-v0.1,35,12
mistralai/mixtral-8x7b-instruct-v0.1,35,12
mistralai/mixtral-8x7b-instruct-v0.1,35,12
mistralai/mixtral-8x7b-instruct-v0.1,35,12
mistralai/mixtral-8x7b-instruct-v0.1,35,12
mistralai/mixtral-8x7b-instruct-v0.1,35,12
mistralai/mixtral-8x7b-instruct-v0.1,35,12
mistralai/mixtral-8x7b-instruct-v0.1,35,12
mistralai/mixtral-8x7b-instruct-v0.1,36,12
mistralai/mixtral-8x7b-instruct-v0.1,36,12
mistralai/mixtral-8x7b-instruct-v0.1,36,12
mistralai/mixtral-8x7b-instruct-v0.1,36,12
mistralai/mixtral-8x7b-instruct-v0.1,36,12
mistralai/mixtral-8x7b-instruct-v0.1,36,12
mistralai/mixtral-8x7b-instruct-v0.1,36,12
mistralai/mixtral-8x7b-instruct-v0.1,36,12
mistralai/mixtral-8x7b-instruct-v0.1,44,12
mistralai/mixtral-8x7b-instruct-v0.1,44,12
mistralai/mixtral-8x7b-instruct-v0.1,44,12
mistralai/mixtral-8x7b-instruct-v0.1,44,12
mistralai/mixtral-8x7b-instruct-v0.1,44,12
mistralai/mixtral-8x7b-instruct-v0.1,44,12
mistralai/mixtral-8x7b-instruct-v0.1,44,12
mistralai/mixtral-8x7b-instruct-v0.1,44,12
mistralai/mixtral-8x7b-instruct-v0.1,45,12
mistralai/mixtral-8x7b-instruct-v0.1,45,12
mistralai/mixtral-8x7b-instruct-v0.1,45,12
mistralai/mixtral-8x7b-instruct-v0.1,45,12
mistralai/mixtral-8x7b-instruct-v0.1,45,12
mistralai/mixtral-8x7b-instruct-v0.1,45,12
mistralai/mixtral-8x7b-instruct-v0.1,45,12
mistralai/mixtral-8x7b-instruct-v0.1,45,12
mistralai/mixtral-8x7b-instruct-v0.1,40,12
mistralai/mixtral-8x7b-instruct-v0.1,40,12
mistralai/mixtral-8x7b-instruct-v0.1,40,12
mistralai/mixtral-8x7b-instruct-v0.1,40,12
mistralai/mixtral-8x7b-instruct-v0.1,40,12
mistralai/mixtral-8x7b-instruct-v0.1,40,12
mistralai/mixtral-8x7b-instruct-v0.1,40,12
mistralai/mixtral-8x7b-instruct-v0.1,40,12
mistralai/mixtral-8x7b-instruct-v0.1,41,12
mistralai/mixtral-8x7b-instruct-v0.1,41,12
mistralai/mixtral-8x7b-instruct-v0.1,41,12
mistralai/mixtral-8x7b-instruct-v0.1,41,12
mistralai/mixtral-8x7b-instruct-v0.1,41,12
mistralai/mixtral-8x7b-instruct-v0.1,41,12
mistralai/mixtral-8x7b-instruct-v0.1,41,12
mistralai/mixtral-8x7b-instruct-v0.1,41,12
mistralai/mixtral-8x7b-instruct-v0.1,37,12
mistralai/mixtral-8x7b-instruct-v0.1,37,12
mistralai/mixtral-8x7b-instruct-v0.1,37,12
mistralai/mixtral-8x7b-instruct-v0.1,37,12
mistralai/mixtral-8x7b-instruct-v0.1,37,12
mistralai/mixtral-8x7b-instruct-v0.1,37,12
mistralai/mixtral-8x7b-instruct-v0.1,37,12
mistralai/mixtral-8x7b-instruct-v0.1,37,12
mistralai/mixtral-8x7b-instruct-v0.1,38,12
mistralai/mixtral-8x7b-instruct-v0.1,38,12
mistralai/mixtral-8x7b-instruct-v0.1,38,12
mistralai/mixtral-8x7b-instruct-v0.1,38,12
mistralai/mixtral-8x7b-instruct-v0.1,38,12
mistralai/mixtral-8x7b-instruct-v0.1,38,12
mistralai/mixtral-8x7b-instruct-v0.1,38,12
mistralai/mixtral-8x7b-instruct-v0.1,38,12
mistralai/mixtral-8x7b-instruct-v0.1,42,120
mistralai/mixtral-8x7b-instruct-v0.1,42,104
mistralai/mixtral-8x7b-instruct-v0.1,42,79
mistralai/mixtral-8x7b-instruct-v0.1,42,134
mistralai/mixtral-8x7b-instruct-v0.1,42,77
mistralai/mixtral-8x7b-instruct-v0.1,42,130
mistralai/mixtral-8x7b-instruct-v0.1,42,55
mistralai/mixtral-8x7b-instruct-v0.1,42,121
mistralai/mixtral-8x7b-instruct-v0.1,47,256
mistralai/mixtral-8x7b-instruct-v0.1,47,244
mistralai/mixtral-8x7b-instruct-v0.1,47,256
mistralai/mixtral-8x7b-instruct-v0.1,47,256
mistralai/mixtral-8x7b-instruct-v0.1,47,249
mistralai/mixtral-8x7b-instruct-v0.1,47,256
mistralai/mixtral-8x7b-instruct-v0.1,47,256
mistralai/mixtral-8x7b-instruct-v0.1,47,248
mistralai/mixtral-8x7b-instruct-v0.1,49,256
mistralai/mixtral-8x7b-instruct-v0.1,49,213
mistralai/mixtral-8x7b-instruct-v0.1,49,256
mistralai/mixtral-8x7b-instruct-v0.1,49,253
mistralai/mixtral-8x7b-instruct-v0.1,49,256
mistralai/mixtral-8x7b-instruct-v0.1,49,256
mistralai/mixtral-8x7b-instruct-v0.1,49,235
mistralai/mixtral-8x7b-instruct-v0.1,49,256
mistralai/mixtral-8x7b-instruct-v0.1,33,256
mistralai/mixtral-8x7b-instruct-v0.1,33,256
mistralai/mixtral-8x7b-instruct-v0.1,33,256
mistralai/mixtral-8x7b-instruct-v0.1,33,256
mistralai/mixtral-8x7b-instruct-v0.1,33,256
mistralai/mixtral-8x7b-instruct-v0.1,33,256
mistralai/mixtral-8x7b-instruct-v0.1,33,256
mistralai/mixtral-8x7b-instruct-v0.1,33,256
mistralai/mixtral-8x7b-instruct-v0.1,34,163
mistralai/mixtral-8x7b-instruct-v0.1,34,102
mistralai/mixtral-8x7b-instruct-v0.1,34,102
mistralai/mixtral-8x7b-instruct-v0.1,34,78
mistralai/mixtral-8x7b-instruct-v0.1,34,90
mistralai/mixtral-8x7b-instruct-v0.1,34,127
mistralai/mixtral-8x7b-instruct-v0.1,34,77
mistralai/mixtral-8x7b-instruct-v0.1,34,116
mistralai/mixtral-8x7b-instruct-v0.1,36,256
mistralai/mixtral-8x7b-instruct-v0.1,36,256
mistralai/mixtral-8x7b-instruct-v0.1,36,256
mistralai/mixtral-8x7b-instruct-v0.1,36,256
mistralai/mixtral-8x7b-instruct-v0.1,36,256
mistralai/mixtral-8x7b-instruct-v0.1,36,256
mistralai/mixtral-8x7b-instruct-v0.1,36,256
mistralai/mixtral-8x7b-instruct-v0.1,36,256
mistralai/mixtral-8x7b-instruct-v0.1,43,136
mistralai/mixtral-8x7b-instruct-v0.1,43,100
mistralai/mixtral-8x7b-instruct-v0.1,43,101
mistralai/mixtral-8x7b-instruct-v0.1,43,93
mistralai/mixtral-8x7b-instruct-v0.1,43,122
mistralai/mixtral-8x7b-instruct-v0.1,43,123
mistralai/mixtral-8x7b-instruct-v0.1,43,112
mistralai/mixtral-8x7b-instruct-v0.1,43,97
mistralai/mixtral-8x7b-instruct-v0.1,48,256
mistralai/mixtral-8x7b-instruct-v0.1,48,256
mistralai/mixtral-8x7b-instruct-v0.1,48,256
mistralai/mixtral-8x7b-instruct-v0.1,48,159
mistralai/mixtral-8x7b-instruct-v0.1,48,256
mistralai/mixtral-8x7b-instruct-v0.1,48,256
mistralai/mixtral-8x7b-instruct-v0.1,48,135
mistralai/mixtral-8x7b-instruct-v0.1,48,198
mistralai/mixtral-8x7b-instruct-v0.1,46,212
mistralai/mixtral-8x7b-instruct-v0.1,46,256
mistralai/mixtral-8x7b-instruct-v0.1,46,256
mistralai/mixtral-8x7b-instruct-v0.1,46,256
mistralai/mixtral-8x7b-instruct-v0.1,46,218
mistralai/mixtral-8x7b-instruct-v0.1,46,236
mistralai/mixtral-8x7b-instruct-v0.1,46,194
mistralai/mixtral-8x7b-instruct-v0.1,46,256
mistralai/mixtral-8x7b-instruct-v0.1,47,242
mistralai/mixtral-8x7b-instruct-v0.1,47,256
mistralai/mixtral-8x7b-instruct-v0.1,47,256
mistralai/mixtral-8x7b-instruct-v0.1,47,256
mistralai/mixtral-8x7b-instruct-v0.1,47,256
mistralai/mixtral-8x7b-instruct-v0.1,47,244
mistralai/mixtral-8x7b-instruct-v0.1,47,253
mistralai/mixtral-8x7b-instruct-v0.1,47,208
mistralai/mixtral-8x7b-instruct-v0.1,40,12
mistralai/mixtral-8x7b-instruct-v0.1,40,12
mistralai/mixtral-8x7b-instruct-v0.1,40,12
mistralai/mixtral-8x7b-instruct-v0.1,40,12
mistralai/mixtral-8x7b-instruct-v0.1,40,12
mistralai/mixtral-8x7b-instruct-v0.1,40,12
mistralai/mixtral-8x7b-instruct-v0.1,40,12
mistralai/mixtral-8x7b-instruct-v0.1,40,12
mistralai/mixtral-8x7b-instruct-v0.1,41,12
mistralai/mixtral-8x7b-instruct-v0.1,41,12
mistralai/mixtral-8x7b-instruct-v0.1,41,12
mistralai/mixtral-8x7b-instruct-v0.1,41,12
mistralai/mixtral-8x7b-instruct-v0.1,41,12
mistralai/mixtral-8x7b-instruct-v0.1,41,12
mistralai/mixtral-8x7b-instruct-v0.1,41,12
mistralai/mixtral-8x7b-instruct-v0.1,41,12
mistralai/mixtral-8x7b-instruct-v0.1,39,12
mistralai/mixtral-8x7b-instruct-v0.1,39,12
mistralai/mixtral-8x7b-instruct-v0.1,39,12
mistralai/mixtral-8x7b-instruct-v0.1,39,12
mistralai/mixtral-8x7b-instruct-v0.1,39,12
mistralai/mixtral-8x7b-instruct-v0.1,39,12
mistralai/mixtral-8x7b-instruct-v0.1,39,12
mistralai/mixtral-8x7b-instruct-v0.1,39,12
mistralai/mixtral-8x7b-instruct-v0.1,40,12
mistralai/mixtral-8x7b-instruct-v0.1,40,12
mistralai/mixtral-8x7b-instruct-v0.1,40,12
mistralai/mixtral-8x7b-instruct-v0.1,40,12
mistralai/mixtral-8x7b-instruct-v0.1,40,12
mistralai/mixtral-8x7b-instruct-v0.1,40,12
mistralai/mixtral-8x7b-instruct-v0.1,40,12
mistralai/mixtral-8x7b-instruct-v0.1,40,12
mistralai/mixtral-8x7b-instruct-v0.1,34,12
mistralai/mixtral-8x7b-instruct-v0.1,34,12
mistralai/mixtral-8x7b-instruct-v0.1,34,12
mistralai/mixtral-8x7b-instruct-v0.1,34,12
mistralai/mixtral-8x7b-instruct-v0.1,34,12
mistralai/mixtral-8x7b-instruct-v0.1,34,12
mistralai/mixtral-8x7b-instruct-v0.1,34,12
mistralai/mixtral-8x7b-instruct-v0.1,34,12
mistralai/mixtral-8x7b-instruct-v0.1,35,12
mistralai/mixtral-8x7b-instruct-v0.1,35,12
mistralai/mixtral-8x7b-instruct-v0.1,35,12
mistralai/mixtral-8x7b-instruct-v0.1,35,12
mistralai/mixtral-8x7b-instruct-v0.1,35,12
mistralai/mixtral-8x7b-instruct-v0.1,35,12
mistralai/mixtral-8x7b-instruct-v0.1,35,12
mistralai/mixtral-8x7b-instruct-v0.1,35,12
mistralai/mixtral-8x7b-instruct-v0.1,34,12
mistralai/mixtral-8x7b-instruct-v0.1,34,12
mistralai/mixtral-8x7b-instruct-v0.1,34,12
mistralai/mixtral-8x7b-instruct-v0.1,34,12
mistralai/mixtral-8x7b-instruct-v0.1,34,12
mistralai/mixtral-8x7b-instruct-v0.1,34,12
mistralai/mixtral-8x7b-instruct-v0.1,34,12
mistralai/mixtral-8x7b-instruct-v0.1,34,12
mistralai/mixtral-8x7b-instruct-v0.1,35,12
mistralai/mixtral-8x7b-instruct-v0.1,35,12
mistralai/mixtral-8x7b-instruct-v0.1,35,12
mistralai/mixtral-8x7b-instruct-v0.1,35,12
mistralai/mixtral-8x7b-instruct-v0.1,35,12
mistralai/mixtral-8x7b-instruct-v0.1,35,12
mistralai/mixtral-8x7b-instruct-v0.1,35,12
mistralai/mixtral-8x7b-instruct-v0.1,35,12
mistralai/mixtral-8x7b-instruct-v0.1,30,41
mistralai/mixtral-8x7b-instruct-v0.1,30,42
mistralai/mixtral-8x7b-instruct-v0.1,30,34
mistralai/mixtral-8x7b-instruct-v0.1,30,44
mistralai/mixtral-8x7b-instruct-v0.1,30,39
mistralai/mixtral-8x7b-instruct-v0.1,30,36
mistralai/mixtral-8x7b-instruct-v0.1,30,43
mistralai/mixtral-8x7b-instruct-v0.1,30,43
mistralai/mixtral-8x7b-instruct-v0.1,30,98
mistralai/mixtral-8x7b-instruct-v0.1,30,84
mistralai/mixtral-8x7b-instruct-v0.1,30,101
mistralai/mixtral-8x7b-instruct-v0.1,30,116
mistralai/mixtral-8x7b-instruct-v0.1,30,103
mistralai/mixtral-8x7b-instruct-v0.1,30,184
mistralai/mixtral-8x7b-instruct-v0.1,30,158
mistralai/mixtral-8x7b-instruct-v0.1,30,160
mistralai/mixtral-8x7b-instruct-v0.1,29,256
mistralai/mixtral-8x7b-instruct-v0.1,29,158
mistralai/mixtral-8x7b-instruct-v0.1,29,256
mistralai/mixtral-8x7b-instruct-v0.1,29,128
mistralai/mixtral-8x7b-instruct-v0.1,20,197
mistralai/mixtral-8x7b-instruct-v0.1,20,220
mistralai/mixtral-8x7b-instruct-v0.1,20,169
mistralai/mixtral-8x7b-instruct-v0.1,20,187
mistralai/mixtral-8x7b-instruct-v0.1,20,217
mistralai/mixtral-8x7b-instruct-v0.1,20,210
mistralai/mixtral-8x7b-instruct-v0.1,20,241
mistralai/mixtral-8x7b-instruct-v0.1,20,212
mistralai/mixtral-8x7b-instruct-v0.1,23,81
mistralai/mixtral-8x7b-instruct-v0.1,23,82
mistralai/mixtral-8x7b-instruct-v0.1,23,70
mistralai/mixtral-8x7b-instruct-v0.1,23,62
mistralai/mixtral-8x7b-instruct-v0.1,23,72
mistralai/mixtral-8x7b-instruct-v0.1,23,89
mistralai/mixtral-8x7b-instruct-v0.1,23,87
mistralai/mixtral-8x7b-instruct-v0.1,23,80
mistralai/mixtral-8x7b-instruct-v0.1,23,256
mistralai/mixtral-8x7b-instruct-v0.1,23,256
mistralai/mixtral-8x7b-instruct-v0.1,23,256
mistralai/mixtral-8x7b-instruct-v0.1,23,256
mistralai/mixtral-8x7b-instruct-v0.1,23,256
mistralai/mixtral-8x7b-instruct-v0.1,23,256
mistralai/mixtral-8x7b-instruct-v0.1,23,256
mistralai/mixtral-8x7b-instruct-v0.1,23,256
mistralai/mixtral-8x7b-instruct-v0.1,29,67
mistralai/mixtral-8x7b-instruct-v0.1,29,65
mistralai/mixtral-8x7b-instruct-v0.1,29,65
mistralai/mixtral-8x7b-instruct-v0.1,29,75
mistralai/mixtral-8x7b-instruct-v0.1,29,44
mistralai/mixtral-8x7b-instruct-v0.1,29,60
mistralai/mixtral-8x7b-instruct-v0.1,29,62
mistralai/mixtral-8x7b-instruct-v0.1,29,65
mistralai/mixtral-8x7b-instruct-v0.1,25,210
mistralai/mixtral-8x7b-instruct-v0.1,25,229
mistralai/mixtral-8x7b-instruct-v0.1,25,256
mistralai/mixtral-8x7b-instruct-v0.1,25,256
mistralai/mixtral-8x7b-instruct-v0.1,25,256
mistralai/mixtral-8x7b-instruct-v0.1,25,224
mistralai/mixtral-8x7b-instruct-v0.1,25,250
mistralai/mixtral-8x7b-instruct-v0.1,25,240
mistralai/mixtral-8x7b-instruct-v0.1,32,207
mistralai/mixtral-8x7b-instruct-v0.1,32,256
mistralai/mixtral-8x7b-instruct-v0.1,32,256
mistralai/mixtral-8x7b-instruct-v0.1,32,256
mistralai/mixtral-8x7b-instruct-v0.1,32,256
mistralai/mixtral-8x7b-instruct-v0.1,32,256
mistralai/mixtral-8x7b-instruct-v0.1,32,237
mistralai/mixtral-8x7b-instruct-v0.1,32,256
mistralai/mixtral-8x7b-instruct-v0.1,31,256
mistralai/mixtral-8x7b-instruct-v0.1,31,155
mistralai/mixtral-8x7b-instruct-v0.1,31,200
mistralai/mixtral-8x7b-instruct-v0.1,31,211
mistralai/mixtral-8x7b-instruct-v0.1,31,204
mistralai/mixtral-8x7b-instruct-v0.1,31,104
mistralai/mixtral-8x7b-instruct-v0.1,31,201
mistralai/mixtral-8x7b-instruct-v0.1,31,160
mistralai/mixtral-8x7b-instruct-v0.1,37,12
mistralai/mixtral-8x7b-instruct-v0.1,37,12
mistralai/mixtral-8x7b-instruct-v0.1,37,12
mistralai/mixtral-8x7b-instruct-v0.1,37,12
mistralai/mixtral-8x7b-instruct-v0.1,37,12
mistralai/mixtral-8x7b-instruct-v0.1,37,12
mistralai/mixtral-8x7b-instruct-v0.1,37,12
mistralai/mixtral-8x7b-instruct-v0.1,37,12
mistralai/mixtral-8x7b-instruct-v0.1,38,12
mistralai/mixtral-8x7b-instruct-v0.1,38,12
mistralai/mixtral-8x7b-instruct-v0.1,38,12
mistralai/mixtral-8x7b-instruct-v0.1,38,12
mistralai/mixtral-8x7b-instruct-v0.1,38,12
mistralai/mixtral-8x7b-instruct-v0.1,38,12
mistralai/mixtral-8x7b-instruct-v0.1,38,12
mistralai/mixtral-8x7b-instruct-v0.1,38,12
mistralai/mixtral-8x7b-instruct-v0.1,46,12
mistralai/mixtral-8x7b-instruct-v0.1,46,12
mistralai/mixtral-8x7b-instruct-v0.1,46,12
mistralai/mixtral-8x7b-instruct-v0.1,46,12
mistralai/mixtral-8x7b-instruct-v0.1,46,12
mistralai/mixtral-8x7b-instruct-v0.1,46,12
mistralai/mixtral-8x7b-instruct-v0.1,46,12
mistralai/mixtral-8x7b-instruct-v0.1,46,12
mistralai/mixtral-8x7b-instruct-v0.1,47,12
mistralai/mixtral-8x7b-instruct-v0.1,47,12
mistralai/mixtral-8x7b-instruct-v0.1,47,12
mistralai/mixtral-8x7b-instruct-v0.1,47,12
mistralai/mixtral-8x7b-instruct-v0.1,47,12
mistralai/mixtral-8x7b-instruct-v0.1,47,12
mistralai/mixtral-8x7b-instruct-v0.1,47,12
mistralai/mixtral-8x7b-instruct-v0.1,47,12
mistralai/mixtral-8x7b-instruct-v0.1,42,12
mistralai/mixtral-8x7b-instruct-v0.1,42,12
mistralai/mixtral-8x7b-instruct-v0.1,42,12
mistralai/mixtral-8x7b-instruct-v0.1,42,12
mistralai/mixtral-8x7b-instruct-v0.1,42,12
mistralai/mixtral-8x7b-instruct-v0.1,42,12
mistralai/mixtral-8x7b-instruct-v0.1,42,12
mistralai/mixtral-8x7b-instruct-v0.1,42,12
mistralai/mixtral-8x7b-instruct-v0.1,43,12
mistralai/mixtral-8x7b-instruct-v0.1,43,12
mistralai/mixtral-8x7b-instruct-v0.1,43,12
mistralai/mixtral-8x7b-instruct-v0.1,43,12
mistralai/mixtral-8x7b-instruct-v0.1,43,12
mistralai/mixtral-8x7b-instruct-v0.1,43,12
mistralai/mixtral-8x7b-instruct-v0.1,43,12
mistralai/mixtral-8x7b-instruct-v0.1,43,12
mistralai/mixtral-8x7b-instruct-v0.1,39,12
mistralai/mixtral-8x7b-instruct-v0.1,39,12
mistralai/mixtral-8x7b-instruct-v0.1,39,12
mistralai/mixtral-8x7b-instruct-v0.1,39,12
mistralai/mixtral-8x7b-instruct-v0.1,39,12
mistralai/mixtral-8x7b-instruct-v0.1,39,12
mistralai/mixtral-8x7b-instruct-v0.1,39,12
mistralai/mixtral-8x7b-instruct-v0.1,39,12
mistralai/mixtral-8x7b-instruct-v0.1,40,12
mistralai/mixtral-8x7b-instruct-v0.1,40,12
mistralai/mixtral-8x7b-instruct-v0.1,40,12
mistralai/mixtral-8x7b-instruct-v0.1,40,12
mistralai/mixtral-8x7b-instruct-v0.1,40,12
mistralai/mixtral-8x7b-instruct-v0.1,40,12
mistralai/mixtral-8x7b-instruct-v0.1,40,12
mistralai/mixtral-8x7b-instruct-v0.1,40,12
mistralai/mixtral-8x7b-instruct-v0.1,39,88
mistralai/mixtral-8x7b-instruct-v0.1,39,106
mistralai/mixtral-8x7b-instruct-v0.1,39,63
mistralai/mixtral-8x7b-instruct-v0.1,39,49
mistralai/mixtral-8x7b-instruct-v0.1,39,97
mistralai/mixtral-8x7b-instruct-v0.1,39,126
mistralai/mixtral-8x7b-instruct-v0.1,39,55
mistralai/mixtral-8x7b-instruct-v0.1,39,130
mistralai/mixtral-8x7b-instruct-v0.1,44,182
mistralai/mixtral-8x7b-instruct-v0.1,44,161
mistralai/mixtral-8x7b-instruct-v0.1,44,256
mistralai/mixtral-8x7b-instruct-v0.1,44,256
mistralai/mixtral-8x7b-instruct-v0.1,44,212
mistralai/mixtral-8x7b-instruct-v0.1,44,123
mistralai/mixtral-8x7b-instruct-v0.1,44,256
mistralai/mixtral-8x7b-instruct-v0.1,44,256
mistralai/mixtral-8x7b-instruct-v0.1,46,256
mistralai/mixtral-8x7b-instruct-v0.1,46,256
mistralai/mixtral-8x7b-instruct-v0.1,46,256
mistralai/mixtral-8x7b-instruct-v0.1,46,256
mistralai/mixtral-8x7b-instruct-v0.1,46,256
mistralai/mixtral-8x7b-instruct-v0.1,46,256
mistralai/mixtral-8x7b-instruct-v0.1,46,256
mistralai/mixtral-8x7b-instruct-v0.1,46,256
mistralai/mixtral-8x7b-instruct-v0.1,30,256
mistralai/mixtral-8x7b-instruct-v0.1,30,256
mistralai/mixtral-8x7b-instruct-v0.1,30,256
mistralai/mixtral-8x7b-instruct-v0.1,30,256
mistralai/mixtral-8x7b-instruct-v0.1,30,256
mistralai/mixtral-8x7b-instruct-v0.1,30,256
mistralai/mixtral-8x7b-instruct-v0.1,30,256
mistralai/mixtral-8x7b-instruct-v0.1,30,256
mistralai/mixtral-8x7b-instruct-v0.1,31,138
mistralai/mixtral-8x7b-instruct-v0.1,31,154
mistralai/mixtral-8x7b-instruct-v0.1,31,141
mistralai/mixtral-8x7b-instruct-v0.1,31,135
mistralai/mixtral-8x7b-instruct-v0.1,31,97
mistralai/mixtral-8x7b-instruct-v0.1,31,147
mistralai/mixtral-8x7b-instruct-v0.1,31,88
mistralai/mixtral-8x7b-instruct-v0.1,31,117
mistralai/mixtral-8x7b-instruct-v0.1,33,256
mistralai/mixtral-8x7b-instruct-v0.1,33,256
mistralai/mixtral-8x7b-instruct-v0.1,33,256
mistralai/mixtral-8x7b-instruct-v0.1,33,256
mistralai/mixtral-8x7b-instruct-v0.1,33,256
mistralai/mixtral-8x7b-instruct-v0.1,33,256
mistralai/mixtral-8x7b-instruct-v0.1,33,256
mistralai/mixtral-8x7b-instruct-v0.1,33,256
mistralai/mixtral-8x7b-instruct-v0.1,40,119
mistralai/mixtral-8x7b-instruct-v0.1,40,132
mistralai/mixtral-8x7b-instruct-v0.1,40,92
mistralai/mixtral-8x7b-instruct-v0.1,40,144
mistralai/mixtral-8x7b-instruct-v0.1,40,102
mistralai/mixtral-8x7b-instruct-v0.1,40,114
mistralai/mixtral-8x7b-instruct-v0.1,40,108
mistralai/mixtral-8x7b-instruct-v0.1,40,112
mistralai/mixtral-8x7b-instruct-v0.1,45,203
mistralai/mixtral-8x7b-instruct-v0.1,45,215
mistralai/mixtral-8x7b-instruct-v0.1,45,256
mistralai/mixtral-8x7b-instruct-v0.1,45,256
mistralai/mixtral-8x7b-instruct-v0.1,45,101
mistralai/mixtral-8x7b-instruct-v0.1,45,256
mistralai/mixtral-8x7b-instruct-v0.1,45,256
mistralai/mixtral-8x7b-instruct-v0.1,45,110
mistralai/mixtral-8x7b-instruct-v0.1,43,255
mistralai/mixtral-8x7b-instruct-v0.1,43,205
mistralai/mixtral-8x7b-instruct-v0.1,43,256
mistralai/mixtral-8x7b-instruct-v0.1,43,245
mistralai/mixtral-8x7b-instruct-v0.1,43,256
mistralai/mixtral-8x7b-instruct-v0.1,43,256
mistralai/mixtral-8x7b-instruct-v0.1,43,243
mistralai/mixtral-8x7b-instruct-v0.1,43,223
mistralai/mixtral-8x7b-instruct-v0.1,44,240
mistralai/mixtral-8x7b-instruct-v0.1,44,214
mistralai/mixtral-8x7b-instruct-v0.1,44,238
mistralai/mixtral-8x7b-instruct-v0.1,44,230
mistralai/mixtral-8x7b-instruct-v0.1,44,256
mistralai/mixtral-8x7b-instruct-v0.1,44,255
mistralai/mixtral-8x7b-instruct-v0.1,44,256
mistralai/mixtral-8x7b-instruct-v0.1,44,256
mistralai/mixtral-8x7b-instruct-v0.1,38,12
mistralai/mixtral-8x7b-instruct-v0.1,38,12
mistralai/mixtral-8x7b-instruct-v0.1,38,12
mistralai/mixtral-8x7b-instruct-v0.1,38,12
mistralai/mixtral-8x7b-instruct-v0.1,38,12
mistralai/mixtral-8x7b-instruct-v0.1,38,12
mistralai/mixtral-8x7b-instruct-v0.1,38,12
mistralai/mixtral-8x7b-instruct-v0.1,38,12
mistralai/mixtral-8x7b-instruct-v0.1,39,12
mistralai/mixtral-8x7b-instruct-v0.1,39,12
mistralai/mixtral-8x7b-instruct-v0.1,39,12
mistralai/mixtral-8x7b-instruct-v0.1,39,12
mistralai/mixtral-8x7b-instruct-v0.1,39,12
mistralai/mixtral-8x7b-instruct-v0.1,39,12
mistralai/mixtral-8x7b-instruct-v0.1,39,12
mistralai/mixtral-8x7b-instruct-v0.1,39,12
mistralai/mixtral-8x7b-instruct-v0.1,37,12
mistralai/mixtral-8x7b-instruct-v0.1,37,12
mistralai/mixtral-8x7b-instruct-v0.1,37,12
mistralai/mixtral-8x7b-instruct-v0.1,37,12
mistralai/mixtral-8x7b-instruct-v0.1,37,12
mistralai/mixtral-8x7b-instruct-v0.1,37,12
mistralai/mixtral-8x7b-instruct-v0.1,37,12
mistralai/mixtral-8x7b-instruct-v0.1,37,12
mistralai/mixtral-8x7b-instruct-v0.1,38,12
mistralai/mixtral-8x7b-instruct-v0.1,38,12
mistralai/mixtral-8x7b-instruct-v0.1,38,12
mistralai/mixtral-8x7b-instruct-v0.1,38,12
mistralai/mixtral-8x7b-instruct-v0.1,38,12
mistralai/mixtral-8x7b-instruct-v0.1,38,12
mistralai/mixtral-8x7b-instruct-v0.1,38,12
mistralai/mixtral-8x7b-instruct-v0.1,38,12
mistralai/mixtral-8x7b-instruct-v0.1,32,12
mistralai/mixtral-8x7b-instruct-v0.1,32,12
mistralai/mixtral-8x7b-instruct-v0.1,32,12
mistralai/mixtral-8x7b-instruct-v0.1,32,12
mistralai/mixtral-8x7b-instruct-v0.1,32,12
mistralai/mixtral-8x7b-instruct-v0.1,32,12
mistralai/mixtral-8x7b-instruct-v0.1,32,12
mistralai/mixtral-8x7b-instruct-v0.1,32,12
mistralai/mixtral-8x7b-instruct-v0.1,33,12
mistralai/mixtral-8x7b-instruct-v0.1,33,12
mistralai/mixtral-8x7b-instruct-v0.1,33,12
mistralai/mixtral-8x7b-instruct-v0.1,33,12
mistralai/mixtral-8x7b-instruct-v0.1,33,12
mistralai/mixtral-8x7b-instruct-v0.1,33,12
mistralai/mixtral-8x7b-instruct-v0.1,33,12
mistralai/mixtral-8x7b-instruct-v0.1,33,12
mistralai/mixtral-8x7b-instruct-v0.1,32,12
mistralai/mixtral-8x7b-instruct-v0.1,32,12
mistralai/mixtral-8x7b-instruct-v0.1,32,12
mistralai/mixtral-8x7b-instruct-v0.1,32,12
mistralai/mixtral-8x7b-instruct-v0.1,32,12
mistralai/mixtral-8x7b-instruct-v0.1,32,12
mistralai/mixtral-8x7b-instruct-v0.1,32,12
mistralai/mixtral-8x7b-instruct-v0.1,32,12
mistralai/mixtral-8x7b-instruct-v0.1,33,12
mistralai/mixtral-8x7b-instruct-v0.1,33,12
mistralai/mixtral-8x7b-instruct-v0.1,33,12
mistralai/mixtral-8x7b-instruct-v0.1,33,12
mistralai/mixtral-8x7b-instruct-v0.1,33,12
mistralai/mixtral-8x7b-instruct-v0.1,33,12
mistralai/mixtral-8x7b-instruct-v0.1,33,12
mistralai/mixtral-8x7b-instruct-v0.1,33,12
mistralai/mixtral-8x7b-instruct-v0.1,33,42
mistralai/mixtral-8x7b-instruct-v0.1,33,41
mistralai/mixtral-8x7b-instruct-v0.1,33,39
mistralai/mixtral-8x7b-instruct-v0.1,33,39
mistralai/mixtral-8x7b-instruct-v0.1,33,37
mistralai/mixtral-8x7b-instruct-v0.1,33,38
mistralai/mixtral-8x7b-instruct-v0.1,33,41
mistralai/mixtral-8x7b-instruct-v0.1,33,37
mistralai/mixtral-8x7b-instruct-v0.1,33,165
mistralai/mixtral-8x7b-instruct-v0.1,33,130
mistralai/mixtral-8x7b-instruct-v0.1,33,256
mistralai/mixtral-8x7b-instruct-v0.1,33,256
mistralai/mixtral-8x7b-instruct-v0.1,33,224
mistralai/mixtral-8x7b-instruct-v0.1,33,256
mistralai/mixtral-8x7b-instruct-v0.1,33,256
mistralai/mixtral-8x7b-instruct-v0.1,33,243
mistralai/mixtral-8x7b-instruct-v0.1,32,255
mistralai/mixtral-8x7b-instruct-v0.1,32,254
mistralai/mixtral-8x7b-instruct-v0.1,32,256
mistralai/mixtral-8x7b-instruct-v0.1,32,189
mistralai/mixtral-8x7b-instruct-v0.1,32,237
mistralai/mixtral-8x7b-instruct-v0.1,32,211
mistralai/mixtral-8x7b-instruct-v0.1,32,256
mistralai/mixtral-8x7b-instruct-v0.1,32,228
mistralai/mixtral-8x7b-instruct-v0.1,23,252
mistralai/mixtral-8x7b-instruct-v0.1,23,235
mistralai/mixtral-8x7b-instruct-v0.1,23,256
mistralai/mixtral-8x7b-instruct-v0.1,23,256
mistralai/mixtral-8x7b-instruct-v0.1,23,256
mistralai/mixtral-8x7b-instruct-v0.1,23,256
mistralai/mixtral-8x7b-instruct-v0.1,23,256
mistralai/mixtral-8x7b-instruct-v0.1,23,256
mistralai/mixtral-8x7b-instruct-v0.1,26,81
mistralai/mixtral-8x7b-instruct-v0.1,26,88
mistralai/mixtral-8x7b-instruct-v0.1,26,123
mistralai/mixtral-8x7b-instruct-v0.1,26,121
mistralai/mixtral-8x7b-instruct-v0.1,26,89
mistralai/mixtral-8x7b-instruct-v0.1,26,82
mistralai/mixtral-8x7b-instruct-v0.1,26,109
mistralai/mixtral-8x7b-instruct-v0.1,26,95
mistralai/mixtral-8x7b-instruct-v0.1,26,256
mistralai/mixtral-8x7b-instruct-v0.1,26,256
mistralai/mixtral-8x7b-instruct-v0.1,26,256
mistralai/mixtral-8x7b-instruct-v0.1,26,256
mistralai/mixtral-8x7b-instruct-v0.1,26,256
mistralai/mixtral-8x7b-instruct-v0.1,26,256
mistralai/mixtral-8x7b-instruct-v0.1,26,256
mistralai/mixtral-8x7b-instruct-v0.1,26,256
mistralai/mixtral-8x7b-instruct-v0.1,32,84
mistralai/mixtral-8x7b-instruct-v0.1,32,66
mistralai/mixtral-8x7b-instruct-v0.1,32,72
mistralai/mixtral-8x7b-instruct-v0.1,32,94
mistralai/mixtral-8x7b-instruct-v0.1,32,72
mistralai/mixtral-8x7b-instruct-v0.1,32,68
mistralai/mixtral-8x7b-instruct-v0.1,32,78
mistralai/mixtral-8x7b-instruct-v0.1,32,103
mistralai/mixtral-8x7b-instruct-v0.1,28,256
mistralai/mixtral-8x7b-instruct-v0.1,28,256
mistralai/mixtral-8x7b-instruct-v0.1,28,226
mistralai/mixtral-8x7b-instruct-v0.1,28,256
mistralai/mixtral-8x7b-instruct-v0.1,28,256
mistralai/mixtral-8x7b-instruct-v0.1,28,256
mistralai/mixtral-8x7b-instruct-v0.1,28,256
mistralai/mixtral-8x7b-instruct-v0.1,28,256
mistralai/mixtral-8x7b-instruct-v0.1,35,256
mistralai/mixtral-8x7b-instruct-v0.1,35,256
mistralai/mixtral-8x7b-instruct-v0.1,35,256
mistralai/mixtral-8x7b-instruct-v0.1,35,256
mistralai/mixtral-8x7b-instruct-v0.1,35,256
mistralai/mixtral-8x7b-instruct-v0.1,35,256
mistralai/mixtral-8x7b-instruct-v0.1,35,256
mistralai/mixtral-8x7b-instruct-v0.1,35,256
mistralai/mixtral-8x7b-instruct-v0.1,34,256
mistralai/mixtral-8x7b-instruct-v0.1,34,249
mistralai/mixtral-8x7b-instruct-v0.1,34,255
mistralai/mixtral-8x7b-instruct-v0.1,34,256
mistralai/mixtral-8x7b-instruct-v0.1,34,256
mistralai/mixtral-8x7b-instruct-v0.1,34,256
mistralai/mixtral-8x7b-instruct-v0.1,34,256
mistralai/mixtral-8x7b-instruct-v0.1,34,256
mistralai/mixtral-8x7b-instruct-v0.1,37,12
mistralai/mixtral-8x7b-instruct-v0.1,37,12
mistralai/mixtral-8x7b-instruct-v0.1,37,12
mistralai/mixtral-8x7b-instruct-v0.1,37,12
mistralai/mixtral-8x7b-instruct-v0.1,37,12
mistralai/mixtral-8x7b-instruct-v0.1,37,12
mistralai/mixtral-8x7b-instruct-v0.1,37,12
mistralai/mixtral-8x7b-instruct-v0.1,37,12
mistralai/mixtral-8x7b-instruct-v0.1,38,12
mistralai/mixtral-8x7b-instruct-v0.1,38,12
mistralai/mixtral-8x7b-instruct-v0.1,38,12
mistralai/mixtral-8x7b-instruct-v0.1,38,12
mistralai/mixtral-8x7b-instruct-v0.1,38,12
mistralai/mixtral-8x7b-instruct-v0.1,38,12
mistralai/mixtral-8x7b-instruct-v0.1,38,12
mistralai/mixtral-8x7b-instruct-v0.1,38,12
mistralai/mixtral-8x7b-instruct-v0.1,46,12
mistralai/mixtral-8x7b-instruct-v0.1,46,12
mistralai/mixtral-8x7b-instruct-v0.1,46,12
mistralai/mixtral-8x7b-instruct-v0.1,46,12
mistralai/mixtral-8x7b-instruct-v0.1,46,12
mistralai/mixtral-8x7b-instruct-v0.1,46,12
mistralai/mixtral-8x7b-instruct-v0.1,46,12
mistralai/mixtral-8x7b-instruct-v0.1,46,12
mistralai/mixtral-8x7b-instruct-v0.1,47,12
mistralai/mixtral-8x7b-instruct-v0.1,47,12
mistralai/mixtral-8x7b-instruct-v0.1,47,12
mistralai/mixtral-8x7b-instruct-v0.1,47,12
mistralai/mixtral-8x7b-instruct-v0.1,47,12
mistralai/mixtral-8x7b-instruct-v0.1,47,12
mistralai/mixtral-8x7b-instruct-v0.1,47,12
mistralai/mixtral-8x7b-instruct-v0.1,47,12
mistralai/mixtral-8x7b-instruct-v0.1,42,12
mistralai/mixtral-8x7b-instruct-v0.1,42,12
mistralai/mixtral-8x7b-instruct-v0.1,42,12
mistralai/mixtral-8x7b-instruct-v0.1,42,12
mistralai/mixtral-8x7b-instruct-v0.1,42,12
mistralai/mixtral-8x7b-instruct-v0.1,42,12
mistralai/mixtral-8x7b-instruct-v0.1,42,12
mistralai/mixtral-8x7b-instruct-v0.1,42,12
mistralai/mixtral-8x7b-instruct-v0.1,43,12
mistralai/mixtral-8x7b-instruct-v0.1,43,12
mistralai/mixtral-8x7b-instruct-v0.1,43,12
mistralai/mixtral-8x7b-instruct-v0.1,43,12
mistralai/mixtral-8x7b-instruct-v0.1,43,12
mistralai/mixtral-8x7b-instruct-v0.1,43,12
mistralai/mixtral-8x7b-instruct-v0.1,43,12
mistralai/mixtral-8x7b-instruct-v0.1,43,12
mistralai/mixtral-8x7b-instruct-v0.1,39,12
mistralai/mixtral-8x7b-instruct-v0.1,39,12
mistralai/mixtral-8x7b-instruct-v0.1,39,12
mistralai/mixtral-8x7b-instruct-v0.1,39,12
mistralai/mixtral-8x7b-instruct-v0.1,39,12
mistralai/mixtral-8x7b-instruct-v0.1,39,12
mistralai/mixtral-8x7b-instruct-v0.1,39,12
mistralai/mixtral-8x7b-instruct-v0.1,39,12
mistralai/mixtral-8x7b-instruct-v0.1,40,12
mistralai/mixtral-8x7b-instruct-v0.1,40,12
mistralai/mixtral-8x7b-instruct-v0.1,40,12
mistralai/mixtral-8x7b-instruct-v0.1,40,12
mistralai/mixtral-8x7b-instruct-v0.1,40,12
mistralai/mixtral-8x7b-instruct-v0.1,40,12
mistralai/mixtral-8x7b-instruct-v0.1,40,12
mistralai/mixtral-8x7b-instruct-v0.1,40,12
mistralai/mixtral-8x7b-instruct-v0.1,42,97
mistralai/mixtral-8x7b-instruct-v0.1,42,129
mistralai/mixtral-8x7b-instruct-v0.1,42,88
mistralai/mixtral-8x7b-instruct-v0.1,42,142
mistralai/mixtral-8x7b-instruct-v0.1,42,163
mistralai/mixtral-8x7b-instruct-v0.1,42,100
mistralai/mixtral-8x7b-instruct-v0.1,42,86
mistralai/mixtral-8x7b-instruct-v0.1,42,125
mistralai/mixtral-8x7b-instruct-v0.1,47,256
mistralai/mixtral-8x7b-instruct-v0.1,47,256
mistralai/mixtral-8x7b-instruct-v0.1,47,256
mistralai/mixtral-8x7b-instruct-v0.1,47,256
mistralai/mixtral-8x7b-instruct-v0.1,47,256
mistralai/mixtral-8x7b-instruct-v0.1,47,256
mistralai/mixtral-8x7b-instruct-v0.1,47,256
mistralai/mixtral-8x7b-instruct-v0.1,47,256
mistralai/mixtral-8x7b-instruct-v0.1,49,256
mistralai/mixtral-8x7b-instruct-v0.1,49,256
mistralai/mixtral-8x7b-instruct-v0.1,49,256
mistralai/mixtral-8x7b-instruct-v0.1,49,256
mistralai/mixtral-8x7b-instruct-v0.1,49,256
mistralai/mixtral-8x7b-instruct-v0.1,49,256
mistralai/mixtral-8x7b-instruct-v0.1,49,256
mistralai/mixtral-8x7b-instruct-v0.1,49,256
mistralai/mixtral-8x7b-instruct-v0.1,33,256
mistralai/mixtral-8x7b-instruct-v0.1,33,256
mistralai/mixtral-8x7b-instruct-v0.1,33,256
mistralai/mixtral-8x7b-instruct-v0.1,33,256
mistralai/mixtral-8x7b-instruct-v0.1,33,256
mistralai/mixtral-8x7b-instruct-v0.1,33,256
mistralai/mixtral-8x7b-instruct-v0.1,33,256
mistralai/mixtral-8x7b-instruct-v0.1,33,256
mistralai/mixtral-8x7b-instruct-v0.1,34,143
mistralai/mixtral-8x7b-instruct-v0.1,34,176
mistralai/mixtral-8x7b-instruct-v0.1,34,186
mistralai/mixtral-8x7b-instruct-v0.1,34,199
mistralai/mixtral-8x7b-instruct-v0.1,34,104
mistralai/mixtral-8x7b-instruct-v0.1,34,108
mistralai/mixtral-8x7b-instruct-v0.1,34,195
mistralai/mixtral-8x7b-instruct-v0.1,34,183
mistralai/mixtral-8x7b-instruct-v0.1,36,256
mistralai/mixtral-8x7b-instruct-v0.1,36,256
mistralai/mixtral-8x7b-instruct-v0.1,36,256
mistralai/mixtral-8x7b-instruct-v0.1,36,256
mistralai/mixtral-8x7b-instruct-v0.1,36,256
mistralai/mixtral-8x7b-instruct-v0.1,36,256
mistralai/mixtral-8x7b-instruct-v0.1,36,256
mistralai/mixtral-8x7b-instruct-v0.1,36,256
mistralai/mixtral-8x7b-instruct-v0.1,43,141
mistralai/mixtral-8x7b-instruct-v0.1,43,87
mistralai/mixtral-8x7b-instruct-v0.1,43,180
mistralai/mixtral-8x7b-instruct-v0.1,43,112
mistralai/mixtral-8x7b-instruct-v0.1,43,109
mistralai/mixtral-8x7b-instruct-v0.1,43,109
mistralai/mixtral-8x7b-instruct-v0.1,43,81
mistralai/mixtral-8x7b-instruct-v0.1,43,113
mistralai/mixtral-8x7b-instruct-v0.1,48,256
mistralai/mixtral-8x7b-instruct-v0.1,48,256
mistralai/mixtral-8x7b-instruct-v0.1,48,176
mistralai/mixtral-8x7b-instruct-v0.1,48,256
mistralai/mixtral-8x7b-instruct-v0.1,48,256
mistralai/mixtral-8x7b-instruct-v0.1,48,256
mistralai/mixtral-8x7b-instruct-v0.1,48,199
mistralai/mixtral-8x7b-instruct-v0.1,48,256
mistralai/mixtral-8x7b-instruct-v0.1,46,236
mistralai/mixtral-8x7b-instruct-v0.1,46,256
mistralai/mixtral-8x7b-instruct-v0.1,46,256
mistralai/mixtral-8x7b-instruct-v0.1,46,256
mistralai/mixtral-8x7b-instruct-v0.1,46,256
mistralai/mixtral-8x7b-instruct-v0.1,46,256
mistralai/mixtral-8x7b-instruct-v0.1,46,241
mistralai/mixtral-8x7b-instruct-v0.1,46,256
mistralai/mixtral-8x7b-instruct-v0.1,47,256
mistralai/mixtral-8x7b-instruct-v0.1,47,256
mistralai/mixtral-8x7b-instruct-v0.1,47,256
mistralai/mixtral-8x7b-instruct-v0.1,47,256
mistralai/mixtral-8x7b-instruct-v0.1,47,243
mistralai/mixtral-8x7b-instruct-v0.1,47,256
mistralai/mixtral-8x7b-instruct-v0.1,47,177
mistralai/mixtral-8x7b-instruct-v0.1,47,256
mistralai/mixtral-8x7b-instruct-v0.1,40,12
mistralai/mixtral-8x7b-instruct-v0.1,40,12
mistralai/mixtral-8x7b-instruct-v0.1,40,12
mistralai/mixtral-8x7b-instruct-v0.1,40,12
mistralai/mixtral-8x7b-instruct-v0.1,40,12
mistralai/mixtral-8x7b-instruct-v0.1,40,12
mistralai/mixtral-8x7b-instruct-v0.1,40,12
mistralai/mixtral-8x7b-instruct-v0.1,40,12
mistralai/mixtral-8x7b-instruct-v0.1,41,12
mistralai/mixtral-8x7b-instruct-v0.1,41,12
mistralai/mixtral-8x7b-instruct-v0.1,41,12
mistralai/mixtral-8x7b-instruct-v0.1,41,12
mistralai/mixtral-8x7b-instruct-v0.1,41,12
mistralai/mixtral-8x7b-instruct-v0.1,41,12
mistralai/mixtral-8x7b-instruct-v0.1,41,12
mistralai/mixtral-8x7b-instruct-v0.1,41,12
mistralai/mixtral-8x7b-instruct-v0.1,39,12
mistralai/mixtral-8x7b-instruct-v0.1,39,12
mistralai/mixtral-8x7b-instruct-v0.1,39,12
mistralai/mixtral-8x7b-instruct-v0.1,39,12
mistralai/mixtral-8x7b-instruct-v0.1,39,12
mistralai/mixtral-8x7b-instruct-v0.1,39,12
mistralai/mixtral-8x7b-instruct-v0.1,39,12
mistralai/mixtral-8x7b-instruct-v0.1,39,12
mistralai/mixtral-8x7b-instruct-v0.1,40,12
mistralai/mixtral-8x7b-instruct-v0.1,40,12
mistralai/mixtral-8x7b-instruct-v0.1,40,12
mistralai/mixtral-8x7b-instruct-v0.1,40,12
mistralai/mixtral-8x7b-instruct-v0.1,40,12
mistralai/mixtral-8x7b-instruct-v0.1,40,12
mistralai/mixtral-8x7b-instruct-v0.1,40,12
mistralai/mixtral-8x7b-instruct-v0.1,40,12
mistralai/mixtral-8x7b-instruct-v0.1,34,12
mistralai/mixtral-8x7b-instruct-v0.1,34,12
mistralai/mixtral-8x7b-instruct-v0.1,34,12
mistralai/mixtral-8x7b-instruct-v0.1,34,12
mistralai/mixtral-8x7b-instruct-v0.1,34,12
mistralai/mixtral-8x7b-instruct-v0.1,34,12
mistralai/mixtral-8x7b-instruct-v0.1,34,12
mistralai/mixtral-8x7b-instruct-v0.1,34,12
mistralai/mixtral-8x7b-instruct-v0.1,35,12
mistralai/mixtral-8x7b-instruct-v0.1,35,12
mistralai/mixtral-8x7b-instruct-v0.1,35,12
mistralai/mixtral-8x7b-instruct-v0.1,35,12
mistralai/mixtral-8x7b-instruct-v0.1,35,12
mistralai/mixtral-8x7b-instruct-v0.1,35,12
mistralai/mixtral-8x7b-instruct-v0.1,35,12
mistralai/mixtral-8x7b-instruct-v0.1,35,12
mistralai/mixtral-8x7b-instruct-v0.1,34,12
mistralai/mixtral-8x7b-instruct-v0.1,34,12
mistralai/mixtral-8x7b-instruct-v0.1,34,12
mistralai/mixtral-8x7b-instruct-v0.1,34,12
mistralai/mixtral-8x7b-instruct-v0.1,34,12
mistralai/mixtral-8x7b-instruct-v0.1,34,12
mistralai/mixtral-8x7b-instruct-v0.1,34,12
mistralai/mixtral-8x7b-instruct-v0.1,34,12
mistralai/mixtral-8x7b-instruct-v0.1,35,12
mistralai/mixtral-8x7b-instruct-v0.1,35,12
mistralai/mixtral-8x7b-instruct-v0.1,35,12
mistralai/mixtral-8x7b-instruct-v0.1,35,12
mistralai/mixtral-8x7b-instruct-v0.1,35,12
mistralai/mixtral-8x7b-instruct-v0.1,35,12
mistralai/mixtral-8x7b-instruct-v0.1,35,12
mistralai/mixtral-8x7b-instruct-v0.1,35,12
mistralai/mixtral-8x7b-instruct-v0.1,32,36
mistralai/mixtral-8x7b-instruct-v0.1,32,40
mistralai/mixtral-8x7b-instruct-v0.1,32,53
mistralai/mixtral-8x7b-instruct-v0.1,32,49
mistralai/mixtral-8x7b-instruct-v0.1,32,34
mistralai/mixtral-8x7b-instruct-v0.1,32,34
mistralai/mixtral-8x7b-instruct-v0.1,32,53
mistralai/mixtral-8x7b-instruct-v0.1,32,37
mistralai/mixtral-8x7b-instruct-v0.1,32,256
mistralai/mixtral-8x7b-instruct-v0.1,32,218
mistralai/mixtral-8x7b-instruct-v0.1,32,256
mistralai/mixtral-8x7b-instruct-v0.1,32,256
mistralai/mixtral-8x7b-instruct-v0.1,32,145
mistralai/mixtral-8x7b-instruct-v0.1,32,256
mistralai/mixtral-8x7b-instruct-v0.1,32,153
mistralai/mixtral-8x7b-instruct-v0.1,32,256
mistralai/mixtral-8x7b-instruct-v0.1,31,256
mistralai/mixtral-8x7b-instruct-v0.1,31,144
mistralai/mixtral-8x7b-instruct-v0.1,31,119
mistralai/mixtral-8x7b-instruct-v0.1,31,256
mistralai/mixtral-8x7b-instruct-v0.1,31,210
mistralai/mixtral-8x7b-instruct-v0.1,31,194
mistralai/mixtral-8x7b-instruct-v0.1,31,256
mistralai/mixtral-8x7b-instruct-v0.1,31,177
mistralai/mixtral-8x7b-instruct-v0.1,22,256
mistralai/mixtral-8x7b-instruct-v0.1,22,256
mistralai/mixtral-8x7b-instruct-v0.1,22,256
mistralai/mixtral-8x7b-instruct-v0.1,22,238
mistralai/mixtral-8x7b-instruct-v0.1,22,256
mistralai/mixtral-8x7b-instruct-v0.1,22,256
mistralai/mixtral-8x7b-instruct-v0.1,22,256
mistralai/mixtral-8x7b-instruct-v0.1,22,256
mistralai/mixtral-8x7b-instruct-v0.1,25,61
mistralai/mixtral-8x7b-instruct-v0.1,25,77
mistralai/mixtral-8x7b-instruct-v0.1,25,77
mistralai/mixtral-8x7b-instruct-v0.1,25,84
mistralai/mixtral-8x7b-instruct-v0.1,25,79
mistralai/mixtral-8x7b-instruct-v0.1,25,80
mistralai/mixtral-8x7b-instruct-v0.1,25,71
mistralai/mixtral-8x7b-instruct-v0.1,25,117
mistralai/mixtral-8x7b-instruct-v0.1,25,256
mistralai/mixtral-8x7b-instruct-v0.1,25,256
mistralai/mixtral-8x7b-instruct-v0.1,25,256
mistralai/mixtral-8x7b-instruct-v0.1,25,256
mistralai/mixtral-8x7b-instruct-v0.1,25,254
mistralai/mixtral-8x7b-instruct-v0.1,25,256
mistralai/mixtral-8x7b-instruct-v0.1,25,256
mistralai/mixtral-8x7b-instruct-v0.1,25,256
mistralai/mixtral-8x7b-instruct-v0.1,31,67
mistralai/mixtral-8x7b-instruct-v0.1,31,71
mistralai/mixtral-8x7b-instruct-v0.1,31,62
mistralai/mixtral-8x7b-instruct-v0.1,31,62
mistralai/mixtral-8x7b-instruct-v0.1,31,82
mistralai/mixtral-8x7b-instruct-v0.1,31,71
mistralai/mixtral-8x7b-instruct-v0.1,31,62
mistralai/mixtral-8x7b-instruct-v0.1,31,61
mistralai/mixtral-8x7b-instruct-v0.1,27,197
mistralai/mixtral-8x7b-instruct-v0.1,27,173
mistralai/mixtral-8x7b-instruct-v0.1,27,256
mistralai/mixtral-8x7b-instruct-v0.1,27,169
mistralai/mixtral-8x7b-instruct-v0.1,27,107
mistralai/mixtral-8x7b-instruct-v0.1,27,126
mistralai/mixtral-8x7b-instruct-v0.1,27,245
mistralai/mixtral-8x7b-instruct-v0.1,27,133
mistralai/mixtral-8x7b-instruct-v0.1,34,256
mistralai/mixtral-8x7b-instruct-v0.1,34,186
mistralai/mixtral-8x7b-instruct-v0.1,34,171
mistralai/mixtral-8x7b-instruct-v0.1,34,191
mistralai/mixtral-8x7b-instruct-v0.1,34,236
mistralai/mixtral-8x7b-instruct-v0.1,34,228
mistralai/mixtral-8x7b-instruct-v0.1,34,219
mistralai/mixtral-8x7b-instruct-v0.1,34,240
mistralai/mixtral-8x7b-instruct-v0.1,33,256
mistralai/mixtral-8x7b-instruct-v0.1,33,256
mistralai/mixtral-8x7b-instruct-v0.1,33,256
mistralai/mixtral-8x7b-instruct-v0.1,33,256
mistralai/mixtral-8x7b-instruct-v0.1,33,256
mistralai/mixtral-8x7b-instruct-v0.1,33,256
mistralai/mixtral-8x7b-instruct-v0.1,33,193
mistralai/mixtral-8x7b-instruct-v0.1,33,256
mistralai/mixtral-8x7b-instruct-v0.1,38,12
mistralai/mixtral-8x7b-instruct-v0.1,38,12
mistralai/mixtral-8x7b-instruct-v0.1,38,12
mistralai/mixtral-8x7b-instruct-v0.1,38,12
mistralai/mixtral-8x7b-instruct-v0.1,38,12
mistralai/mixtral-8x7b-instruct-v0.1,38,12
mistralai/mixtral-8x7b-instruct-v0.1,38,12
mistralai/mixtral-8x7b-instruct-v0.1,38,12
mistralai/mixtral-8x7b-instruct-v0.1,39,12
mistralai/mixtral-8x7b-instruct-v0.1,39,12
mistralai/mixtral-8x7b-instruct-v0.1,39,12
mistralai/mixtral-8x7b-instruct-v0.1,39,12
mistralai/mixtral-8x7b-instruct-v0.1,39,12
mistralai/mixtral-8x7b-instruct-v0.1,39,12
mistralai/mixtral-8x7b-instruct-v0.1,39,12
mistralai/mixtral-8x7b-instruct-v0.1,39,12
mistralai/mixtral-8x7b-instruct-v0.1,47,12
mistralai/mixtral-8x7b-instruct-v0.1,47,12
mistralai/mixtral-8x7b-instruct-v0.1,47,12
mistralai/mixtral-8x7b-instruct-v0.1,47,12
mistralai/mixtral-8x7b-instruct-v0.1,47,12
mistralai/mixtral-8x7b-instruct-v0.1,47,12
mistralai/mixtral-8x7b-instruct-v0.1,47,12
mistralai/mixtral-8x7b-instruct-v0.1,47,12
mistralai/mixtral-8x7b-instruct-v0.1,48,12
mistralai/mixtral-8x7b-instruct-v0.1,48,12
mistralai/mixtral-8x7b-instruct-v0.1,48,12
mistralai/mixtral-8x7b-instruct-v0.1,48,12
mistralai/mixtral-8x7b-instruct-v0.1,48,12
mistralai/mixtral-8x7b-instruct-v0.1,48,12
mistralai/mixtral-8x7b-instruct-v0.1,48,12
mistralai/mixtral-8x7b-instruct-v0.1,48,12
mistralai/mixtral-8x7b-instruct-v0.1,43,12
mistralai/mixtral-8x7b-instruct-v0.1,43,12
mistralai/mixtral-8x7b-instruct-v0.1,43,12
mistralai/mixtral-8x7b-instruct-v0.1,43,12
mistralai/mixtral-8x7b-instruct-v0.1,43,12
mistralai/mixtral-8x7b-instruct-v0.1,43,12
mistralai/mixtral-8x7b-instruct-v0.1,43,12
mistralai/mixtral-8x7b-instruct-v0.1,43,12
mistralai/mixtral-8x7b-instruct-v0.1,44,12
mistralai/mixtral-8x7b-instruct-v0.1,44,12
mistralai/mixtral-8x7b-instruct-v0.1,44,12
mistralai/mixtral-8x7b-instruct-v0.1,44,12
mistralai/mixtral-8x7b-instruct-v0.1,44,12
mistralai/mixtral-8x7b-instruct-v0.1,44,12
mistralai/mixtral-8x7b-instruct-v0.1,44,12
mistralai/mixtral-8x7b-instruct-v0.1,44,12
mistralai/mixtral-8x7b-instruct-v0.1,40,12
mistralai/mixtral-8x7b-instruct-v0.1,40,12
mistralai/mixtral-8x7b-instruct-v0.1,40,12
mistralai/mixtral-8x7b-instruct-v0.1,40,12
mistralai/mixtral-8x7b-instruct-v0.1,40,12
mistralai/mixtral-8x7b-instruct-v0.1,40,12
mistralai/mixtral-8x7b-instruct-v0.1,40,12
mistralai/mixtral-8x7b-instruct-v0.1,40,12
mistralai/mixtral-8x7b-instruct-v0.1,41,12
mistralai/mixtral-8x7b-instruct-v0.1,41,12
mistralai/mixtral-8x7b-instruct-v0.1,41,12
mistralai/mixtral-8x7b-instruct-v0.1,41,12
mistralai/mixtral-8x7b-instruct-v0.1,41,12
mistralai/mixtral-8x7b-instruct-v0.1,41,12
mistralai/mixtral-8x7b-instruct-v0.1,41,12
mistralai/mixtral-8x7b-instruct-v0.1,41,12
mistralai/mixtral-8x7b-instruct-v0.1,41,64
mistralai/mixtral-8x7b-instruct-v0.1,41,104
mistralai/mixtral-8x7b-instruct-v0.1,41,64
mistralai/mixtral-8x7b-instruct-v0.1,41,67
mistralai/mixtral-8x7b-instruct-v0.1,41,44
mistralai/mixtral-8x7b-instruct-v0.1,41,151
mistralai/mixtral-8x7b-instruct-v0.1,41,115
mistralai/mixtral-8x7b-instruct-v0.1,41,46
mistralai/mixtral-8x7b-instruct-v0.1,46,256
mistralai/mixtral-8x7b-instruct-v0.1,46,256
mistralai/mixtral-8x7b-instruct-v0.1,46,250
mistralai/mixtral-8x7b-instruct-v0.1,46,256
mistralai/mixtral-8x7b-instruct-v0.1,46,256
mistralai/mixtral-8x7b-instruct-v0.1,46,256
mistralai/mixtral-8x7b-instruct-v0.1,46,203
mistralai/mixtral-8x7b-instruct-v0.1,46,256
mistralai/mixtral-8x7b-instruct-v0.1,48,256
mistralai/mixtral-8x7b-instruct-v0.1,48,256
mistralai/mixtral-8x7b-instruct-v0.1,48,256
mistralai/mixtral-8x7b-instruct-v0.1,48,156
mistralai/mixtral-8x7b-instruct-v0.1,48,245
mistralai/mixtral-8x7b-instruct-v0.1,48,170
mistralai/mixtral-8x7b-instruct-v0.1,48,256
mistralai/mixtral-8x7b-instruct-v0.1,48,256
mistralai/mixtral-8x7b-instruct-v0.1,32,256
mistralai/mixtral-8x7b-instruct-v0.1,32,256
mistralai/mixtral-8x7b-instruct-v0.1,32,256
mistralai/mixtral-8x7b-instruct-v0.1,32,256
mistralai/mixtral-8x7b-instruct-v0.1,32,256
mistralai/mixtral-8x7b-instruct-v0.1,32,256
mistralai/mixtral-8x7b-instruct-v0.1,32,256
mistralai/mixtral-8x7b-instruct-v0.1,32,256
mistralai/mixtral-8x7b-instruct-v0.1,33,97
mistralai/mixtral-8x7b-instruct-v0.1,33,84
mistralai/mixtral-8x7b-instruct-v0.1,33,94
mistralai/mixtral-8x7b-instruct-v0.1,33,184
mistralai/mixtral-8x7b-instruct-v0.1,33,85
mistralai/mixtral-8x7b-instruct-v0.1,33,134
mistralai/mixtral-8x7b-instruct-v0.1,33,119
mistralai/mixtral-8x7b-instruct-v0.1,33,94
mistralai/mixtral-8x7b-instruct-v0.1,35,256
mistralai/mixtral-8x7b-instruct-v0.1,35,256
mistralai/mixtral-8x7b-instruct-v0.1,35,256
mistralai/mixtral-8x7b-instruct-v0.1,35,256
mistralai/mixtral-8x7b-instruct-v0.1,35,256
mistralai/mixtral-8x7b-instruct-v0.1,35,256
mistralai/mixtral-8x7b-instruct-v0.1,35,256
mistralai/mixtral-8x7b-instruct-v0.1,35,256
mistralai/mixtral-8x7b-instruct-v0.1,42,101
mistralai/mixtral-8x7b-instruct-v0.1,42,87
mistralai/mixtral-8x7b-instruct-v0.1,42,99
mistralai/mixtral-8x7b-instruct-v0.1,42,119
mistralai/mixtral-8x7b-instruct-v0.1,42,94
mistralai/mixtral-8x7b-instruct-v0.1,42,233
mistralai/mixtral-8x7b-instruct-v0.1,42,108
mistralai/mixtral-8x7b-instruct-v0.1,42,124
mistralai/mixtral-8x7b-instruct-v0.1,47,184
mistralai/mixtral-8x7b-instruct-v0.1,47,256
mistralai/mixtral-8x7b-instruct-v0.1,47,149
mistralai/mixtral-8x7b-instruct-v0.1,47,124
mistralai/mixtral-8x7b-instruct-v0.1,47,131
mistralai/mixtral-8x7b-instruct-v0.1,47,256
mistralai/mixtral-8x7b-instruct-v0.1,47,254
mistralai/mixtral-8x7b-instruct-v0.1,47,195
mistralai/mixtral-8x7b-instruct-v0.1,45,256
mistralai/mixtral-8x7b-instruct-v0.1,45,226
mistralai/mixtral-8x7b-instruct-v0.1,45,165
mistralai/mixtral-8x7b-instruct-v0.1,45,251
mistralai/mixtral-8x7b-instruct-v0.1,45,170
mistralai/mixtral-8x7b-instruct-v0.1,45,256
mistralai/mixtral-8x7b-instruct-v0.1,45,149
mistralai/mixtral-8x7b-instruct-v0.1,45,256
mistralai/mixtral-8x7b-instruct-v0.1,46,247
mistralai/mixtral-8x7b-instruct-v0.1,46,181
mistralai/mixtral-8x7b-instruct-v0.1,46,256
mistralai/mixtral-8x7b-instruct-v0.1,46,220
mistralai/mixtral-8x7b-instruct-v0.1,46,256
mistralai/mixtral-8x7b-instruct-v0.1,46,176
mistralai/mixtral-8x7b-instruct-v0.1,46,147
mistralai/mixtral-8x7b-instruct-v0.1,46,217
mistralai/mixtral-8x7b-instruct-v0.1,40,12
mistralai/mixtral-8x7b-instruct-v0.1,40,12
mistralai/mixtral-8x7b-instruct-v0.1,40,12
mistralai/mixtral-8x7b-instruct-v0.1,40,12
mistralai/mixtral-8x7b-instruct-v0.1,40,12
mistralai/mixtral-8x7b-instruct-v0.1,40,12
mistralai/mixtral-8x7b-instruct-v0.1,40,12
mistralai/mixtral-8x7b-instruct-v0.1,40,12
mistralai/mixtral-8x7b-instruct-v0.1,41,12
mistralai/mixtral-8x7b-instruct-v0.1,41,12
mistralai/mixtral-8x7b-instruct-v0.1,41,12
mistralai/mixtral-8x7b-instruct-v0.1,41,12
mistralai/mixtral-8x7b-instruct-v0.1,41,12
mistralai/mixtral-8x7b-instruct-v0.1,41,12
mistralai/mixtral-8x7b-instruct-v0.1,41,12
mistralai/mixtral-8x7b-instruct-v0.1,41,12
mistralai/mixtral-8x7b-instruct-v0.1,39,12
mistralai/mixtral-8x7b-instruct-v0.1,39,12
mistralai/mixtral-8x7b-instruct-v0.1,39,12
mistralai/mixtral-8x7b-instruct-v0.1,39,12
mistralai/mixtral-8x7b-instruct-v0.1,39,12
mistralai/mixtral-8x7b-instruct-v0.1,39,12
mistralai/mixtral-8x7b-instruct-v0.1,39,12
mistralai/mixtral-8x7b-instruct-v0.1,39,12
mistralai/mixtral-8x7b-instruct-v0.1,40,12
mistralai/mixtral-8x7b-instruct-v0.1,40,12
mistralai/mixtral-8x7b-instruct-v0.1,40,12
mistralai/mixtral-8x7b-instruct-v0.1,40,12
mistralai/mixtral-8x7b-instruct-v0.1,40,12
mistralai/mixtral-8x7b-instruct-v0.1,40,12
mistralai/mixtral-8x7b-instruct-v0.1,40,12
mistralai/mixtral-8x7b-instruct-v0.1,40,12
mistralai/mixtral-8x7b-instruct-v0.1,34,12
mistralai/mixtral-8x7b-instruct-v0.1,34,12
mistralai/mixtral-8x7b-instruct-v0.1,34,12
mistralai/mixtral-8x7b-instruct-v0.1,34,12
mistralai/mixtral-8x7b-instruct-v0.1,34,12
mistralai/mixtral-8x7b-instruct-v0.1,34,12
mistralai/mixtral-8x7b-instruct-v0.1,34,12
mistralai/mixtral-8x7b-instruct-v0.1,34,12
mistralai/mixtral-8x7b-instruct-v0.1,35,12
mistralai/mixtral-8x7b-instruct-v0.1,35,12
mistralai/mixtral-8x7b-instruct-v0.1,35,12
mistralai/mixtral-8x7b-instruct-v0.1,35,12
mistralai/mixtral-8x7b-instruct-v0.1,35,12
mistralai/mixtral-8x7b-instruct-v0.1,35,12
mistralai/mixtral-8x7b-instruct-v0.1,35,12
mistralai/mixtral-8x7b-instruct-v0.1,35,12
mistralai/mixtral-8x7b-instruct-v0.1,34,12
mistralai/mixtral-8x7b-instruct-v0.1,34,12
mistralai/mixtral-8x7b-instruct-v0.1,34,12
mistralai/mixtral-8x7b-instruct-v0.1,34,12
mistralai/mixtral-8x7b-instruct-v0.1,34,12
mistralai/mixtral-8x7b-instruct-v0.1,34,12
mistralai/mixtral-8x7b-instruct-v0.1,34,12
mistralai/mixtral-8x7b-instruct-v0.1,34,12
mistralai/mixtral-8x7b-instruct-v0.1,35,12
mistralai/mixtral-8x7b-instruct-v0.1,35,12
mistralai/mixtral-8x7b-instruct-v0.1,35,12
mistralai/mixtral-8x7b-instruct-v0.1,35,12
mistralai/mixtral-8x7b-instruct-v0.1,35,12
mistralai/mixtral-8x7b-instruct-v0.1,35,12
mistralai/mixtral-8x7b-instruct-v0.1,35,12
mistralai/mixtral-8x7b-instruct-v0.1,35,12
mistralai/mixtral-8x7b-instruct-v0.1,31,63
mistralai/mixtral-8x7b-instruct-v0.1,31,56
mistralai/mixtral-8x7b-instruct-v0.1,31,68
mistralai/mixtral-8x7b-instruct-v0.1,31,80
mistralai/mixtral-8x7b-instruct-v0.1,31,78
mistralai/mixtral-8x7b-instruct-v0.1,31,67
mistralai/mixtral-8x7b-instruct-v0.1,31,71
mistralai/mixtral-8x7b-instruct-v0.1,31,81
mistralai/mixtral-8x7b-instruct-v0.1,31,256
mistralai/mixtral-8x7b-instruct-v0.1,31,256
mistralai/mixtral-8x7b-instruct-v0.1,31,256
mistralai/mixtral-8x7b-instruct-v0.1,31,186
mistralai/mixtral-8x7b-instruct-v0.1,31,256
mistralai/mixtral-8x7b-instruct-v0.1,31,256
mistralai/mixtral-8x7b-instruct-v0.1,31,256
mistralai/mixtral-8x7b-instruct-v0.1,31,256
mistralai/mixtral-8x7b-instruct-v0.1,30,256
mistralai/mixtral-8x7b-instruct-v0.1,30,256
mistralai/mixtral-8x7b-instruct-v0.1,30,256
mistralai/mixtral-8x7b-instruct-v0.1,30,256
mistralai/mixtral-8x7b-instruct-v0.1,30,220
mistralai/mixtral-8x7b-instruct-v0.1,30,256
mistralai/mixtral-8x7b-instruct-v0.1,30,224
mistralai/mixtral-8x7b-instruct-v0.1,30,229
mistralai/mixtral-8x7b-instruct-v0.1,21,146
mistralai/mixtral-8x7b-instruct-v0.1,21,113
mistralai/mixtral-8x7b-instruct-v0.1,21,256
mistralai/mixtral-8x7b-instruct-v0.1,21,128
mistralai/mixtral-8x7b-instruct-v0.1,21,133
mistralai/mixtral-8x7b-instruct-v0.1,21,120
mistralai/mixtral-8x7b-instruct-v0.1,21,199
mistralai/mixtral-8x7b-instruct-v0.1,21,128
mistralai/mixtral-8x7b-instruct-v0.1,24,78
mistralai/mixtral-8x7b-instruct-v0.1,24,131
mistralai/mixtral-8x7b-instruct-v0.1,24,109
mistralai/mixtral-8x7b-instruct-v0.1,24,89
mistralai/mixtral-8x7b-instruct-v0.1,24,94
mistralai/mixtral-8x7b-instruct-v0.1,24,90
mistralai/mixtral-8x7b-instruct-v0.1,24,93
mistralai/mixtral-8x7b-instruct-v0.1,24,74
mistralai/mixtral-8x7b-instruct-v0.1,24,256
mistralai/mixtral-8x7b-instruct-v0.1,24,256
mistralai/mixtral-8x7b-instruct-v0.1,24,256
mistralai/mixtral-8x7b-instruct-v0.1,24,256
mistralai/mixtral-8x7b-instruct-v0.1,24,256
mistralai/mixtral-8x7b-instruct-v0.1,24,256
mistralai/mixtral-8x7b-instruct-v0.1,24,256
mistralai/mixtral-8x7b-instruct-v0.1,24,256
mistralai/mixtral-8x7b-instruct-v0.1,30,86
mistralai/mixtral-8x7b-instruct-v0.1,30,93
mistralai/mixtral-8x7b-instruct-v0.1,30,66
mistralai/mixtral-8x7b-instruct-v0.1,30,86
mistralai/mixtral-8x7b-instruct-v0.1,30,71
mistralai/mixtral-8x7b-instruct-v0.1,30,99
mistralai/mixtral-8x7b-instruct-v0.1,30,88
mistralai/mixtral-8x7b-instruct-v0.1,30,70
mistralai/mixtral-8x7b-instruct-v0.1,26,256
mistralai/mixtral-8x7b-instruct-v0.1,26,189
mistralai/mixtral-8x7b-instruct-v0.1,26,256
mistralai/mixtral-8x7b-instruct-v0.1,26,256
mistralai/mixtral-8x7b-instruct-v0.1,26,256
mistralai/mixtral-8x7b-instruct-v0.1,26,256
mistralai/mixtral-8x7b-instruct-v0.1,26,256
mistralai/mixtral-8x7b-instruct-v0.1,26,256
mistralai/mixtral-8x7b-instruct-v0.1,33,256
mistralai/mixtral-8x7b-instruct-v0.1,33,256
mistralai/mixtral-8x7b-instruct-v0.1,33,256
mistralai/mixtral-8x7b-instruct-v0.1,33,238
mistralai/mixtral-8x7b-instruct-v0.1,33,256
mistralai/mixtral-8x7b-instruct-v0.1,33,256
mistralai/mixtral-8x7b-instruct-v0.1,33,256
mistralai/mixtral-8x7b-instruct-v0.1,33,256
mistralai/mixtral-8x7b-instruct-v0.1,32,256
mistralai/mixtral-8x7b-instruct-v0.1,32,256
mistralai/mixtral-8x7b-instruct-v0.1,32,256
mistralai/mixtral-8x7b-instruct-v0.1,32,256
mistralai/mixtral-8x7b-instruct-v0.1,32,256
mistralai/mixtral-8x7b-instruct-v0.1,32,256
mistralai/mixtral-8x7b-instruct-v0.1,32,255
mistralai/mixtral-8x7b-instruct-v0.1,32,256
mistralai/mixtral-8x7b-instruct-v0.1,39,12
mistralai/mixtral-8x7b-instruct-v0.1,39,12
mistralai/mixtral-8x7b-instruct-v0.1,39,12
mistralai/mixtral-8x7b-instruct-v0.1,39,12
mistralai/mixtral-8x7b-instruct-v0.1,39,12
mistralai/mixtral-8x7b-instruct-v0.1,39,12
mistralai/mixtral-8x7b-instruct-v0.1,39,12
mistralai/mixtral-8x7b-instruct-v0.1,39,12
mistralai/mixtral-8x7b-instruct-v0.1,40,12
mistralai/mixtral-8x7b-instruct-v0.1,40,12
mistralai/mixtral-8x7b-instruct-v0.1,40,12
mistralai/mixtral-8x7b-instruct-v0.1,40,12
mistralai/mixtral-8x7b-instruct-v0.1,40,12
mistralai/mixtral-8x7b-instruct-v0.1,40,12
mistralai/mixtral-8x7b-instruct-v0.1,40,12
mistralai/mixtral-8x7b-instruct-v0.1,40,12
mistralai/mixtral-8x7b-instruct-v0.1,48,12
mistralai/mixtral-8x7b-instruct-v0.1,48,12
mistralai/mixtral-8x7b-instruct-v0.1,48,12
mistralai/mixtral-8x7b-instruct-v0.1,48,12
mistralai/mixtral-8x7b-instruct-v0.1,48,12
mistralai/mixtral-8x7b-instruct-v0.1,48,12
mistralai/mixtral-8x7b-instruct-v0.1,48,12
mistralai/mixtral-8x7b-instruct-v0.1,48,12
mistralai/mixtral-8x7b-instruct-v0.1,49,12
mistralai/mixtral-8x7b-instruct-v0.1,49,12
mistralai/mixtral-8x7b-instruct-v0.1,49,12
mistralai/mixtral-8x7b-instruct-v0.1,49,12
mistralai/mixtral-8x7b-instruct-v0.1,49,12
mistralai/mixtral-8x7b-instruct-v0.1,49,12
mistralai/mixtral-8x7b-instruct-v0.1,49,12
mistralai/mixtral-8x7b-instruct-v0.1,49,12
mistralai/mixtral-8x7b-instruct-v0.1,44,12
mistralai/mixtral-8x7b-instruct-v0.1,44,12
mistralai/mixtral-8x7b-instruct-v0.1,44,12
mistralai/mixtral-8x7b-instruct-v0.1,44,12
mistralai/mixtral-8x7b-instruct-v0.1,44,12
mistralai/mixtral-8x7b-instruct-v0.1,44,12
mistralai/mixtral-8x7b-instruct-v0.1,44,12
mistralai/mixtral-8x7b-instruct-v0.1,44,12
mistralai/mixtral-8x7b-instruct-v0.1,45,12
mistralai/mixtral-8x7b-instruct-v0.1,45,12
mistralai/mixtral-8x7b-instruct-v0.1,45,12
mistralai/mixtral-8x7b-instruct-v0.1,45,12
mistralai/mixtral-8x7b-instruct-v0.1,45,12
mistralai/mixtral-8x7b-instruct-v0.1,45,12
mistralai/mixtral-8x7b-instruct-v0.1,45,12
mistralai/mixtral-8x7b-instruct-v0.1,45,12
mistralai/mixtral-8x7b-instruct-v0.1,41,12
mistralai/mixtral-8x7b-instruct-v0.1,41,12
mistralai/mixtral-8x7b-instruct-v0.1,41,12
mistralai/mixtral-8x7b-instruct-v0.1,41,12
mistralai/mixtral-8x7b-instruct-v0.1,41,12
mistralai/mixtral-8x7b-instruct-v0.1,41,12
mistralai/mixtral-8x7b-instruct-v0.1,41,12
mistralai/mixtral-8x7b-instruct-v0.1,41,12
mistralai/mixtral-8x7b-instruct-v0.1,42,12
mistralai/mixtral-8x7b-instruct-v0.1,42,12
mistralai/mixtral-8x7b-instruct-v0.1,42,12
mistralai/mixtral-8x7b-instruct-v0.1,42,12
mistralai/mixtral-8x7b-instruct-v0.1,42,12
mistralai/mixtral-8x7b-instruct-v0.1,42,12
mistralai/mixtral-8x7b-instruct-v0.1,42,12
mistralai/mixtral-8x7b-instruct-v0.1,42,12
mistralai/mixtral-8x7b-instruct-v0.1,41,173
mistralai/mixtral-8x7b-instruct-v0.1,41,157
mistralai/mixtral-8x7b-instruct-v0.1,41,63
mistralai/mixtral-8x7b-instruct-v0.1,41,61
mistralai/mixtral-8x7b-instruct-v0.1,41,49
mistralai/mixtral-8x7b-instruct-v0.1,41,84
mistralai/mixtral-8x7b-instruct-v0.1,41,62
mistralai/mixtral-8x7b-instruct-v0.1,41,49
mistralai/mixtral-8x7b-instruct-v0.1,46,256
mistralai/mixtral-8x7b-instruct-v0.1,46,256
mistralai/mixtral-8x7b-instruct-v0.1,46,206
mistralai/mixtral-8x7b-instruct-v0.1,46,256
mistralai/mixtral-8x7b-instruct-v0.1,46,256
mistralai/mixtral-8x7b-instruct-v0.1,46,256
mistralai/mixtral-8x7b-instruct-v0.1,46,172
mistralai/mixtral-8x7b-instruct-v0.1,46,203
mistralai/mixtral-8x7b-instruct-v0.1,48,256
mistralai/mixtral-8x7b-instruct-v0.1,48,256
mistralai/mixtral-8x7b-instruct-v0.1,48,256
mistralai/mixtral-8x7b-instruct-v0.1,48,256
mistralai/mixtral-8x7b-instruct-v0.1,48,256
mistralai/mixtral-8x7b-instruct-v0.1,48,240
mistralai/mixtral-8x7b-instruct-v0.1,48,256
mistralai/mixtral-8x7b-instruct-v0.1,48,256
mistralai/mixtral-8x7b-instruct-v0.1,32,256
mistralai/mixtral-8x7b-instruct-v0.1,32,256
mistralai/mixtral-8x7b-instruct-v0.1,32,256
mistralai/mixtral-8x7b-instruct-v0.1,32,256
mistralai/mixtral-8x7b-instruct-v0.1,32,256
mistralai/mixtral-8x7b-instruct-v0.1,32,256
mistralai/mixtral-8x7b-instruct-v0.1,32,256
mistralai/mixtral-8x7b-instruct-v0.1,32,256
mistralai/mixtral-8x7b-instruct-v0.1,33,102
mistralai/mixtral-8x7b-instruct-v0.1,33,111
mistralai/mixtral-8x7b-instruct-v0.1,33,114
mistralai/mixtral-8x7b-instruct-v0.1,33,110
mistralai/mixtral-8x7b-instruct-v0.1,33,90
mistralai/mixtral-8x7b-instruct-v0.1,33,115
mistralai/mixtral-8x7b-instruct-v0.1,33,139
mistralai/mixtral-8x7b-instruct-v0.1,33,143
mistralai/mixtral-8x7b-instruct-v0.1,35,256
mistralai/mixtral-8x7b-instruct-v0.1,35,256
mistralai/mixtral-8x7b-instruct-v0.1,35,256
mistralai/mixtral-8x7b-instruct-v0.1,35,256
mistralai/mixtral-8x7b-instruct-v0.1,35,256
mistralai/mixtral-8x7b-instruct-v0.1,35,256
mistralai/mixtral-8x7b-instruct-v0.1,35,256
mistralai/mixtral-8x7b-instruct-v0.1,35,256
mistralai/mixtral-8x7b-instruct-v0.1,42,71
mistralai/mixtral-8x7b-instruct-v0.1,42,116
mistralai/mixtral-8x7b-instruct-v0.1,42,145
mistralai/mixtral-8x7b-instruct-v0.1,42,128
mistralai/mixtral-8x7b-instruct-v0.1,42,132
mistralai/mixtral-8x7b-instruct-v0.1,42,92
mistralai/mixtral-8x7b-instruct-v0.1,42,86
mistralai/mixtral-8x7b-instruct-v0.1,42,124
mistralai/mixtral-8x7b-instruct-v0.1,47,256
mistralai/mixtral-8x7b-instruct-v0.1,47,256
mistralai/mixtral-8x7b-instruct-v0.1,47,247
mistralai/mixtral-8x7b-instruct-v0.1,47,198
mistralai/mixtral-8x7b-instruct-v0.1,47,256
mistralai/mixtral-8x7b-instruct-v0.1,47,256
mistralai/mixtral-8x7b-instruct-v0.1,47,256
mistralai/mixtral-8x7b-instruct-v0.1,47,251
mistralai/mixtral-8x7b-instruct-v0.1,45,224
mistralai/mixtral-8x7b-instruct-v0.1,45,256
mistralai/mixtral-8x7b-instruct-v0.1,45,256
mistralai/mixtral-8x7b-instruct-v0.1,45,256
mistralai/mixtral-8x7b-instruct-v0.1,45,245
mistralai/mixtral-8x7b-instruct-v0.1,45,175
mistralai/mixtral-8x7b-instruct-v0.1,45,207
mistralai/mixtral-8x7b-instruct-v0.1,45,207
mistralai/mixtral-8x7b-instruct-v0.1,46,256
mistralai/mixtral-8x7b-instruct-v0.1,46,256
mistralai/mixtral-8x7b-instruct-v0.1,46,256
mistralai/mixtral-8x7b-instruct-v0.1,46,256
mistralai/mixtral-8x7b-instruct-v0.1,46,256
mistralai/mixtral-8x7b-instruct-v0.1,46,256
mistralai/mixtral-8x7b-instruct-v0.1,46,256
mistralai/mixtral-8x7b-instruct-v0.1,46,256
qwen/qwen3-next-80b-a3b-instruct,36,2
qwen/qwen3-next-80b-a3b-instruct,36,2
qwen/qwen3-next-80b-a3b-instruct,36,2
qwen/qwen3-next-80b-a3b-instruct,36,2
qwen/qwen3-next-80b-a3b-instruct,36,2
qwen/qwen3-next-80b-a3b-instruct,36,2
qwen/qwen3-next-80b-a3b-instruct,36,2
qwen/qwen3-next-80b-a3b-instruct,36,2
qwen/qwen3-next-80b-a3b-instruct,37,2
qwen/qwen3-next-80b-a3b-instruct,37,2
qwen/qwen3-next-80b-a3b-instruct,37,2
qwen/qwen3-next-80b-a3b-instruct,37,2
qwen/qwen3-next-80b-a3b-instruct,37,2
qwen/qwen3-next-80b-a3b-instruct,37,2
qwen/qwen3-next-80b-a3b-instruct,37,2
qwen/qwen3-next-80b-a3b-instruct,37,2
qwen/qwen3-next-80b-a3b-instruct,35,2
qwen/qwen3-next-80b-a3b-instruct,35,2
qwen/qwen3-next-80b-a3b-instruct,35,2
qwen/qwen3-next-80b-a3b-instruct,35,2
qwen/qwen3-next-80b-a3b-instruct,35,2
qwen/qwen3-next-80b-a3b-instruct,35,2
qwen/qwen3-next-80b-a3b-instruct,35,2
qwen/qwen3-next-80b-a3b-instruct,35,2
qwen/qwen3-next-80b-a3b-instruct,36,2
qwen/qwen3-next-80b-a3b-instruct,36,2
qwen/qwen3-next-80b-a3b-instruct,36,2
qwen/qwen3-next-80b-a3b-instruct,36,2
qwen/qwen3-next-80b-a3b-instruct,36,2
qwen/qwen3-next-80b-a3b-instruct,36,2
qwen/qwen3-next-80b-a3b-instruct,36,2
qwen/qwen3-next-80b-a3b-instruct,36,2
qwen/qwen3-next-80b-a3b-instruct,31,2
qwen/qwen3-next-80b-a3b-instruct,31,2
qwen/qwen3-next-80b-a3b-instruct,31,2
qwen/qwen3-next-80b-a3b-instruct,31,2
qwen/qwen3-next-80b-a3b-instruct,31,2
qwen/qwen3-next-80b-a3b-instruct,31,2
qwen/qwen3-next-80b-a3b-instruct,31,2
qwen/qwen3-next-80b-a3b-instruct,31,2
qwen/qwen3-next-80b-a3b-instruct,32,2
qwen/qwen3-next-80b-a3b-instruct,32,2
qwen/qwen3-next-80b-a3b-instruct,32,2
qwen/qwen3-next-80b-a3b-instruct,32,2
qwen/qwen3-next-80b-a3b-instruct,32,2
qwen/qwen3-next-80b-a3b-instruct,32,2
qwen/qwen3-next-80b-a3b-instruct,32,2
qwen/qwen3-next-80b-a3b-instruct,32,2
qwen/qwen3-next-80b-a3b-instruct,31,2
qwen/qwen3-next-80b-a3b-instruct,31,2
qwen/qwen3-next-80b-a3b-instruct,31,2
qwen/qwen3-next-80b-a3b-instruct,31,2
qwen/qwen3-next-80b-a3b-instruct,31,2
qwen/qwen3-next-80b-a3b-instruct,31,2
qwen/qwen3-next-80b-a3b-instruct,31,2
qwen/qwen3-next-80b-a3b-instruct,31,2
qwen/qwen3-next-80b-a3b-instruct,32,2
qwen/qwen3-next-80b-a3b-instruct,32,2
qwen/qwen3-next-80b-a3b-instruct,32,2
qwen/qwen3-next-80b-a3b-instruct,32,2
qwen/qwen3-next-80b-a3b-instruct,32,2
qwen/qwen3-next-80b-a3b-instruct,32,2
qwen/qwen3-next-80b-a3b-instruct,32,2
qwen/qwen3-next-80b-a3b-instruct,32,2
qwen/qwen3-next-80b-a3b-instruct,30,31
qwen/qwen3-next-80b-a3b-instruct,30,30
qwen/qwen3-next-80b-a3b-instruct,30,31
qwen/qwen3-next-80b-a3b-instruct,30,32
qwen/qwen3-next-80b-a3b-instruct,30,31
qwen/qwen3-next-80b-a3b-instruct,30,32
qwen/qwen3-next-80b-a3b-instruct,30,31
qwen/qwen3-next-80b-a3b-instruct,30,31
qwen/qwen3-next-80b-a3b-instruct,30,98
qwen/qwen3-next-80b-a3b-instruct,30,85
qwen/qwen3-next-80b-a3b-instruct,30,108
qwen/qwen3-next-80b-a3b-instruct,30,108
qwen/qwen3-next-80b-a3b-instruct,30,122
qwen/qwen3-next-80b-a3b-instruct,30,106
qwen/qwen3-next-80b-a3b-instruct,30,98
qwen/qwen3-next-80b-a3b-instruct,30,98
qwen/qwen3-next-80b-a3b-instruct,29,46
qwen/qwen3-next-80b-a3b-instruct,29,44
qwen/qwen3-next-80b-a3b-instruct,29,51
qwen/qwen3-next-80b-a3b-instruct,29,47
qwen/qwen3-next-80b-a3b-instruct,29,54
qwen/qwen3-next-80b-a3b-instruct,29,26
qwen/qwen3-next-80b-a3b-instruct,29,28
qwen/qwen3-next-80b-a3b-instruct,29,47
qwen/qwen3-next-80b-a3b-instruct,19,185
qwen/qwen3-next-80b-a3b-instruct,19,195
qwen/qwen3-next-80b-a3b-instruct,19,165
qwen/qwen3-next-80b-a3b-instruct,19,167
qwen/qwen3-next-80b-a3b-instruct,19,173
qwen/qwen3-next-80b-a3b-instruct,19,154
qwen/qwen3-next-80b-a3b-instruct,19,196
qwen/qwen3-next-80b-a3b-instruct,19,173
qwen/qwen3-next-80b-a3b-instruct,23,66
qwen/qwen3-next-80b-a3b-instruct,23,65
qwen/qwen3-next-80b-a3b-instruct,23,61
qwen/qwen3-next-80b-a3b-instruct,23,64
qwen/qwen3-next-80b-a3b-instruct,23,62
qwen/qwen3-next-80b-a3b-instruct,23,75
qwen/qwen3-next-80b-a3b-instruct,23,68
qwen/qwen3-next-80b-a3b-instruct,23,77
qwen/qwen3-next-80b-a3b-instruct,23,256
qwen/qwen3-next-80b-a3b-instruct,23,256
qwen/qwen3-next-80b-a3b-instruct,23,256
qwen/qwen3-next-80b-a3b-instruct,23,256
qwen/qwen3-next-80b-a3b-instruct,23,256
qwen/qwen3-next-80b-a3b-instruct,23,256
qwen/qwen3-next-80b-a3b-instruct,23,256
qwen/qwen3-next-80b-a3b-instruct,23,256
qwen/qwen3-next-80b-a3b-instruct,29,67
qwen/qwen3-next-80b-a3b-instruct,29,73
qwen/qwen3-next-80b-a3b-instruct,29,75
qwen/qwen3-next-80b-a3b-instruct,29,70
qwen/qwen3-next-80b-a3b-instruct,29,80
qwen/qwen3-next-80b-a3b-instruct,29,75
qwen/qwen3-next-80b-a3b-instruct,29,75
qwen/qwen3-next-80b-a3b-instruct,29,75
qwen/qwen3-next-80b-a3b-instruct,25,256
qwen/qwen3-next-80b-a3b-instruct,25,256
qwen/qwen3-next-80b-a3b-instruct,25,256
qwen/qwen3-next-80b-a3b-instruct,25,256
qwen/qwen3-next-80b-a3b-instruct,25,256
qwen/qwen3-next-80b-a3b-instruct,25,256
qwen/qwen3-next-80b-a3b-instruct,25,256
qwen/qwen3-next-80b-a3b-instruct,25,256
qwen/qwen3-next-80b-a3b-instruct,32,116
qwen/qwen3-next-80b-a3b-instruct,32,99
qwen/qwen3-next-80b-a3b-instruct,32,93
qwen/qwen3-next-80b-a3b-instruct,32,117
qwen/qwen3-next-80b-a3b-instruct,32,107
qwen/qwen3-next-80b-a3b-instruct,32,98
qwen/qwen3-next-80b-a3b-instruct,32,99
qwen/qwen3-next-80b-a3b-instruct,32,125
qwen/qwen3-next-80b-a3b-instruct,31,256
qwen/qwen3-next-80b-a3b-instruct,31,256
qwen/qwen3-next-80b-a3b-instruct,31,256
qwen/qwen3-next-80b-a3b-instruct,31,256
qwen/qwen3-next-80b-a3b-instruct,31,256
qwen/qwen3-next-80b-a3b-instruct,31,256
qwen/qwen3-next-80b-a3b-instruct,31,256
qwen/qwen3-next-80b-a3b-instruct,31,256
qwen/qwen3-next-80b-a3b-instruct,28,2
qwen/qwen3-next-80b-a3b-instruct,28,2
qwen/qwen3-next-80b-a3b-instruct,28,2
qwen/qwen3-next-80b-a3b-instruct,28,2
qwen/qwen3-next-80b-a3b-instruct,28,2
qwen/qwen3-next-80b-a3b-instruct,28,2
qwen/qwen3-next-80b-a3b-instruct,28,2
qwen/qwen3-next-80b-a3b-instruct,28,2
qwen/qwen3-next-80b-a3b-instruct,29,2
qwen/qwen3-next-80b-a3b-instruct,29,2
qwen/qwen3-next-80b-a3b-instruct,29,2
qwen/qwen3-next-80b-a3b-instruct,29,2
qwen/qwen3-next-80b-a3b-instruct,29,2
qwen/qwen3-next-80b-a3b-instruct,29,2
qwen/qwen3-next-80b-a3b-instruct,29,2
qwen/qwen3-next-80b-a3b-instruct,29,2
qwen/qwen3-next-80b-a3b-instruct,36,2
qwen/qwen3-next-80b-a3b-instruct,36,2
qwen/qwen3-next-80b-a3b-instruct,36,2
qwen/qwen3-next-80b-a3b-instruct,36,2
qwen/qwen3-next-80b-a3b-instruct,36,2
qwen/qwen3-next-80b-a3b-instruct,36,2
qwen/qwen3-next-80b-a3b-instruct,36,2
qwen/qwen3-next-80b-a3b-instruct,36,2
qwen/qwen3-next-80b-a3b-instruct,36,2
qwen/qwen3-next-80b-a3b-instruct,36,2
qwen/qwen3-next-80b-a3b-instruct,36,2
qwen/qwen3-next-80b-a3b-instruct,36,2
qwen/qwen3-next-80b-a3b-instruct,36,2
qwen/qwen3-next-80b-a3b-instruct,36,2
qwen/qwen3-next-80b-a3b-instruct,36,2
qwen/qwen3-next-80b-a3b-instruct,36,2
qwen/qwen3-next-80b-a3b-instruct,30,2
qwen/qwen3-next-80b-a3b-instruct,30,2
qwen/qwen3-next-80b-a3b-instruct,30,2
qwen/qwen3-next-80b-a3b-instruct,30,2
qwen/qwen3-next-80b-a3b-instruct,30,2
qwen/qwen3-next-80b-a3b-instruct,30,2
qwen/qwen3-next-80b-a3b-instruct,30,2
qwen/qwen3-next-80b-a3b-instruct,30,2
qwen/qwen3-next-80b-a3b-instruct,31,2
qwen/qwen3-next-80b-a3b-instruct,31,2
qwen/qwen3-next-80b-a3b-instruct,31,2
qwen/qwen3-next-80b-a3b-instruct,31,2
qwen/qwen3-next-80b-a3b-instruct,31,2
qwen/qwen3-next-80b-a3b-instruct,31,2
qwen/qwen3-next-80b-a3b-instruct,31,2
qwen/qwen3-next-80b-a3b-instruct,31,2
qwen/qwen3-next-80b-a3b-instruct,28,2
qwen/qwen3-next-80b-a3b-instruct,28,2
qwen/qwen3-next-80b-a3b-instruct,28,2
qwen/qwen3-next-80b-a3b-instruct,28,2
qwen/qwen3-next-80b-a3b-instruct,28,2
qwen/qwen3-next-80b-a3b-instruct,28,2
qwen/qwen3-next-80b-a3b-instruct,28,2
qwen/qwen3-next-80b-a3b-instruct,28,2
qwen/qwen3-next-80b-a3b-instruct,28,2
qwen/qwen3-next-80b-a3b-instruct,28,2
qwen/qwen3-next-80b-a3b-instruct,28,2
qwen/qwen3-next-80b-a3b-instruct,28,2
qwen/qwen3-next-80b-a3b-instruct,28,2
qwen/qwen3-next-80b-a3b-instruct,28,2
qwen/qwen3-next-80b-a3b-instruct,28,2
qwen/qwen3-next-80b-a3b-instruct,28,2
qwen/qwen3-next-80b-a3b-instruct,27,30
qwen/qwen3-next-80b-a3b-instruct,27,30
qwen/qwen3-next-80b-a3b-instruct,27,30
qwen/qwen3-next-80b-a3b-instruct,27,31
qwen/qwen3-next-80b-a3b-instruct,27,29
qwen/qwen3-next-80b-a3b-instruct,27,30
qwen/qwen3-next-80b-a3b-instruct,27,30
qwen/qwen3-next-80b-a3b-instruct,27,30
qwen/qwen3-next-80b-a3b-instruct,31,114
qwen/qwen3-next-80b-a3b-instruct,31,112
qwen/qwen3-next-80b-a3b-instruct,31,110
qwen/qwen3-next-80b-a3b-instruct,31,114
qwen/qwen3-next-80b-a3b-instruct,31,112
qwen/qwen3-next-80b-a3b-instruct,31,121
qwen/qwen3-next-80b-a3b-instruct,31,121
qwen/qwen3-next-80b-a3b-instruct,31,110
qwen/qwen3-next-80b-a3b-instruct,33,99
qwen/qwen3-next-80b-a3b-instruct,33,101
qwen/qwen3-next-80b-a3b-instruct,33,90
qwen/qwen3-next-80b-a3b-instruct,33,86
qwen/qwen3-next-80b-a3b-instruct,33,96
qwen/qwen3-next-80b-a3b-instruct,33,92
qwen/qwen3-next-80b-a3b-instruct,33,94
qwen/qwen3-next-80b-a3b-instruct,33,98
qwen/qwen3-next-80b-a3b-instruct,21,256
qwen/qwen3-next-80b-a3b-instruct,21,256
qwen/qwen3-next-80b-a3b-instruct,21,256
qwen/qwen3-next-80b-a3b-instruct,21,256
qwen/qwen3-next-80b-a3b-instruct,21,256
qwen/qwen3-next-80b-a3b-instruct,21,256
qwen/qwen3-next-80b-a3b-instruct,21,256
qwen/qwen3-next-80b-a3b-instruct,21,256
qwen/qwen3-next-80b-a3b-instruct,22,85
qwen/qwen3-next-80b-a3b-instruct,22,56
qwen/qwen3-next-80b-a3b-instruct,22,52
qwen/qwen3-next-80b-a3b-instruct,22,74
qwen/qwen3-next-80b-a3b-instruct,22,51
qwen/qwen3-next-80b-a3b-instruct,22,60
qwen/qwen3-next-80b-a3b-instruct,22,68
qwen/qwen3-next-80b-a3b-instruct,22,57
qwen/qwen3-next-80b-a3b-instruct,22,256
qwen/qwen3-next-80b-a3b-instruct,22,256
qwen/qwen3-next-80b-a3b-instruct,22,256
qwen/qwen3-next-80b-a3b-instruct,22,256
qwen/qwen3-next-80b-a3b-instruct,22,256
qwen/qwen3-next-80b-a3b-instruct,22,256
qwen/qwen3-next-80b-a3b-instruct,22,256
qwen/qwen3-next-80b-a3b-instruct,22,256
qwen/qwen3-next-80b-a3b-instruct,29,86
qwen/qwen3-next-80b-a3b-instruct,29,58
qwen/qwen3-next-80b-a3b-instruct,29,76
qwen/qwen3-next-80b-a3b-instruct,29,66
qwen/qwen3-next-80b-a3b-instruct,29,76
qwen/qwen3-next-80b-a3b-instruct,29,84
qwen/qwen3-next-80b-a3b-instruct,29,79
qwen/qwen3-next-80b-a3b-instruct,29,77
qwen/qwen3-next-80b-a3b-instruct,28,256
qwen/qwen3-next-80b-a3b-instruct,28,256
qwen/qwen3-next-80b-a3b-instruct,28,256
qwen/qwen3-next-80b-a3b-instruct,28,256
qwen/qwen3-next-80b-a3b-instruct,28,256
qwen/qwen3-next-80b-a3b-instruct,28,256
qwen/qwen3-next-80b-a3b-instruct,28,256
qwen/qwen3-next-80b-a3b-instruct,28,256
qwen/qwen3-next-80b-a3b-instruct,30,131
qwen/qwen3-next-80b-a3b-instruct,30,113
qwen/qwen3-next-80b-a3b-instruct,30,110
qwen/qwen3-next-80b-a3b-instruct,30,106
qwen/qwen3-next-80b-a3b-instruct,30,129
qwen/qwen3-next-80b-a3b-instruct,30,118
qwen/qwen3-next-80b-a3b-instruct,30,120
qwen/qwen3-next-80b-a3b-instruct,30,141
qwen/qwen3-next-80b-a3b-instruct,30,256
qwen/qwen3-next-80b-a3b-instruct,30,256
qwen/qwen3-next-80b-a3b-instruct,30,256
qwen/qwen3-next-80b-a3b-instruct,30,256
qwen/qwen3-next-80b-a3b-instruct,30,256
qwen/qwen3-next-80b-a3b-instruct,30,256
qwen/qwen3-next-80b-a3b-instruct,30,256
qwen/qwen3-next-80b-a3b-instruct,30,256
qwen/qwen3-next-80b-a3b-instruct,37,2
qwen/qwen3-next-80b-a3b-instruct,37,2
qwen/qwen3-next-80b-a3b-instruct,37,2
qwen/qwen3-next-80b-a3b-instruct,37,2
qwen/qwen3-next-80b-a3b-instruct,37,2
qwen/qwen3-next-80b-a3b-instruct,37,2
qwen/qwen3-next-80b-a3b-instruct,37,2
qwen/qwen3-next-80b-a3b-instruct,37,2
qwen/qwen3-next-80b-a3b-instruct,38,2
qwen/qwen3-next-80b-a3b-instruct,38,2
qwen/qwen3-next-80b-a3b-instruct,38,2
qwen/qwen3-next-80b-a3b-instruct,38,2
qwen/qwen3-next-80b-a3b-instruct,38,2
qwen/qwen3-next-80b-a3b-instruct,38,2
qwen/qwen3-next-80b-a3b-instruct,38,2
qwen/qwen3-next-80b-a3b-instruct,38,2
qwen/qwen3-next-80b-a3b-instruct,36,2
qwen/qwen3-next-80b-a3b-instruct,36,2
qwen/qwen3-next-80b-a3b-instruct,36,2
qwen/qwen3-next-80b-a3b-instruct,36,2
qwen/qwen3-next-80b-a3b-instruct,36,2
qwen/qwen3-next-80b-a3b-instruct,36,2
qwen/qwen3-next-80b-a3b-instruct,36,2
qwen/qwen3-next-80b-a3b-instruct,36,2
qwen/qwen3-next-80b-a3b-instruct,37,2
qwen/qwen3-next-80b-a3b-instruct,37,2
qwen/qwen3-next-80b-a3b-instruct,37,2
qwen/qwen3-next-80b-a3b-instruct,37,2
qwen/qwen3-next-80b-a3b-instruct,37,2
qwen/qwen3-next-80b-a3b-instruct,37,2
qwen/qwen3-next-80b-a3b-instruct,37,2
qwen/qwen3-next-80b-a3b-instruct,37,2
qwen/qwen3-next-80b-a3b-instruct,32,2
qwen/qwen3-next-80b-a3b-instruct,32,2
qwen/qwen3-next-80b-a3b-instruct,32,2
qwen/qwen3-next-80b-a3b-instruct,32,2
qwen/qwen3-next-80b-a3b-instruct,32,2
qwen/qwen3-next-80b-a3b-instruct,32,2
qwen/qwen3-next-80b-a3b-instruct,32,2
qwen/qwen3-next-80b-a3b-instruct,32,2
qwen/qwen3-next-80b-a3b-instruct,33,2
qwen/qwen3-next-80b-a3b-instruct,33,2
qwen/qwen3-next-80b-a3b-instruct,33,2
qwen/qwen3-next-80b-a3b-instruct,33,2
qwen/qwen3-next-80b-a3b-instruct,33,2
qwen/qwen3-next-80b-a3b-instruct,33,2
qwen/qwen3-next-80b-a3b-instruct,33,2
qwen/qwen3-next-80b-a3b-instruct,33,2
qwen/qwen3-next-80b-a3b-instruct,32,2
qwen/qwen3-next-80b-a3b-instruct,32,2
qwen/qwen3-next-80b-a3b-instruct,32,2
qwen/qwen3-next-80b-a3b-instruct,32,2
qwen/qwen3-next-80b-a3b-instruct,32,2
qwen/qwen3-next-80b-a3b-instruct,32,2
qwen/qwen3-next-80b-a3b-instruct,32,2
qwen/qwen3-next-80b-a3b-instruct,32,2
qwen/qwen3-next-80b-a3b-instruct,33,2
qwen/qwen3-next-80b-a3b-instruct,33,2
qwen/qwen3-next-80b-a3b-instruct,33,2
qwen/qwen3-next-80b-a3b-instruct,33,2
qwen/qwen3-next-80b-a3b-instruct,33,2
qwen/qwen3-next-80b-a3b-instruct,33,2
qwen/qwen3-next-80b-a3b-instruct,33,2
qwen/qwen3-next-80b-a3b-instruct,33,2
qwen/qwen3-next-80b-a3b-instruct,31,38
qwen/qwen3-next-80b-a3b-instruct,31,40
qwen/qwen3-next-80b-a3b-instruct,31,42
qwen/qwen3-next-80b-a3b-instruct,31,38
qwen/qwen3-next-80b-a3b-instruct,31,36
qwen/qwen3-next-80b-a3b-instruct,31,32
qwen/qwen3-next-80b-a3b-instruct,31,32
qwen/qwen3-next-80b-a3b-instruct,31,34
qwen/qwen3-next-80b-a3b-instruct,31,103
qwen/qwen3-next-80b-a3b-instruct,31,104
qwen/qwen3-next-80b-a3b-instruct,31,90
qwen/qwen3-next-80b-a3b-instruct,31,105
qwen/qwen3-next-80b-a3b-instruct,31,120
qwen/qwen3-next-80b-a3b-instruct,31,105
qwen/qwen3-next-80b-a3b-instruct,31,101
qwen/qwen3-next-80b-a3b-instruct,31,108
qwen/qwen3-next-80b-a3b-instruct,30,61
qwen/qwen3-next-80b-a3b-instruct,30,71
qwen/qwen3-next-80b-a3b-instruct,30,65
qwen/qwen3-next-80b-a3b-instruct,30,53
qwen/qwen3-next-80b-a3b-instruct,30,56
qwen/qwen3-next-80b-a3b-instruct,30,65
qwen/qwen3-next-80b-a3b-instruct,30,67
qwen/qwen3-next-80b-a3b-instruct,30,55
qwen/qwen3-next-80b-a3b-instruct,20,220
qwen/qwen3-next-80b-a3b-instruct,20,189
qwen/qwen3-next-80b-a3b-instruct,20,206
qwen/qwen3-next-80b-a3b-instruct,20,214
qwen/qwen3-next-80b-a3b-instruct,20,211
qwen/qwen3-next-80b-a3b-instruct,20,209
qwen/qwen3-next-80b-a3b-instruct,20,223
qwen/qwen3-next-80b-a3b-instruct,20,185
qwen/qwen3-next-80b-a3b-instruct,24,69
qwen/qwen3-next-80b-a3b-instruct,24,68
qwen/qwen3-next-80b-a3b-instruct,24,71
qwen/qwen3-next-80b-a3b-instruct,24,63
qwen/qwen3-next-80b-a3b-instruct,24,63
qwen/qwen3-next-80b-a3b-instruct,24,66
qwen/qwen3-next-80b-a3b-instruct,24,70
qwen/qwen3-next-80b-a3b-instruct,24,64
qwen/qwen3-next-80b-a3b-instruct,24,256
qwen/qwen3-next-80b-a3b-instruct,24,256
qwen/qwen3-next-80b-a3b-instruct,24,256
qwen/qwen3-next-80b-a3b-instruct,24,256
qwen/qwen3-next-80b-a3b-instruct,24,256
qwen/qwen3-next-80b-a3b-instruct,24,256
qwen/qwen3-next-80b-a3b-instruct,24,256
qwen/qwen3-next-80b-a3b-instruct,24,256
qwen/qwen3-next-80b-a3b-instruct,30,76
qwen/qwen3-next-80b-a3b-instruct,30,72
qwen/qwen3-next-80b-a3b-instruct,30,66
qwen/qwen3-next-80b-a3b-instruct,30,78
qwen/qwen3-next-80b-a3b-instruct,30,63
qwen/qwen3-next-80b-a3b-instruct,30,71
qwen/qwen3-next-80b-a3b-instruct,30,66
qwen/qwen3-next-80b-a3b-instruct,30,66
qwen/qwen3-next-80b-a3b-instruct,26,256
qwen/qwen3-next-80b-a3b-instruct,26,256
qwen/qwen3-next-80b-a3b-instruct,26,256
qwen/qwen3-next-80b-a3b-instruct,26,256
qwen/qwen3-next-80b-a3b-instruct,26,256
qwen/qwen3-next-80b-a3b-instruct,26,256
qwen/qwen3-next-80b-a3b-instruct,26,256
qwen/qwen3-next-80b-a3b-instruct,26,256
qwen/qwen3-next-80b-a3b-instruct,33,111
qwen/qwen3-next-80b-a3b-instruct,33,90
qwen/qwen3-next-80b-a3b-instruct,33,93
qwen/qwen3-next-80b-a3b-instruct,33,116
qwen/qwen3-next-80b-a3b-instruct,33,96
qwen/qwen3-next-80b-a3b-instruct,33,103
qwen/qwen3-next-80b-a3b-instruct,33,126
qwen/qwen3-next-80b-a3b-instruct,33,103
qwen/qwen3-next-80b-a3b-instruct,32,256
qwen/qwen3-next-80b-a3b-instruct,32,256
qwen/qwen3-next-80b-a3b-instruct,32,256
qwen/qwen3-next-80b-a3b-instruct,32,256
qwen/qwen3-next-80b-a3b-instruct,32,256
qwen/qwen3-next-80b-a3b-instruct,32,256
qwen/qwen3-next-80b-a3b-instruct,32,256
qwen/qwen3-next-80b-a3b-instruct,32,256
qwen/qwen3-next-80b-a3b-instruct,28,2
qwen/qwen3-next-80b-a3b-instruct,28,2
qwen/qwen3-next-80b-a3b-instruct,28,2
qwen/qwen3-next-80b-a3b-instruct,28,2
qwen/qwen3-next-80b-a3b-instruct,28,2
qwen/qwen3-next-80b-a3b-instruct,28,2
qwen/qwen3-next-80b-a3b-instruct,28,2
qwen/qwen3-next-80b-a3b-instruct,28,2
qwen/qwen3-next-80b-a3b-instruct,29,2
qwen/qwen3-next-80b-a3b-instruct,29,2
qwen/qwen3-next-80b-a3b-instruct,29,2
qwen/qwen3-next-80b-a3b-instruct,29,2
qwen/qwen3-next-80b-a3b-instruct,29,2
qwen/qwen3-next-80b-a3b-instruct,29,2
qwen/qwen3-next-80b-a3b-instruct,29,2
qwen/qwen3-next-80b-a3b-instruct,29,2
qwen/qwen3-next-80b-a3b-instruct,36,2
qwen/qwen3-next-80b-a3b-instruct,36,2
qwen/qwen3-next-80b-a3b-instruct,36,2
qwen/qwen3-next-80b-a3b-instruct,36,2
qwen/qwen3-next-80b-a3b-instruct,36,2
qwen/qwen3-next-80b-a3b-instruct,36,2
qwen/qwen3-next-80b-a3b-instruct,36,2
qwen/qwen3-next-80b-a3b-instruct,36,2
qwen/qwen3-next-80b-a3b-instruct,36,2
qwen/qwen3-next-80b-a3b-instruct,36,2
qwen/qwen3-next-80b-a3b-instruct,36,2
qwen/qwen3-next-80b-a3b-instruct,36,2
qwen/qwen3-next-80b-a3b-instruct,36,2
qwen/qwen3-next-80b-a3b-instruct,36,2
qwen/qwen3-next-80b-a3b-instruct,36,2
qwen/qwen3-next-80b-a3b-instruct,36,2
qwen/qwen3-next-80b-a3b-instruct,30,2
qwen/qwen3-next-80b-a3b-instruct,30,2
qwen/qwen3-next-80b-a3b-instruct,30,2
qwen/qwen3-next-80b-a3b-instruct,30,2
qwen/qwen3-next-80b-a3b-instruct,30,2
qwen/qwen3-next-80b-a3b-instruct,30,2
qwen/qwen3-next-80b-a3b-instruct,30,2
qwen/qwen3-next-80b-a3b-instruct,30,2
qwen/qwen3-next-80b-a3b-instruct,31,2
qwen/qwen3-next-80b-a3b-instruct,31,2
qwen/qwen3-next-80b-a3b-instruct,31,2
qwen/qwen3-next-80b-a3b-instruct,31,2
qwen/qwen3-next-80b-a3b-instruct,31,2
qwen/qwen3-next-80b-a3b-instruct,31,2
qwen/qwen3-next-80b-a3b-instruct,31,2
qwen/qwen3-next-80b-a3b-instruct,31,2
qwen/qwen3-next-80b-a3b-instruct,28,2
qwen/qwen3-next-80b-a3b-instruct,28,2
qwen/qwen3-next-80b-a3b-instruct,28,2
qwen/qwen3-next-80b-a3b-instruct,28,2
qwen/qwen3-next-80b-a3b-instruct,28,2
qwen/qwen3-next-80b-a3b-instruct,28,2
qwen/qwen3-next-80b-a3b-instruct,28,2
qwen/qwen3-next-80b-a3b-instruct,28,2
qwen/qwen3-next-80b-a3b-instruct,28,2
qwen/qwen3-next-80b-a3b-instruct,28,2
qwen/qwen3-next-80b-a3b-instruct,28,2
qwen/qwen3-next-80b-a3b-instruct,28,2
qwen/qwen3-next-80b-a3b-instruct,28,2
qwen/qwen3-next-80b-a3b-instruct,28,2
qwen/qwen3-next-80b-a3b-instruct,28,2
qwen/qwen3-next-80b-a3b-instruct,28,2
qwen/qwen3-next-80b-a3b-instruct,28,33
qwen/qwen3-next-80b-a3b-instruct,28,43
qwen/qwen3-next-80b-a3b-instruct,28,37
qwen/qwen3-next-80b-a3b-instruct,28,33
qwen/qwen3-next-80b-a3b-instruct,28,28
qwen/qwen3-next-80b-a3b-instruct,28,41
qwen/qwen3-next-80b-a3b-instruct,28,34
qwen/qwen3-next-80b-a3b-instruct,28,41
qwen/qwen3-next-80b-a3b-instruct,32,137
qwen/qwen3-next-80b-a3b-instruct,32,128
qwen/qwen3-next-80b-a3b-instruct,32,137
qwen/qwen3-next-80b-a3b-instruct,32,150
qwen/qwen3-next-80b-a3b-instruct,32,144
qwen/qwen3-next-80b-a3b-instruct,32,129
qwen/qwen3-next-80b-a3b-instruct,32,166
qwen/qwen3-next-80b-a3b-instruct,32,141
qwen/qwen3-next-80b-a3b-instruct,34,113
qwen/qwen3-next-80b-a3b-instruct,34,116
qwen/qwen3-next-80b-a3b-instruct,34,117
qwen/qwen3-next-80b-a3b-instruct,34,132
qwen/qwen3-next-80b-a3b-instruct,34,90
qwen/qwen3-next-80b-a3b-instruct,34,104
qwen/qwen3-next-80b-a3b-instruct,34,107
qwen/qwen3-next-80b-a3b-instruct,34,108
qwen/qwen3-next-80b-a3b-instruct,22,256
qwen/qwen3-next-80b-a3b-instruct,22,256
qwen/qwen3-next-80b-a3b-instruct,22,256
qwen/qwen3-next-80b-a3b-instruct,22,256
qwen/qwen3-next-80b-a3b-instruct,22,256
qwen/qwen3-next-80b-a3b-instruct,22,256
qwen/qwen3-next-80b-a3b-instruct,22,256
qwen/qwen3-next-80b-a3b-instruct,22,256
qwen/qwen3-next-80b-a3b-instruct,23,82
qwen/qwen3-next-80b-a3b-instruct,23,76
qwen/qwen3-next-80b-a3b-instruct,23,78
qwen/qwen3-next-80b-a3b-instruct,23,88
qwen/qwen3-next-80b-a3b-instruct,23,90
qwen/qwen3-next-80b-a3b-instruct,23,75
qwen/qwen3-next-80b-a3b-instruct,23,97
qwen/qwen3-next-80b-a3b-instruct,23,58
qwen/qwen3-next-80b-a3b-instruct,23,256
qwen/qwen3-next-80b-a3b-instruct,23,256
qwen/qwen3-next-80b-a3b-instruct,23,256
qwen/qwen3-next-80b-a3b-instruct,23,256
qwen/qwen3-next-80b-a3b-instruct,23,256
qwen/qwen3-next-80b-a3b-instruct,23,256
qwen/qwen3-next-80b-a3b-instruct,23,256
qwen/qwen3-next-80b-a3b-instruct,23,256
qwen/qwen3-next-80b-a3b-instruct,30,67
qwen/qwen3-next-80b-a3b-instruct,30,67
qwen/qwen3-next-80b-a3b-instruct,30,62
qwen/qwen3-next-80b-a3b-instruct,30,67
qwen/qwen3-next-80b-a3b-instruct,30,78
qwen/qwen3-next-80b-a3b-instruct,30,67
qwen/qwen3-next-80b-a3b-instruct,30,65
qwen/qwen3-next-80b-a3b-instruct,30,72
qwen/qwen3-next-80b-a3b-instruct,29,256
qwen/qwen3-next-80b-a3b-instruct,29,256
qwen/qwen3-next-80b-a3b-instruct,29,256
qwen/qwen3-next-80b-a3b-instruct,29,256
qwen/qwen3-next-80b-a3b-instruct,29,256
qwen/qwen3-next-80b-a3b-instruct,29,256
qwen/qwen3-next-80b-a3b-instruct,29,256
qwen/qwen3-next-80b-a3b-instruct,29,256
qwen/qwen3-next-80b-a3b-instruct,31,136
qwen/qwen3-next-80b-a3b-instruct,31,138
qwen/qwen3-next-80b-a3b-instruct,31,115
qwen/qwen3-next-80b-a3b-instruct,31,123
qwen/qwen3-next-80b-a3b-instruct,31,123
qwen/qwen3-next-80b-a3b-instruct,31,118
qwen/qwen3-next-80b-a3b-instruct,31,119
qwen/qwen3-next-80b-a3b-instruct,31,135
qwen/qwen3-next-80b-a3b-instruct,31,256
qwen/qwen3-next-80b-a3b-instruct,31,256
qwen/qwen3-next-80b-a3b-instruct,31,256
qwen/qwen3-next-80b-a3b-instruct,31,256
qwen/qwen3-next-80b-a3b-instruct,31,256
qwen/qwen3-next-80b-a3b-instruct,31,256
qwen/qwen3-next-80b-a3b-instruct,31,256
qwen/qwen3-next-80b-a3b-instruct,31,256
qwen/qwen3-next-80b-a3b-instruct,36,2
qwen/qwen3-next-80b-a3b-instruct,36,2
qwen/qwen3-next-80b-a3b-instruct,36,2
qwen/qwen3-next-80b-a3b-instruct,36,2
qwen/qwen3-next-80b-a3b-instruct,36,2
qwen/qwen3-next-80b-a3b-instruct,36,2
qwen/qwen3-next-80b-a3b-instruct,36,2
qwen/qwen3-next-80b-a3b-instruct,36,2
qwen/qwen3-next-80b-a3b-instruct,37,2
qwen/qwen3-next-80b-a3b-instruct,37,2
qwen/qwen3-next-80b-a3b-instruct,37,2
qwen/qwen3-next-80b-a3b-instruct,37,2
qwen/qwen3-next-80b-a3b-instruct,37,2
qwen/qwen3-next-80b-a3b-instruct,37,2
qwen/qwen3-next-80b-a3b-instruct,37,2
qwen/qwen3-next-80b-a3b-instruct,37,2
qwen/qwen3-next-80b-a3b-instruct,35,2
qwen/qwen3-next-80b-a3b-instruct,35,2
qwen/qwen3-next-80b-a3b-instruct,35,2
qwen/qwen3-next-80b-a3b-instruct,35,2
qwen/qwen3-next-80b-a3b-instruct,35,2
qwen/qwen3-next-80b-a3b-instruct,35,2
qwen/qwen3-next-80b-a3b-instruct,35,2
qwen/qwen3-next-80b-a3b-instruct,35,2
qwen/qwen3-next-80b-a3b-instruct,36,2
qwen/qwen3-next-80b-a3b-instruct,36,2
qwen/qwen3-next-80b-a3b-instruct,36,2
qwen/qwen3-next-80b-a3b-instruct,36,2
qwen/qwen3-next-80b-a3b-instruct,36,2
qwen/qwen3-next-80b-a3b-instruct,36,2
qwen/qwen3-next-80b-a3b-instruct,36,2
qwen/qwen3-next-80b-a3b-instruct,36,2
qwen/qwen3-next-80b-a3b-instruct,31,2
qwen/qwen3-next-80b-a3b-instruct,31,2
qwen/qwen3-next-80b-a3b-instruct,31,2
qwen/qwen3-next-80b-a3b-instruct,31,2
qwen/qwen3-next-80b-a3b-instruct,31,2
qwen/qwen3-next-80b-a3b-instruct,31,2
qwen/qwen3-next-80b-a3b-instruct,31,2
qwen/qwen3-next-80b-a3b-instruct,31,2
qwen/qwen3-next-80b-a3b-instruct,32,2
qwen/qwen3-next-80b-a3b-instruct,32,2
qwen/qwen3-next-80b-a3b-instruct,32,2
qwen/qwen3-next-80b-a3b-instruct,32,2
qwen/qwen3-next-80b-a3b-instruct,32,2
qwen/qwen3-next-80b-a3b-instruct,32,2
qwen/qwen3-next-80b-a3b-instruct,32,2
qwen/qwen3-next-80b-a3b-instruct,32,2
qwen/qwen3-next-80b-a3b-instruct,31,2
qwen/qwen3-next-80b-a3b-instruct,31,2
qwen/qwen3-next-80b-a3b-instruct,31,2
qwen/qwen3-next-80b-a3b-instruct,31,2
qwen/qwen3-next-80b-a3b-instruct,31,2
qwen/qwen3-next-80b-a3b-instruct,31,2
qwen/qwen3-next-80b-a3b-instruct,31,2
qwen/qwen3-next-80b-a3b-instruct,31,2
qwen/qwen3-next-80b-a3b-instruct,32,2
qwen/qwen3-next-80b-a3b-instruct,32,2
qwen/qwen3-next-80b-a3b-instruct,32,2
qwen/qwen3-next-80b-a3b-instruct,32,2
qwen/qwen3-next-80b-a3b-instruct,32,2
qwen/qwen3-next-80b-a3b-instruct,32,2
qwen/qwen3-next-80b-a3b-instruct,32,2
qwen/qwen3-next-80b-a3b-instruct,32,2
qwen/qwen3-next-80b-a3b-instruct,33,38
qwen/qwen3-next-80b-a3b-instruct,33,36
qwen/qwen3-next-80b-a3b-instruct,33,46
qwen/qwen3-next-80b-a3b-instruct,33,46
qwen/qwen3-next-80b-a3b-instruct,33,46
qwen/qwen3-next-80b-a3b-instruct,33,46
qwen/qwen3-next-80b-a3b-instruct,33,46
qwen/qwen3-next-80b-a3b-instruct,33,46
qwen/qwen3-next-80b-a3b-instruct,33,119
qwen/qwen3-next-80b-a3b-instruct,33,141
qwen/qwen3-next-80b-a3b-instruct,33,143
qwen/qwen3-next-80b-a3b-instruct,33,132
qwen/qwen3-next-80b-a3b-instruct,33,126
qwen/qwen3-next-80b-a3b-instruct,33,165
qwen/qwen3-next-80b-a3b-instruct,33,154
qwen/qwen3-next-80b-a3b-instruct,33,140
qwen/qwen3-next-80b-a3b-instruct,32,50
qwen/qwen3-next-80b-a3b-instruct,32,53
qwen/qwen3-next-80b-a3b-instruct,32,61
qwen/qwen3-next-80b-a3b-instruct,32,64
qwen/qwen3-next-80b-a3b-instruct,32,52
qwen/qwen3-next-80b-a3b-instruct,32,48
qwen/qwen3-next-80b-a3b-instruct,32,48
qwen/qwen3-next-80b-a3b-instruct,32,50
qwen/qwen3-next-80b-a3b-instruct,22,239
qwen/qwen3-next-80b-a3b-instruct,22,216
qwen/qwen3-next-80b-a3b-instruct,22,237
qwen/qwen3-next-80b-a3b-instruct,22,224
qwen/qwen3-next-80b-a3b-instruct,22,242
qwen/qwen3-next-80b-a3b-instruct,22,191
qwen/qwen3-next-80b-a3b-instruct,22,237
qwen/qwen3-next-80b-a3b-instruct,22,245
qwen/qwen3-next-80b-a3b-instruct,26,67
qwen/qwen3-next-80b-a3b-instruct,26,76
qwen/qwen3-next-80b-a3b-instruct,26,61
qwen/qwen3-next-80b-a3b-instruct,26,64
qwen/qwen3-next-80b-a3b-instruct,26,71
qwen/qwen3-next-80b-a3b-instruct,26,63
qwen/qwen3-next-80b-a3b-instruct,26,63
qwen/qwen3-next-80b-a3b-instruct,26,68
qwen/qwen3-next-80b-a3b-instruct,26,256
qwen/qwen3-next-80b-a3b-instruct,26,256
qwen/qwen3-next-80b-a3b-instruct,26,256
qwen/qwen3-next-80b-a3b-instruct,26,256
qwen/qwen3-next-80b-a3b-instruct,26,256
qwen/qwen3-next-80b-a3b-instruct,26,256
qwen/qwen3-next-80b-a3b-instruct,26,256
qwen/qwen3-next-80b-a3b-instruct,26,256
qwen/qwen3-next-80b-a3b-instruct,32,81
qwen/qwen3-next-80b-a3b-instruct,32,84
qwen/qwen3-next-80b-a3b-instruct,32,74
qwen/qwen3-next-80b-a3b-instruct,32,81
qwen/qwen3-next-80b-a3b-instruct,32,80
qwen/qwen3-next-80b-a3b-instruct,32,82
qwen/qwen3-next-80b-a3b-instruct,32,79
qwen/qwen3-next-80b-a3b-instruct,32,73
qwen/qwen3-next-80b-a3b-instruct,28,256
qwen/qwen3-next-80b-a3b-instruct,28,256
qwen/qwen3-next-80b-a3b-instruct,28,256
qwen/qwen3-next-80b-a3b-instruct,28,256
qwen/qwen3-next-80b-a3b-instruct,28,256
qwen/qwen3-next-80b-a3b-instruct,28,256
qwen/qwen3-next-80b-a3b-instruct,28,256
qwen/qwen3-next-80b-a3b-instruct,28,256
qwen/qwen3-next-80b-a3b-instruct,35,132
qwen/qwen3-next-80b-a3b-instruct,35,138
qwen/qwen3-next-80b-a3b-instruct,35,140
qwen/qwen3-next-80b-a3b-instruct,35,127
qwen/qwen3-next-80b-a3b-instruct,35,168
qwen/qwen3-next-80b-a3b-instruct,35,140
qwen/qwen3-next-80b-a3b-instruct,35,121
qwen/qwen3-next-80b-a3b-instruct,35,115
qwen/qwen3-next-80b-a3b-instruct,34,256
qwen/qwen3-next-80b-a3b-instruct,34,256
qwen/qwen3-next-80b-a3b-instruct,34,256
qwen/qwen3-next-80b-a3b-instruct,34,256
qwen/qwen3-next-80b-a3b-instruct,34,256
qwen/qwen3-next-80b-a3b-instruct,34,256
qwen/qwen3-next-80b-a3b-instruct,34,256
qwen/qwen3-next-80b-a3b-instruct,34,256
qwen/qwen3-next-80b-a3b-instruct,27,2
qwen/qwen3-next-80b-a3b-instruct,27,2
qwen/qwen3-next-80b-a3b-instruct,27,2
qwen/qwen3-next-80b-a3b-instruct,27,2
qwen/qwen3-next-80b-a3b-instruct,27,2
qwen/qwen3-next-80b-a3b-instruct,27,2
qwen/qwen3-next-80b-a3b-instruct,27,2
qwen/qwen3-next-80b-a3b-instruct,27,2
qwen/qwen3-next-80b-a3b-instruct,28,2
qwen/qwen3-next-80b-a3b-instruct,28,2
qwen/qwen3-next-80b-a3b-instruct,28,2
qwen/qwen3-next-80b-a3b-instruct,28,2
qwen/qwen3-next-80b-a3b-instruct,28,2
qwen/qwen3-next-80b-a3b-instruct,28,2
qwen/qwen3-next-80b-a3b-instruct,28,2
qwen/qwen3-next-80b-a3b-instruct,28,2
qwen/qwen3-next-80b-a3b-instruct,35,2
qwen/qwen3-next-80b-a3b-instruct,35,2
qwen/qwen3-next-80b-a3b-instruct,35,2
qwen/qwen3-next-80b-a3b-instruct,35,2
qwen/qwen3-next-80b-a3b-instruct,35,2
qwen/qwen3-next-80b-a3b-instruct,35,2
qwen/qwen3-next-80b-a3b-instruct,35,2
qwen/qwen3-next-80b-a3b-instruct,35,2
qwen/qwen3-next-80b-a3b-instruct,35,2
qwen/qwen3-next-80b-a3b-instruct,35,2
qwen/qwen3-next-80b-a3b-instruct,35,2
qwen/qwen3-next-80b-a3b-instruct,35,2
qwen/qwen3-next-80b-a3b-instruct,35,2
qwen/qwen3-next-80b-a3b-instruct,35,2
qwen/qwen3-next-80b-a3b-instruct,35,2
qwen/qwen3-next-80b-a3b-instruct,35,2
qwen/qwen3-next-80b-a3b-instruct,29,2
qwen/qwen3-next-80b-a3b-instruct,29,2
qwen/qwen3-next-80b-a3b-instruct,29,2
qwen/qwen3-next-80b-a3b-instruct,29,2
qwen/qwen3-next-80b-a3b-instruct,29,2
qwen/qwen3-next-80b-a3b-instruct,29,2
qwen/qwen3-next-80b-a3b-instruct,29,2
qwen/qwen3-next-80b-a3b-instruct,29,2
qwen/qwen3-next-80b-a3b-instruct,30,2
qwen/qwen3-next-80b-a3b-instruct,30,2
qwen/qwen3-next-80b-a3b-instruct,30,2
qwen/qwen3-next-80b-a3b-instruct,30,2
qwen/qwen3-next-80b-a3b-instruct,30,2
qwen/qwen3-next-80b-a3b-instruct,30,2
qwen/qwen3-next-80b-a3b-instruct,30,2
qwen/qwen3-next-80b-a3b-instruct,30,2
qwen/qwen3-next-80b-a3b-instruct,27,2
qwen/qwen3-next-80b-a3b-instruct,27,2
qwen/qwen3-next-80b-a3b-instruct,27,2
qwen/qwen3-next-80b-a3b-instruct,27,2
qwen/qwen3-next-80b-a3b-instruct,27,2
qwen/qwen3-next-80b-a3b-instruct,27,2
qwen/qwen3-next-80b-a3b-instruct,27,2
qwen/qwen3-next-80b-a3b-instruct,27,2
qwen/qwen3-next-80b-a3b-instruct,27,2
qwen/qwen3-next-80b-a3b-instruct,27,2
qwen/qwen3-next-80b-a3b-instruct,27,2
qwen/qwen3-next-80b-a3b-instruct,27,2
qwen/qwen3-next-80b-a3b-instruct,27,2
qwen/qwen3-next-80b-a3b-instruct,27,2
qwen/qwen3-next-80b-a3b-instruct,27,2
qwen/qwen3-next-80b-a3b-instruct,27,2
qwen/qwen3-next-80b-a3b-instruct,30,34
qwen/qwen3-next-80b-a3b-instruct,30,48
qwen/qwen3-next-80b-a3b-instruct,30,43
qwen/qwen3-next-80b-a3b-instruct,30,44
qwen/qwen3-next-80b-a3b-instruct,30,45
qwen/qwen3-next-80b-a3b-instruct,30,32
qwen/qwen3-next-80b-a3b-instruct,30,39
qwen/qwen3-next-80b-a3b-instruct,30,50
qwen/qwen3-next-80b-a3b-instruct,34,145
qwen/qwen3-next-80b-a3b-instruct,34,173
qwen/qwen3-next-80b-a3b-instruct,34,156
qwen/qwen3-next-80b-a3b-instruct,34,159
qwen/qwen3-next-80b-a3b-instruct,34,169
qwen/qwen3-next-80b-a3b-instruct,34,156
qwen/qwen3-next-80b-a3b-instruct,34,167
qwen/qwen3-next-80b-a3b-instruct,34,160
qwen/qwen3-next-80b-a3b-instruct,36,114
qwen/qwen3-next-80b-a3b-instruct,36,114
qwen/qwen3-next-80b-a3b-instruct,36,80
qwen/qwen3-next-80b-a3b-instruct,36,133
qwen/qwen3-next-80b-a3b-instruct,36,121
qwen/qwen3-next-80b-a3b-instruct,36,116
qwen/qwen3-next-80b-a3b-instruct,36,92
qwen/qwen3-next-80b-a3b-instruct,36,116
qwen/qwen3-next-80b-a3b-instruct,24,256
qwen/qwen3-next-80b-a3b-instruct,24,256
qwen/qwen3-next-80b-a3b-instruct,24,256
qwen/qwen3-next-80b-a3b-instruct,24,256
qwen/qwen3-next-80b-a3b-instruct,24,256
qwen/qwen3-next-80b-a3b-instruct,24,256
qwen/qwen3-next-80b-a3b-instruct,24,256
qwen/qwen3-next-80b-a3b-instruct,24,256
qwen/qwen3-next-80b-a3b-instruct,25,77
qwen/qwen3-next-80b-a3b-instruct,25,68
qwen/qwen3-next-80b-a3b-instruct,25,67
qwen/qwen3-next-80b-a3b-instruct,25,69
qwen/qwen3-next-80b-a3b-instruct,25,73
qwen/qwen3-next-80b-a3b-instruct,25,69
qwen/qwen3-next-80b-a3b-instruct,25,72
qwen/qwen3-next-80b-a3b-instruct,25,78
qwen/qwen3-next-80b-a3b-instruct,25,256
qwen/qwen3-next-80b-a3b-instruct,25,256
qwen/qwen3-next-80b-a3b-instruct,25,256
qwen/qwen3-next-80b-a3b-instruct,25,256
qwen/qwen3-next-80b-a3b-instruct,25,256
qwen/qwen3-next-80b-a3b-instruct,25,256
qwen/qwen3-next-80b-a3b-instruct,25,256
qwen/qwen3-next-80b-a3b-instruct,25,256
qwen/qwen3-next-80b-a3b-instruct,32,78
qwen/qwen3-next-80b-a3b-instruct,32,90
qwen/qwen3-next-80b-a3b-instruct,32,71
qwen/qwen3-next-80b-a3b-instruct,32,80
qwen/qwen3-next-80b-a3b-instruct,32,81
qwen/qwen3-next-80b-a3b-instruct,32,100
qwen/qwen3-next-80b-a3b-instruct,32,100
qwen/qwen3-next-80b-a3b-instruct,32,74
qwen/qwen3-next-80b-a3b-instruct,31,256
qwen/qwen3-next-80b-a3b-instruct,31,256
qwen/qwen3-next-80b-a3b-instruct,31,256
qwen/qwen3-next-80b-a3b-instruct,31,256
qwen/qwen3-next-80b-a3b-instruct,31,256
qwen/qwen3-next-80b-a3b-instruct,31,256
qwen/qwen3-next-80b-a3b-instruct,31,256
qwen/qwen3-next-80b-a3b-instruct,31,256
qwen/qwen3-next-80b-a3b-instruct,33,192
qwen/qwen3-next-80b-a3b-instruct,33,256
qwen/qwen3-next-80b-a3b-instruct,33,256
qwen/qwen3-next-80b-a3b-instruct,33,256
qwen/qwen3-next-80b-a3b-instruct,33,256
qwen/qwen3-next-80b-a3b-instruct,33,256
qwen/qwen3-next-80b-a3b-instruct,33,256
qwen/qwen3-next-80b-a3b-instruct,33,256
qwen/qwen3-next-80b-a3b-instruct,33,256
qwen/qwen3-next-80b-a3b-instruct,33,256
qwen/qwen3-next-80b-a3b-instruct,33,256
qwen/qwen3-next-80b-a3b-instruct,33,256
qwen/qwen3-next-80b-a3b-instruct,33,256
qwen/qwen3-next-80b-a3b-instruct,33,256
qwen/qwen3-next-80b-a3b-instruct,33,256
qwen/qwen3-next-80b-a3b-instruct,33,256
qwen/qwen3-next-80b-a3b-instruct,36,2
qwen/qwen3-next-80b-a3b-instruct,36,2
qwen/qwen3-next-80b-a3b-instruct,36,2
qwen/qwen3-next-80b-a3b-instruct,36,2
qwen/qwen3-next-80b-a3b-instruct,36,2
qwen/qwen3-next-80b-a3b-instruct,36,2
qwen/qwen3-next-80b-a3b-instruct,36,2
qwen/qwen3-next-80b-a3b-instruct,36,2
qwen/qwen3-next-80b-a3b-instruct,37,2
qwen/qwen3-next-80b-a3b-instruct,37,2
qwen/qwen3-next-80b-a3b-instruct,37,2
qwen/qwen3-next-80b-a3b-instruct,37,2
qwen/qwen3-next-80b-a3b-instruct,37,2
qwen/qwen3-next-80b-a3b-instruct,37,2
qwen/qwen3-next-80b-a3b-instruct,37,2
qwen/qwen3-next-80b-a3b-instruct,37,2
qwen/qwen3-next-80b-a3b-instruct,35,2
qwen/qwen3-next-80b-a3b-instruct,35,2
qwen/qwen3-next-80b-a3b-instruct,35,2
qwen/qwen3-next-80b-a3b-instruct,35,2
qwen/qwen3-next-80b-a3b-instruct,35,2
qwen/qwen3-next-80b-a3b-instruct,35,2
qwen/qwen3-next-80b-a3b-instruct,35,2
qwen/qwen3-next-80b-a3b-instruct,35,2
qwen/qwen3-next-80b-a3b-instruct,36,2
qwen/qwen3-next-80b-a3b-instruct,36,2
qwen/qwen3-next-80b-a3b-instruct,36,2
qwen/qwen3-next-80b-a3b-instruct,36,2
qwen/qwen3-next-80b-a3b-instruct,36,2
qwen/qwen3-next-80b-a3b-instruct,36,2
qwen/qwen3-next-80b-a3b-instruct,36,2
qwen/qwen3-next-80b-a3b-instruct,36,2
qwen/qwen3-next-80b-a3b-instruct,31,2
qwen/qwen3-next-80b-a3b-instruct,31,2
qwen/qwen3-next-80b-a3b-instruct,31,2
qwen/qwen3-next-80b-a3b-instruct,31,2
qwen/qwen3-next-80b-a3b-instruct,31,2
qwen/qwen3-next-80b-a3b-instruct,31,2
qwen/qwen3-next-80b-a3b-instruct,31,2
qwen/qwen3-next-80b-a3b-instruct,31,2
qwen/qwen3-next-80b-a3b-instruct,32,2
qwen/qwen3-next-80b-a3b-instruct,32,2
qwen/qwen3-next-80b-a3b-instruct,32,2
qwen/qwen3-next-80b-a3b-instruct,32,2
qwen/qwen3-next-80b-a3b-instruct,32,2
qwen/qwen3-next-80b-a3b-instruct,32,2
qwen/qwen3-next-80b-a3b-instruct,32,2
qwen/qwen3-next-80b-a3b-instruct,32,2
qwen/qwen3-next-80b-a3b-instruct,31,2
qwen/qwen3-next-80b-a3b-instruct,31,2
qwen/qwen3-next-80b-a3b-instruct,31,2
qwen/qwen3-next-80b-a3b-instruct,31,2
qwen/qwen3-next-80b-a3b-instruct,31,2
qwen/qwen3-next-80b-a3b-instruct,31,2
qwen/qwen3-next-80b-a3b-instruct,31,2
qwen/qwen3-next-80b-a3b-instruct,31,2
qwen/qwen3-next-80b-a3b-instruct,32,2
qwen/qwen3-next-80b-a3b-instruct,32,2
qwen/qwen3-next-80b-a3b-instruct,32,2
qwen/qwen3-next-80b-a3b-instruct,32,2
qwen/qwen3-next-80b-a3b-instruct,32,2
qwen/qwen3-next-80b-a3b-instruct,32,2
qwen/qwen3-next-80b-a3b-instruct,32,2
qwen/qwen3-next-80b-a3b-instruct,32,2
qwen/qwen3-next-80b-a3b-instruct,33,39
qwen/qwen3-next-80b-a3b-instruct,33,40
qwen/qwen3-next-80b-a3b-instruct,33,37
qwen/qwen3-next-80b-a3b-instruct,33,40
qwen/qwen3-next-80b-a3b-instruct,33,40
qwen/qwen3-next-80b-a3b-instruct,33,37
qwen/qwen3-next-80b-a3b-instruct,33,40
qwen/qwen3-next-80b-a3b-instruct,33,37
qwen/qwen3-next-80b-a3b-instruct,33,104
qwen/qwen3-next-80b-a3b-instruct,33,96
qwen/qwen3-next-80b-a3b-instruct,33,124
qwen/qwen3-next-80b-a3b-instruct,33,101
qwen/qwen3-next-80b-a3b-instruct,33,116
qwen/qwen3-next-80b-a3b-instruct,33,108
qwen/qwen3-next-80b-a3b-instruct,33,102
qwen/qwen3-next-80b-a3b-instruct,33,104
qwen/qwen3-next-80b-a3b-instruct,32,39
qwen/qwen3-next-80b-a3b-instruct,32,56
qwen/qwen3-next-80b-a3b-instruct,32,34
qwen/qwen3-next-80b-a3b-instruct,32,45
qwen/qwen3-next-80b-a3b-instruct,32,38
qwen/qwen3-next-80b-a3b-instruct,32,48
qwen/qwen3-next-80b-a3b-instruct,32,65
qwen/qwen3-next-80b-a3b-instruct,32,45
qwen/qwen3-next-80b-a3b-instruct,22,240
qwen/qwen3-next-80b-a3b-instruct,22,256
qwen/qwen3-next-80b-a3b-instruct,22,248
qwen/qwen3-next-80b-a3b-instruct,22,244
qwen/qwen3-next-80b-a3b-instruct,22,241
qwen/qwen3-next-80b-a3b-instruct,22,236
qwen/qwen3-next-80b-a3b-instruct,22,232
qwen/qwen3-next-80b-a3b-instruct,22,255
qwen/qwen3-next-80b-a3b-instruct,26,79
qwen/qwen3-next-80b-a3b-instruct,26,86
qwen/qwen3-next-80b-a3b-instruct,26,82
qwen/qwen3-next-80b-a3b-instruct,26,77
qwen/qwen3-next-80b-a3b-instruct,26,71
qwen/qwen3-next-80b-a3b-instruct,26,86
qwen/qwen3-next-80b-a3b-instruct,26,84
qwen/qwen3-next-80b-a3b-instruct,26,72
qwen/qwen3-next-80b-a3b-instruct,26,256
qwen/qwen3-next-80b-a3b-instruct,26,256
qwen/qwen3-next-80b-a3b-instruct,26,256
qwen/qwen3-next-80b-a3b-instruct,26,256
qwen/qwen3-next-80b-a3b-instruct,26,256
qwen/qwen3-next-80b-a3b-instruct,26,256
qwen/qwen3-next-80b-a3b-instruct,26,256
qwen/qwen3-next-80b-a3b-instruct,26,256
qwen/qwen3-next-80b-a3b-instruct,32,62
qwen/qwen3-next-80b-a3b-instruct,32,70
qwen/qwen3-next-80b-a3b-instruct,32,59
qwen/qwen3-next-80b-a3b-instruct,32,67
qwen/qwen3-next-80b-a3b-instruct,32,67
qwen/qwen3-next-80b-a3b-instruct,32,65
qwen/qwen3-next-80b-a3b-instruct,32,68
qwen/qwen3-next-80b-a3b-instruct,32,74
qwen/qwen3-next-80b-a3b-instruct,28,256
qwen/qwen3-next-80b-a3b-instruct,28,256
qwen/qwen3-next-80b-a3b-instruct,28,256
qwen/qwen3-next-80b-a3b-instruct,28,256
qwen/qwen3-next-80b-a3b-instruct,28,256
qwen/qwen3-next-80b-a3b-instruct,28,256
qwen/qwen3-next-80b-a3b-instruct,28,256
qwen/qwen3-next-80b-a3b-instruct,28,256
qwen/qwen3-next-80b-a3b-instruct,35,101
qwen/qwen3-next-80b-a3b-instruct,35,105
qwen/qwen3-next-80b-a3b-instruct,35,104
qwen/qwen3-next-80b-a3b-instruct,35,100
qwen/qwen3-next-80b-a3b-instruct,35,87
qwen/qwen3-next-80b-a3b-instruct,35,89
qwen/qwen3-next-80b-a3b-instruct,35,96
qwen/qwen3-next-80b-a3b-instruct,35,91
qwen/qwen3-next-80b-a3b-instruct,34,256
qwen/qwen3-next-80b-a3b-instruct,34,256
qwen/qwen3-next-80b-a3b-instruct,34,256
qwen/qwen3-next-80b-a3b-instruct,34,256
qwen/qwen3-next-80b-a3b-instruct,34,256
qwen/qwen3-next-80b-a3b-instruct,34,256
qwen/qwen3-next-80b-a3b-instruct,34,256
qwen/qwen3-next-80b-a3b-instruct,34,256
qwen/qwen3-next-80b-a3b-instruct,27,2
qwen/qwen3-next-80b-a3b-instruct,27,2
qwen/qwen3-next-80b-a3b-instruct,27,2
qwen/qwen3-next-80b-a3b-instruct,27,2
qwen/qwen3-next-80b-a3b-instruct,27,2
qwen/qwen3-next-80b-a3b-instruct,27,2
qwen/qwen3-next-80b-a3b-instruct,27,2
qwen/qwen3-next-80b-a3b-instruct,27,2
qwen/qwen3-next-80b-a3b-instruct,28,2
qwen/qwen3-next-80b-a3b-instruct,28,2
qwen/qwen3-next-80b-a3b-instruct,28,2
qwen/qwen3-next-80b-a3b-instruct,28,2
qwen/qwen3-next-80b-a3b-instruct,28,2
qwen/qwen3-next-80b-a3b-instruct,28,2
qwen/qwen3-next-80b-a3b-instruct,28,2
qwen/qwen3-next-80b-a3b-instruct,28,2
qwen/qwen3-next-80b-a3b-instruct,35,2
qwen/qwen3-next-80b-a3b-instruct,35,2
qwen/qwen3-next-80b-a3b-instruct,35,2
qwen/qwen3-next-80b-a3b-instruct,35,2
qwen/qwen3-next-80b-a3b-instruct,35,2
qwen/qwen3-next-80b-a3b-instruct,35,2
qwen/qwen3-next-80b-a3b-instruct,35,2
qwen/qwen3-next-80b-a3b-instruct,35,2
qwen/qwen3-next-80b-a3b-instruct,35,2
qwen/qwen3-next-80b-a3b-instruct,35,2
qwen/qwen3-next-80b-a3b-instruct,35,2
qwen/qwen3-next-80b-a3b-instruct,35,2
qwen/qwen3-next-80b-a3b-instruct,35,2
qwen/qwen3-next-80b-a3b-instruct,35,2
qwen/qwen3-next-80b-a3b-instruct,35,2
qwen/qwen3-next-80b-a3b-instruct,35,2
qwen/qwen3-next-80b-a3b-instruct,29,2
qwen/qwen3-next-80b-a3b-instruct,29,2
qwen/qwen3-next-80b-a3b-instruct,29,2
qwen/qwen3-next-80b-a3b-instruct,29,2
qwen/qwen3-next-80b-a3b-instruct,29,2
qwen/qwen3-next-80b-a3b-instruct,29,2
qwen/qwen3-next-80b-a3b-instruct,29,2
qwen/qwen3-next-80b-a3b-instruct,29,2
qwen/qwen3-next-80b-a3b-instruct,30,2
qwen/qwen3-next-80b-a3b-instruct,30,2
qwen/qwen3-next-80b-a3b-instruct,30,2
qwen/qwen3-next-80b-a3b-instruct,30,2
qwen/qwen3-next-80b-a3b-instruct,30,2
qwen/qwen3-next-80b-a3b-instruct,30,2
qwen/qwen3-next-80b-a3b-instruct,30,2
qwen/qwen3-next-80b-a3b-instruct,30,2
qwen/qwen3-next-80b-a3b-instruct,27,2
qwen/qwen3-next-80b-a3b-instruct,27,2
qwen/qwen3-next-80b-a3b-instruct,27,2
qwen/qwen3-next-80b-a3b-instruct,27,2
qwen/qwen3-next-80b-a3b-instruct,27,2
qwen/qwen3-next-80b-a3b-instruct,27,2
qwen/qwen3-next-80b-a3b-instruct,27,2
qwen/qwen3-next-80b-a3b-instruct,27,2
qwen/qwen3-next-80b-a3b-instruct,27,2
qwen/qwen3-next-80b-a3b-instruct,27,2
qwen/qwen3-next-80b-a3b-instruct,27,2
qwen/qwen3-next-80b-a3b-instruct,27,2
qwen/qwen3-next-80b-a3b-instruct,27,2
qwen/qwen3-next-80b-a3b-instruct,27,2
qwen/qwen3-next-80b-a3b-instruct,27,2
qwen/qwen3-next-80b-a3b-instruct,27,2
qwen/qwen3-next-80b-a3b-instruct,29,25
qwen/qwen3-next-80b-a3b-instruct,29,25
qwen/qwen3-next-80b-a3b-instruct,29,25
qwen/qwen3-next-80b-a3b-instruct,29,25
qwen/qwen3-next-80b-a3b-instruct,29,25
qwen/qwen3-next-80b-a3b-instruct,29,25
qwen/qwen3-next-80b-a3b-instruct,29,25
qwen/qwen3-next-80b-a3b-instruct,29,26
qwen/qwen3-next-80b-a3b-instruct,33,104
qwen/qwen3-next-80b-a3b-instruct,33,137
qwen/qwen3-next-80b-a3b-instruct,33,97
qwen/qwen3-next-80b-a3b-instruct,33,123
qwen/qwen3-next-80b-a3b-instruct,33,140
qwen/qwen3-next-80b-a3b-instruct,33,127
qwen/qwen3-next-80b-a3b-instruct,33,134
qwen/qwen3-next-80b-a3b-instruct,33,144
qwen/qwen3-next-80b-a3b-instruct,35,87
qwen/qwen3-next-80b-a3b-instruct,35,86
qwen/qwen3-next-80b-a3b-instruct,35,102
qwen/qwen3-next-80b-a3b-instruct,35,85
qwen/qwen3-next-80b-a3b-instruct,35,86
qwen/qwen3-next-80b-a3b-instruct,35,106
qwen/qwen3-next-80b-a3b-instruct,35,99
qwen/qwen3-next-80b-a3b-instruct,35,110
qwen/qwen3-next-80b-a3b-instruct,23,256
qwen/qwen3-next-80b-a3b-instruct,23,256
qwen/qwen3-next-80b-a3b-instruct,23,256
qwen/qwen3-next-80b-a3b-instruct,23,256
qwen/qwen3-next-80b-a3b-instruct,23,256
qwen/qwen3-next-80b-a3b-instruct,23,256
qwen/qwen3-next-80b-a3b-instruct,23,256
qwen/qwen3-next-80b-a3b-instruct,23,256
qwen/qwen3-next-80b-a3b-instruct,24,56
qwen/qwen3-next-80b-a3b-instruct,24,75
qwen/qwen3-next-80b-a3b-instruct,24,73
qwen/qwen3-next-80b-a3b-instruct,24,68
qwen/qwen3-next-80b-a3b-instruct,24,65
qwen/qwen3-next-80b-a3b-instruct,24,59
qwen/qwen3-next-80b-a3b-instruct,24,58
qwen/qwen3-next-80b-a3b-instruct,24,67
qwen/qwen3-next-80b-a3b-instruct,24,256
qwen/qwen3-next-80b-a3b-instruct,24,256
qwen/qwen3-next-80b-a3b-instruct,24,256
qwen/qwen3-next-80b-a3b-instruct,24,256
qwen/qwen3-next-80b-a3b-instruct,24,256
qwen/qwen3-next-80b-a3b-instruct,24,256
qwen/qwen3-next-80b-a3b-instruct,24,256
qwen/qwen3-next-80b-a3b-instruct,24,256
qwen/qwen3-next-80b-a3b-instruct,31,74
qwen/qwen3-next-80b-a3b-instruct,31,76
qwen/qwen3-next-80b-a3b-instruct,31,78
qwen/qwen3-next-80b-a3b-instruct,31,69
qwen/qwen3-next-80b-a3b-instruct,31,76
qwen/qwen3-next-80b-a3b-instruct,31,72
qwen/qwen3-next-80b-a3b-instruct,31,79
qwen/qwen3-next-80b-a3b-instruct,31,80
qwen/qwen3-next-80b-a3b-instruct,30,256
qwen/qwen3-next-80b-a3b-instruct,30,256
qwen/qwen3-next-80b-a3b-instruct,30,256
qwen/qwen3-next-80b-a3b-instruct,30,256
qwen/qwen3-next-80b-a3b-instruct,30,256
qwen/qwen3-next-80b-a3b-instruct,30,256
qwen/qwen3-next-80b-a3b-instruct,30,256
qwen/qwen3-next-80b-a3b-instruct,30,256
qwen/qwen3-next-80b-a3b-instruct,32,210
qwen/qwen3-next-80b-a3b-instruct,32,151
qwen/qwen3-next-80b-a3b-instruct,32,213
qwen/qwen3-next-80b-a3b-instruct,32,212
qwen/qwen3-next-80b-a3b-instruct,32,145
qwen/qwen3-next-80b-a3b-instruct,32,186
qwen/qwen3-next-80b-a3b-instruct,32,185
qwen/qwen3-next-80b-a3b-instruct,32,142
qwen/qwen3-next-80b-a3b-instruct,32,256
qwen/qwen3-next-80b-a3b-instruct,32,256
qwen/qwen3-next-80b-a3b-instruct,32,256
qwen/qwen3-next-80b-a3b-instruct,32,256
qwen/qwen3-next-80b-a3b-instruct,32,256
qwen/qwen3-next-80b-a3b-instruct,32,256
qwen/qwen3-next-80b-a3b-instruct,32,256
qwen/qwen3-next-80b-a3b-instruct,32,256
qwen/qwen3-next-80b-a3b-instruct,38,2
qwen/qwen3-next-80b-a3b-instruct,38,2
qwen/qwen3-next-80b-a3b-instruct,38,2
qwen/qwen3-next-80b-a3b-instruct,38,2
qwen/qwen3-next-80b-a3b-instruct,38,2
qwen/qwen3-next-80b-a3b-instruct,38,2
qwen/qwen3-next-80b-a3b-instruct,38,2
qwen/qwen3-next-80b-a3b-instruct,38,2
qwen/qwen3-next-80b-a3b-instruct,39,2
qwen/qwen3-next-80b-a3b-instruct,39,2
qwen/qwen3-next-80b-a3b-instruct,39,2
qwen/qwen3-next-80b-a3b-instruct,39,2
qwen/qwen3-next-80b-a3b-instruct,39,2
qwen/qwen3-next-80b-a3b-instruct,39,2
qwen/qwen3-next-80b-a3b-instruct,39,2
qwen/qwen3-next-80b-a3b-instruct,39,2
qwen/qwen3-next-80b-a3b-instruct,37,2
qwen/qwen3-next-80b-a3b-instruct,37,2
qwen/qwen3-next-80b-a3b-instruct,37,2
qwen/qwen3-next-80b-a3b-instruct,37,2
qwen/qwen3-next-80b-a3b-instruct,37,2
qwen/qwen3-next-80b-a3b-instruct,37,2
qwen/qwen3-next-80b-a3b-instruct,37,2
qwen/qwen3-next-80b-a3b-instruct,37,2
qwen/qwen3-next-80b-a3b-instruct,38,2
qwen/qwen3-next-80b-a3b-instruct,38,2
qwen/qwen3-next-80b-a3b-instruct,38,2
qwen/qwen3-next-80b-a3b-instruct,38,2
qwen/qwen3-next-80b-a3b-instruct,38,2
qwen/qwen3-next-80b-a3b-instruct,38,2
qwen/qwen3-next-80b-a3b-instruct,38,2
qwen/qwen3-next-80b-a3b-instruct,38,2
qwen/qwen3-next-80b-a3b-instruct,33,2
qwen/qwen3-next-80b-a3b-instruct,33,2
qwen/qwen3-next-80b-a3b-instruct,33,2
qwen/qwen3-next-80b-a3b-instruct,33,2
qwen/qwen3-next-80b-a3b-instruct,33,2
qwen/qwen3-next-80b-a3b-instruct,33,2
qwen/qwen3-next-80b-a3b-instruct,33,2
qwen/qwen3-next-80b-a3b-instruct,33,2
qwen/qwen3-next-80b-a3b-instruct,34,2
qwen/qwen3-next-80b-a3b-instruct,34,2
qwen/qwen3-next-80b-a3b-instruct,34,2
qwen/qwen3-next-80b-a3b-instruct,34,2
qwen/qwen3-next-80b-a3b-instruct,34,2
qwen/qwen3-next-80b-a3b-instruct,34,2
qwen/qwen3-next-80b-a3b-instruct,34,2
qwen/qwen3-next-80b-a3b-instruct,34,2
qwen/qwen3-next-80b-a3b-instruct,33,2
qwen/qwen3-next-80b-a3b-instruct,33,2
qwen/qwen3-next-80b-a3b-instruct,33,2
qwen/qwen3-next-80b-a3b-instruct,33,2
qwen/qwen3-next-80b-a3b-instruct,33,2
qwen/qwen3-next-80b-a3b-instruct,33,2
qwen/qwen3-next-80b-a3b-instruct,33,2
qwen/qwen3-next-80b-a3b-instruct,33,2
qwen/qwen3-next-80b-a3b-instruct,34,2
qwen/qwen3-next-80b-a3b-instruct,34,2
qwen/qwen3-next-80b-a3b-instruct,34,2
qwen/qwen3-next-80b-a3b-instruct,34,2
qwen/qwen3-next-80b-a3b-instruct,34,2
qwen/qwen3-next-80b-a3b-instruct,34,2
qwen/qwen3-next-80b-a3b-instruct,34,2
qwen/qwen3-next-80b-a3b-instruct,34,2
qwen/qwen3-next-80b-a3b-instruct,30,33
qwen/qwen3-next-80b-a3b-instruct,30,33
qwen/qwen3-next-80b-a3b-instruct,30,33
qwen/qwen3-next-80b-a3b-instruct,30,33
qwen/qwen3-next-80b-a3b-instruct,30,33
qwen/qwen3-next-80b-a3b-instruct,30,34
qwen/qwen3-next-80b-a3b-instruct,30,33
qwen/qwen3-next-80b-a3b-instruct,30,33
qwen/qwen3-next-80b-a3b-instruct,30,93
qwen/qwen3-next-80b-a3b-instruct,30,97
qwen/qwen3-next-80b-a3b-instruct,30,93
qwen/qwen3-next-80b-a3b-instruct,30,84
qwen/qwen3-next-80b-a3b-instruct,30,98
qwen/qwen3-next-80b-a3b-instruct,30,102
qwen/qwen3-next-80b-a3b-instruct,30,100
qwen/qwen3-next-80b-a3b-instruct,30,101
qwen/qwen3-next-80b-a3b-instruct,29,60
qwen/qwen3-next-80b-a3b-instruct,29,65
qwen/qwen3-next-80b-a3b-instruct,29,67
qwen/qwen3-next-80b-a3b-instruct,29,57
qwen/qwen3-next-80b-a3b-instruct,29,60
qwen/qwen3-next-80b-a3b-instruct,29,68
qwen/qwen3-next-80b-a3b-instruct,29,63
qwen/qwen3-next-80b-a3b-instruct,29,60
qwen/qwen3-next-80b-a3b-instruct,19,210
qwen/qwen3-next-80b-a3b-instruct,19,177
qwen/qwen3-next-80b-a3b-instruct,19,174
qwen/qwen3-next-80b-a3b-instruct,19,175
qwen/qwen3-next-80b-a3b-instruct,19,174
qwen/qwen3-next-80b-a3b-instruct,19,218
qwen/qwen3-next-80b-a3b-instruct,19,206
qwen/qwen3-next-80b-a3b-instruct,19,195
qwen/qwen3-next-80b-a3b-instruct,23,72
qwen/qwen3-next-80b-a3b-instruct,23,81
qwen/qwen3-next-80b-a3b-instruct,23,72
qwen/qwen3-next-80b-a3b-instruct,23,74
qwen/qwen3-next-80b-a3b-instruct,23,78
qwen/qwen3-next-80b-a3b-instruct,23,76
qwen/qwen3-next-80b-a3b-instruct,23,76
qwen/qwen3-next-80b-a3b-instruct,23,67
qwen/qwen3-next-80b-a3b-instruct,23,256
qwen/qwen3-next-80b-a3b-instruct,23,256
qwen/qwen3-next-80b-a3b-instruct,23,256
qwen/qwen3-next-80b-a3b-instruct,23,256
qwen/qwen3-next-80b-a3b-instruct,23,256
qwen/qwen3-next-80b-a3b-instruct,23,256
qwen/qwen3-next-80b-a3b-instruct,23,256
qwen/qwen3-next-80b-a3b-instruct,23,256
qwen/qwen3-next-80b-a3b-instruct,29,63
qwen/qwen3-next-80b-a3b-instruct,29,63
qwen/qwen3-next-80b-a3b-instruct,29,69
qwen/qwen3-next-80b-a3b-instruct,29,64
qwen/qwen3-next-80b-a3b-instruct,29,60
qwen/qwen3-next-80b-a3b-instruct,29,65
qwen/qwen3-next-80b-a3b-instruct,29,63
qwen/qwen3-next-80b-a3b-instruct,29,63
qwen/qwen3-next-80b-a3b-instruct,25,256
qwen/qwen3-next-80b-a3b-instruct,25,256
qwen/qwen3-next-80b-a3b-instruct,25,256
qwen/qwen3-next-80b-a3b-instruct,25,256
qwen/qwen3-next-80b-a3b-instruct,25,256
qwen/qwen3-next-80b-a3b-instruct,25,256
qwen/qwen3-next-80b-a3b-instruct,25,256
qwen/qwen3-next-80b-a3b-instruct,25,256
qwen/qwen3-next-80b-a3b-instruct,32,113
qwen/qwen3-next-80b-a3b-instruct,32,97
qwen/qwen3-next-80b-a3b-instruct,32,104
qwen/qwen3-next-80b-a3b-instruct,32,83
qwen/qwen3-next-80b-a3b-instruct,32,93
qwen/qwen3-next-80b-a3b-instruct,32,93
qwen/qwen3-next-80b-a3b-instruct,32,108
qwen/qwen3-next-80b-a3b-instruct,32,93
qwen/qwen3-next-80b-a3b-instruct,31,256
qwen/qwen3-next-80b-a3b-instruct,31,256
qwen/qwen3-next-80b-a3b-instruct,31,256
qwen/qwen3-next-80b-a3b-instruct,31,256
qwen/qwen3-next-80b-a3b-instruct,31,256
qwen/qwen3-next-80b-a3b-instruct,31,256
qwen/qwen3-next-80b-a3b-instruct,31,256
qwen/qwen3-next-80b-a3b-instruct,31,256
qwen/qwen3-next-80b-a3b-instruct,30,2
qwen/qwen3-next-80b-a3b-instruct,30,2
qwen/qwen3-next-80b-a3b-instruct,30,2
qwen/qwen3-next-80b-a3b-instruct,30,2
qwen/qwen3-next-80b-a3b-instruct,30,2
qwen/qwen3-next-80b-a3b-instruct,30,2
qwen/qwen3-next-80b-a3b-instruct,30,2
qwen/qwen3-next-80b-a3b-instruct,30,2
qwen/qwen3-next-80b-a3b-instruct,31,2
qwen/qwen3-next-80b-a3b-instruct,31,2
qwen/qwen3-next-80b-a3b-instruct,31,2
qwen/qwen3-next-80b-a3b-instruct,31,2
qwen/qwen3-next-80b-a3b-instruct,31,2
qwen/qwen3-next-80b-a3b-instruct,31,2
qwen/qwen3-next-80b-a3b-instruct,31,2
qwen/qwen3-next-80b-a3b-instruct,31,2
qwen/qwen3-next-80b-a3b-instruct,38,2
qwen/qwen3-next-80b-a3b-instruct,38,2
qwen/qwen3-next-80b-a3b-instruct,38,2
qwen/qwen3-next-80b-a3b-instruct,38,2
qwen/qwen3-next-80b-a3b-instruct,38,2
qwen/qwen3-next-80b-a3b-instruct,38,2
qwen/qwen3-next-80b-a3b-instruct,38,2
qwen/qwen3-next-80b-a3b-instruct,38,2
qwen/qwen3-next-80b-a3b-instruct,38,2
qwen/qwen3-next-80b-a3b-instruct,38,2
qwen/qwen3-next-80b-a3b-instruct,38,2
qwen/qwen3-next-80b-a3b-instruct,38,2
qwen/qwen3-next-80b-a3b-instruct,38,2
qwen/qwen3-next-80b-a3b-instruct,38,2
qwen/qwen3-next-80b-a3b-instruct,38,2
qwen/qwen3-next-80b-a3b-instruct,38,2
qwen/qwen3-next-80b-a3b-instruct,32,2
qwen/qwen3-next-80b-a3b-instruct,32,2
qwen/qwen3-next-80b-a3b-instruct,32,2
qwen/qwen3-next-80b-a3b-instruct,32,2
qwen/qwen3-next-80b-a3b-instruct,32,2
qwen/qwen3-next-80b-a3b-instruct,32,2
qwen/qwen3-next-80b-a3b-instruct,32,2
qwen/qwen3-next-80b-a3b-instruct,32,2
qwen/qwen3-next-80b-a3b-instruct,33,2
qwen/qwen3-next-80b-a3b-instruct,33,2
qwen/qwen3-next-80b-a3b-instruct,33,2
qwen/qwen3-next-80b-a3b-instruct,33,2
qwen/qwen3-next-80b-a3b-instruct,33,2
qwen/qwen3-next-80b-a3b-instruct,33,2
qwen/qwen3-next-80b-a3b-instruct,33,2
qwen/qwen3-next-80b-a3b-instruct,33,2
qwen/qwen3-next-80b-a3b-instruct,30,2
qwen/qwen3-next-80b-a3b-instruct,30,2
qwen/qwen3-next-80b-a3b-instruct,30,2
qwen/qwen3-next-80b-a3b-instruct,30,2
qwen/qwen3-next-80b-a3b-instruct,30,2
qwen/qwen3-next-80b-a3b-instruct,30,2
qwen/qwen3-next-80b-a3b-instruct,30,2
qwen/qwen3-next-80b-a3b-instruct,30,2
qwen/qwen3-next-80b-a3b-instruct,30,2
qwen/qwen3-next-80b-a3b-instruct,30,2
qwen/qwen3-next-80b-a3b-instruct,30,2
qwen/qwen3-next-80b-a3b-instruct,30,2
qwen/qwen3-next-80b-a3b-instruct,30,2
qwen/qwen3-next-80b-a3b-instruct,30,2
qwen/qwen3-next-80b-a3b-instruct,30,2
qwen/qwen3-next-80b-a3b-instruct,30,2
qwen/qwen3-next-80b-a3b-instruct,27,31
qwen/qwen3-next-80b-a3b-instruct,27,38
qwen/qwen3-next-80b-a3b-instruct,27,29
qwen/qwen3-next-80b-a3b-instruct,27,28
qwen/qwen3-next-80b-a3b-instruct,27,37
qwen/qwen3-next-80b-a3b-instruct,27,35
qwen/qwen3-next-80b-a3b-instruct,27,36
qwen/qwen3-next-80b-a3b-instruct,27,28
qwen/qwen3-next-80b-a3b-instruct,31,110
qwen/qwen3-next-80b-a3b-instruct,31,130
qwen/qwen3-next-80b-a3b-instruct,31,126
qwen/qwen3-next-80b-a3b-instruct,31,142
qwen/qwen3-next-80b-a3b-instruct,31,118
qwen/qwen3-next-80b-a3b-instruct,31,113
qwen/qwen3-next-80b-a3b-instruct,31,146
qwen/qwen3-next-80b-a3b-instruct,31,132
qwen/qwen3-next-80b-a3b-instruct,33,93
qwen/qwen3-next-80b-a3b-instruct,33,94
qwen/qwen3-next-80b-a3b-instruct,33,79
qwen/qwen3-next-80b-a3b-instruct,33,77
qwen/qwen3-next-80b-a3b-instruct,33,88
qwen/qwen3-next-80b-a3b-instruct,33,93
qwen/qwen3-next-80b-a3b-instruct,33,93
qwen/qwen3-next-80b-a3b-instruct,33,78
qwen/qwen3-next-80b-a3b-instruct,21,256
qwen/qwen3-next-80b-a3b-instruct,21,256
qwen/qwen3-next-80b-a3b-instruct,21,256
qwen/qwen3-next-80b-a3b-instruct,21,256
qwen/qwen3-next-80b-a3b-instruct,21,256
qwen/qwen3-next-80b-a3b-instruct,21,256
qwen/qwen3-next-80b-a3b-instruct,21,256
qwen/qwen3-next-80b-a3b-instruct,21,256
qwen/qwen3-next-80b-a3b-instruct,22,77
qwen/qwen3-next-80b-a3b-instruct,22,69
qwen/qwen3-next-80b-a3b-instruct,22,55
qwen/qwen3-next-80b-a3b-instruct,22,56
qwen/qwen3-next-80b-a3b-instruct,22,67
qwen/qwen3-next-80b-a3b-instruct,22,68
qwen/qwen3-next-80b-a3b-instruct,22,59
qwen/qwen3-next-80b-a3b-instruct,22,64
qwen/qwen3-next-80b-a3b-instruct,22,256
qwen/qwen3-next-80b-a3b-instruct,22,256
qwen/qwen3-next-80b-a3b-instruct,22,256
qwen/qwen3-next-80b-a3b-instruct,22,256
qwen/qwen3-next-80b-a3b-instruct,22,256
qwen/qwen3-next-80b-a3b-instruct,22,256
qwen/qwen3-next-80b-a3b-instruct,22,256
qwen/qwen3-next-80b-a3b-instruct,22,256
qwen/qwen3-next-80b-a3b-instruct,29,75
qwen/qwen3-next-80b-a3b-instruct,29,65
qwen/qwen3-next-80b-a3b-instruct,29,68
qwen/qwen3-next-80b-a3b-instruct,29,60
qwen/qwen3-next-80b-a3b-instruct,29,54
qwen/qwen3-next-80b-a3b-instruct,29,66
qwen/qwen3-next-80b-a3b-instruct,29,72
qwen/qwen3-next-80b-a3b-instruct,29,65
qwen/qwen3-next-80b-a3b-instruct,28,256
qwen/qwen3-next-80b-a3b-instruct,28,256
qwen/qwen3-next-80b-a3b-instruct,28,256
qwen/qwen3-next-80b-a3b-instruct,28,256
qwen/qwen3-next-80b-a3b-instruct,28,256
qwen/qwen3-next-80b-a3b-instruct,28,256
qwen/qwen3-next-80b-a3b-instruct,28,256
qwen/qwen3-next-80b-a3b-instruct,28,256
qwen/qwen3-next-80b-a3b-instruct,30,219
qwen/qwen3-next-80b-a3b-instruct,30,146
qwen/qwen3-next-80b-a3b-instruct,30,128
qwen/qwen3-next-80b-a3b-instruct,30,143
qwen/qwen3-next-80b-a3b-instruct,30,170
qwen/qwen3-next-80b-a3b-instruct,30,153
qwen/qwen3-next-80b-a3b-instruct,30,237
qwen/qwen3-next-80b-a3b-instruct,30,254
qwen/qwen3-next-80b-a3b-instruct,30,256
qwen/qwen3-next-80b-a3b-instruct,30,256
qwen/qwen3-next-80b-a3b-instruct,30,256
qwen/qwen3-next-80b-a3b-instruct,30,256
qwen/qwen3-next-80b-a3b-instruct,30,256
qwen/qwen3-next-80b-a3b-instruct,30,256
qwen/qwen3-next-80b-a3b-instruct,30,256
qwen/qwen3-next-80b-a3b-instruct,30,256
qwen/qwen3-next-80b-a3b-instruct,36,2
qwen/qwen3-next-80b-a3b-instruct,36,2
qwen/qwen3-next-80b-a3b-instruct,36,2
qwen/qwen3-next-80b-a3b-instruct,36,2
qwen/qwen3-next-80b-a3b-instruct,36,2
qwen/qwen3-next-80b-a3b-instruct,36,2
qwen/qwen3-next-80b-a3b-instruct,36,2
qwen/qwen3-next-80b-a3b-instruct,36,2
qwen/qwen3-next-80b-a3b-instruct,37,2
qwen/qwen3-next-80b-a3b-instruct,37,2
qwen/qwen3-next-80b-a3b-instruct,37,2
qwen/qwen3-next-80b-a3b-instruct,37,2
qwen/qwen3-next-80b-a3b-instruct,37,2
qwen/qwen3-next-80b-a3b-instruct,37,2
qwen/qwen3-next-80b-a3b-instruct,37,2
qwen/qwen3-next-80b-a3b-instruct,37,2
qwen/qwen3-next-80b-a3b-instruct,35,2
qwen/qwen3-next-80b-a3b-instruct,35,2
qwen/qwen3-next-80b-a3b-instruct,35,2
qwen/qwen3-next-80b-a3b-instruct,35,2
qwen/qwen3-next-80b-a3b-instruct,35,2
qwen/qwen3-next-80b-a3b-instruct,35,2
qwen/qwen3-next-80b-a3b-instruct,35,2
qwen/qwen3-next-80b-a3b-instruct,35,2
qwen/qwen3-next-80b-a3b-instruct,36,2
qwen/qwen3-next-80b-a3b-instruct,36,2
qwen/qwen3-next-80b-a3b-instruct,36,2
qwen/qwen3-next-80b-a3b-instruct,36,2
qwen/qwen3-next-80b-a3b-instruct,36,2
qwen/qwen3-next-80b-a3b-instruct,36,2
qwen/qwen3-next-80b-a3b-instruct,36,2
qwen/qwen3-next-80b-a3b-instruct,36,2
qwen/qwen3-next-80b-a3b-instruct,31,2
qwen/qwen3-next-80b-a3b-instruct,31,2
qwen/qwen3-next-80b-a3b-instruct,31,2
qwen/qwen3-next-80b-a3b-instruct,31,2
qwen/qwen3-next-80b-a3b-instruct,31,2
qwen/qwen3-next-80b-a3b-instruct,31,2
qwen/qwen3-next-80b-a3b-instruct,31,2
qwen/qwen3-next-80b-a3b-instruct,31,2
qwen/qwen3-next-80b-a3b-instruct,32,2
qwen/qwen3-next-80b-a3b-instruct,32,2
qwen/qwen3-next-80b-a3b-instruct,32,2
qwen/qwen3-next-80b-a3b-instruct,32,2
qwen/qwen3-next-80b-a3b-instruct,32,2
qwen/qwen3-next-80b-a3b-instruct,32,2
qwen/qwen3-next-80b-a3b-instruct,32,2
qwen/qwen3-next-80b-a3b-instruct,32,2
qwen/qwen3-next-80b-a3b-instruct,31,2
qwen/qwen3-next-80b-a3b-instruct,31,2
qwen/qwen3-next-80b-a3b-instruct,31,2
qwen/qwen3-next-80b-a3b-instruct,31,2
qwen/qwen3-next-80b-a3b-instruct,31,2
qwen/qwen3-next-80b-a3b-instruct,31,2
qwen/qwen3-next-80b-a3b-instruct,31,2
qwen/qwen3-next-80b-a3b-instruct,31,2
qwen/qwen3-next-80b-a3b-instruct,32,2
qwen/qwen3-next-80b-a3b-instruct,32,2
qwen/qwen3-next-80b-a3b-instruct,32,2
qwen/qwen3-next-80b-a3b-instruct,32,2
qwen/qwen3-next-80b-a3b-instruct,32,2
qwen/qwen3-next-80b-a3b-instruct,32,2
qwen/qwen3-next-80b-a3b-instruct,32,2
qwen/qwen3-next-80b-a3b-instruct,32,2
qwen/qwen3-next-80b-a3b-instruct,33,32
qwen/qwen3-next-80b-a3b-instruct,33,32
qwen/qwen3-next-80b-a3b-instruct,33,40
qwen/qwen3-next-80b-a3b-instruct,33,32
qwen/qwen3-next-80b-a3b-instruct,33,32
qwen/qwen3-next-80b-a3b-instruct,33,32
qwen/qwen3-next-80b-a3b-instruct,33,33
qwen/qwen3-next-80b-a3b-instruct,33,33
qwen/qwen3-next-80b-a3b-instruct,33,116
qwen/qwen3-next-80b-a3b-instruct,33,106
qwen/qwen3-next-80b-a3b-instruct,33,132
qwen/qwen3-next-80b-a3b-instruct,33,91
qwen/qwen3-next-80b-a3b-instruct,33,114
qwen/qwen3-next-80b-a3b-instruct,33,113
qwen/qwen3-next-80b-a3b-instruct,33,109
qwen/qwen3-next-80b-a3b-instruct,33,116
qwen/qwen3-next-80b-a3b-instruct,32,60
qwen/qwen3-next-80b-a3b-instruct,32,62
qwen/qwen3-next-80b-a3b-instruct,32,59
qwen/qwen3-next-80b-a3b-instruct,32,60
qwen/qwen3-next-80b-a3b-instruct,32,64
qwen/qwen3-next-80b-a3b-instruct,32,48
qwen/qwen3-next-80b-a3b-instruct,32,43
qwen/qwen3-next-80b-a3b-instruct,32,47
qwen/qwen3-next-80b-a3b-instruct,22,182
qwen/qwen3-next-80b-a3b-instruct,22,255
qwen/qwen3-next-80b-a3b-instruct,22,187
qwen/qwen3-next-80b-a3b-instruct,22,256
qwen/qwen3-next-80b-a3b-instruct,22,207
qwen/qwen3-next-80b-a3b-instruct,22,249
qwen/qwen3-next-80b-a3b-instruct,22,256
qwen/qwen3-next-80b-a3b-instruct,22,235
qwen/qwen3-next-80b-a3b-instruct,26,83
qwen/qwen3-next-80b-a3b-instruct,26,75
qwen/qwen3-next-80b-a3b-instruct,26,92
qwen/qwen3-next-80b-a3b-instruct,26,70
qwen/qwen3-next-80b-a3b-instruct,26,82
qwen/qwen3-next-80b-a3b-instruct,26,82
qwen/qwen3-next-80b-a3b-instruct,26,71
qwen/qwen3-next-80b-a3b-instruct,26,88
qwen/qwen3-next-80b-a3b-instruct,26,256
qwen/qwen3-next-80b-a3b-instruct,26,256
qwen/qwen3-next-80b-a3b-instruct,26,256
qwen/qwen3-next-80b-a3b-instruct,26,256
qwen/qwen3-next-80b-a3b-instruct,26,256
qwen/qwen3-next-80b-a3b-instruct,26,256
qwen/qwen3-next-80b-a3b-instruct,26,256
qwen/qwen3-next-80b-a3b-instruct,26,256
qwen/qwen3-next-80b-a3b-instruct,32,68
qwen/qwen3-next-80b-a3b-instruct,32,64
qwen/qwen3-next-80b-a3b-instruct,32,64
qwen/qwen3-next-80b-a3b-instruct,32,58
qwen/qwen3-next-80b-a3b-instruct,32,58
qwen/qwen3-next-80b-a3b-instruct,32,75
qwen/qwen3-next-80b-a3b-instruct,32,79
qwen/qwen3-next-80b-a3b-instruct,32,66
qwen/qwen3-next-80b-a3b-instruct,28,256
qwen/qwen3-next-80b-a3b-instruct,28,256
qwen/qwen3-next-80b-a3b-instruct,28,256
qwen/qwen3-next-80b-a3b-instruct,28,256
qwen/qwen3-next-80b-a3b-instruct,28,256
qwen/qwen3-next-80b-a3b-instruct,28,256
qwen/qwen3-next-80b-a3b-instruct,28,256
qwen/qwen3-next-80b-a3b-instruct,28,256
qwen/qwen3-next-80b-a3b-instruct,35,84
qwen/qwen3-next-80b-a3b-instruct,35,91
qwen/qwen3-next-80b-a3b-instruct,35,93
qwen/qwen3-next-80b-a3b-instruct,35,99
qwen/qwen3-next-80b-a3b-instruct,35,80
qwen/qwen3-next-80b-a3b-instruct,35,81
qwen/qwen3-next-80b-a3b-instruct,35,94
qwen/qwen3-next-80b-a3b-instruct,35,101
qwen/qwen3-next-80b-a3b-instruct,34,256
qwen/qwen3-next-80b-a3b-instruct,34,256
qwen/qwen3-next-80b-a3b-instruct,34,256
qwen/qwen3-next-80b-a3b-instruct,34,256
qwen/qwen3-next-80b-a3b-instruct,34,256
qwen/qwen3-next-80b-a3b-instruct,34,256
qwen/qwen3-next-80b-a3b-instruct,34,256
qwen/qwen3-next-80b-a3b-instruct,34,256
qwen/qwen3-next-80b-a3b-instruct,28,2
qwen/qwen3-next-80b-a3b-instruct,28,2
qwen/qwen3-next-80b-a3b-instruct,28,2
qwen/qwen3-next-80b-a3b-instruct,28,2
qwen/qwen3-next-80b-a3b-instruct,28,2
qwen/qwen3-next-80b-a3b-instruct,28,2
qwen/qwen3-next-80b-a3b-instruct,28,2
qwen/qwen3-next-80b-a3b-instruct,28,2
qwen/qwen3-next-80b-a3b-instruct,29,2
qwen/qwen3-next-80b-a3b-instruct,29,2
qwen/qwen3-next-80b-a3b-instruct,29,2
qwen/qwen3-next-80b-a3b-instruct,29,2
qwen/qwen3-next-80b-a3b-instruct,29,2
qwen/qwen3-next-80b-a3b-instruct,29,2
qwen/qwen3-next-80b-a3b-instruct,29,2
qwen/qwen3-next-80b-a3b-instruct,29,2
qwen/qwen3-next-80b-a3b-instruct,36,2
qwen/qwen3-next-80b-a3b-instruct,36,2
qwen/qwen3-next-80b-a3b-instruct,36,2
qwen/qwen3-next-80b-a3b-instruct,36,2
qwen/qwen3-next-80b-a3b-instruct,36,2
qwen/qwen3-next-80b-a3b-instruct,36,2
qwen/qwen3-next-80b-a3b-instruct,36,2
qwen/qwen3-next-80b-a3b-instruct,36,2
qwen/qwen3-next-80b-a3b-instruct,36,2
qwen/qwen3-next-80b-a3b-instruct,36,2
qwen/qwen3-next-80b-a3b-instruct,36,2
qwen/qwen3-next-80b-a3b-instruct,36,2
qwen/qwen3-next-80b-a3b-instruct,36,2
qwen/qwen3-next-80b-a3b-instruct,36,2
qwen/qwen3-next-80b-a3b-instruct,36,2
qwen/qwen3-next-80b-a3b-instruct,36,2
qwen/qwen3-next-80b-a3b-instruct,30,2
qwen/qwen3-next-80b-a3b-instruct,30,2
qwen/qwen3-next-80b-a3b-instruct,30,2
qwen/qwen3-next-80b-a3b-instruct,30,2
qwen/qwen3-next-80b-a3b-instruct,30,2
qwen/qwen3-next-80b-a3b-instruct,30,2
qwen/qwen3-next-80b-a3b-instruct,30,2
qwen/qwen3-next-80b-a3b-instruct,30,2
qwen/qwen3-next-80b-a3b-instruct,31,2
qwen/qwen3-next-80b-a3b-instruct,31,2
qwen/qwen3-next-80b-a3b-instruct,31,2
qwen/qwen3-next-80b-a3b-instruct,31,2
qwen/qwen3-next-80b-a3b-instruct,31,2
qwen/qwen3-next-80b-a3b-instruct,31,2
qwen/qwen3-next-80b-a3b-instruct,31,2
qwen/qwen3-next-80b-a3b-instruct,31,2
qwen/qwen3-next-80b-a3b-instruct,28,2
qwen/qwen3-next-80b-a3b-instruct,28,2
qwen/qwen3-next-80b-a3b-instruct,28,2
qwen/qwen3-next-80b-a3b-instruct,28,2
qwen/qwen3-next-80b-a3b-instruct,28,2
qwen/qwen3-next-80b-a3b-instruct,28,2
qwen/qwen3-next-80b-a3b-instruct,28,2
qwen/qwen3-next-80b-a3b-instruct,28,2
qwen/qwen3-next-80b-a3b-instruct,28,2
qwen/qwen3-next-80b-a3b-instruct,28,2
qwen/qwen3-next-80b-a3b-instruct,28,2
qwen/qwen3-next-80b-a3b-instruct,28,2
qwen/qwen3-next-80b-a3b-instruct,28,2
qwen/qwen3-next-80b-a3b-instruct,28,2
qwen/qwen3-next-80b-a3b-instruct,28,2
qwen/qwen3-next-80b-a3b-instruct,28,2
qwen/qwen3-next-80b-a3b-instruct,30,29
qwen/qwen3-next-80b-a3b-instruct,30,29
qwen/qwen3-next-80b-a3b-instruct,30,37
qwen/qwen3-next-80b-a3b-instruct,30,35
qwen/qwen3-next-80b-a3b-instruct,30,36
qwen/qwen3-next-80b-a3b-instruct,30,28
qwen/qwen3-next-80b-a3b-instruct,30,30
qwen/qwen3-next-80b-a3b-instruct,30,38
qwen/qwen3-next-80b-a3b-instruct,34,120
qwen/qwen3-next-80b-a3b-instruct,34,112
qwen/qwen3-next-80b-a3b-instruct,34,123
qwen/qwen3-next-80b-a3b-instruct,34,147
qwen/qwen3-next-80b-a3b-instruct,34,118
qwen/qwen3-next-80b-a3b-instruct,34,120
qwen/qwen3-next-80b-a3b-instruct,34,130
qwen/qwen3-next-80b-a3b-instruct,34,119
qwen/qwen3-next-80b-a3b-instruct,36,92
qwen/qwen3-next-80b-a3b-instruct,36,115
qwen/qwen3-next-80b-a3b-instruct,36,96
qwen/qwen3-next-80b-a3b-instruct,36,104
qwen/qwen3-next-80b-a3b-instruct,36,85
qwen/qwen3-next-80b-a3b-instruct,36,92
qwen/qwen3-next-80b-a3b-instruct,36,90
qwen/qwen3-next-80b-a3b-instruct,36,104
qwen/qwen3-next-80b-a3b-instruct,24,256
qwen/qwen3-next-80b-a3b-instruct,24,256
qwen/qwen3-next-80b-a3b-instruct,24,256
qwen/qwen3-next-80b-a3b-instruct,24,256
qwen/qwen3-next-80b-a3b-instruct,24,256
qwen/qwen3-next-80b-a3b-instruct,24,256
qwen/qwen3-next-80b-a3b-instruct,24,256
qwen/qwen3-next-80b-a3b-instruct,24,256
qwen/qwen3-next-80b-a3b-instruct,25,68
qwen/qwen3-next-80b-a3b-instruct,25,63
qwen/qwen3-next-80b-a3b-instruct,25,63
qwen/qwen3-next-80b-a3b-instruct,25,62
qwen/qwen3-next-80b-a3b-instruct,25,71
qwen/qwen3-next-80b-a3b-instruct,25,60
qwen/qwen3-next-80b-a3b-instruct,25,65
qwen/qwen3-next-80b-a3b-instruct,25,61
qwen/qwen3-next-80b-a3b-instruct,25,256
qwen/qwen3-next-80b-a3b-instruct,25,256
qwen/qwen3-next-80b-a3b-instruct,25,256
qwen/qwen3-next-80b-a3b-instruct,25,256
qwen/qwen3-next-80b-a3b-instruct,25,256
qwen/qwen3-next-80b-a3b-instruct,25,256
qwen/qwen3-next-80b-a3b-instruct,25,256
qwen/qwen3-next-80b-a3b-instruct,25,256
qwen/qwen3-next-80b-a3b-instruct,32,85
qwen/qwen3-next-80b-a3b-instruct,32,59
qwen/qwen3-next-80b-a3b-instruct,32,57
qwen/qwen3-next-80b-a3b-instruct,32,70
qwen/qwen3-next-80b-a3b-instruct,32,75
qwen/qwen3-next-80b-a3b-instruct,32,71
qwen/qwen3-next-80b-a3b-instruct,32,83
qwen/qwen3-next-80b-a3b-instruct,32,60
qwen/qwen3-next-80b-a3b-instruct,31,256
qwen/qwen3-next-80b-a3b-instruct,31,256
qwen/qwen3-next-80b-a3b-instruct,31,256
qwen/qwen3-next-80b-a3b-instruct,31,256
qwen/qwen3-next-80b-a3b-instruct,31,256
qwen/qwen3-next-80b-a3b-instruct,31,256
qwen/qwen3-next-80b-a3b-instruct,31,256
qwen/qwen3-next-80b-a3b-instruct,31,256
qwen/qwen3-next-80b-a3b-instruct,33,121
qwen/qwen3-next-80b-a3b-instruct,33,132
qwen/qwen3-next-80b-a3b-instruct,33,122
qwen/qwen3-next-80b-a3b-instruct,33,134
qwen/qwen3-next-80b-a3b-instruct,33,123
qwen/qwen3-next-80b-a3b-instruct,33,119
qwen/qwen3-next-80b-a3b-instruct,33,110
qwen/qwen3-next-80b-a3b-instruct,33,121
qwen/qwen3-next-80b-a3b-instruct,33,256
qwen/qwen3-next-80b-a3b-instruct,33,256
qwen/qwen3-next-80b-a3b-instruct,33,256
qwen/qwen3-next-80b-a3b-instruct,33,256
qwen/qwen3-next-80b-a3b-instruct,33,256
qwen/qwen3-next-80b-a3b-instruct,33,256
qwen/qwen3-next-80b-a3b-instruct,33,256
qwen/qwen3-next-80b-a3b-instruct,33,256
qwen/qwen3-next-80b-a3b-instruct,39,2
qwen/qwen3-next-80b-a3b-instruct,39,2
qwen/qwen3-next-80b-a3b-instruct,39,2
qwen/qwen3-next-80b-a3b-instruct,39,2
qwen/qwen3-next-80b-a3b-instruct,39,2
qwen/qwen3-next-80b-a3b-instruct,39,2
qwen/qwen3-next-80b-a3b-instruct,39,2
qwen/qwen3-next-80b-a3b-instruct,39,2
qwen/qwen3-next-80b-a3b-instruct,40,2
qwen/qwen3-next-80b-a3b-instruct,40,2
qwen/qwen3-next-80b-a3b-instruct,40,2
qwen/qwen3-next-80b-a3b-instruct,40,2
qwen/qwen3-next-80b-a3b-instruct,40,2
qwen/qwen3-next-80b-a3b-instruct,40,2
qwen/qwen3-next-80b-a3b-instruct,40,2
qwen/qwen3-next-80b-a3b-instruct,40,2
qwen/qwen3-next-80b-a3b-instruct,38,2
qwen/qwen3-next-80b-a3b-instruct,38,2
qwen/qwen3-next-80b-a3b-instruct,38,2
qwen/qwen3-next-80b-a3b-instruct,38,2
qwen/qwen3-next-80b-a3b-instruct,38,2
qwen/qwen3-next-80b-a3b-instruct,38,2
qwen/qwen3-next-80b-a3b-instruct,38,2
qwen/qwen3-next-80b-a3b-instruct,38,2
qwen/qwen3-next-80b-a3b-instruct,39,2
qwen/qwen3-next-80b-a3b-instruct,39,2
qwen/qwen3-next-80b-a3b-instruct,39,2
qwen/qwen3-next-80b-a3b-instruct,39,2
qwen/qwen3-next-80b-a3b-instruct,39,2
qwen/qwen3-next-80b-a3b-instruct,39,2
qwen/qwen3-next-80b-a3b-instruct,39,2
qwen/qwen3-next-80b-a3b-instruct,39,2
qwen/qwen3-next-80b-a3b-instruct,34,2
qwen/qwen3-next-80b-a3b-instruct,34,2
qwen/qwen3-next-80b-a3b-instruct,34,2
qwen/qwen3-next-80b-a3b-instruct,34,2
qwen/qwen3-next-80b-a3b-instruct,34,2
qwen/qwen3-next-80b-a3b-instruct,34,2
qwen/qwen3-next-80b-a3b-instruct,34,2
qwen/qwen3-next-80b-a3b-instruct,34,2
qwen/qwen3-next-80b-a3b-instruct,35,2
qwen/qwen3-next-80b-a3b-instruct,35,2
qwen/qwen3-next-80b-a3b-instruct,35,2
qwen/qwen3-next-80b-a3b-instruct,35,2
qwen/qwen3-next-80b-a3b-instruct,35,2
qwen/qwen3-next-80b-a3b-instruct,35,2
qwen/qwen3-next-80b-a3b-instruct,35,2
qwen/qwen3-next-80b-a3b-instruct,35,2
qwen/qwen3-next-80b-a3b-instruct,34,2
qwen/qwen3-next-80b-a3b-instruct,34,2
qwen/qwen3-next-80b-a3b-instruct,34,2
qwen/qwen3-next-80b-a3b-instruct,34,2
qwen/qwen3-next-80b-a3b-instruct,34,2
qwen/qwen3-next-80b-a3b-instruct,34,2
qwen/qwen3-next-80b-a3b-instruct,34,2
qwen/qwen3-next-80b-a3b-instruct,34,2
qwen/qwen3-next-80b-a3b-instruct,35,2
qwen/qwen3-next-80b-a3b-instruct,35,2
qwen/qwen3-next-80b-a3b-instruct,35,2
qwen/qwen3-next-80b-a3b-instruct,35,2
qwen/qwen3-next-80b-a3b-instruct,35,2
qwen/qwen3-next-80b-a3b-instruct,35,2
qwen/qwen3-next-80b-a3b-instruct,35,2
qwen/qwen3-next-80b-a3b-instruct,35,2
qwen/qwen3-next-80b-a3b-instruct,31,29
qwen/qwen3-next-80b-a3b-instruct,31,43
qwen/qwen3-next-80b-a3b-instruct,31,39
qwen/qwen3-next-80b-a3b-instruct,31,39
qwen/qwen3-next-80b-a3b-instruct,31,45
qwen/qwen3-next-80b-a3b-instruct,31,44
qwen/qwen3-next-80b-a3b-instruct,31,38
qwen/qwen3-next-80b-a3b-instruct,31,28
qwen/qwen3-next-80b-a3b-instruct,31,131
qwen/qwen3-next-80b-a3b-instruct,31,150
qwen/qwen3-next-80b-a3b-instruct,31,155
qwen/qwen3-next-80b-a3b-instruct,31,149
qwen/qwen3-next-80b-a3b-instruct,31,144
qwen/qwen3-next-80b-a3b-instruct,31,128
qwen/qwen3-next-80b-a3b-instruct,31,141
qwen/qwen3-next-80b-a3b-instruct,31,134
qwen/qwen3-next-80b-a3b-instruct,30,75
qwen/qwen3-next-80b-a3b-instruct,30,90
qwen/qwen3-next-80b-a3b-instruct,30,73
qwen/qwen3-next-80b-a3b-instruct,30,80
qwen/qwen3-next-80b-a3b-instruct,30,73
qwen/qwen3-next-80b-a3b-instruct,30,80
qwen/qwen3-next-80b-a3b-instruct,30,86
qwen/qwen3-next-80b-a3b-instruct,30,69
qwen/qwen3-next-80b-a3b-instruct,20,156
qwen/qwen3-next-80b-a3b-instruct,20,173
qwen/qwen3-next-80b-a3b-instruct,20,149
qwen/qwen3-next-80b-a3b-instruct,20,145
qwen/qwen3-next-80b-a3b-instruct,20,131
qwen/qwen3-next-80b-a3b-instruct,20,122
qwen/qwen3-next-80b-a3b-instruct,20,192
qwen/qwen3-next-80b-a3b-instruct,20,143
qwen/qwen3-next-80b-a3b-instruct,24,60
qwen/qwen3-next-80b-a3b-instruct,24,71
qwen/qwen3-next-80b-a3b-instruct,24,78
qwen/qwen3-next-80b-a3b-instruct,24,72
qwen/qwen3-next-80b-a3b-instruct,24,65
qwen/qwen3-next-80b-a3b-instruct,24,59
qwen/qwen3-next-80b-a3b-instruct,24,72
qwen/qwen3-next-80b-a3b-instruct,24,64
qwen/qwen3-next-80b-a3b-instruct,24,256
qwen/qwen3-next-80b-a3b-instruct,24,256
qwen/qwen3-next-80b-a3b-instruct,24,256
qwen/qwen3-next-80b-a3b-instruct,24,256
qwen/qwen3-next-80b-a3b-instruct,24,256
qwen/qwen3-next-80b-a3b-instruct,24,256
qwen/qwen3-next-80b-a3b-instruct,24,256
qwen/qwen3-next-80b-a3b-instruct,24,256
qwen/qwen3-next-80b-a3b-instruct,30,57
qwen/qwen3-next-80b-a3b-instruct,30,53
qwen/qwen3-next-80b-a3b-instruct,30,65
qwen/qwen3-next-80b-a3b-instruct,30,56
qwen/qwen3-next-80b-a3b-instruct,30,61
qwen/qwen3-next-80b-a3b-instruct,30,70
qwen/qwen3-next-80b-a3b-instruct,30,54
qwen/qwen3-next-80b-a3b-instruct,30,65
qwen/qwen3-next-80b-a3b-instruct,26,256
qwen/qwen3-next-80b-a3b-instruct,26,256
qwen/qwen3-next-80b-a3b-instruct,26,256
qwen/qwen3-next-80b-a3b-instruct,26,256
qwen/qwen3-next-80b-a3b-instruct,26,256
qwen/qwen3-next-80b-a3b-instruct,26,256
qwen/qwen3-next-80b-a3b-instruct,26,256
qwen/qwen3-next-80b-a3b-instruct,26,256
qwen/qwen3-next-80b-a3b-instruct,33,117
qwen/qwen3-next-80b-a3b-instruct,33,93
qwen/qwen3-next-80b-a3b-instruct,33,102
qwen/qwen3-next-80b-a3b-instruct,33,112
qwen/qwen3-next-80b-a3b-instruct,33,124
qwen/qwen3-next-80b-a3b-instruct,33,105
qwen/qwen3-next-80b-a3b-instruct,33,119
qwen/qwen3-next-80b-a3b-instruct,33,123
qwen/qwen3-next-80b-a3b-instruct,32,256
qwen/qwen3-next-80b-a3b-instruct,32,256
qwen/qwen3-next-80b-a3b-instruct,32,256
qwen/qwen3-next-80b-a3b-instruct,32,256
qwen/qwen3-next-80b-a3b-instruct,32,256
qwen/qwen3-next-80b-a3b-instruct,32,256
qwen/qwen3-next-80b-a3b-instruct,32,256
qwen/qwen3-next-80b-a3b-instruct,32,256
qwen/qwen3-next-80b-a3b-instruct,29,2
qwen/qwen3-next-80b-a3b-instruct,29,2
qwen/qwen3-next-80b-a3b-instruct,29,2
qwen/qwen3-next-80b-a3b-instruct,29,2
qwen/qwen3-next-80b-a3b-instruct,29,2
qwen/qwen3-next-80b-a3b-instruct,29,2
qwen/qwen3-next-80b-a3b-instruct,29,2
qwen/qwen3-next-80b-a3b-instruct,29,2
qwen/qwen3-next-80b-a3b-instruct,30,2
qwen/qwen3-next-80b-a3b-instruct,30,2
qwen/qwen3-next-80b-a3b-instruct,30,2
qwen/qwen3-next-80b-a3b-instruct,30,2
qwen/qwen3-next-80b-a3b-instruct,30,2
qwen/qwen3-next-80b-a3b-instruct,30,2
qwen/qwen3-next-80b-a3b-instruct,30,2
qwen/qwen3-next-80b-a3b-instruct,30,2
qwen/qwen3-next-80b-a3b-instruct,37,2
qwen/qwen3-next-80b-a3b-instruct,37,2
qwen/qwen3-next-80b-a3b-instruct,37,2
qwen/qwen3-next-80b-a3b-instruct,37,2
qwen/qwen3-next-80b-a3b-instruct,37,2
qwen/qwen3-next-80b-a3b-instruct,37,2
qwen/qwen3-next-80b-a3b-instruct,37,2
qwen/qwen3-next-80b-a3b-instruct,37,2
qwen/qwen3-next-80b-a3b-instruct,37,2
qwen/qwen3-next-80b-a3b-instruct,37,2
qwen/qwen3-next-80b-a3b-instruct,37,2
qwen/qwen3-next-80b-a3b-instruct,37,2
qwen/qwen3-next-80b-a3b-instruct,37,2
qwen/qwen3-next-80b-a3b-instruct,37,2
qwen/qwen3-next-80b-a3b-instruct,37,2
qwen/qwen3-next-80b-a3b-instruct,37,2
qwen/qwen3-next-80b-a3b-instruct,31,2
qwen/qwen3-next-80b-a3b-instruct,31,2
qwen/qwen3-next-80b-a3b-instruct,31,2
qwen/qwen3-next-80b-a3b-instruct,31,2
qwen/qwen3-next-80b-a3b-instruct,31,2
qwen/qwen3-next-80b-a3b-instruct,31,2
qwen/qwen3-next-80b-a3b-instruct,31,2
qwen/qwen3-next-80b-a3b-instruct,31,2
qwen/qwen3-next-80b-a3b-instruct,32,2
qwen/qwen3-next-80b-a3b-instruct,32,2
qwen/qwen3-next-80b-a3b-instruct,32,2
qwen/qwen3-next-80b-a3b-instruct,32,2
qwen/qwen3-next-80b-a3b-instruct,32,2
qwen/qwen3-next-80b-a3b-instruct,32,2
qwen/qwen3-next-80b-a3b-instruct,32,2
qwen/qwen3-next-80b-a3b-instruct,32,2
qwen/qwen3-next-80b-a3b-instruct,29,2
qwen/qwen3-next-80b-a3b-instruct,29,2
qwen/qwen3-next-80b-a3b-instruct,29,2
qwen/qwen3-next-80b-a3b-instruct,29,2
qwen/qwen3-next-80b-a3b-instruct,29,2
qwen/qwen3-next-80b-a3b-instruct,29,2
qwen/qwen3-next-80b-a3b-instruct,29,2
qwen/qwen3-next-80b-a3b-instruct,29,2
qwen/qwen3-next-80b-a3b-instruct,29,2
qwen/qwen3-next-80b-a3b-instruct,29,2
qwen/qwen3-next-80b-a3b-instruct,29,2
qwen/qwen3-next-80b-a3b-instruct,29,2
qwen/qwen3-next-80b-a3b-instruct,29,2
qwen/qwen3-next-80b-a3b-instruct,29,2
qwen/qwen3-next-80b-a3b-instruct,29,2
qwen/qwen3-next-80b-a3b-instruct,29,2
qwen/qwen3-next-80b-a3b-instruct,28,34
qwen/qwen3-next-80b-a3b-instruct,28,34
qwen/qwen3-next-80b-a3b-instruct,28,37
qwen/qwen3-next-80b-a3b-instruct,28,37
qwen/qwen3-next-80b-a3b-instruct,28,34
qwen/qwen3-next-80b-a3b-instruct,28,35
qwen/qwen3-next-80b-a3b-instruct,28,35
qwen/qwen3-next-80b-a3b-instruct,28,37
qwen/qwen3-next-80b-a3b-instruct,32,145
qwen/qwen3-next-80b-a3b-instruct,32,138
qwen/qwen3-next-80b-a3b-instruct,32,143
qwen/qwen3-next-80b-a3b-instruct,32,139
qwen/qwen3-next-80b-a3b-instruct,32,156
qwen/qwen3-next-80b-a3b-instruct,32,148
qwen/qwen3-next-80b-a3b-instruct,32,141
qwen/qwen3-next-80b-a3b-instruct,32,150
qwen/qwen3-next-80b-a3b-instruct,34,124
qwen/qwen3-next-80b-a3b-instruct,34,95
qwen/qwen3-next-80b-a3b-instruct,34,97
qwen/qwen3-next-80b-a3b-instruct,34,98
qwen/qwen3-next-80b-a3b-instruct,34,84
qwen/qwen3-next-80b-a3b-instruct,34,111
qwen/qwen3-next-80b-a3b-instruct,34,102
qwen/qwen3-next-80b-a3b-instruct,34,106
qwen/qwen3-next-80b-a3b-instruct,22,256
qwen/qwen3-next-80b-a3b-instruct,22,256
qwen/qwen3-next-80b-a3b-instruct,22,256
qwen/qwen3-next-80b-a3b-instruct,22,256
qwen/qwen3-next-80b-a3b-instruct,22,256
qwen/qwen3-next-80b-a3b-instruct,22,256
qwen/qwen3-next-80b-a3b-instruct,22,256
qwen/qwen3-next-80b-a3b-instruct,22,256
qwen/qwen3-next-80b-a3b-instruct,23,74
qwen/qwen3-next-80b-a3b-instruct,23,62
qwen/qwen3-next-80b-a3b-instruct,23,73
qwen/qwen3-next-80b-a3b-instruct,23,65
qwen/qwen3-next-80b-a3b-instruct,23,73
qwen/qwen3-next-80b-a3b-instruct,23,62
qwen/qwen3-next-80b-a3b-instruct,23,73
qwen/qwen3-next-80b-a3b-instruct,23,78
qwen/qwen3-next-80b-a3b-instruct,23,256
qwen/qwen3-next-80b-a3b-instruct,23,256
qwen/qwen3-next-80b-a3b-instruct,23,256
qwen/qwen3-next-80b-a3b-instruct,23,256
qwen/qwen3-next-80b-a3b-instruct,23,256
qwen/qwen3-next-80b-a3b-instruct,23,256
qwen/qwen3-next-80b-a3b-instruct,23,256
qwen/qwen3-next-80b-a3b-instruct,23,256
qwen/qwen3-next-80b-a3b-instruct,30,58
qwen/qwen3-next-80b-a3b-instruct,30,62
qwen/qwen3-next-80b-a3b-instruct,30,58
qwen/qwen3-next-80b-a3b-instruct,30,55
qwen/qwen3-next-80b-a3b-instruct,30,62
qwen/qwen3-next-80b-a3b-instruct,30,53
qwen/qwen3-next-80b-a3b-instruct,30,63
qwen/qwen3-next-80b-a3b-instruct,30,59
qwen/qwen3-next-80b-a3b-instruct,29,256
qwen/qwen3-next-80b-a3b-instruct,29,256
qwen/qwen3-next-80b-a3b-instruct,29,256
qwen/qwen3-next-80b-a3b-instruct,29,256
qwen/qwen3-next-80b-a3b-instruct,29,256
qwen/qwen3-next-80b-a3b-instruct,29,256
qwen/qwen3-next-80b-a3b-instruct,29,256
qwen/qwen3-next-80b-a3b-instruct,29,256
qwen/qwen3-next-80b-a3b-instruct,31,126
qwen/qwen3-next-80b-a3b-instruct,31,127
qwen/qwen3-next-80b-a3b-instruct,31,115
qwen/qwen3-next-80b-a3b-instruct,31,107
qwen/qwen3-next-80b-a3b-instruct,31,131
qwen/qwen3-next-80b-a3b-instruct,31,135
qwen/qwen3-next-80b-a3b-instruct,31,134
qwen/qwen3-next-80b-a3b-instruct,31,121
qwen/qwen3-next-80b-a3b-instruct,31,256
qwen/qwen3-next-80b-a3b-instruct,31,256
qwen/qwen3-next-80b-a3b-instruct,31,256
qwen/qwen3-next-80b-a3b-instruct,31,256
qwen/qwen3-next-80b-a3b-instruct,31,256
qwen/qwen3-next-80b-a3b-instruct,31,256
qwen/qwen3-next-80b-a3b-instruct,31,256
qwen/qwen3-next-80b-a3b-instruct,31,256
qwen/qwen3-next-80b-a3b-instruct,39,2
qwen/qwen3-next-80b-a3b-instruct,39,2
qwen/qwen3-next-80b-a3b-instruct,39,2
qwen/qwen3-next-80b-a3b-instruct,39,2
qwen/qwen3-next-80b-a3b-instruct,39,2
qwen/qwen3-next-80b-a3b-instruct,39,2
qwen/qwen3-next-80b-a3b-instruct,39,2
qwen/qwen3-next-80b-a3b-instruct,39,2
qwen/qwen3-next-80b-a3b-instruct,40,2
qwen/qwen3-next-80b-a3b-instruct,40,2
qwen/qwen3-next-80b-a3b-instruct,40,2
qwen/qwen3-next-80b-a3b-instruct,40,2
qwen/qwen3-next-80b-a3b-instruct,40,2
qwen/qwen3-next-80b-a3b-instruct,40,2
qwen/qwen3-next-80b-a3b-instruct,40,2
qwen/qwen3-next-80b-a3b-instruct,40,2
qwen/qwen3-next-80b-a3b-instruct,38,2
qwen/qwen3-next-80b-a3b-instruct,38,2
qwen/qwen3-next-80b-a3b-instruct,38,2
qwen/qwen3-next-80b-a3b-instruct,38,2
qwen/qwen3-next-80b-a3b-instruct,38,2
qwen/qwen3-next-80b-a3b-instruct,38,2
qwen/qwen3-next-80b-a3b-instruct,38,2
qwen/qwen3-next-80b-a3b-instruct,38,2
qwen/qwen3-next-80b-a3b-instruct,39,2
qwen/qwen3-next-80b-a3b-instruct,39,2
qwen/qwen3-next-80b-a3b-instruct,39,2
qwen/qwen3-next-80b-a3b-instruct,39,2
qwen/qwen3-next-80b-a3b-instruct,39,2
qwen/qwen3-next-80b-a3b-instruct,39,2
qwen/qwen3-next-80b-a3b-instruct,39,2
qwen/qwen3-next-80b-a3b-instruct,39,2
qwen/qwen3-next-80b-a3b-instruct,34,2
qwen/qwen3-next-80b-a3b-instruct,34,2
qwen/qwen3-next-80b-a3b-instruct,34,2
qwen/qwen3-next-80b-a3b-instruct,34,2
qwen/qwen3-next-80b-a3b-instruct,34,2
qwen/qwen3-next-80b-a3b-instruct,34,2
qwen/qwen3-next-80b-a3b-instruct,34,2
qwen/qwen3-next-80b-a3b-instruct,34,2
qwen/qwen3-next-80b-a3b-instruct,35,2
qwen/qwen3-next-80b-a3b-instruct,35,2
qwen/qwen3-next-80b-a3b-instruct,35,2
qwen/qwen3-next-80b-a3b-instruct,35,2
qwen/qwen3-next-80b-a3b-instruct,35,2
qwen/qwen3-next-80b-a3b-instruct,35,2
qwen/qwen3-next-80b-a3b-instruct,35,2
qwen/qwen3-next-80b-a3b-instruct,35,2
qwen/qwen3-next-80b-a3b-instruct,34,2
qwen/qwen3-next-80b-a3b-instruct,34,2
qwen/qwen3-next-80b-a3b-instruct,34,2
qwen/qwen3-next-80b-a3b-instruct,34,2
qwen/qwen3-next-80b-a3b-instruct,34,2
qwen/qwen3-next-80b-a3b-instruct,34,2
qwen/qwen3-next-80b-a3b-instruct,34,2
qwen/qwen3-next-80b-a3b-instruct,34,2
qwen/qwen3-next-80b-a3b-instruct,35,2
qwen/qwen3-next-80b-a3b-instruct,35,2
qwen/qwen3-next-80b-a3b-instruct,35,2
qwen/qwen3-next-80b-a3b-instruct,35,2
qwen/qwen3-next-80b-a3b-instruct,35,2
qwen/qwen3-next-80b-a3b-instruct,35,2
qwen/qwen3-next-80b-a3b-instruct,35,2
qwen/qwen3-next-80b-a3b-instruct,35,2
qwen/qwen3-next-80b-a3b-instruct,31,28
qwen/qwen3-next-80b-a3b-instruct,31,34
qwen/qwen3-next-80b-a3b-instruct,31,33
qwen/qwen3-next-80b-a3b-instruct,31,28
qwen/qwen3-next-80b-a3b-instruct,31,33
qwen/qwen3-next-80b-a3b-instruct,31,33
qwen/qwen3-next-80b-a3b-instruct,31,33
qwen/qwen3-next-80b-a3b-instruct,31,28
qwen/qwen3-next-80b-a3b-instruct,31,102
qwen/qwen3-next-80b-a3b-instruct,31,112
qwen/qwen3-next-80b-a3b-instruct,31,103
qwen/qwen3-next-80b-a3b-instruct,31,108
qwen/qwen3-next-80b-a3b-instruct,31,113
qwen/qwen3-next-80b-a3b-instruct,31,103
qwen/qwen3-next-80b-a3b-instruct,31,111
qwen/qwen3-next-80b-a3b-instruct,31,111
qwen/qwen3-next-80b-a3b-instruct,30,58
qwen/qwen3-next-80b-a3b-instruct,30,61
qwen/qwen3-next-80b-a3b-instruct,30,66
qwen/qwen3-next-80b-a3b-instruct,30,68
qwen/qwen3-next-80b-a3b-instruct,30,49
qwen/qwen3-next-80b-a3b-instruct,30,60
qwen/qwen3-next-80b-a3b-instruct,30,66
qwen/qwen3-next-80b-a3b-instruct,30,66
qwen/qwen3-next-80b-a3b-instruct,20,211
qwen/qwen3-next-80b-a3b-instruct,20,190
qwen/qwen3-next-80b-a3b-instruct,20,190
qwen/qwen3-next-80b-a3b-instruct,20,223
qwen/qwen3-next-80b-a3b-instruct,20,197
qwen/qwen3-next-80b-a3b-instruct,20,206
qwen/qwen3-next-80b-a3b-instruct,20,217
qwen/qwen3-next-80b-a3b-instruct,20,207
qwen/qwen3-next-80b-a3b-instruct,24,77
qwen/qwen3-next-80b-a3b-instruct,24,75
qwen/qwen3-next-80b-a3b-instruct,24,79
qwen/qwen3-next-80b-a3b-instruct,24,75
qwen/qwen3-next-80b-a3b-instruct,24,78
qwen/qwen3-next-80b-a3b-instruct,24,77
qwen/qwen3-next-80b-a3b-instruct,24,73
qwen/qwen3-next-80b-a3b-instruct,24,79
qwen/qwen3-next-80b-a3b-instruct,24,256
qwen/qwen3-next-80b-a3b-instruct,24,256
qwen/qwen3-next-80b-a3b-instruct,24,256
qwen/qwen3-next-80b-a3b-instruct,24,256
qwen/qwen3-next-80b-a3b-instruct,24,256
qwen/qwen3-next-80b-a3b-instruct,24,256
qwen/qwen3-next-80b-a3b-instruct,24,256
qwen/qwen3-next-80b-a3b-instruct,24,256
qwen/qwen3-next-80b-a3b-instruct,30,60
qwen/qwen3-next-80b-a3b-instruct,30,54
qwen/qwen3-next-80b-a3b-instruct,30,60
qwen/qwen3-next-80b-a3b-instruct,30,64
qwen/qwen3-next-80b-a3b-instruct,30,61
qwen/qwen3-next-80b-a3b-instruct,30,59
qwen/qwen3-next-80b-a3b-instruct,30,63
qwen/qwen3-next-80b-a3b-instruct,30,65
qwen/qwen3-next-80b-a3b-instruct,26,256
qwen/qwen3-next-80b-a3b-instruct,26,256
qwen/qwen3-next-80b-a3b-instruct,26,256
qwen/qwen3-next-80b-a3b-instruct,26,256
qwen/qwen3-next-80b-a3b-instruct,26,256
qwen/qwen3-next-80b-a3b-instruct,26,256
qwen/qwen3-next-80b-a3b-instruct,26,256
qwen/qwen3-next-80b-a3b-instruct,26,256
qwen/qwen3-next-80b-a3b-instruct,33,91
qwen/qwen3-next-80b-a3b-instruct,33,92
qwen/qwen3-next-80b-a3b-instruct,33,95
qwen/qwen3-next-80b-a3b-instruct,33,98
qwen/qwen3-next-80b-a3b-instruct,33,101
qwen/qwen3-next-80b-a3b-instruct,33,94
qwen/qwen3-next-80b-a3b-instruct,33,109
qwen/qwen3-next-80b-a3b-instruct,33,92
qwen/qwen3-next-80b-a3b-instruct,32,256
qwen/qwen3-next-80b-a3b-instruct,32,256
qwen/qwen3-next-80b-a3b-instruct,32,256
qwen/qwen3-next-80b-a3b-instruct,32,256
qwen/qwen3-next-80b-a3b-instruct,32,256
qwen/qwen3-next-80b-a3b-instruct,32,256
qwen/qwen3-next-80b-a3b-instruct,32,256
qwen/qwen3-next-80b-a3b-instruct,32,256
qwen/qwen3-next-80b-a3b-instruct,28,2
qwen/qwen3-next-80b-a3b-instruct,28,2
qwen/qwen3-next-80b-a3b-instruct,28,2
qwen/qwen3-next-80b-a3b-instruct,28,2
qwen/qwen3-next-80b-a3b-instruct,28,2
qwen/qwen3-next-80b-a3b-instruct,28,2
qwen/qwen3-next-80b-a3b-instruct,28,2
qwen/qwen3-next-80b-a3b-instruct,28,2
qwen/qwen3-next-80b-a3b-instruct,29,2
qwen/qwen3-next-80b-a3b-instruct,29,2
qwen/qwen3-next-80b-a3b-instruct,29,2
qwen/qwen3-next-80b-a3b-instruct,29,2
qwen/qwen3-next-80b-a3b-instruct,29,2
qwen/qwen3-next-80b-a3b-instruct,29,2
qwen/qwen3-next-80b-a3b-instruct,29,2
qwen/qwen3-next-80b-a3b-instruct,29,2
qwen/qwen3-next-80b-a3b-instruct,36,2
qwen/qwen3-next-80b-a3b-instruct,36,2
qwen/qwen3-next-80b-a3b-instruct,36,2
qwen/qwen3-next-80b-a3b-instruct,36,2
qwen/qwen3-next-80b-a3b-instruct,36,2
qwen/qwen3-next-80b-a3b-instruct,36,2
qwen/qwen3-next-80b-a3b-instruct,36,2
qwen/qwen3-next-80b-a3b-instruct,36,2
qwen/qwen3-next-80b-a3b-instruct,36,2
qwen/qwen3-next-80b-a3b-instruct,36,2
qwen/qwen3-next-80b-a3b-instruct,36,2
qwen/qwen3-next-80b-a3b-instruct,36,2
qwen/qwen3-next-80b-a3b-instruct,36,2
qwen/qwen3-next-80b-a3b-instruct,36,2
qwen/qwen3-next-80b-a3b-instruct,36,2
qwen/qwen3-next-80b-a3b-instruct,36,2
qwen/qwen3-next-80b-a3b-instruct,30,2
qwen/qwen3-next-80b-a3b-instruct,30,2
qwen/qwen3-next-80b-a3b-instruct,30,2
qwen/qwen3-next-80b-a3b-instruct,30,2
qwen/qwen3-next-80b-a3b-instruct,30,2
qwen/qwen3-next-80b-a3b-instruct,30,2
qwen/qwen3-next-80b-a3b-instruct,30,2
qwen/qwen3-next-80b-a3b-instruct,30,2
qwen/qwen3-next-80b-a3b-instruct,31,2
qwen/qwen3-next-80b-a3b-instruct,31,2
qwen/qwen3-next-80b-a3b-instruct,31,2
qwen/qwen3-next-80b-a3b-instruct,31,2
qwen/qwen3-next-80b-a3b-instruct,31,2
qwen/qwen3-next-80b-a3b-instruct,31,2
qwen/qwen3-next-80b-a3b-instruct,31,2
qwen/qwen3-next-80b-a3b-instruct,31,2
qwen/qwen3-next-80b-a3b-instruct,28,2
qwen/qwen3-next-80b-a3b-instruct,28,2
qwen/qwen3-next-80b-a3b-instruct,28,2
qwen/qwen3-next-80b-a3b-instruct,28,2
qwen/qwen3-next-80b-a3b-instruct,28,2
qwen/qwen3-next-80b-a3b-instruct,28,2
qwen/qwen3-next-80b-a3b-instruct,28,2
qwen/qwen3-next-80b-a3b-instruct,28,2
qwen/qwen3-next-80b-a3b-instruct,28,2
qwen/qwen3-next-80b-a3b-instruct,28,2
qwen/qwen3-next-80b-a3b-instruct,28,2
qwen/qwen3-next-80b-a3b-instruct,28,2
qwen/qwen3-next-80b-a3b-instruct,28,2
qwen/qwen3-next-80b-a3b-instruct,28,2
qwen/qwen3-next-80b-a3b-instruct,28,2
qwen/qwen3-next-80b-a3b-instruct,28,2
qwen/qwen3-next-80b-a3b-instruct,28,36
qwen/qwen3-next-80b-a3b-instruct,28,33
qwen/qwen3-next-80b-a3b-instruct,28,37
qwen/qwen3-next-80b-a3b-instruct,28,38
qwen/qwen3-next-80b-a3b-instruct,28,26
qwen/qwen3-next-80b-a3b-instruct,28,33
qwen/qwen3-next-80b-a3b-instruct,28,36
qwen/qwen3-next-80b-a3b-instruct,28,30
qwen/qwen3-next-80b-a3b-instruct,32,114
qwen/qwen3-next-80b-a3b-instruct,32,117
qwen/qwen3-next-80b-a3b-instruct,32,131
qwen/qwen3-next-80b-a3b-instruct,32,132
qwen/qwen3-next-80b-a3b-instruct,32,139
qwen/qwen3-next-80b-a3b-instruct,32,113
qwen/qwen3-next-80b-a3b-instruct,32,119
qwen/qwen3-next-80b-a3b-instruct,32,139
qwen/qwen3-next-80b-a3b-instruct,34,120
qwen/qwen3-next-80b-a3b-instruct,34,104
qwen/qwen3-next-80b-a3b-instruct,34,117
qwen/qwen3-next-80b-a3b-instruct,34,97
qwen/qwen3-next-80b-a3b-instruct,34,119
qwen/qwen3-next-80b-a3b-instruct,34,119
qwen/qwen3-next-80b-a3b-instruct,34,104
qwen/qwen3-next-80b-a3b-instruct,34,125
qwen/qwen3-next-80b-a3b-instruct,22,256
qwen/qwen3-next-80b-a3b-instruct,22,256
qwen/qwen3-next-80b-a3b-instruct,22,256
qwen/qwen3-next-80b-a3b-instruct,22,256
qwen/qwen3-next-80b-a3b-instruct,22,256
qwen/qwen3-next-80b-a3b-instruct,22,256
qwen/qwen3-next-80b-a3b-instruct,22,256
qwen/qwen3-next-80b-a3b-instruct,22,256
qwen/qwen3-next-80b-a3b-instruct,23,66
qwen/qwen3-next-80b-a3b-instruct,23,62
qwen/qwen3-next-80b-a3b-instruct,23,103
qwen/qwen3-next-80b-a3b-instruct,23,67
qwen/qwen3-next-80b-a3b-instruct,23,67
qwen/qwen3-next-80b-a3b-instruct,23,72
qwen/qwen3-next-80b-a3b-instruct,23,63
qwen/qwen3-next-80b-a3b-instruct,23,72
qwen/qwen3-next-80b-a3b-instruct,23,256
qwen/qwen3-next-80b-a3b-instruct,23,256
qwen/qwen3-next-80b-a3b-instruct,23,256
qwen/qwen3-next-80b-a3b-instruct,23,256
qwen/qwen3-next-80b-a3b-instruct,23,256
qwen/qwen3-next-80b-a3b-instruct,23,256
qwen/qwen3-next-80b-a3b-instruct,23,256
qwen/qwen3-next-80b-a3b-instruct,23,256
qwen/qwen3-next-80b-a3b-instruct,30,77
qwen/qwen3-next-80b-a3b-instruct,30,84
qwen/qwen3-next-80b-a3b-instruct,30,101
qwen/qwen3-next-80b-a3b-instruct,30,87
qwen/qwen3-next-80b-a3b-instruct,30,77
qwen/qwen3-next-80b-a3b-instruct,30,99
qwen/qwen3-next-80b-a3b-instruct,30,87
qwen/qwen3-next-80b-a3b-instruct,30,78
qwen/qwen3-next-80b-a3b-instruct,29,256
qwen/qwen3-next-80b-a3b-instruct,29,256
qwen/qwen3-next-80b-a3b-instruct,29,256
qwen/qwen3-next-80b-a3b-instruct,29,256
qwen/qwen3-next-80b-a3b-instruct,29,256
qwen/qwen3-next-80b-a3b-instruct,29,256
qwen/qwen3-next-80b-a3b-instruct,29,256
qwen/qwen3-next-80b-a3b-instruct,29,256
qwen/qwen3-next-80b-a3b-instruct,31,111
qwen/qwen3-next-80b-a3b-instruct,31,139
qwen/qwen3-next-80b-a3b-instruct,31,140
qwen/qwen3-next-80b-a3b-instruct,31,143
qwen/qwen3-next-80b-a3b-instruct,31,142
qwen/qwen3-next-80b-a3b-instruct,31,143
qwen/qwen3-next-80b-a3b-instruct,31,125
qwen/qwen3-next-80b-a3b-instruct,31,136
qwen/qwen3-next-80b-a3b-instruct,31,256
qwen/qwen3-next-80b-a3b-instruct,31,256
qwen/qwen3-next-80b-a3b-instruct,31,256
qwen/qwen3-next-80b-a3b-instruct,31,256
qwen/qwen3-next-80b-a3b-instruct,31,256
qwen/qwen3-next-80b-a3b-instruct,31,256
qwen/qwen3-next-80b-a3b-instruct,31,256
qwen/qwen3-next-80b-a3b-instruct,31,256
google/gemma-2-2b-it,37,3
google/gemma-2-2b-it,37,3
google/gemma-2-2b-it,37,3
google/gemma-2-2b-it,37,3
google/gemma-2-2b-it,37,3
google/gemma-2-2b-it,37,3
google/gemma-2-2b-it,37,3
google/gemma-2-2b-it,37,3
google/gemma-2-2b-it,38,3
google/gemma-2-2b-it,38,3
google/gemma-2-2b-it,38,3
google/gemma-2-2b-it,38,3
google/gemma-2-2b-it,38,3
google/gemma-2-2b-it,38,3
google/gemma-2-2b-it,38,3
google/gemma-2-2b-it,38,3
google/gemma-2-2b-it,35,3
google/gemma-2-2b-it,35,3
google/gemma-2-2b-it,35,3
google/gemma-2-2b-it,35,3
google/gemma-2-2b-it,35,3
google/gemma-2-2b-it,35,3
google/gemma-2-2b-it,35,3
google/gemma-2-2b-it,35,3
google/gemma-2-2b-it,36,3
google/gemma-2-2b-it,36,3
google/gemma-2-2b-it,36,3
google/gemma-2-2b-it,36,3
google/gemma-2-2b-it,36,3
google/gemma-2-2b-it,36,3
google/gemma-2-2b-it,36,3
google/gemma-2-2b-it,36,3
google/gemma-2-2b-it,32,3
google/gemma-2-2b-it,32,3
google/gemma-2-2b-it,32,3
google/gemma-2-2b-it,32,3
google/gemma-2-2b-it,32,3
google/gemma-2-2b-it,32,3
google/gemma-2-2b-it,32,3
google/gemma-2-2b-it,32,3
google/gemma-2-2b-it,33,3
google/gemma-2-2b-it,33,3
google/gemma-2-2b-it,33,3
google/gemma-2-2b-it,33,3
google/gemma-2-2b-it,33,3
google/gemma-2-2b-it,33,3
google/gemma-2-2b-it,33,3
google/gemma-2-2b-it,33,3
google/gemma-2-2b-it,32,12
google/gemma-2-2b-it,32,12
google/gemma-2-2b-it,32,12
google/gemma-2-2b-it,32,12
google/gemma-2-2b-it,32,12
google/gemma-2-2b-it,32,12
google/gemma-2-2b-it,32,12
google/gemma-2-2b-it,32,12
google/gemma-2-2b-it,33,3
google/gemma-2-2b-it,33,3
google/gemma-2-2b-it,33,3
google/gemma-2-2b-it,33,3
google/gemma-2-2b-it,33,3
google/gemma-2-2b-it,33,3
google/gemma-2-2b-it,33,3
google/gemma-2-2b-it,33,3
google/gemma-2-2b-it,31,34
google/gemma-2-2b-it,31,33
google/gemma-2-2b-it,31,36
google/gemma-2-2b-it,31,36
google/gemma-2-2b-it,31,34
google/gemma-2-2b-it,31,34
google/gemma-2-2b-it,31,38
google/gemma-2-2b-it,31,31
google/gemma-2-2b-it,31,256
google/gemma-2-2b-it,31,256
google/gemma-2-2b-it,31,256
google/gemma-2-2b-it,31,256
google/gemma-2-2b-it,31,256
google/gemma-2-2b-it,31,256
google/gemma-2-2b-it,31,256
google/gemma-2-2b-it,31,256
google/gemma-2-2b-it,30,256
google/gemma-2-2b-it,30,201
google/gemma-2-2b-it,30,247
google/gemma-2-2b-it,30,182
google/gemma-2-2b-it,30,224
google/gemma-2-2b-it,30,256
google/gemma-2-2b-it,30,226
google/gemma-2-2b-it,30,198
google/gemma-2-2b-it,20,256
google/gemma-2-2b-it,20,256
google/gemma-2-2b-it,20,256
google/gemma-2-2b-it,20,256
google/gemma-2-2b-it,20,256
google/gemma-2-2b-it,20,256
google/gemma-2-2b-it,20,256
google/gemma-2-2b-it,20,256
google/gemma-2-2b-it,24,58
google/gemma-2-2b-it,24,56
google/gemma-2-2b-it,24,52
google/gemma-2-2b-it,24,54
google/gemma-2-2b-it,24,54
google/gemma-2-2b-it,24,53
google/gemma-2-2b-it,24,60
google/gemma-2-2b-it,24,54
google/gemma-2-2b-it,24,256
google/gemma-2-2b-it,24,256
google/gemma-2-2b-it,24,256
google/gemma-2-2b-it,24,256
google/gemma-2-2b-it,24,256
google/gemma-2-2b-it,24,256
google/gemma-2-2b-it,24,256
google/gemma-2-2b-it,24,256
google/gemma-2-2b-it,30,40
google/gemma-2-2b-it,30,51
google/gemma-2-2b-it,30,48
google/gemma-2-2b-it,30,45
google/gemma-2-2b-it,30,50
google/gemma-2-2b-it,30,42
google/gemma-2-2b-it,30,43
google/gemma-2-2b-it,30,61
google/gemma-2-2b-it,26,256
google/gemma-2-2b-it,26,256
google/gemma-2-2b-it,26,256
google/gemma-2-2b-it,26,256
google/gemma-2-2b-it,26,256
google/gemma-2-2b-it,26,256
google/gemma-2-2b-it,26,256
google/gemma-2-2b-it,26,256
google/gemma-2-2b-it,33,256
google/gemma-2-2b-it,33,256
google/gemma-2-2b-it,33,256
google/gemma-2-2b-it,33,256
google/gemma-2-2b-it,33,256
google/gemma-2-2b-it,33,256
google/gemma-2-2b-it,33,256
google/gemma-2-2b-it,33,256
google/gemma-2-2b-it,32,256
google/gemma-2-2b-it,32,256
google/gemma-2-2b-it,32,256
google/gemma-2-2b-it,32,256
google/gemma-2-2b-it,32,256
google/gemma-2-2b-it,32,256
google/gemma-2-2b-it,32,256
google/gemma-2-2b-it,32,256
google/gemma-2-2b-it,30,3
google/gemma-2-2b-it,30,3
google/gemma-2-2b-it,30,3
google/gemma-2-2b-it,30,3
google/gemma-2-2b-it,30,3
google/gemma-2-2b-it,30,3
google/gemma-2-2b-it,30,3
google/gemma-2-2b-it,30,3
google/gemma-2-2b-it,31,3
google/gemma-2-2b-it,31,3
google/gemma-2-2b-it,31,3
google/gemma-2-2b-it,31,3
google/gemma-2-2b-it,31,3
google/gemma-2-2b-it,31,3
google/gemma-2-2b-it,31,3
google/gemma-2-2b-it,31,3
google/gemma-2-2b-it,38,3
google/gemma-2-2b-it,38,3
google/gemma-2-2b-it,38,3
google/gemma-2-2b-it,38,3
google/gemma-2-2b-it,38,3
google/gemma-2-2b-it,38,3
google/gemma-2-2b-it,38,3
google/gemma-2-2b-it,38,3
google/gemma-2-2b-it,38,3
google/gemma-2-2b-it,38,3
google/gemma-2-2b-it,38,3
google/gemma-2-2b-it,38,3
google/gemma-2-2b-it,38,3
google/gemma-2-2b-it,38,3
google/gemma-2-2b-it,38,3
google/gemma-2-2b-it,38,3
google/gemma-2-2b-it,31,3
google/gemma-2-2b-it,31,3
google/gemma-2-2b-it,31,3
google/gemma-2-2b-it,31,3
google/gemma-2-2b-it,31,3
google/gemma-2-2b-it,31,3
google/gemma-2-2b-it,31,3
google/gemma-2-2b-it,31,3
google/gemma-2-2b-it,32,3
google/gemma-2-2b-it,32,3
google/gemma-2-2b-it,32,3
google/gemma-2-2b-it,32,3
google/gemma-2-2b-it,32,3
google/gemma-2-2b-it,32,3
google/gemma-2-2b-it,32,3
google/gemma-2-2b-it,32,3
google/gemma-2-2b-it,29,3
google/gemma-2-2b-it,29,3
google/gemma-2-2b-it,29,3
google/gemma-2-2b-it,29,3
google/gemma-2-2b-it,29,3
google/gemma-2-2b-it,29,3
google/gemma-2-2b-it,29,3
google/gemma-2-2b-it,29,3
google/gemma-2-2b-it,30,12
google/gemma-2-2b-it,30,12
google/gemma-2-2b-it,30,12
google/gemma-2-2b-it,30,12
google/gemma-2-2b-it,30,12
google/gemma-2-2b-it,30,12
google/gemma-2-2b-it,30,12
google/gemma-2-2b-it,30,12
google/gemma-2-2b-it,30,39
google/gemma-2-2b-it,30,34
google/gemma-2-2b-it,30,31
google/gemma-2-2b-it,30,28
google/gemma-2-2b-it,30,32
google/gemma-2-2b-it,30,27
google/gemma-2-2b-it,30,34
google/gemma-2-2b-it,30,31
google/gemma-2-2b-it,33,238
google/gemma-2-2b-it,33,240
google/gemma-2-2b-it,33,217
google/gemma-2-2b-it,33,249
google/gemma-2-2b-it,33,216
google/gemma-2-2b-it,33,256
google/gemma-2-2b-it,33,208
google/gemma-2-2b-it,33,226
google/gemma-2-2b-it,35,256
google/gemma-2-2b-it,35,256
google/gemma-2-2b-it,35,256
google/gemma-2-2b-it,35,256
google/gemma-2-2b-it,35,256
google/gemma-2-2b-it,35,256
google/gemma-2-2b-it,35,256
google/gemma-2-2b-it,35,256
google/gemma-2-2b-it,23,256
google/gemma-2-2b-it,23,256
google/gemma-2-2b-it,23,256
google/gemma-2-2b-it,23,256
google/gemma-2-2b-it,23,256
google/gemma-2-2b-it,23,256
google/gemma-2-2b-it,23,256
google/gemma-2-2b-it,23,256
google/gemma-2-2b-it,24,57
google/gemma-2-2b-it,24,67
google/gemma-2-2b-it,24,58
google/gemma-2-2b-it,24,59
google/gemma-2-2b-it,24,56
google/gemma-2-2b-it,24,59
google/gemma-2-2b-it,24,70
google/gemma-2-2b-it,24,65
google/gemma-2-2b-it,24,256
google/gemma-2-2b-it,24,256
google/gemma-2-2b-it,24,256
google/gemma-2-2b-it,24,256
google/gemma-2-2b-it,24,256
google/gemma-2-2b-it,24,256
google/gemma-2-2b-it,24,256
google/gemma-2-2b-it,24,256
google/gemma-2-2b-it,31,46
google/gemma-2-2b-it,31,48
google/gemma-2-2b-it,31,41
google/gemma-2-2b-it,31,45
google/gemma-2-2b-it,31,45
google/gemma-2-2b-it,31,53
google/gemma-2-2b-it,31,63
google/gemma-2-2b-it,31,53
google/gemma-2-2b-it,30,256
google/gemma-2-2b-it,30,256
google/gemma-2-2b-it,30,256
google/gemma-2-2b-it,30,256
google/gemma-2-2b-it,30,256
google/gemma-2-2b-it,30,256
google/gemma-2-2b-it,30,256
google/gemma-2-2b-it,30,256
google/gemma-2-2b-it,31,256
google/gemma-2-2b-it,31,256
google/gemma-2-2b-it,31,256
google/gemma-2-2b-it,31,256
google/gemma-2-2b-it,31,256
google/gemma-2-2b-it,31,256
google/gemma-2-2b-it,31,256
google/gemma-2-2b-it,31,256
google/gemma-2-2b-it,32,256
google/gemma-2-2b-it,32,256
google/gemma-2-2b-it,32,256
google/gemma-2-2b-it,32,256
google/gemma-2-2b-it,32,256
google/gemma-2-2b-it,32,256
google/gemma-2-2b-it,32,256
google/gemma-2-2b-it,32,256
google/gemma-2-2b-it,38,12
google/gemma-2-2b-it,38,12
google/gemma-2-2b-it,38,12
google/gemma-2-2b-it,38,12
google/gemma-2-2b-it,38,12
google/gemma-2-2b-it,38,12
google/gemma-2-2b-it,38,12
google/gemma-2-2b-it,38,12
google/gemma-2-2b-it,39,3
google/gemma-2-2b-it,39,3
google/gemma-2-2b-it,39,3
google/gemma-2-2b-it,39,3
google/gemma-2-2b-it,39,3
google/gemma-2-2b-it,39,3
google/gemma-2-2b-it,39,3
google/gemma-2-2b-it,39,3
google/gemma-2-2b-it,36,12
google/gemma-2-2b-it,36,12
google/gemma-2-2b-it,36,12
google/gemma-2-2b-it,36,12
google/gemma-2-2b-it,36,12
google/gemma-2-2b-it,36,12
google/gemma-2-2b-it,36,12
google/gemma-2-2b-it,36,12
google/gemma-2-2b-it,37,3
google/gemma-2-2b-it,37,3
google/gemma-2-2b-it,37,3
google/gemma-2-2b-it,37,3
google/gemma-2-2b-it,37,3
google/gemma-2-2b-it,37,3
google/gemma-2-2b-it,37,3
google/gemma-2-2b-it,37,3
google/gemma-2-2b-it,33,3
google/gemma-2-2b-it,33,3
google/gemma-2-2b-it,33,3
google/gemma-2-2b-it,33,3
google/gemma-2-2b-it,33,3
google/gemma-2-2b-it,33,3
google/gemma-2-2b-it,33,3
google/gemma-2-2b-it,33,3
google/gemma-2-2b-it,34,3
google/gemma-2-2b-it,34,3
google/gemma-2-2b-it,34,3
google/gemma-2-2b-it,34,3
google/gemma-2-2b-it,34,3
google/gemma-2-2b-it,34,3
google/gemma-2-2b-it,34,3
google/gemma-2-2b-it,34,3
google/gemma-2-2b-it,33,12
google/gemma-2-2b-it,33,12
google/gemma-2-2b-it,33,12
google/gemma-2-2b-it,33,12
google/gemma-2-2b-it,33,12
google/gemma-2-2b-it,33,12
google/gemma-2-2b-it,33,12
google/gemma-2-2b-it,33,12
google/gemma-2-2b-it,34,12
google/gemma-2-2b-it,34,12
google/gemma-2-2b-it,34,12
google/gemma-2-2b-it,34,12
google/gemma-2-2b-it,34,12
google/gemma-2-2b-it,34,12
google/gemma-2-2b-it,34,12
google/gemma-2-2b-it,34,12
google/gemma-2-2b-it,32,35
google/gemma-2-2b-it,32,33
google/gemma-2-2b-it,32,33
google/gemma-2-2b-it,32,29
google/gemma-2-2b-it,32,31
google/gemma-2-2b-it,32,32
google/gemma-2-2b-it,32,31
google/gemma-2-2b-it,32,26
google/gemma-2-2b-it,32,256
google/gemma-2-2b-it,32,256
google/gemma-2-2b-it,32,256
google/gemma-2-2b-it,32,256
google/gemma-2-2b-it,32,256
google/gemma-2-2b-it,32,256
google/gemma-2-2b-it,32,256
google/gemma-2-2b-it,32,256
google/gemma-2-2b-it,31,256
google/gemma-2-2b-it,31,190
google/gemma-2-2b-it,31,256
google/gemma-2-2b-it,31,256
google/gemma-2-2b-it,31,256
google/gemma-2-2b-it,31,191
google/gemma-2-2b-it,31,256
google/gemma-2-2b-it,31,215
google/gemma-2-2b-it,21,256
google/gemma-2-2b-it,21,256
google/gemma-2-2b-it,21,256
google/gemma-2-2b-it,21,256
google/gemma-2-2b-it,21,256
google/gemma-2-2b-it,21,256
google/gemma-2-2b-it,21,256
google/gemma-2-2b-it,21,256
google/gemma-2-2b-it,25,62
google/gemma-2-2b-it,25,59
google/gemma-2-2b-it,25,54
google/gemma-2-2b-it,25,54
google/gemma-2-2b-it,25,65
google/gemma-2-2b-it,25,64
google/gemma-2-2b-it,25,51
google/gemma-2-2b-it,25,59
google/gemma-2-2b-it,25,256
google/gemma-2-2b-it,25,256
google/gemma-2-2b-it,25,256
google/gemma-2-2b-it,25,256
google/gemma-2-2b-it,25,256
google/gemma-2-2b-it,25,256
google/gemma-2-2b-it,25,256
google/gemma-2-2b-it,25,256
google/gemma-2-2b-it,31,60
google/gemma-2-2b-it,31,53
google/gemma-2-2b-it,31,56
google/gemma-2-2b-it,31,60
google/gemma-2-2b-it,31,55
google/gemma-2-2b-it,31,58
google/gemma-2-2b-it,31,49
google/gemma-2-2b-it,31,57
google/gemma-2-2b-it,27,256
google/gemma-2-2b-it,27,256
google/gemma-2-2b-it,27,256
google/gemma-2-2b-it,27,256
google/gemma-2-2b-it,27,256
google/gemma-2-2b-it,27,256
google/gemma-2-2b-it,27,256
google/gemma-2-2b-it,27,256
google/gemma-2-2b-it,34,256
google/gemma-2-2b-it,34,256
google/gemma-2-2b-it,34,256
google/gemma-2-2b-it,34,256
google/gemma-2-2b-it,34,256
google/gemma-2-2b-it,34,256
google/gemma-2-2b-it,34,256
google/gemma-2-2b-it,34,256
google/gemma-2-2b-it,33,256
google/gemma-2-2b-it,33,256
google/gemma-2-2b-it,33,256
google/gemma-2-2b-it,33,256
google/gemma-2-2b-it,33,256
google/gemma-2-2b-it,33,256
google/gemma-2-2b-it,33,256
google/gemma-2-2b-it,33,256
google/gemma-2-2b-it,29,3
google/gemma-2-2b-it,29,3
google/gemma-2-2b-it,29,3
google/gemma-2-2b-it,29,3
google/gemma-2-2b-it,29,3
google/gemma-2-2b-it,29,3
google/gemma-2-2b-it,29,3
google/gemma-2-2b-it,29,3
google/gemma-2-2b-it,30,3
google/gemma-2-2b-it,30,3
google/gemma-2-2b-it,30,3
google/gemma-2-2b-it,30,3
google/gemma-2-2b-it,30,3
google/gemma-2-2b-it,30,3
google/gemma-2-2b-it,30,3
google/gemma-2-2b-it,30,3
google/gemma-2-2b-it,37,3
google/gemma-2-2b-it,37,3
google/gemma-2-2b-it,37,3
google/gemma-2-2b-it,37,3
google/gemma-2-2b-it,37,3
google/gemma-2-2b-it,37,3
google/gemma-2-2b-it,37,3
google/gemma-2-2b-it,37,3
google/gemma-2-2b-it,37,3
google/gemma-2-2b-it,37,3
google/gemma-2-2b-it,37,3
google/gemma-2-2b-it,37,3
google/gemma-2-2b-it,37,3
google/gemma-2-2b-it,37,3
google/gemma-2-2b-it,37,3
google/gemma-2-2b-it,37,3
google/gemma-2-2b-it,30,3
google/gemma-2-2b-it,30,3
google/gemma-2-2b-it,30,3
google/gemma-2-2b-it,30,3
google/gemma-2-2b-it,30,3
google/gemma-2-2b-it,30,3
google/gemma-2-2b-it,30,3
google/gemma-2-2b-it,30,3
google/gemma-2-2b-it,31,3
google/gemma-2-2b-it,31,3
google/gemma-2-2b-it,31,3
google/gemma-2-2b-it,31,3
google/gemma-2-2b-it,31,3
google/gemma-2-2b-it,31,3
google/gemma-2-2b-it,31,3
google/gemma-2-2b-it,31,3
google/gemma-2-2b-it,28,12
google/gemma-2-2b-it,28,12
google/gemma-2-2b-it,28,12
google/gemma-2-2b-it,28,12
google/gemma-2-2b-it,28,12
google/gemma-2-2b-it,28,12
google/gemma-2-2b-it,28,12
google/gemma-2-2b-it,28,12
google/gemma-2-2b-it,29,12
google/gemma-2-2b-it,29,3
google/gemma-2-2b-it,29,12
google/gemma-2-2b-it,29,3
google/gemma-2-2b-it,29,12
google/gemma-2-2b-it,29,3
google/gemma-2-2b-it,29,12
google/gemma-2-2b-it,29,3
google/gemma-2-2b-it,30,41
google/gemma-2-2b-it,30,40
google/gemma-2-2b-it,30,33
google/gemma-2-2b-it,30,32
google/gemma-2-2b-it,30,37
google/gemma-2-2b-it,30,37
google/gemma-2-2b-it,30,37
google/gemma-2-2b-it,30,24
google/gemma-2-2b-it,33,198
google/gemma-2-2b-it,33,256
google/gemma-2-2b-it,33,208
google/gemma-2-2b-it,33,256
google/gemma-2-2b-it,33,231
google/gemma-2-2b-it,33,200
google/gemma-2-2b-it,33,217
google/gemma-2-2b-it,33,216
google/gemma-2-2b-it,35,256
google/gemma-2-2b-it,35,256
google/gemma-2-2b-it,35,256
google/gemma-2-2b-it,35,256
google/gemma-2-2b-it,35,256
google/gemma-2-2b-it,35,256
google/gemma-2-2b-it,35,256
google/gemma-2-2b-it,35,256
google/gemma-2-2b-it,23,256
google/gemma-2-2b-it,23,256
google/gemma-2-2b-it,23,256
google/gemma-2-2b-it,23,256
google/gemma-2-2b-it,23,256
google/gemma-2-2b-it,23,256
google/gemma-2-2b-it,23,256
google/gemma-2-2b-it,23,256
google/gemma-2-2b-it,24,70
google/gemma-2-2b-it,24,70
google/gemma-2-2b-it,24,67
google/gemma-2-2b-it,24,65
google/gemma-2-2b-it,24,67
google/gemma-2-2b-it,24,60
google/gemma-2-2b-it,24,65
google/gemma-2-2b-it,24,65
google/gemma-2-2b-it,24,256
google/gemma-2-2b-it,24,256
google/gemma-2-2b-it,24,256
google/gemma-2-2b-it,24,256
google/gemma-2-2b-it,24,256
google/gemma-2-2b-it,24,256
google/gemma-2-2b-it,24,256
google/gemma-2-2b-it,24,256
google/gemma-2-2b-it,31,42
google/gemma-2-2b-it,31,46
google/gemma-2-2b-it,31,41
google/gemma-2-2b-it,31,42
google/gemma-2-2b-it,31,41
google/gemma-2-2b-it,31,44
google/gemma-2-2b-it,31,44
google/gemma-2-2b-it,31,45
google/gemma-2-2b-it,30,256
google/gemma-2-2b-it,30,220
google/gemma-2-2b-it,30,256
google/gemma-2-2b-it,30,256
google/gemma-2-2b-it,30,256
google/gemma-2-2b-it,30,246
google/gemma-2-2b-it,30,221
google/gemma-2-2b-it,30,240
google/gemma-2-2b-it,31,256
google/gemma-2-2b-it,31,256
google/gemma-2-2b-it,31,256
google/gemma-2-2b-it,31,256
google/gemma-2-2b-it,31,256
google/gemma-2-2b-it,31,256
google/gemma-2-2b-it,31,256
google/gemma-2-2b-it,31,256
google/gemma-2-2b-it,32,256
google/gemma-2-2b-it,32,251
google/gemma-2-2b-it,32,251
google/gemma-2-2b-it,32,256
google/gemma-2-2b-it,32,243
google/gemma-2-2b-it,32,256
google/gemma-2-2b-it,32,256
google/gemma-2-2b-it,32,256
google/gemma-2-2b-it,37,3
google/gemma-2-2b-it,37,3
google/gemma-2-2b-it,37,3
google/gemma-2-2b-it,37,3
google/gemma-2-2b-it,37,3
google/gemma-2-2b-it,37,3
google/gemma-2-2b-it,37,3
google/gemma-2-2b-it,37,3
google/gemma-2-2b-it,38,3
google/gemma-2-2b-it,38,3
google/gemma-2-2b-it,38,3
google/gemma-2-2b-it,38,3
google/gemma-2-2b-it,38,3
google/gemma-2-2b-it,38,3
google/gemma-2-2b-it,38,3
google/gemma-2-2b-it,38,3
google/gemma-2-2b-it,35,3
google/gemma-2-2b-it,35,3
google/gemma-2-2b-it,35,3
google/gemma-2-2b-it,35,3
google/gemma-2-2b-it,35,3
google/gemma-2-2b-it,35,3
google/gemma-2-2b-it,35,3
google/gemma-2-2b-it,35,3
google/gemma-2-2b-it,36,3
google/gemma-2-2b-it,36,3
google/gemma-2-2b-it,36,3
google/gemma-2-2b-it,36,3
google/gemma-2-2b-it,36,3
google/gemma-2-2b-it,36,3
google/gemma-2-2b-it,36,3
google/gemma-2-2b-it,36,3
google/gemma-2-2b-it,32,3
google/gemma-2-2b-it,32,3
google/gemma-2-2b-it,32,3
google/gemma-2-2b-it,32,3
google/gemma-2-2b-it,32,3
google/gemma-2-2b-it,32,3
google/gemma-2-2b-it,32,3
google/gemma-2-2b-it,32,3
google/gemma-2-2b-it,33,3
google/gemma-2-2b-it,33,3
google/gemma-2-2b-it,33,3
google/gemma-2-2b-it,33,3
google/gemma-2-2b-it,33,3
google/gemma-2-2b-it,33,3
google/gemma-2-2b-it,33,3
google/gemma-2-2b-it,33,3
google/gemma-2-2b-it,32,12
google/gemma-2-2b-it,32,12
google/gemma-2-2b-it,32,12
google/gemma-2-2b-it,32,12
google/gemma-2-2b-it,32,12
google/gemma-2-2b-it,32,12
google/gemma-2-2b-it,32,12
google/gemma-2-2b-it,32,12
google/gemma-2-2b-it,33,12
google/gemma-2-2b-it,33,12
google/gemma-2-2b-it,33,12
google/gemma-2-2b-it,33,12
google/gemma-2-2b-it,33,12
google/gemma-2-2b-it,33,3
google/gemma-2-2b-it,33,12
google/gemma-2-2b-it,33,12
google/gemma-2-2b-it,34,32
google/gemma-2-2b-it,34,32
google/gemma-2-2b-it,34,42
google/gemma-2-2b-it,34,35
google/gemma-2-2b-it,34,31
google/gemma-2-2b-it,34,36
google/gemma-2-2b-it,34,40
google/gemma-2-2b-it,34,35
google/gemma-2-2b-it,34,256
google/gemma-2-2b-it,34,256
google/gemma-2-2b-it,34,256
google/gemma-2-2b-it,34,256
google/gemma-2-2b-it,34,256
google/gemma-2-2b-it,34,256
google/gemma-2-2b-it,34,256
google/gemma-2-2b-it,34,256
google/gemma-2-2b-it,33,239
google/gemma-2-2b-it,33,256
google/gemma-2-2b-it,33,256
google/gemma-2-2b-it,33,256
google/gemma-2-2b-it,33,256
google/gemma-2-2b-it,33,256
google/gemma-2-2b-it,33,224
google/gemma-2-2b-it,33,256
google/gemma-2-2b-it,23,256
google/gemma-2-2b-it,23,256
google/gemma-2-2b-it,23,256
google/gemma-2-2b-it,23,256
google/gemma-2-2b-it,23,256
google/gemma-2-2b-it,23,256
google/gemma-2-2b-it,23,256
google/gemma-2-2b-it,23,256
google/gemma-2-2b-it,27,54
google/gemma-2-2b-it,27,71
google/gemma-2-2b-it,27,68
google/gemma-2-2b-it,27,65
google/gemma-2-2b-it,27,68
google/gemma-2-2b-it,27,70
google/gemma-2-2b-it,27,68
google/gemma-2-2b-it,27,61
google/gemma-2-2b-it,27,256
google/gemma-2-2b-it,27,256
google/gemma-2-2b-it,27,256
google/gemma-2-2b-it,27,256
google/gemma-2-2b-it,27,256
google/gemma-2-2b-it,27,256
google/gemma-2-2b-it,27,256
google/gemma-2-2b-it,27,256
google/gemma-2-2b-it,33,61
google/gemma-2-2b-it,33,53
google/gemma-2-2b-it,33,61
google/gemma-2-2b-it,33,74
google/gemma-2-2b-it,33,67
google/gemma-2-2b-it,33,61
google/gemma-2-2b-it,33,56
google/gemma-2-2b-it,33,54
google/gemma-2-2b-it,29,256
google/gemma-2-2b-it,29,256
google/gemma-2-2b-it,29,256
google/gemma-2-2b-it,29,256
google/gemma-2-2b-it,29,256
google/gemma-2-2b-it,29,256
google/gemma-2-2b-it,29,256
google/gemma-2-2b-it,29,256
google/gemma-2-2b-it,36,256
google/gemma-2-2b-it,36,256
google/gemma-2-2b-it,36,256
google/gemma-2-2b-it,36,256
google/gemma-2-2b-it,36,256
google/gemma-2-2b-it,36,256
google/gemma-2-2b-it,36,256
google/gemma-2-2b-it,36,256
google/gemma-2-2b-it,35,256
google/gemma-2-2b-it,35,256
google/gemma-2-2b-it,35,256
google/gemma-2-2b-it,35,256
google/gemma-2-2b-it,35,256
google/gemma-2-2b-it,35,256
google/gemma-2-2b-it,35,256
google/gemma-2-2b-it,35,256
google/gemma-2-2b-it,28,3
google/gemma-2-2b-it,28,3
google/gemma-2-2b-it,28,3
google/gemma-2-2b-it,28,3
google/gemma-2-2b-it,28,3
google/gemma-2-2b-it,28,3
google/gemma-2-2b-it,28,3
google/gemma-2-2b-it,28,3
google/gemma-2-2b-it,29,3
google/gemma-2-2b-it,29,3
google/gemma-2-2b-it,29,3
google/gemma-2-2b-it,29,3
google/gemma-2-2b-it,29,3
google/gemma-2-2b-it,29,3
google/gemma-2-2b-it,29,3
google/gemma-2-2b-it,29,3
google/gemma-2-2b-it,36,3
google/gemma-2-2b-it,36,3
google/gemma-2-2b-it,36,3
google/gemma-2-2b-it,36,3
google/gemma-2-2b-it,36,3
google/gemma-2-2b-it,36,3
google/gemma-2-2b-it,36,3
google/gemma-2-2b-it,36,3
google/gemma-2-2b-it,36,3
google/gemma-2-2b-it,36,3
google/gemma-2-2b-it,36,3
google/gemma-2-2b-it,36,3
google/gemma-2-2b-it,36,3
google/gemma-2-2b-it,36,3
google/gemma-2-2b-it,36,3
google/gemma-2-2b-it,36,3
google/gemma-2-2b-it,29,3
google/gemma-2-2b-it,29,3
google/gemma-2-2b-it,29,3
google/gemma-2-2b-it,29,3
google/gemma-2-2b-it,29,3
google/gemma-2-2b-it,29,3
google/gemma-2-2b-it,29,3
google/gemma-2-2b-it,29,3
google/gemma-2-2b-it,30,3
google/gemma-2-2b-it,30,3
google/gemma-2-2b-it,30,3
google/gemma-2-2b-it,30,3
google/gemma-2-2b-it,30,3
google/gemma-2-2b-it,30,3
google/gemma-2-2b-it,30,3
google/gemma-2-2b-it,30,3
google/gemma-2-2b-it,28,3
google/gemma-2-2b-it,28,3
google/gemma-2-2b-it,28,3
google/gemma-2-2b-it,28,3
google/gemma-2-2b-it,28,3
google/gemma-2-2b-it,28,3
google/gemma-2-2b-it,28,3
google/gemma-2-2b-it,28,3
google/gemma-2-2b-it,28,3
google/gemma-2-2b-it,28,3
google/gemma-2-2b-it,28,3
google/gemma-2-2b-it,28,3
google/gemma-2-2b-it,28,3
google/gemma-2-2b-it,28,3
google/gemma-2-2b-it,28,3
google/gemma-2-2b-it,28,3
google/gemma-2-2b-it,33,38
google/gemma-2-2b-it,33,40
google/gemma-2-2b-it,33,42
google/gemma-2-2b-it,33,36
google/gemma-2-2b-it,33,39
google/gemma-2-2b-it,33,35
google/gemma-2-2b-it,33,34
google/gemma-2-2b-it,33,39
google/gemma-2-2b-it,36,232
google/gemma-2-2b-it,36,199
google/gemma-2-2b-it,36,204
google/gemma-2-2b-it,36,256
google/gemma-2-2b-it,36,241
google/gemma-2-2b-it,36,226
google/gemma-2-2b-it,36,256
google/gemma-2-2b-it,36,256
google/gemma-2-2b-it,38,256
google/gemma-2-2b-it,38,256
google/gemma-2-2b-it,38,254
google/gemma-2-2b-it,38,256
google/gemma-2-2b-it,38,256
google/gemma-2-2b-it,38,256
google/gemma-2-2b-it,38,256
google/gemma-2-2b-it,38,256
google/gemma-2-2b-it,26,256
google/gemma-2-2b-it,26,256
google/gemma-2-2b-it,26,256
google/gemma-2-2b-it,26,256
google/gemma-2-2b-it,26,256
google/gemma-2-2b-it,26,256
google/gemma-2-2b-it,26,256
google/gemma-2-2b-it,26,256
google/gemma-2-2b-it,27,58
google/gemma-2-2b-it,27,60
google/gemma-2-2b-it,27,64
google/gemma-2-2b-it,27,56
google/gemma-2-2b-it,27,60
google/gemma-2-2b-it,27,63
google/gemma-2-2b-it,27,55
google/gemma-2-2b-it,27,81
google/gemma-2-2b-it,27,256
google/gemma-2-2b-it,27,256
google/gemma-2-2b-it,27,256
google/gemma-2-2b-it,27,256
google/gemma-2-2b-it,27,256
google/gemma-2-2b-it,27,256
google/gemma-2-2b-it,27,256
google/gemma-2-2b-it,27,256
google/gemma-2-2b-it,34,44
google/gemma-2-2b-it,34,50
google/gemma-2-2b-it,34,42
google/gemma-2-2b-it,34,38
google/gemma-2-2b-it,34,45
google/gemma-2-2b-it,34,56
google/gemma-2-2b-it,34,49
google/gemma-2-2b-it,34,41
google/gemma-2-2b-it,33,256
google/gemma-2-2b-it,33,256
google/gemma-2-2b-it,33,256
google/gemma-2-2b-it,33,256
google/gemma-2-2b-it,33,256
google/gemma-2-2b-it,33,256
google/gemma-2-2b-it,33,256
google/gemma-2-2b-it,33,256
google/gemma-2-2b-it,34,256
google/gemma-2-2b-it,34,256
google/gemma-2-2b-it,34,256
google/gemma-2-2b-it,34,256
google/gemma-2-2b-it,34,256
google/gemma-2-2b-it,34,256
google/gemma-2-2b-it,34,256
google/gemma-2-2b-it,34,256
google/gemma-2-2b-it,35,256
google/gemma-2-2b-it,35,256
google/gemma-2-2b-it,35,256
google/gemma-2-2b-it,35,256
google/gemma-2-2b-it,35,256
google/gemma-2-2b-it,35,256
google/gemma-2-2b-it,35,256
google/gemma-2-2b-it,35,256
google/gemma-2-2b-it,37,3
google/gemma-2-2b-it,37,3
google/gemma-2-2b-it,37,3
google/gemma-2-2b-it,37,3
google/gemma-2-2b-it,37,3
google/gemma-2-2b-it,37,3
google/gemma-2-2b-it,37,3
google/gemma-2-2b-it,37,3
google/gemma-2-2b-it,38,3
google/gemma-2-2b-it,38,3
google/gemma-2-2b-it,38,3
google/gemma-2-2b-it,38,3
google/gemma-2-2b-it,38,3
google/gemma-2-2b-it,38,3
google/gemma-2-2b-it,38,3
google/gemma-2-2b-it,38,3
google/gemma-2-2b-it,35,3
google/gemma-2-2b-it,35,3
google/gemma-2-2b-it,35,3
google/gemma-2-2b-it,35,3
google/gemma-2-2b-it,35,3
google/gemma-2-2b-it,35,3
google/gemma-2-2b-it,35,3
google/gemma-2-2b-it,35,3
google/gemma-2-2b-it,36,12
google/gemma-2-2b-it,36,12
google/gemma-2-2b-it,36,12
google/gemma-2-2b-it,36,12
google/gemma-2-2b-it,36,12
google/gemma-2-2b-it,36,12
google/gemma-2-2b-it,36,12
google/gemma-2-2b-it,36,12
google/gemma-2-2b-it,32,3
google/gemma-2-2b-it,32,3
google/gemma-2-2b-it,32,3
google/gemma-2-2b-it,32,3
google/gemma-2-2b-it,32,3
google/gemma-2-2b-it,32,3
google/gemma-2-2b-it,32,3
google/gemma-2-2b-it,32,3
google/gemma-2-2b-it,33,3
google/gemma-2-2b-it,33,3
google/gemma-2-2b-it,33,3
google/gemma-2-2b-it,33,3
google/gemma-2-2b-it,33,3
google/gemma-2-2b-it,33,3
google/gemma-2-2b-it,33,3
google/gemma-2-2b-it,33,3
google/gemma-2-2b-it,32,12
google/gemma-2-2b-it,32,12
google/gemma-2-2b-it,32,12
google/gemma-2-2b-it,32,12
google/gemma-2-2b-it,32,12
google/gemma-2-2b-it,32,12
google/gemma-2-2b-it,32,12
google/gemma-2-2b-it,32,12
google/gemma-2-2b-it,33,3
google/gemma-2-2b-it,33,3
google/gemma-2-2b-it,33,3
google/gemma-2-2b-it,33,3
google/gemma-2-2b-it,33,3
google/gemma-2-2b-it,33,3
google/gemma-2-2b-it,33,3
google/gemma-2-2b-it,33,3
google/gemma-2-2b-it,34,24
google/gemma-2-2b-it,34,36
google/gemma-2-2b-it,34,29
google/gemma-2-2b-it,34,40
google/gemma-2-2b-it,34,33
google/gemma-2-2b-it,34,30
google/gemma-2-2b-it,34,34
google/gemma-2-2b-it,34,35
google/gemma-2-2b-it,34,256
google/gemma-2-2b-it,34,256
google/gemma-2-2b-it,34,256
google/gemma-2-2b-it,34,256
google/gemma-2-2b-it,34,256
google/gemma-2-2b-it,34,256
google/gemma-2-2b-it,34,256
google/gemma-2-2b-it,34,256
google/gemma-2-2b-it,33,198
google/gemma-2-2b-it,33,256
google/gemma-2-2b-it,33,248
google/gemma-2-2b-it,33,211
google/gemma-2-2b-it,33,256
google/gemma-2-2b-it,33,221
google/gemma-2-2b-it,33,256
google/gemma-2-2b-it,33,233
google/gemma-2-2b-it,23,256
google/gemma-2-2b-it,23,256
google/gemma-2-2b-it,23,256
google/gemma-2-2b-it,23,256
google/gemma-2-2b-it,23,256
google/gemma-2-2b-it,23,256
google/gemma-2-2b-it,23,256
google/gemma-2-2b-it,23,256
google/gemma-2-2b-it,27,68
google/gemma-2-2b-it,27,66
google/gemma-2-2b-it,27,55
google/gemma-2-2b-it,27,56
google/gemma-2-2b-it,27,71
google/gemma-2-2b-it,27,65
google/gemma-2-2b-it,27,59
google/gemma-2-2b-it,27,67
google/gemma-2-2b-it,27,256
google/gemma-2-2b-it,27,256
google/gemma-2-2b-it,27,256
google/gemma-2-2b-it,27,256
google/gemma-2-2b-it,27,256
google/gemma-2-2b-it,27,256
google/gemma-2-2b-it,27,256
google/gemma-2-2b-it,27,256
google/gemma-2-2b-it,33,49
google/gemma-2-2b-it,33,61
google/gemma-2-2b-it,33,65
google/gemma-2-2b-it,33,63
google/gemma-2-2b-it,33,58
google/gemma-2-2b-it,33,59
google/gemma-2-2b-it,33,54
google/gemma-2-2b-it,33,58
google/gemma-2-2b-it,29,256
google/gemma-2-2b-it,29,256
google/gemma-2-2b-it,29,256
google/gemma-2-2b-it,29,256
google/gemma-2-2b-it,29,256
google/gemma-2-2b-it,29,256
google/gemma-2-2b-it,29,256
google/gemma-2-2b-it,29,256
google/gemma-2-2b-it,36,256
google/gemma-2-2b-it,36,256
google/gemma-2-2b-it,36,256
google/gemma-2-2b-it,36,256
google/gemma-2-2b-it,36,256
google/gemma-2-2b-it,36,256
google/gemma-2-2b-it,36,256
google/gemma-2-2b-it,36,256
google/gemma-2-2b-it,35,256
google/gemma-2-2b-it,35,256
google/gemma-2-2b-it,35,256
google/gemma-2-2b-it,35,256
google/gemma-2-2b-it,35,256
google/gemma-2-2b-it,35,256
google/gemma-2-2b-it,35,256
google/gemma-2-2b-it,35,256
google/gemma-2-2b-it,28,3
google/gemma-2-2b-it,28,3
google/gemma-2-2b-it,28,3
google/gemma-2-2b-it,28,3
google/gemma-2-2b-it,28,3
google/gemma-2-2b-it,28,3
google/gemma-2-2b-it,28,3
google/gemma-2-2b-it,28,3
google/gemma-2-2b-it,29,3
google/gemma-2-2b-it,29,3
google/gemma-2-2b-it,29,3
google/gemma-2-2b-it,29,3
google/gemma-2-2b-it,29,3
google/gemma-2-2b-it,29,3
google/gemma-2-2b-it,29,3
google/gemma-2-2b-it,29,3
google/gemma-2-2b-it,36,3
google/gemma-2-2b-it,36,3
google/gemma-2-2b-it,36,3
google/gemma-2-2b-it,36,3
google/gemma-2-2b-it,36,3
google/gemma-2-2b-it,36,3
google/gemma-2-2b-it,36,3
google/gemma-2-2b-it,36,3
google/gemma-2-2b-it,36,3
google/gemma-2-2b-it,36,3
google/gemma-2-2b-it,36,3
google/gemma-2-2b-it,36,3
google/gemma-2-2b-it,36,3
google/gemma-2-2b-it,36,3
google/gemma-2-2b-it,36,3
google/gemma-2-2b-it,36,3
google/gemma-2-2b-it,29,3
google/gemma-2-2b-it,29,3
google/gemma-2-2b-it,29,3
google/gemma-2-2b-it,29,3
google/gemma-2-2b-it,29,3
google/gemma-2-2b-it,29,3
google/gemma-2-2b-it,29,3
google/gemma-2-2b-it,29,3
google/gemma-2-2b-it,30,3
google/gemma-2-2b-it,30,3
google/gemma-2-2b-it,30,3
google/gemma-2-2b-it,30,3
google/gemma-2-2b-it,30,3
google/gemma-2-2b-it,30,3
google/gemma-2-2b-it,30,3
google/gemma-2-2b-it,30,3
google/gemma-2-2b-it,28,3
google/gemma-2-2b-it,28,3
google/gemma-2-2b-it,28,3
google/gemma-2-2b-it,28,3
google/gemma-2-2b-it,28,3
google/gemma-2-2b-it,28,3
google/gemma-2-2b-it,28,3
google/gemma-2-2b-it,28,3
google/gemma-2-2b-it,29,3
google/gemma-2-2b-it,29,3
google/gemma-2-2b-it,29,3
google/gemma-2-2b-it,29,3
google/gemma-2-2b-it,29,3
google/gemma-2-2b-it,29,3
google/gemma-2-2b-it,29,3
google/gemma-2-2b-it,29,3
google/gemma-2-2b-it,31,38
google/gemma-2-2b-it,31,30
google/gemma-2-2b-it,31,28
google/gemma-2-2b-it,31,41
google/gemma-2-2b-it,31,34
google/gemma-2-2b-it,31,30
google/gemma-2-2b-it,31,38
google/gemma-2-2b-it,31,38
google/gemma-2-2b-it,34,249
google/gemma-2-2b-it,34,158
google/gemma-2-2b-it,34,161
google/gemma-2-2b-it,34,224
google/gemma-2-2b-it,34,167
google/gemma-2-2b-it,34,158
google/gemma-2-2b-it,34,147
google/gemma-2-2b-it,34,229
google/gemma-2-2b-it,36,256
google/gemma-2-2b-it,36,256
google/gemma-2-2b-it,36,256
google/gemma-2-2b-it,36,256
google/gemma-2-2b-it,36,256
google/gemma-2-2b-it,36,256
google/gemma-2-2b-it,36,256
google/gemma-2-2b-it,36,234
google/gemma-2-2b-it,24,256
google/gemma-2-2b-it,24,256
google/gemma-2-2b-it,24,256
google/gemma-2-2b-it,24,256
google/gemma-2-2b-it,24,256
google/gemma-2-2b-it,24,256
google/gemma-2-2b-it,24,256
google/gemma-2-2b-it,24,256
google/gemma-2-2b-it,25,57
google/gemma-2-2b-it,25,56
google/gemma-2-2b-it,25,52
google/gemma-2-2b-it,25,58
google/gemma-2-2b-it,25,57
google/gemma-2-2b-it,25,59
google/gemma-2-2b-it,25,50
google/gemma-2-2b-it,25,49
google/gemma-2-2b-it,25,256
google/gemma-2-2b-it,25,256
google/gemma-2-2b-it,25,256
google/gemma-2-2b-it,25,256
google/gemma-2-2b-it,25,256
google/gemma-2-2b-it,25,256
google/gemma-2-2b-it,25,256
google/gemma-2-2b-it,25,256
google/gemma-2-2b-it,32,48
google/gemma-2-2b-it,32,46
google/gemma-2-2b-it,32,39
google/gemma-2-2b-it,32,44
google/gemma-2-2b-it,32,37
google/gemma-2-2b-it,32,46
google/gemma-2-2b-it,32,45
google/gemma-2-2b-it,32,33
google/gemma-2-2b-it,31,256
google/gemma-2-2b-it,31,256
google/gemma-2-2b-it,31,256
google/gemma-2-2b-it,31,256
google/gemma-2-2b-it,31,256
google/gemma-2-2b-it,31,256
google/gemma-2-2b-it,31,256
google/gemma-2-2b-it,31,256
google/gemma-2-2b-it,32,256
google/gemma-2-2b-it,32,256
google/gemma-2-2b-it,32,256
google/gemma-2-2b-it,32,256
google/gemma-2-2b-it,32,256
google/gemma-2-2b-it,32,256
google/gemma-2-2b-it,32,256
google/gemma-2-2b-it,32,256
google/gemma-2-2b-it,33,256
google/gemma-2-2b-it,33,256
google/gemma-2-2b-it,33,256
google/gemma-2-2b-it,33,207
google/gemma-2-2b-it,33,256
google/gemma-2-2b-it,33,256
google/gemma-2-2b-it,33,256
google/gemma-2-2b-it,33,256
google/gemma-2-2b-it,38,3
google/gemma-2-2b-it,38,3
google/gemma-2-2b-it,38,3
google/gemma-2-2b-it,38,3
google/gemma-2-2b-it,38,3
google/gemma-2-2b-it,38,3
google/gemma-2-2b-it,38,3
google/gemma-2-2b-it,38,3
google/gemma-2-2b-it,39,3
google/gemma-2-2b-it,39,3
google/gemma-2-2b-it,39,3
google/gemma-2-2b-it,39,3
google/gemma-2-2b-it,39,3
google/gemma-2-2b-it,39,3
google/gemma-2-2b-it,39,3
google/gemma-2-2b-it,39,3
google/gemma-2-2b-it,36,3
google/gemma-2-2b-it,36,3
google/gemma-2-2b-it,36,3
google/gemma-2-2b-it,36,3
google/gemma-2-2b-it,36,3
google/gemma-2-2b-it,36,3
google/gemma-2-2b-it,36,3
google/gemma-2-2b-it,36,3
google/gemma-2-2b-it,37,3
google/gemma-2-2b-it,37,3
google/gemma-2-2b-it,37,3
google/gemma-2-2b-it,37,3
google/gemma-2-2b-it,37,3
google/gemma-2-2b-it,37,3
google/gemma-2-2b-it,37,3
google/gemma-2-2b-it,37,3
google/gemma-2-2b-it,33,3
google/gemma-2-2b-it,33,3
google/gemma-2-2b-it,33,3
google/gemma-2-2b-it,33,3
google/gemma-2-2b-it,33,3
google/gemma-2-2b-it,33,3
google/gemma-2-2b-it,33,3
google/gemma-2-2b-it,33,3
google/gemma-2-2b-it,34,3
google/gemma-2-2b-it,34,3
google/gemma-2-2b-it,34,3
google/gemma-2-2b-it,34,3
google/gemma-2-2b-it,34,3
google/gemma-2-2b-it,34,3
google/gemma-2-2b-it,34,3
google/gemma-2-2b-it,34,3
google/gemma-2-2b-it,33,3
google/gemma-2-2b-it,33,3
google/gemma-2-2b-it,33,3
google/gemma-2-2b-it,33,3
google/gemma-2-2b-it,33,3
google/gemma-2-2b-it,33,3
google/gemma-2-2b-it,33,3
google/gemma-2-2b-it,33,3
google/gemma-2-2b-it,34,3
google/gemma-2-2b-it,34,3
google/gemma-2-2b-it,34,3
google/gemma-2-2b-it,34,3
google/gemma-2-2b-it,34,3
google/gemma-2-2b-it,34,3
google/gemma-2-2b-it,34,3
google/gemma-2-2b-it,34,3
google/gemma-2-2b-it,31,32
google/gemma-2-2b-it,31,35
google/gemma-2-2b-it,31,28
google/gemma-2-2b-it,31,28
google/gemma-2-2b-it,31,31
google/gemma-2-2b-it,31,29
google/gemma-2-2b-it,31,28
google/gemma-2-2b-it,31,29
google/gemma-2-2b-it,31,218
google/gemma-2-2b-it,31,256
google/gemma-2-2b-it,31,228
google/gemma-2-2b-it,31,220
google/gemma-2-2b-it,31,253
google/gemma-2-2b-it,31,256
google/gemma-2-2b-it,31,213
google/gemma-2-2b-it,31,256
google/gemma-2-2b-it,30,212
google/gemma-2-2b-it,30,217
google/gemma-2-2b-it,30,204
google/gemma-2-2b-it,30,217
google/gemma-2-2b-it,30,206
google/gemma-2-2b-it,30,216
google/gemma-2-2b-it,30,222
google/gemma-2-2b-it,30,254
google/gemma-2-2b-it,20,256
google/gemma-2-2b-it,20,256
google/gemma-2-2b-it,20,256
google/gemma-2-2b-it,20,256
google/gemma-2-2b-it,20,256
google/gemma-2-2b-it,20,256
google/gemma-2-2b-it,20,256
google/gemma-2-2b-it,20,256
google/gemma-2-2b-it,24,70
google/gemma-2-2b-it,24,74
google/gemma-2-2b-it,24,56
google/gemma-2-2b-it,24,61
google/gemma-2-2b-it,24,58
google/gemma-2-2b-it,24,55
google/gemma-2-2b-it,24,53
google/gemma-2-2b-it,24,48
google/gemma-2-2b-it,24,256
google/gemma-2-2b-it,24,256
google/gemma-2-2b-it,24,256
google/gemma-2-2b-it,24,256
google/gemma-2-2b-it,24,256
google/gemma-2-2b-it,24,256
google/gemma-2-2b-it,24,256
google/gemma-2-2b-it,24,256
google/gemma-2-2b-it,30,55
google/gemma-2-2b-it,30,52
google/gemma-2-2b-it,30,56
google/gemma-2-2b-it,30,44
google/gemma-2-2b-it,30,56
google/gemma-2-2b-it,30,40
google/gemma-2-2b-it,30,53
google/gemma-2-2b-it,30,59
google/gemma-2-2b-it,26,256
google/gemma-2-2b-it,26,256
google/gemma-2-2b-it,26,256
google/gemma-2-2b-it,26,256
google/gemma-2-2b-it,26,256
google/gemma-2-2b-it,26,256
google/gemma-2-2b-it,26,256
google/gemma-2-2b-it,26,256
google/gemma-2-2b-it,33,256
google/gemma-2-2b-it,33,256
google/gemma-2-2b-it,33,256
google/gemma-2-2b-it,33,256
google/gemma-2-2b-it,33,256
google/gemma-2-2b-it,33,256
google/gemma-2-2b-it,33,256
google/gemma-2-2b-it,33,256
google/gemma-2-2b-it,32,256
google/gemma-2-2b-it,32,256
google/gemma-2-2b-it,32,256
google/gemma-2-2b-it,32,256
google/gemma-2-2b-it,32,256
google/gemma-2-2b-it,32,256
google/gemma-2-2b-it,32,256
google/gemma-2-2b-it,32,256
google/gemma-2-2b-it,31,3
google/gemma-2-2b-it,31,3
google/gemma-2-2b-it,31,3
google/gemma-2-2b-it,31,3
google/gemma-2-2b-it,31,3
google/gemma-2-2b-it,31,3
google/gemma-2-2b-it,31,3
google/gemma-2-2b-it,31,3
google/gemma-2-2b-it,32,3
google/gemma-2-2b-it,32,3
google/gemma-2-2b-it,32,3
google/gemma-2-2b-it,32,3
google/gemma-2-2b-it,32,3
google/gemma-2-2b-it,32,3
google/gemma-2-2b-it,32,3
google/gemma-2-2b-it,32,3
google/gemma-2-2b-it,39,3
google/gemma-2-2b-it,39,3
google/gemma-2-2b-it,39,3
google/gemma-2-2b-it,39,3
google/gemma-2-2b-it,39,3
google/gemma-2-2b-it,39,3
google/gemma-2-2b-it,39,3
google/gemma-2-2b-it,39,3
google/gemma-2-2b-it,39,3
google/gemma-2-2b-it,39,3
google/gemma-2-2b-it,39,3
google/gemma-2-2b-it,39,3
google/gemma-2-2b-it,39,3
google/gemma-2-2b-it,39,3
google/gemma-2-2b-it,39,3
google/gemma-2-2b-it,39,3
google/gemma-2-2b-it,32,3
google/gemma-2-2b-it,32,3
google/gemma-2-2b-it,32,3
google/gemma-2-2b-it,32,3
google/gemma-2-2b-it,32,3
google/gemma-2-2b-it,32,3
google/gemma-2-2b-it,32,3
google/gemma-2-2b-it,32,3
google/gemma-2-2b-it,33,3
google/gemma-2-2b-it,33,3
google/gemma-2-2b-it,33,3
google/gemma-2-2b-it,33,3
google/gemma-2-2b-it,33,3
google/gemma-2-2b-it,33,3
google/gemma-2-2b-it,33,3
google/gemma-2-2b-it,33,3
google/gemma-2-2b-it,31,3
google/gemma-2-2b-it,31,3
google/gemma-2-2b-it,31,3
google/gemma-2-2b-it,31,3
google/gemma-2-2b-it,31,3
google/gemma-2-2b-it,31,3
google/gemma-2-2b-it,31,3
google/gemma-2-2b-it,31,3
google/gemma-2-2b-it,31,12
google/gemma-2-2b-it,31,12
google/gemma-2-2b-it,31,12
google/gemma-2-2b-it,31,12
google/gemma-2-2b-it,31,12
google/gemma-2-2b-it,31,12
google/gemma-2-2b-it,31,12
google/gemma-2-2b-it,31,12
google/gemma-2-2b-it,29,32
google/gemma-2-2b-it,29,34
google/gemma-2-2b-it,29,35
google/gemma-2-2b-it,29,42
google/gemma-2-2b-it,29,35
google/gemma-2-2b-it,29,33
google/gemma-2-2b-it,29,32
google/gemma-2-2b-it,29,36
google/gemma-2-2b-it,32,194
google/gemma-2-2b-it,32,203
google/gemma-2-2b-it,32,212
google/gemma-2-2b-it,32,177
google/gemma-2-2b-it,32,181
google/gemma-2-2b-it,32,177
google/gemma-2-2b-it,32,226
google/gemma-2-2b-it,32,247
google/gemma-2-2b-it,34,256
google/gemma-2-2b-it,34,256
google/gemma-2-2b-it,34,256
google/gemma-2-2b-it,34,256
google/gemma-2-2b-it,34,256
google/gemma-2-2b-it,34,256
google/gemma-2-2b-it,34,256
google/gemma-2-2b-it,34,256
google/gemma-2-2b-it,22,256
google/gemma-2-2b-it,22,256
google/gemma-2-2b-it,22,256
google/gemma-2-2b-it,22,256
google/gemma-2-2b-it,22,256
google/gemma-2-2b-it,22,256
google/gemma-2-2b-it,22,256
google/gemma-2-2b-it,22,256
google/gemma-2-2b-it,23,73
google/gemma-2-2b-it,23,65
google/gemma-2-2b-it,23,65
google/gemma-2-2b-it,23,65
google/gemma-2-2b-it,23,78
google/gemma-2-2b-it,23,62
google/gemma-2-2b-it,23,59
google/gemma-2-2b-it,23,62
google/gemma-2-2b-it,23,256
google/gemma-2-2b-it,23,256
google/gemma-2-2b-it,23,256
google/gemma-2-2b-it,23,256
google/gemma-2-2b-it,23,256
google/gemma-2-2b-it,23,256
google/gemma-2-2b-it,23,256
google/gemma-2-2b-it,23,256
google/gemma-2-2b-it,30,35
google/gemma-2-2b-it,30,38
google/gemma-2-2b-it,30,35
google/gemma-2-2b-it,30,48
google/gemma-2-2b-it,30,39
google/gemma-2-2b-it,30,43
google/gemma-2-2b-it,30,40
google/gemma-2-2b-it,30,39
google/gemma-2-2b-it,29,256
google/gemma-2-2b-it,29,256
google/gemma-2-2b-it,29,256
google/gemma-2-2b-it,29,170
google/gemma-2-2b-it,29,240
google/gemma-2-2b-it,29,256
google/gemma-2-2b-it,29,240
google/gemma-2-2b-it,29,256
google/gemma-2-2b-it,30,256
google/gemma-2-2b-it,30,256
google/gemma-2-2b-it,30,256
google/gemma-2-2b-it,30,256
google/gemma-2-2b-it,30,256
google/gemma-2-2b-it,30,256
google/gemma-2-2b-it,30,256
google/gemma-2-2b-it,30,256
google/gemma-2-2b-it,31,256
google/gemma-2-2b-it,31,256
google/gemma-2-2b-it,31,256
google/gemma-2-2b-it,31,256
google/gemma-2-2b-it,31,256
google/gemma-2-2b-it,31,256
google/gemma-2-2b-it,31,247
google/gemma-2-2b-it,31,256
google/gemma-2-2b-it,37,3
google/gemma-2-2b-it,37,3
google/gemma-2-2b-it,37,3
google/gemma-2-2b-it,37,3
google/gemma-2-2b-it,37,3
google/gemma-2-2b-it,37,3
google/gemma-2-2b-it,37,3
google/gemma-2-2b-it,37,3
google/gemma-2-2b-it,38,3
google/gemma-2-2b-it,38,3
google/gemma-2-2b-it,38,3
google/gemma-2-2b-it,38,3
google/gemma-2-2b-it,38,3
google/gemma-2-2b-it,38,3
google/gemma-2-2b-it,38,3
google/gemma-2-2b-it,38,3
google/gemma-2-2b-it,35,12
google/gemma-2-2b-it,35,12
google/gemma-2-2b-it,35,12
google/gemma-2-2b-it,35,12
google/gemma-2-2b-it,35,12
google/gemma-2-2b-it,35,12
google/gemma-2-2b-it,35,12
google/gemma-2-2b-it,35,12
google/gemma-2-2b-it,36,3
google/gemma-2-2b-it,36,3
google/gemma-2-2b-it,36,3
google/gemma-2-2b-it,36,3
google/gemma-2-2b-it,36,3
google/gemma-2-2b-it,36,3
google/gemma-2-2b-it,36,3
google/gemma-2-2b-it,36,3
google/gemma-2-2b-it,32,3
google/gemma-2-2b-it,32,3
google/gemma-2-2b-it,32,3
google/gemma-2-2b-it,32,3
google/gemma-2-2b-it,32,3
google/gemma-2-2b-it,32,3
google/gemma-2-2b-it,32,3
google/gemma-2-2b-it,32,3
google/gemma-2-2b-it,33,3
google/gemma-2-2b-it,33,3
google/gemma-2-2b-it,33,3
google/gemma-2-2b-it,33,3
google/gemma-2-2b-it,33,3
google/gemma-2-2b-it,33,3
google/gemma-2-2b-it,33,3
google/gemma-2-2b-it,33,3
google/gemma-2-2b-it,32,12
google/gemma-2-2b-it,32,12
google/gemma-2-2b-it,32,12
google/gemma-2-2b-it,32,12
google/gemma-2-2b-it,32,12
google/gemma-2-2b-it,32,12
google/gemma-2-2b-it,32,12
google/gemma-2-2b-it,32,12
google/gemma-2-2b-it,33,3
google/gemma-2-2b-it,33,3
google/gemma-2-2b-it,33,3
google/gemma-2-2b-it,33,3
google/gemma-2-2b-it,33,3
google/gemma-2-2b-it,33,3
google/gemma-2-2b-it,33,3
google/gemma-2-2b-it,33,3
google/gemma-2-2b-it,34,33
google/gemma-2-2b-it,34,37
google/gemma-2-2b-it,34,30
google/gemma-2-2b-it,34,37
google/gemma-2-2b-it,34,28
google/gemma-2-2b-it,34,33
google/gemma-2-2b-it,34,40
google/gemma-2-2b-it,34,35
google/gemma-2-2b-it,34,256
google/gemma-2-2b-it,34,256
google/gemma-2-2b-it,34,256
google/gemma-2-2b-it,34,256
google/gemma-2-2b-it,34,234
google/gemma-2-2b-it,34,256
google/gemma-2-2b-it,34,256
google/gemma-2-2b-it,34,256
google/gemma-2-2b-it,33,183
google/gemma-2-2b-it,33,256
google/gemma-2-2b-it,33,220
google/gemma-2-2b-it,33,203
google/gemma-2-2b-it,33,187
google/gemma-2-2b-it,33,256
google/gemma-2-2b-it,33,206
google/gemma-2-2b-it,33,202
google/gemma-2-2b-it,23,256
google/gemma-2-2b-it,23,256
google/gemma-2-2b-it,23,256
google/gemma-2-2b-it,23,256
google/gemma-2-2b-it,23,256
google/gemma-2-2b-it,23,256
google/gemma-2-2b-it,23,256
google/gemma-2-2b-it,23,256
google/gemma-2-2b-it,27,59
google/gemma-2-2b-it,27,69
google/gemma-2-2b-it,27,56
google/gemma-2-2b-it,27,56
google/gemma-2-2b-it,27,74
google/gemma-2-2b-it,27,58
google/gemma-2-2b-it,27,68
google/gemma-2-2b-it,27,66
google/gemma-2-2b-it,27,256
google/gemma-2-2b-it,27,256
google/gemma-2-2b-it,27,256
google/gemma-2-2b-it,27,256
google/gemma-2-2b-it,27,256
google/gemma-2-2b-it,27,256
google/gemma-2-2b-it,27,256
google/gemma-2-2b-it,27,256
google/gemma-2-2b-it,33,60
google/gemma-2-2b-it,33,58
google/gemma-2-2b-it,33,57
google/gemma-2-2b-it,33,50
google/gemma-2-2b-it,33,59
google/gemma-2-2b-it,33,58
google/gemma-2-2b-it,33,49
google/gemma-2-2b-it,33,59
google/gemma-2-2b-it,29,256
google/gemma-2-2b-it,29,256
google/gemma-2-2b-it,29,256
google/gemma-2-2b-it,29,256
google/gemma-2-2b-it,29,256
google/gemma-2-2b-it,29,256
google/gemma-2-2b-it,29,256
google/gemma-2-2b-it,29,256
google/gemma-2-2b-it,36,256
google/gemma-2-2b-it,36,256
google/gemma-2-2b-it,36,256
google/gemma-2-2b-it,36,256
google/gemma-2-2b-it,36,256
google/gemma-2-2b-it,36,256
google/gemma-2-2b-it,36,256
google/gemma-2-2b-it,36,256
google/gemma-2-2b-it,35,256
google/gemma-2-2b-it,35,256
google/gemma-2-2b-it,35,256
google/gemma-2-2b-it,35,256
google/gemma-2-2b-it,35,256
google/gemma-2-2b-it,35,256
google/gemma-2-2b-it,35,256
google/gemma-2-2b-it,35,256
google/gemma-2-2b-it,29,3
google/gemma-2-2b-it,29,3
google/gemma-2-2b-it,29,3
google/gemma-2-2b-it,29,3
google/gemma-2-2b-it,29,3
google/gemma-2-2b-it,29,3
google/gemma-2-2b-it,29,3
google/gemma-2-2b-it,29,3
google/gemma-2-2b-it,30,3
google/gemma-2-2b-it,30,3
google/gemma-2-2b-it,30,3
google/gemma-2-2b-it,30,3
google/gemma-2-2b-it,30,3
google/gemma-2-2b-it,30,3
google/gemma-2-2b-it,30,3
google/gemma-2-2b-it,30,3
google/gemma-2-2b-it,37,3
google/gemma-2-2b-it,37,3
google/gemma-2-2b-it,37,3
google/gemma-2-2b-it,37,3
google/gemma-2-2b-it,37,3
google/gemma-2-2b-it,37,3
google/gemma-2-2b-it,37,3
google/gemma-2-2b-it,37,3
google/gemma-2-2b-it,37,3
google/gemma-2-2b-it,37,3
google/gemma-2-2b-it,37,3
google/gemma-2-2b-it,37,3
google/gemma-2-2b-it,37,3
google/gemma-2-2b-it,37,3
google/gemma-2-2b-it,37,3
google/gemma-2-2b-it,37,3
google/gemma-2-2b-it,30,3
google/gemma-2-2b-it,30,3
google/gemma-2-2b-it,30,3
google/gemma-2-2b-it,30,3
google/gemma-2-2b-it,30,3
google/gemma-2-2b-it,30,3
google/gemma-2-2b-it,30,3
google/gemma-2-2b-it,30,3
google/gemma-2-2b-it,31,3
google/gemma-2-2b-it,31,3
google/gemma-2-2b-it,31,3
google/gemma-2-2b-it,31,3
google/gemma-2-2b-it,31,3
google/gemma-2-2b-it,31,3
google/gemma-2-2b-it,31,3
google/gemma-2-2b-it,31,3
google/gemma-2-2b-it,29,3
google/gemma-2-2b-it,29,3
google/gemma-2-2b-it,29,3
google/gemma-2-2b-it,29,3
google/gemma-2-2b-it,29,3
google/gemma-2-2b-it,29,3
google/gemma-2-2b-it,29,3
google/gemma-2-2b-it,29,3
google/gemma-2-2b-it,29,3
google/gemma-2-2b-it,29,3
google/gemma-2-2b-it,29,3
google/gemma-2-2b-it,29,3
google/gemma-2-2b-it,29,3
google/gemma-2-2b-it,29,3
google/gemma-2-2b-it,29,3
google/gemma-2-2b-it,29,3
google/gemma-2-2b-it,32,38
google/gemma-2-2b-it,32,38
google/gemma-2-2b-it,32,37
google/gemma-2-2b-it,32,29
google/gemma-2-2b-it,32,39
google/gemma-2-2b-it,32,37
google/gemma-2-2b-it,32,27
google/gemma-2-2b-it,32,37
google/gemma-2-2b-it,35,256
google/gemma-2-2b-it,35,234
google/gemma-2-2b-it,35,250
google/gemma-2-2b-it,35,247
google/gemma-2-2b-it,35,256
google/gemma-2-2b-it,35,256
google/gemma-2-2b-it,35,252
google/gemma-2-2b-it,35,242
google/gemma-2-2b-it,37,256
google/gemma-2-2b-it,37,249
google/gemma-2-2b-it,37,255
google/gemma-2-2b-it,37,256
google/gemma-2-2b-it,37,256
google/gemma-2-2b-it,37,256
google/gemma-2-2b-it,37,250
google/gemma-2-2b-it,37,256
google/gemma-2-2b-it,25,256
google/gemma-2-2b-it,25,256
google/gemma-2-2b-it,25,256
google/gemma-2-2b-it,25,256
google/gemma-2-2b-it,25,256
google/gemma-2-2b-it,25,256
google/gemma-2-2b-it,25,256
google/gemma-2-2b-it,25,256
google/gemma-2-2b-it,26,61
google/gemma-2-2b-it,26,58
google/gemma-2-2b-it,26,57
google/gemma-2-2b-it,26,56
google/gemma-2-2b-it,26,60
google/gemma-2-2b-it,26,55
google/gemma-2-2b-it,26,65
google/gemma-2-2b-it,26,66
google/gemma-2-2b-it,26,256
google/gemma-2-2b-it,26,256
google/gemma-2-2b-it,26,256
google/gemma-2-2b-it,26,256
google/gemma-2-2b-it,26,256
google/gemma-2-2b-it,26,256
google/gemma-2-2b-it,26,256
google/gemma-2-2b-it,26,256
google/gemma-2-2b-it,33,43
google/gemma-2-2b-it,33,44
google/gemma-2-2b-it,33,53
google/gemma-2-2b-it,33,43
google/gemma-2-2b-it,33,47
google/gemma-2-2b-it,33,45
google/gemma-2-2b-it,33,47
google/gemma-2-2b-it,33,41
google/gemma-2-2b-it,32,256
google/gemma-2-2b-it,32,256
google/gemma-2-2b-it,32,256
google/gemma-2-2b-it,32,256
google/gemma-2-2b-it,32,256
google/gemma-2-2b-it,32,256
google/gemma-2-2b-it,32,256
google/gemma-2-2b-it,32,256
google/gemma-2-2b-it,33,256
google/gemma-2-2b-it,33,256
google/gemma-2-2b-it,33,256
google/gemma-2-2b-it,33,256
google/gemma-2-2b-it,33,256
google/gemma-2-2b-it,33,256
google/gemma-2-2b-it,33,256
google/gemma-2-2b-it,33,256
google/gemma-2-2b-it,34,256
google/gemma-2-2b-it,34,256
google/gemma-2-2b-it,34,256
google/gemma-2-2b-it,34,256
google/gemma-2-2b-it,34,256
google/gemma-2-2b-it,34,256
google/gemma-2-2b-it,34,256
google/gemma-2-2b-it,34,256
google/gemma-2-2b-it,38,12
google/gemma-2-2b-it,38,3
google/gemma-2-2b-it,38,3
google/gemma-2-2b-it,38,3
google/gemma-2-2b-it,38,3
google/gemma-2-2b-it,38,3
google/gemma-2-2b-it,38,3
google/gemma-2-2b-it,38,3
google/gemma-2-2b-it,39,3
google/gemma-2-2b-it,39,3
google/gemma-2-2b-it,39,3
google/gemma-2-2b-it,39,3
google/gemma-2-2b-it,39,3
google/gemma-2-2b-it,39,3
google/gemma-2-2b-it,39,3
google/gemma-2-2b-it,39,3
google/gemma-2-2b-it,36,12
google/gemma-2-2b-it,36,3
google/gemma-2-2b-it,36,3
google/gemma-2-2b-it,36,3
google/gemma-2-2b-it,36,3
google/gemma-2-2b-it,36,3
google/gemma-2-2b-it,36,3
google/gemma-2-2b-it,36,3
google/gemma-2-2b-it,37,3
google/gemma-2-2b-it,37,3
google/gemma-2-2b-it,37,3
google/gemma-2-2b-it,37,3
google/gemma-2-2b-it,37,3
google/gemma-2-2b-it,37,3
google/gemma-2-2b-it,37,3
google/gemma-2-2b-it,37,3
google/gemma-2-2b-it,33,3
google/gemma-2-2b-it,33,3
google/gemma-2-2b-it,33,3
google/gemma-2-2b-it,33,3
google/gemma-2-2b-it,33,3
google/gemma-2-2b-it,33,3
google/gemma-2-2b-it,33,3
google/gemma-2-2b-it,33,3
google/gemma-2-2b-it,34,3
google/gemma-2-2b-it,34,3
google/gemma-2-2b-it,34,3
google/gemma-2-2b-it,34,3
google/gemma-2-2b-it,34,3
google/gemma-2-2b-it,34,3
google/gemma-2-2b-it,34,3
google/gemma-2-2b-it,34,3
google/gemma-2-2b-it,33,3
google/gemma-2-2b-it,33,3
google/gemma-2-2b-it,33,3
google/gemma-2-2b-it,33,3
google/gemma-2-2b-it,33,12
google/gemma-2-2b-it,33,3
google/gemma-2-2b-it,33,12
google/gemma-2-2b-it,33,12
google/gemma-2-2b-it,34,3
google/gemma-2-2b-it,34,3
google/gemma-2-2b-it,34,3
google/gemma-2-2b-it,34,3
google/gemma-2-2b-it,34,3
google/gemma-2-2b-it,34,3
google/gemma-2-2b-it,34,3
google/gemma-2-2b-it,34,3
google/gemma-2-2b-it,32,32
google/gemma-2-2b-it,32,33
google/gemma-2-2b-it,32,31
google/gemma-2-2b-it,32,31
google/gemma-2-2b-it,32,29
google/gemma-2-2b-it,32,32
google/gemma-2-2b-it,32,32
google/gemma-2-2b-it,32,32
google/gemma-2-2b-it,32,256
google/gemma-2-2b-it,32,256
google/gemma-2-2b-it,32,206
google/gemma-2-2b-it,32,256
google/gemma-2-2b-it,32,256
google/gemma-2-2b-it,32,256
google/gemma-2-2b-it,32,256
google/gemma-2-2b-it,32,256
google/gemma-2-2b-it,31,256
google/gemma-2-2b-it,31,202
google/gemma-2-2b-it,31,256
google/gemma-2-2b-it,31,256
google/gemma-2-2b-it,31,256
google/gemma-2-2b-it,31,256
google/gemma-2-2b-it,31,256
google/gemma-2-2b-it,31,256
google/gemma-2-2b-it,21,256
google/gemma-2-2b-it,21,256
google/gemma-2-2b-it,21,256
google/gemma-2-2b-it,21,256
google/gemma-2-2b-it,21,256
google/gemma-2-2b-it,21,256
google/gemma-2-2b-it,21,256
google/gemma-2-2b-it,21,256
google/gemma-2-2b-it,25,62
google/gemma-2-2b-it,25,65
google/gemma-2-2b-it,25,57
google/gemma-2-2b-it,25,60
google/gemma-2-2b-it,25,58
google/gemma-2-2b-it,25,56
google/gemma-2-2b-it,25,54
google/gemma-2-2b-it,25,54
google/gemma-2-2b-it,25,256
google/gemma-2-2b-it,25,256
google/gemma-2-2b-it,25,256
google/gemma-2-2b-it,25,256
google/gemma-2-2b-it,25,256
google/gemma-2-2b-it,25,256
google/gemma-2-2b-it,25,256
google/gemma-2-2b-it,25,256
google/gemma-2-2b-it,31,49
google/gemma-2-2b-it,31,52
google/gemma-2-2b-it,31,41
google/gemma-2-2b-it,31,48
google/gemma-2-2b-it,31,54
google/gemma-2-2b-it,31,59
google/gemma-2-2b-it,31,63
google/gemma-2-2b-it,31,44
google/gemma-2-2b-it,27,256
google/gemma-2-2b-it,27,256
google/gemma-2-2b-it,27,256
google/gemma-2-2b-it,27,256
google/gemma-2-2b-it,27,256
google/gemma-2-2b-it,27,256
google/gemma-2-2b-it,27,256
google/gemma-2-2b-it,27,256
google/gemma-2-2b-it,34,256
google/gemma-2-2b-it,34,256
google/gemma-2-2b-it,34,256
google/gemma-2-2b-it,34,256
google/gemma-2-2b-it,34,256
google/gemma-2-2b-it,34,256
google/gemma-2-2b-it,34,256
google/gemma-2-2b-it,34,256
google/gemma-2-2b-it,33,256
google/gemma-2-2b-it,33,238
google/gemma-2-2b-it,33,256
google/gemma-2-2b-it,33,242
google/gemma-2-2b-it,33,240
google/gemma-2-2b-it,33,256
google/gemma-2-2b-it,33,252
google/gemma-2-2b-it,33,236
google/gemma-2-2b-it,31,3
google/gemma-2-2b-it,31,3
google/gemma-2-2b-it,31,3
google/gemma-2-2b-it,31,3
google/gemma-2-2b-it,31,3
google/gemma-2-2b-it,31,3
google/gemma-2-2b-it,31,3
google/gemma-2-2b-it,31,3
google/gemma-2-2b-it,32,3
google/gemma-2-2b-it,32,3
google/gemma-2-2b-it,32,3
google/gemma-2-2b-it,32,3
google/gemma-2-2b-it,32,3
google/gemma-2-2b-it,32,3
google/gemma-2-2b-it,32,3
google/gemma-2-2b-it,32,3
google/gemma-2-2b-it,39,3
google/gemma-2-2b-it,39,3
google/gemma-2-2b-it,39,3
google/gemma-2-2b-it,39,3
google/gemma-2-2b-it,39,3
google/gemma-2-2b-it,39,3
google/gemma-2-2b-it,39,3
google/gemma-2-2b-it,39,3
google/gemma-2-2b-it,39,3
google/gemma-2-2b-it,39,3
google/gemma-2-2b-it,39,3
google/gemma-2-2b-it,39,3
google/gemma-2-2b-it,39,3
google/gemma-2-2b-it,39,3
google/gemma-2-2b-it,39,3
google/gemma-2-2b-it,39,3
google/gemma-2-2b-it,32,3
google/gemma-2-2b-it,32,3
google/gemma-2-2b-it,32,3
google/gemma-2-2b-it,32,3
google/gemma-2-2b-it,32,3
google/gemma-2-2b-it,32,3
google/gemma-2-2b-it,32,3
google/gemma-2-2b-it,32,3
google/gemma-2-2b-it,33,3
google/gemma-2-2b-it,33,3
google/gemma-2-2b-it,33,3
google/gemma-2-2b-it,33,3
google/gemma-2-2b-it,33,3
google/gemma-2-2b-it,33,3
google/gemma-2-2b-it,33,3
google/gemma-2-2b-it,33,3
google/gemma-2-2b-it,30,12
google/gemma-2-2b-it,30,3
google/gemma-2-2b-it,30,3
google/gemma-2-2b-it,30,12
google/gemma-2-2b-it,30,3
google/gemma-2-2b-it,30,12
google/gemma-2-2b-it,30,12
google/gemma-2-2b-it,30,3
google/gemma-2-2b-it,31,3
google/gemma-2-2b-it,31,3
google/gemma-2-2b-it,31,3
google/gemma-2-2b-it,31,3
google/gemma-2-2b-it,31,3
google/gemma-2-2b-it,31,3
google/gemma-2-2b-it,31,3
google/gemma-2-2b-it,31,3
google/gemma-2-2b-it,31,27
google/gemma-2-2b-it,31,28
google/gemma-2-2b-it,31,26
google/gemma-2-2b-it,31,26
google/gemma-2-2b-it,31,29
google/gemma-2-2b-it,31,26
google/gemma-2-2b-it,31,28
google/gemma-2-2b-it,31,27
google/gemma-2-2b-it,34,208
google/gemma-2-2b-it,34,232
google/gemma-2-2b-it,34,186
google/gemma-2-2b-it,34,211
google/gemma-2-2b-it,34,247
google/gemma-2-2b-it,34,225
google/gemma-2-2b-it,34,133
google/gemma-2-2b-it,34,222
google/gemma-2-2b-it,36,256
google/gemma-2-2b-it,36,256
google/gemma-2-2b-it,36,256
google/gemma-2-2b-it,36,256
google/gemma-2-2b-it,36,256
google/gemma-2-2b-it,36,256
google/gemma-2-2b-it,36,256
google/gemma-2-2b-it,36,256
google/gemma-2-2b-it,24,256
google/gemma-2-2b-it,24,256
google/gemma-2-2b-it,24,256
google/gemma-2-2b-it,24,256
google/gemma-2-2b-it,24,256
google/gemma-2-2b-it,24,256
google/gemma-2-2b-it,24,256
google/gemma-2-2b-it,24,256
google/gemma-2-2b-it,25,58
google/gemma-2-2b-it,25,50
google/gemma-2-2b-it,25,59
google/gemma-2-2b-it,25,53
google/gemma-2-2b-it,25,49
google/gemma-2-2b-it,25,83
google/gemma-2-2b-it,25,62
google/gemma-2-2b-it,25,57
google/gemma-2-2b-it,25,256
google/gemma-2-2b-it,25,256
google/gemma-2-2b-it,25,256
google/gemma-2-2b-it,25,256
google/gemma-2-2b-it,25,256
google/gemma-2-2b-it,25,256
google/gemma-2-2b-it,25,256
google/gemma-2-2b-it,25,256
google/gemma-2-2b-it,32,37
google/gemma-2-2b-it,32,38
google/gemma-2-2b-it,32,44
google/gemma-2-2b-it,32,36
google/gemma-2-2b-it,32,36
google/gemma-2-2b-it,32,36
google/gemma-2-2b-it,32,39
google/gemma-2-2b-it,32,45
google/gemma-2-2b-it,31,216
google/gemma-2-2b-it,31,256
google/gemma-2-2b-it,31,236
google/gemma-2-2b-it,31,256
google/gemma-2-2b-it,31,175
google/gemma-2-2b-it,31,220
google/gemma-2-2b-it,31,134
google/gemma-2-2b-it,31,199
google/gemma-2-2b-it,32,256
google/gemma-2-2b-it,32,256
google/gemma-2-2b-it,32,256
google/gemma-2-2b-it,32,256
google/gemma-2-2b-it,32,256
google/gemma-2-2b-it,32,256
google/gemma-2-2b-it,32,256
google/gemma-2-2b-it,32,256
google/gemma-2-2b-it,33,256
google/gemma-2-2b-it,33,180
google/gemma-2-2b-it,33,256
google/gemma-2-2b-it,33,177
google/gemma-2-2b-it,33,256
google/gemma-2-2b-it,33,256
google/gemma-2-2b-it,33,241
google/gemma-2-2b-it,33,256
google/gemma-2-2b-it,40,3
google/gemma-2-2b-it,40,3
google/gemma-2-2b-it,40,3
google/gemma-2-2b-it,40,3
google/gemma-2-2b-it,40,3
google/gemma-2-2b-it,40,3
google/gemma-2-2b-it,40,3
google/gemma-2-2b-it,40,3
google/gemma-2-2b-it,41,3
google/gemma-2-2b-it,41,3
google/gemma-2-2b-it,41,3
google/gemma-2-2b-it,41,3
google/gemma-2-2b-it,41,3
google/gemma-2-2b-it,41,3
google/gemma-2-2b-it,41,3
google/gemma-2-2b-it,41,3
google/gemma-2-2b-it,38,3
google/gemma-2-2b-it,38,3
google/gemma-2-2b-it,38,3
google/gemma-2-2b-it,38,3
google/gemma-2-2b-it,38,3
google/gemma-2-2b-it,38,3
google/gemma-2-2b-it,38,3
google/gemma-2-2b-it,38,3
google/gemma-2-2b-it,39,3
google/gemma-2-2b-it,39,3
google/gemma-2-2b-it,39,3
google/gemma-2-2b-it,39,3
google/gemma-2-2b-it,39,3
google/gemma-2-2b-it,39,3
google/gemma-2-2b-it,39,3
google/gemma-2-2b-it,39,3
google/gemma-2-2b-it,35,3
google/gemma-2-2b-it,35,3
google/gemma-2-2b-it,35,3
google/gemma-2-2b-it,35,3
google/gemma-2-2b-it,35,3
google/gemma-2-2b-it,35,3
google/gemma-2-2b-it,35,3
google/gemma-2-2b-it,35,3
google/gemma-2-2b-it,36,3
google/gemma-2-2b-it,36,3
google/gemma-2-2b-it,36,3
google/gemma-2-2b-it,36,3
google/gemma-2-2b-it,36,3
google/gemma-2-2b-it,36,3
google/gemma-2-2b-it,36,3
google/gemma-2-2b-it,36,3
google/gemma-2-2b-it,35,3
google/gemma-2-2b-it,35,3
google/gemma-2-2b-it,35,3
google/gemma-2-2b-it,35,3
google/gemma-2-2b-it,35,3
google/gemma-2-2b-it,35,3
google/gemma-2-2b-it,35,3
google/gemma-2-2b-it,35,3
google/gemma-2-2b-it,36,3
google/gemma-2-2b-it,36,3
google/gemma-2-2b-it,36,3
google/gemma-2-2b-it,36,3
google/gemma-2-2b-it,36,3
google/gemma-2-2b-it,36,3
google/gemma-2-2b-it,36,3
google/gemma-2-2b-it,36,3
google/gemma-2-2b-it,32,31
google/gemma-2-2b-it,32,37
google/gemma-2-2b-it,32,32
google/gemma-2-2b-it,32,36
google/gemma-2-2b-it,32,29
google/gemma-2-2b-it,32,36
google/gemma-2-2b-it,32,30
google/gemma-2-2b-it,32,43
google/gemma-2-2b-it,32,256
google/gemma-2-2b-it,32,256
google/gemma-2-2b-it,32,256
google/gemma-2-2b-it,32,256
google/gemma-2-2b-it,32,256
google/gemma-2-2b-it,32,256
google/gemma-2-2b-it,32,256
google/gemma-2-2b-it,32,256
google/gemma-2-2b-it,31,256
google/gemma-2-2b-it,31,256
google/gemma-2-2b-it,31,221
google/gemma-2-2b-it,31,235
google/gemma-2-2b-it,31,223
google/gemma-2-2b-it,31,226
google/gemma-2-2b-it,31,200
google/gemma-2-2b-it,31,205
google/gemma-2-2b-it,21,256
google/gemma-2-2b-it,21,256
google/gemma-2-2b-it,21,256
google/gemma-2-2b-it,21,256
google/gemma-2-2b-it,21,256
google/gemma-2-2b-it,21,256
google/gemma-2-2b-it,21,256
google/gemma-2-2b-it,21,256
google/gemma-2-2b-it,25,59
google/gemma-2-2b-it,25,62
google/gemma-2-2b-it,25,65
google/gemma-2-2b-it,25,60
google/gemma-2-2b-it,25,62
google/gemma-2-2b-it,25,58
google/gemma-2-2b-it,25,62
google/gemma-2-2b-it,25,61
google/gemma-2-2b-it,25,256
google/gemma-2-2b-it,25,256
google/gemma-2-2b-it,25,256
google/gemma-2-2b-it,25,256
google/gemma-2-2b-it,25,256
google/gemma-2-2b-it,25,256
google/gemma-2-2b-it,25,256
google/gemma-2-2b-it,25,256
google/gemma-2-2b-it,31,48
google/gemma-2-2b-it,31,53
google/gemma-2-2b-it,31,58
google/gemma-2-2b-it,31,51
google/gemma-2-2b-it,31,48
google/gemma-2-2b-it,31,55
google/gemma-2-2b-it,31,59
google/gemma-2-2b-it,31,40
google/gemma-2-2b-it,27,256
google/gemma-2-2b-it,27,256
google/gemma-2-2b-it,27,256
google/gemma-2-2b-it,27,256
google/gemma-2-2b-it,27,256
google/gemma-2-2b-it,27,256
google/gemma-2-2b-it,27,256
google/gemma-2-2b-it,27,256
google/gemma-2-2b-it,34,256
google/gemma-2-2b-it,34,256
google/gemma-2-2b-it,34,256
google/gemma-2-2b-it,34,256
google/gemma-2-2b-it,34,256
google/gemma-2-2b-it,34,256
google/gemma-2-2b-it,34,256
google/gemma-2-2b-it,34,256
google/gemma-2-2b-it,33,256
google/gemma-2-2b-it,33,256
google/gemma-2-2b-it,33,256
google/gemma-2-2b-it,33,256
google/gemma-2-2b-it,33,256
google/gemma-2-2b-it,33,256
google/gemma-2-2b-it,33,256
google/gemma-2-2b-it,33,256
google/gemma-2-2b-it,29,3
google/gemma-2-2b-it,29,3
google/gemma-2-2b-it,29,3
google/gemma-2-2b-it,29,3
google/gemma-2-2b-it,29,3
google/gemma-2-2b-it,29,3
google/gemma-2-2b-it,29,3
google/gemma-2-2b-it,29,3
google/gemma-2-2b-it,30,3
google/gemma-2-2b-it,30,3
google/gemma-2-2b-it,30,3
google/gemma-2-2b-it,30,3
google/gemma-2-2b-it,30,3
google/gemma-2-2b-it,30,3
google/gemma-2-2b-it,30,3
google/gemma-2-2b-it,30,3
google/gemma-2-2b-it,37,3
google/gemma-2-2b-it,37,3
google/gemma-2-2b-it,37,3
google/gemma-2-2b-it,37,3
google/gemma-2-2b-it,37,3
google/gemma-2-2b-it,37,3
google/gemma-2-2b-it,37,3
google/gemma-2-2b-it,37,3
google/gemma-2-2b-it,37,3
google/gemma-2-2b-it,37,3
google/gemma-2-2b-it,37,3
google/gemma-2-2b-it,37,3
google/gemma-2-2b-it,37,3
google/gemma-2-2b-it,37,3
google/gemma-2-2b-it,37,3
google/gemma-2-2b-it,37,3
google/gemma-2-2b-it,30,3
google/gemma-2-2b-it,30,3
google/gemma-2-2b-it,30,3
google/gemma-2-2b-it,30,3
google/gemma-2-2b-it,30,3
google/gemma-2-2b-it,30,3
google/gemma-2-2b-it,30,3
google/gemma-2-2b-it,30,3
google/gemma-2-2b-it,31,3
google/gemma-2-2b-it,31,3
google/gemma-2-2b-it,31,3
google/gemma-2-2b-it,31,3
google/gemma-2-2b-it,31,3
google/gemma-2-2b-it,31,3
google/gemma-2-2b-it,31,3
google/gemma-2-2b-it,31,3
google/gemma-2-2b-it,29,3
google/gemma-2-2b-it,29,3
google/gemma-2-2b-it,29,3
google/gemma-2-2b-it,29,3
google/gemma-2-2b-it,29,3
google/gemma-2-2b-it,29,3
google/gemma-2-2b-it,29,3
google/gemma-2-2b-it,29,3
google/gemma-2-2b-it,29,12
google/gemma-2-2b-it,29,12
google/gemma-2-2b-it,29,12
google/gemma-2-2b-it,29,12
google/gemma-2-2b-it,29,12
google/gemma-2-2b-it,29,12
google/gemma-2-2b-it,29,12
google/gemma-2-2b-it,29,12
google/gemma-2-2b-it,30,41
google/gemma-2-2b-it,30,32
google/gemma-2-2b-it,30,30
google/gemma-2-2b-it,30,24
google/gemma-2-2b-it,30,33
google/gemma-2-2b-it,30,25
google/gemma-2-2b-it,30,27
google/gemma-2-2b-it,30,44
google/gemma-2-2b-it,33,256
google/gemma-2-2b-it,33,213
google/gemma-2-2b-it,33,225
google/gemma-2-2b-it,33,256
google/gemma-2-2b-it,33,191
google/gemma-2-2b-it,33,217
google/gemma-2-2b-it,33,256
google/gemma-2-2b-it,33,236
google/gemma-2-2b-it,35,256
google/gemma-2-2b-it,35,256
google/gemma-2-2b-it,35,256
google/gemma-2-2b-it,35,256
google/gemma-2-2b-it,35,256
google/gemma-2-2b-it,35,256
google/gemma-2-2b-it,35,256
google/gemma-2-2b-it,35,256
google/gemma-2-2b-it,23,256
google/gemma-2-2b-it,23,256
google/gemma-2-2b-it,23,256
google/gemma-2-2b-it,23,256
google/gemma-2-2b-it,23,256
google/gemma-2-2b-it,23,256
google/gemma-2-2b-it,23,256
google/gemma-2-2b-it,23,256
google/gemma-2-2b-it,24,60
google/gemma-2-2b-it,24,64
google/gemma-2-2b-it,24,59
google/gemma-2-2b-it,24,61
google/gemma-2-2b-it,24,57
google/gemma-2-2b-it,24,58
google/gemma-2-2b-it,24,62
google/gemma-2-2b-it,24,61
google/gemma-2-2b-it,24,256
google/gemma-2-2b-it,24,256
google/gemma-2-2b-it,24,256
google/gemma-2-2b-it,24,256
google/gemma-2-2b-it,24,256
google/gemma-2-2b-it,24,256
google/gemma-2-2b-it,24,256
google/gemma-2-2b-it,24,256
google/gemma-2-2b-it,31,45
google/gemma-2-2b-it,31,42
google/gemma-2-2b-it,31,45
google/gemma-2-2b-it,31,52
google/gemma-2-2b-it,31,50
google/gemma-2-2b-it,31,50
google/gemma-2-2b-it,31,53
google/gemma-2-2b-it,31,47
google/gemma-2-2b-it,30,225
google/gemma-2-2b-it,30,256
google/gemma-2-2b-it,30,256
google/gemma-2-2b-it,30,256
google/gemma-2-2b-it,30,256
google/gemma-2-2b-it,30,256
google/gemma-2-2b-it,30,256
google/gemma-2-2b-it,30,256
google/gemma-2-2b-it,31,256
google/gemma-2-2b-it,31,256
google/gemma-2-2b-it,31,256
google/gemma-2-2b-it,31,256
google/gemma-2-2b-it,31,256
google/gemma-2-2b-it,31,256
google/gemma-2-2b-it,31,256
google/gemma-2-2b-it,31,256
google/gemma-2-2b-it,32,256
google/gemma-2-2b-it,32,256
google/gemma-2-2b-it,32,256
google/gemma-2-2b-it,32,256
google/gemma-2-2b-it,32,256
google/gemma-2-2b-it,32,255
google/gemma-2-2b-it,32,256
google/gemma-2-2b-it,32,256
microsoft/phi-4-mini-instruct,31,3
microsoft/phi-4-mini-instruct,31,3
microsoft/phi-4-mini-instruct,31,12
microsoft/phi-4-mini-instruct,31,3
microsoft/phi-4-mini-instruct,31,2
microsoft/phi-4-mini-instruct,31,3
microsoft/phi-4-mini-instruct,31,3
microsoft/phi-4-mini-instruct,31,3
microsoft/phi-4-mini-instruct,32,3
microsoft/phi-4-mini-instruct,32,3
microsoft/phi-4-mini-instruct,32,3
microsoft/phi-4-mini-instruct,32,7
microsoft/phi-4-mini-instruct,32,12
microsoft/phi-4-mini-instruct,32,3
microsoft/phi-4-mini-instruct,32,12
microsoft/phi-4-mini-instruct,32,3
microsoft/phi-4-mini-instruct,30,12
microsoft/phi-4-mini-instruct,30,12
microsoft/phi-4-mini-instruct,30,12
microsoft/phi-4-mini-instruct,30,12
microsoft/phi-4-mini-instruct,30,12
microsoft/phi-4-mini-instruct,30,12
microsoft/phi-4-mini-instruct,30,12
microsoft/phi-4-mini-instruct,30,12
microsoft/phi-4-mini-instruct,31,12
microsoft/phi-4-mini-instruct,31,12
microsoft/phi-4-mini-instruct,31,12
microsoft/phi-4-mini-instruct,31,12
microsoft/phi-4-mini-instruct,31,12
microsoft/phi-4-mini-instruct,31,12
microsoft/phi-4-mini-instruct,31,12
microsoft/phi-4-mini-instruct,31,12
microsoft/phi-4-mini-instruct,26,3
microsoft/phi-4-mini-instruct,26,3
microsoft/phi-4-mini-instruct,26,12
microsoft/phi-4-mini-instruct,26,12
microsoft/phi-4-mini-instruct,26,3
microsoft/phi-4-mini-instruct,26,12
microsoft/phi-4-mini-instruct,26,3
microsoft/phi-4-mini-instruct,26,2
microsoft/phi-4-mini-instruct,27,12
microsoft/phi-4-mini-instruct,27,3
microsoft/phi-4-mini-instruct,27,3
microsoft/phi-4-mini-instruct,27,3
microsoft/phi-4-mini-instruct,27,3
microsoft/phi-4-mini-instruct,27,12
microsoft/phi-4-mini-instruct,27,2
microsoft/phi-4-mini-instruct,27,2
microsoft/phi-4-mini-instruct,26,12
microsoft/phi-4-mini-instruct,26,12
microsoft/phi-4-mini-instruct,26,12
microsoft/phi-4-mini-instruct,26,12
microsoft/phi-4-mini-instruct,26,12
microsoft/phi-4-mini-instruct,26,12
microsoft/phi-4-mini-instruct,26,12
microsoft/phi-4-mini-instruct,26,2
microsoft/phi-4-mini-instruct,27,12
microsoft/phi-4-mini-instruct,27,2
microsoft/phi-4-mini-instruct,27,12
microsoft/phi-4-mini-instruct,27,12
microsoft/phi-4-mini-instruct,27,12
microsoft/phi-4-mini-instruct,27,12
microsoft/phi-4-mini-instruct,27,12
microsoft/phi-4-mini-instruct,27,12
microsoft/phi-4-mini-instruct,25,23
microsoft/phi-4-mini-instruct,25,72
microsoft/phi-4-mini-instruct,25,55
microsoft/phi-4-mini-instruct,25,55
microsoft/phi-4-mini-instruct,25,27
microsoft/phi-4-mini-instruct,25,23
microsoft/phi-4-mini-instruct,25,43
microsoft/phi-4-mini-instruct,25,126
microsoft/phi-4-mini-instruct,25,181
microsoft/phi-4-mini-instruct,25,161
microsoft/phi-4-mini-instruct,25,237
microsoft/phi-4-mini-instruct,25,218
microsoft/phi-4-mini-instruct,25,190
microsoft/phi-4-mini-instruct,25,256
microsoft/phi-4-mini-instruct,25,234
microsoft/phi-4-mini-instruct,25,188
microsoft/phi-4-mini-instruct,24,156
microsoft/phi-4-mini-instruct,24,160
microsoft/phi-4-mini-instruct,24,138
microsoft/phi-4-mini-instruct,24,151
microsoft/phi-4-mini-instruct,24,121
microsoft/phi-4-mini-instruct,24,177
microsoft/phi-4-mini-instruct,24,203
microsoft/phi-4-mini-instruct,24,256
microsoft/phi-4-mini-instruct,14,256
microsoft/phi-4-mini-instruct,14,256
microsoft/phi-4-mini-instruct,14,256
microsoft/phi-4-mini-instruct,14,256
microsoft/phi-4-mini-instruct,14,224
microsoft/phi-4-mini-instruct,14,256
microsoft/phi-4-mini-instruct,14,167
microsoft/phi-4-mini-instruct,14,256
microsoft/phi-4-mini-instruct,18,127
microsoft/phi-4-mini-instruct,18,96
microsoft/phi-4-mini-instruct,18,100
microsoft/phi-4-mini-instruct,18,86
microsoft/phi-4-mini-instruct,18,118
microsoft/phi-4-mini-instruct,18,78
microsoft/phi-4-mini-instruct,18,89
microsoft/phi-4-mini-instruct,18,88
microsoft/phi-4-mini-instruct,18,256
microsoft/phi-4-mini-instruct,18,256
microsoft/phi-4-mini-instruct,18,256
microsoft/phi-4-mini-instruct,18,256
microsoft/phi-4-mini-instruct,18,233
microsoft/phi-4-mini-instruct,18,256
microsoft/phi-4-mini-instruct,18,256
microsoft/phi-4-mini-instruct,18,252
microsoft/phi-4-mini-instruct,24,141
microsoft/phi-4-mini-instruct,24,164
microsoft/phi-4-mini-instruct,24,110
microsoft/phi-4-mini-instruct,24,102
microsoft/phi-4-mini-instruct,24,109
microsoft/phi-4-mini-instruct,24,70
microsoft/phi-4-mini-instruct,24,160
microsoft/phi-4-mini-instruct,24,147
microsoft/phi-4-mini-instruct,20,155
microsoft/phi-4-mini-instruct,20,256
microsoft/phi-4-mini-instruct,20,145
microsoft/phi-4-mini-instruct,20,197
microsoft/phi-4-mini-instruct,20,171
microsoft/phi-4-mini-instruct,20,151
microsoft/phi-4-mini-instruct,20,210
microsoft/phi-4-mini-instruct,20,224
microsoft/phi-4-mini-instruct,27,119
microsoft/phi-4-mini-instruct,27,209
microsoft/phi-4-mini-instruct,27,222
microsoft/phi-4-mini-instruct,27,227
microsoft/phi-4-mini-instruct,27,237
microsoft/phi-4-mini-instruct,27,176
microsoft/phi-4-mini-instruct,27,186
microsoft/phi-4-mini-instruct,27,197
microsoft/phi-4-mini-instruct,26,256
microsoft/phi-4-mini-instruct,26,236
microsoft/phi-4-mini-instruct,26,115
microsoft/phi-4-mini-instruct,26,198
microsoft/phi-4-mini-instruct,26,256
microsoft/phi-4-mini-instruct,26,228
microsoft/phi-4-mini-instruct,26,228
microsoft/phi-4-mini-instruct,26,256
microsoft/phi-4-mini-instruct,26,12
microsoft/phi-4-mini-instruct,26,3
microsoft/phi-4-mini-instruct,26,3
microsoft/phi-4-mini-instruct,26,3
microsoft/phi-4-mini-instruct,26,3
microsoft/phi-4-mini-instruct,26,3
microsoft/phi-4-mini-instruct,26,12
microsoft/phi-4-mini-instruct,26,3
microsoft/phi-4-mini-instruct,27,3
microsoft/phi-4-mini-instruct,27,3
microsoft/phi-4-mini-instruct,27,3
microsoft/phi-4-mini-instruct,27,3
microsoft/phi-4-mini-instruct,27,3
microsoft/phi-4-mini-instruct,27,3
microsoft/phi-4-mini-instruct,27,3
microsoft/phi-4-mini-instruct,27,3
microsoft/phi-4-mini-instruct,34,12
microsoft/phi-4-mini-instruct,34,9
microsoft/phi-4-mini-instruct,34,12
microsoft/phi-4-mini-instruct,34,12
microsoft/phi-4-mini-instruct,34,4
microsoft/phi-4-mini-instruct,34,4
microsoft/phi-4-mini-instruct,34,12
microsoft/phi-4-mini-instruct,34,12
microsoft/phi-4-mini-instruct,34,12
microsoft/phi-4-mini-instruct,34,12
microsoft/phi-4-mini-instruct,34,12
microsoft/phi-4-mini-instruct,34,12
microsoft/phi-4-mini-instruct,34,12
microsoft/phi-4-mini-instruct,34,12
microsoft/phi-4-mini-instruct,34,4
microsoft/phi-4-mini-instruct,34,4
microsoft/phi-4-mini-instruct,28,3
microsoft/phi-4-mini-instruct,28,3
microsoft/phi-4-mini-instruct,28,3
microsoft/phi-4-mini-instruct,28,12
microsoft/phi-4-mini-instruct,28,12
microsoft/phi-4-mini-instruct,28,3
microsoft/phi-4-mini-instruct,28,3
microsoft/phi-4-mini-instruct,28,3
microsoft/phi-4-mini-instruct,29,10
microsoft/phi-4-mini-instruct,29,3
microsoft/phi-4-mini-instruct,29,12
microsoft/phi-4-mini-instruct,29,3
microsoft/phi-4-mini-instruct,29,3
microsoft/phi-4-mini-instruct,29,8
microsoft/phi-4-mini-instruct,29,3
microsoft/phi-4-mini-instruct,29,3
microsoft/phi-4-mini-instruct,25,12
microsoft/phi-4-mini-instruct,25,12
microsoft/phi-4-mini-instruct,25,12
microsoft/phi-4-mini-instruct,25,3
microsoft/phi-4-mini-instruct,25,3
microsoft/phi-4-mini-instruct,25,12
microsoft/phi-4-mini-instruct,25,3
microsoft/phi-4-mini-instruct,25,3
microsoft/phi-4-mini-instruct,25,3
microsoft/phi-4-mini-instruct,25,3
microsoft/phi-4-mini-instruct,25,12
microsoft/phi-4-mini-instruct,25,12
microsoft/phi-4-mini-instruct,25,3
microsoft/phi-4-mini-instruct,25,3
microsoft/phi-4-mini-instruct,25,12
microsoft/phi-4-mini-instruct,25,12
microsoft/phi-4-mini-instruct,25,57
microsoft/phi-4-mini-instruct,25,74
microsoft/phi-4-mini-instruct,25,118
microsoft/phi-4-mini-instruct,25,85
microsoft/phi-4-mini-instruct,25,83
microsoft/phi-4-mini-instruct,25,73
microsoft/phi-4-mini-instruct,25,58
microsoft/phi-4-mini-instruct,25,97
microsoft/phi-4-mini-instruct,29,256
microsoft/phi-4-mini-instruct,29,256
microsoft/phi-4-mini-instruct,29,256
microsoft/phi-4-mini-instruct,29,215
microsoft/phi-4-mini-instruct,29,256
microsoft/phi-4-mini-instruct,29,256
microsoft/phi-4-mini-instruct,29,256
microsoft/phi-4-mini-instruct,29,204
microsoft/phi-4-mini-instruct,30,214
microsoft/phi-4-mini-instruct,30,256
microsoft/phi-4-mini-instruct,30,242
microsoft/phi-4-mini-instruct,30,150
microsoft/phi-4-mini-instruct,30,256
microsoft/phi-4-mini-instruct,30,195
microsoft/phi-4-mini-instruct,30,256
microsoft/phi-4-mini-instruct,30,256
microsoft/phi-4-mini-instruct,19,256
microsoft/phi-4-mini-instruct,19,256
microsoft/phi-4-mini-instruct,19,256
microsoft/phi-4-mini-instruct,19,256
microsoft/phi-4-mini-instruct,19,256
microsoft/phi-4-mini-instruct,19,256
microsoft/phi-4-mini-instruct,19,248
microsoft/phi-4-mini-instruct,19,256
microsoft/phi-4-mini-instruct,20,249
microsoft/phi-4-mini-instruct,20,148
microsoft/phi-4-mini-instruct,20,131
microsoft/phi-4-mini-instruct,20,141
microsoft/phi-4-mini-instruct,20,137
microsoft/phi-4-mini-instruct,20,102
microsoft/phi-4-mini-instruct,20,134
microsoft/phi-4-mini-instruct,20,171
microsoft/phi-4-mini-instruct,20,256
microsoft/phi-4-mini-instruct,20,256
microsoft/phi-4-mini-instruct,20,256
microsoft/phi-4-mini-instruct,20,256
microsoft/phi-4-mini-instruct,20,256
microsoft/phi-4-mini-instruct,20,256
microsoft/phi-4-mini-instruct,20,256
microsoft/phi-4-mini-instruct,20,256
microsoft/phi-4-mini-instruct,27,93
microsoft/phi-4-mini-instruct,27,53
microsoft/phi-4-mini-instruct,27,66
microsoft/phi-4-mini-instruct,27,73
microsoft/phi-4-mini-instruct,27,87
microsoft/phi-4-mini-instruct,27,97
microsoft/phi-4-mini-instruct,27,68
microsoft/phi-4-mini-instruct,27,78
microsoft/phi-4-mini-instruct,29,81
microsoft/phi-4-mini-instruct,29,205
microsoft/phi-4-mini-instruct,29,216
microsoft/phi-4-mini-instruct,29,256
microsoft/phi-4-mini-instruct,29,133
microsoft/phi-4-mini-instruct,29,148
microsoft/phi-4-mini-instruct,29,123
microsoft/phi-4-mini-instruct,29,168
microsoft/phi-4-mini-instruct,29,99
microsoft/phi-4-mini-instruct,29,118
microsoft/phi-4-mini-instruct,29,85
microsoft/phi-4-mini-instruct,29,126
microsoft/phi-4-mini-instruct,29,155
microsoft/phi-4-mini-instruct,29,128
microsoft/phi-4-mini-instruct,29,128
microsoft/phi-4-mini-instruct,29,113
microsoft/phi-4-mini-instruct,26,228
microsoft/phi-4-mini-instruct,26,244
microsoft/phi-4-mini-instruct,26,256
microsoft/phi-4-mini-instruct,26,256
microsoft/phi-4-mini-instruct,26,210
microsoft/phi-4-mini-instruct,26,256
microsoft/phi-4-mini-instruct,26,245
microsoft/phi-4-mini-instruct,26,256
microsoft/phi-4-mini-instruct,32,2
microsoft/phi-4-mini-instruct,32,2
microsoft/phi-4-mini-instruct,32,2
microsoft/phi-4-mini-instruct,32,2
microsoft/phi-4-mini-instruct,32,2
microsoft/phi-4-mini-instruct,32,12
microsoft/phi-4-mini-instruct,32,2
microsoft/phi-4-mini-instruct,32,2
microsoft/phi-4-mini-instruct,33,2
microsoft/phi-4-mini-instruct,33,2
microsoft/phi-4-mini-instruct,33,2
microsoft/phi-4-mini-instruct,33,2
microsoft/phi-4-mini-instruct,33,10
microsoft/phi-4-mini-instruct,33,2
microsoft/phi-4-mini-instruct,33,12
microsoft/phi-4-mini-instruct,33,2
microsoft/phi-4-mini-instruct,31,11
microsoft/phi-4-mini-instruct,31,12
microsoft/phi-4-mini-instruct,31,11
microsoft/phi-4-mini-instruct,31,12
microsoft/phi-4-mini-instruct,31,12
microsoft/phi-4-mini-instruct,31,2
microsoft/phi-4-mini-instruct,31,12
microsoft/phi-4-mini-instruct,31,12
microsoft/phi-4-mini-instruct,32,2
microsoft/phi-4-mini-instruct,32,12
microsoft/phi-4-mini-instruct,32,12
microsoft/phi-4-mini-instruct,32,2
microsoft/phi-4-mini-instruct,32,2
microsoft/phi-4-mini-instruct,32,2
microsoft/phi-4-mini-instruct,32,12
microsoft/phi-4-mini-instruct,32,2
microsoft/phi-4-mini-instruct,27,12
microsoft/phi-4-mini-instruct,27,2
microsoft/phi-4-mini-instruct,27,12
microsoft/phi-4-mini-instruct,27,12
microsoft/phi-4-mini-instruct,27,2
microsoft/phi-4-mini-instruct,27,12
microsoft/phi-4-mini-instruct,27,2
microsoft/phi-4-mini-instruct,27,12
microsoft/phi-4-mini-instruct,28,2
microsoft/phi-4-mini-instruct,28,8
microsoft/phi-4-mini-instruct,28,12
microsoft/phi-4-mini-instruct,28,12
microsoft/phi-4-mini-instruct,28,2
microsoft/phi-4-mini-instruct,28,12
microsoft/phi-4-mini-instruct,28,12
microsoft/phi-4-mini-instruct,28,12
microsoft/phi-4-mini-instruct,27,12
microsoft/phi-4-mini-instruct,27,12
microsoft/phi-4-mini-instruct,27,12
microsoft/phi-4-mini-instruct,27,12
microsoft/phi-4-mini-instruct,27,12
microsoft/phi-4-mini-instruct,27,12
microsoft/phi-4-mini-instruct,27,2
microsoft/phi-4-mini-instruct,27,12
microsoft/phi-4-mini-instruct,28,12
microsoft/phi-4-mini-instruct,28,12
microsoft/phi-4-mini-instruct,28,12
microsoft/phi-4-mini-instruct,28,2
microsoft/phi-4-mini-instruct,28,2
microsoft/phi-4-mini-instruct,28,2
microsoft/phi-4-mini-instruct,28,2
microsoft/phi-4-mini-instruct,28,2
microsoft/phi-4-mini-instruct,26,31
microsoft/phi-4-mini-instruct,26,31
microsoft/phi-4-mini-instruct,26,36
microsoft/phi-4-mini-instruct,26,35
microsoft/phi-4-mini-instruct,26,33
microsoft/phi-4-mini-instruct,26,31
microsoft/phi-4-mini-instruct,26,33
microsoft/phi-4-mini-instruct,26,32
microsoft/phi-4-mini-instruct,26,209
microsoft/phi-4-mini-instruct,26,75
microsoft/phi-4-mini-instruct,26,80
microsoft/phi-4-mini-instruct,26,102
microsoft/phi-4-mini-instruct,26,117
microsoft/phi-4-mini-instruct,26,121
microsoft/phi-4-mini-instruct,26,111
microsoft/phi-4-mini-instruct,26,161
microsoft/phi-4-mini-instruct,25,115
microsoft/phi-4-mini-instruct,25,71
microsoft/phi-4-mini-instruct,25,90
microsoft/phi-4-mini-instruct,25,111
microsoft/phi-4-mini-instruct,25,117
microsoft/phi-4-mini-instruct,25,154
microsoft/phi-4-mini-instruct,25,109
microsoft/phi-4-mini-instruct,25,112
microsoft/phi-4-mini-instruct,15,143
microsoft/phi-4-mini-instruct,15,228
microsoft/phi-4-mini-instruct,15,207
microsoft/phi-4-mini-instruct,15,203
microsoft/phi-4-mini-instruct,15,174
microsoft/phi-4-mini-instruct,15,184
microsoft/phi-4-mini-instruct,15,180
microsoft/phi-4-mini-instruct,15,177
microsoft/phi-4-mini-instruct,19,53
microsoft/phi-4-mini-instruct,19,84
microsoft/phi-4-mini-instruct,19,82
microsoft/phi-4-mini-instruct,19,72
microsoft/phi-4-mini-instruct,19,68
microsoft/phi-4-mini-instruct,19,61
microsoft/phi-4-mini-instruct,19,81
microsoft/phi-4-mini-instruct,19,74
microsoft/phi-4-mini-instruct,19,256
microsoft/phi-4-mini-instruct,19,256
microsoft/phi-4-mini-instruct,19,256
microsoft/phi-4-mini-instruct,19,216
microsoft/phi-4-mini-instruct,19,230
microsoft/phi-4-mini-instruct,19,256
microsoft/phi-4-mini-instruct,19,256
microsoft/phi-4-mini-instruct,19,256
microsoft/phi-4-mini-instruct,25,60
microsoft/phi-4-mini-instruct,25,55
microsoft/phi-4-mini-instruct,25,87
microsoft/phi-4-mini-instruct,25,71
microsoft/phi-4-mini-instruct,25,56
microsoft/phi-4-mini-instruct,25,57
microsoft/phi-4-mini-instruct,25,60
microsoft/phi-4-mini-instruct,25,51
microsoft/phi-4-mini-instruct,21,89
microsoft/phi-4-mini-instruct,21,104
microsoft/phi-4-mini-instruct,21,124
microsoft/phi-4-mini-instruct,21,94
microsoft/phi-4-mini-instruct,21,153
microsoft/phi-4-mini-instruct,21,121
microsoft/phi-4-mini-instruct,21,164
microsoft/phi-4-mini-instruct,21,218
microsoft/phi-4-mini-instruct,28,87
microsoft/phi-4-mini-instruct,28,93
microsoft/phi-4-mini-instruct,28,71
microsoft/phi-4-mini-instruct,28,162
microsoft/phi-4-mini-instruct,28,211
microsoft/phi-4-mini-instruct,28,102
microsoft/phi-4-mini-instruct,28,110
microsoft/phi-4-mini-instruct,28,88
microsoft/phi-4-mini-instruct,27,250
microsoft/phi-4-mini-instruct,27,256
microsoft/phi-4-mini-instruct,27,256
microsoft/phi-4-mini-instruct,27,219
microsoft/phi-4-mini-instruct,27,256
microsoft/phi-4-mini-instruct,27,256
microsoft/phi-4-mini-instruct,27,256
microsoft/phi-4-mini-instruct,27,256
microsoft/phi-4-mini-instruct,26,2
microsoft/phi-4-mini-instruct,26,2
microsoft/phi-4-mini-instruct,26,2
microsoft/phi-4-mini-instruct,26,2
microsoft/phi-4-mini-instruct,26,2
microsoft/phi-4-mini-instruct,26,2
microsoft/phi-4-mini-instruct,26,2
microsoft/phi-4-mini-instruct,26,2
microsoft/phi-4-mini-instruct,27,2
microsoft/phi-4-mini-instruct,27,2
microsoft/phi-4-mini-instruct,27,2
microsoft/phi-4-mini-instruct,27,2
microsoft/phi-4-mini-instruct,27,2
microsoft/phi-4-mini-instruct,27,2
microsoft/phi-4-mini-instruct,27,2
microsoft/phi-4-mini-instruct,27,2
microsoft/phi-4-mini-instruct,34,5
microsoft/phi-4-mini-instruct,34,3
microsoft/phi-4-mini-instruct,34,2
microsoft/phi-4-mini-instruct,34,2
microsoft/phi-4-mini-instruct,34,2
microsoft/phi-4-mini-instruct,34,2
microsoft/phi-4-mini-instruct,34,2
microsoft/phi-4-mini-instruct,34,12
microsoft/phi-4-mini-instruct,34,2
microsoft/phi-4-mini-instruct,34,2
microsoft/phi-4-mini-instruct,34,2
microsoft/phi-4-mini-instruct,34,3
microsoft/phi-4-mini-instruct,34,2
microsoft/phi-4-mini-instruct,34,2
microsoft/phi-4-mini-instruct,34,2
microsoft/phi-4-mini-instruct,34,12
microsoft/phi-4-mini-instruct,28,2
microsoft/phi-4-mini-instruct,28,2
microsoft/phi-4-mini-instruct,28,2
microsoft/phi-4-mini-instruct,28,2
microsoft/phi-4-mini-instruct,28,2
microsoft/phi-4-mini-instruct,28,2
microsoft/phi-4-mini-instruct,28,2
microsoft/phi-4-mini-instruct,28,2
microsoft/phi-4-mini-instruct,29,2
microsoft/phi-4-mini-instruct,29,2
microsoft/phi-4-mini-instruct,29,2
microsoft/phi-4-mini-instruct,29,2
microsoft/phi-4-mini-instruct,29,2
microsoft/phi-4-mini-instruct,29,2
microsoft/phi-4-mini-instruct,29,2
microsoft/phi-4-mini-instruct,29,2
microsoft/phi-4-mini-instruct,25,2
microsoft/phi-4-mini-instruct,25,2
microsoft/phi-4-mini-instruct,25,2
microsoft/phi-4-mini-instruct,25,2
microsoft/phi-4-mini-instruct,25,2
microsoft/phi-4-mini-instruct,25,2
microsoft/phi-4-mini-instruct,25,2
microsoft/phi-4-mini-instruct,25,2
microsoft/phi-4-mini-instruct,25,2
microsoft/phi-4-mini-instruct,25,2
microsoft/phi-4-mini-instruct,25,2
microsoft/phi-4-mini-instruct,25,2
microsoft/phi-4-mini-instruct,25,2
microsoft/phi-4-mini-instruct,25,2
microsoft/phi-4-mini-instruct,25,2
microsoft/phi-4-mini-instruct,25,2
microsoft/phi-4-mini-instruct,27,40
microsoft/phi-4-mini-instruct,27,38
microsoft/phi-4-mini-instruct,27,44
microsoft/phi-4-mini-instruct,27,48
microsoft/phi-4-mini-instruct,27,34
microsoft/phi-4-mini-instruct,27,45
microsoft/phi-4-mini-instruct,27,36
microsoft/phi-4-mini-instruct,27,53
microsoft/phi-4-mini-instruct,31,128
microsoft/phi-4-mini-instruct,31,256
microsoft/phi-4-mini-instruct,31,244
microsoft/phi-4-mini-instruct,31,123
microsoft/phi-4-mini-instruct,31,124
microsoft/phi-4-mini-instruct,31,138
microsoft/phi-4-mini-instruct,31,117
microsoft/phi-4-mini-instruct,31,96
microsoft/phi-4-mini-instruct,32,78
microsoft/phi-4-mini-instruct,32,76
microsoft/phi-4-mini-instruct,32,108
microsoft/phi-4-mini-instruct,32,86
microsoft/phi-4-mini-instruct,32,118
microsoft/phi-4-mini-instruct,32,118
microsoft/phi-4-mini-instruct,32,108
microsoft/phi-4-mini-instruct,32,135
microsoft/phi-4-mini-instruct,21,168
microsoft/phi-4-mini-instruct,21,256
microsoft/phi-4-mini-instruct,21,145
microsoft/phi-4-mini-instruct,21,256
microsoft/phi-4-mini-instruct,21,210
microsoft/phi-4-mini-instruct,21,256
microsoft/phi-4-mini-instruct,21,237
microsoft/phi-4-mini-instruct,21,212
microsoft/phi-4-mini-instruct,22,72
microsoft/phi-4-mini-instruct,22,76
microsoft/phi-4-mini-instruct,22,78
microsoft/phi-4-mini-instruct,22,57
microsoft/phi-4-mini-instruct,22,76
microsoft/phi-4-mini-instruct,22,59
microsoft/phi-4-mini-instruct,22,57
microsoft/phi-4-mini-instruct,22,51
microsoft/phi-4-mini-instruct,22,256
microsoft/phi-4-mini-instruct,22,256
microsoft/phi-4-mini-instruct,22,256
microsoft/phi-4-mini-instruct,22,256
microsoft/phi-4-mini-instruct,22,256
microsoft/phi-4-mini-instruct,22,256
microsoft/phi-4-mini-instruct,22,256
microsoft/phi-4-mini-instruct,22,256
microsoft/phi-4-mini-instruct,29,54
microsoft/phi-4-mini-instruct,29,62
microsoft/phi-4-mini-instruct,29,78
microsoft/phi-4-mini-instruct,29,68
microsoft/phi-4-mini-instruct,29,66
microsoft/phi-4-mini-instruct,29,83
microsoft/phi-4-mini-instruct,29,62
microsoft/phi-4-mini-instruct,29,54
microsoft/phi-4-mini-instruct,31,80
microsoft/phi-4-mini-instruct,31,97
microsoft/phi-4-mini-instruct,31,127
microsoft/phi-4-mini-instruct,31,174
microsoft/phi-4-mini-instruct,31,214
microsoft/phi-4-mini-instruct,31,159
microsoft/phi-4-mini-instruct,31,102
microsoft/phi-4-mini-instruct,31,191
microsoft/phi-4-mini-instruct,31,66
microsoft/phi-4-mini-instruct,31,86
microsoft/phi-4-mini-instruct,31,106
microsoft/phi-4-mini-instruct,31,95
microsoft/phi-4-mini-instruct,31,109
microsoft/phi-4-mini-instruct,31,82
microsoft/phi-4-mini-instruct,31,90
microsoft/phi-4-mini-instruct,31,119
microsoft/phi-4-mini-instruct,28,78
microsoft/phi-4-mini-instruct,28,256
microsoft/phi-4-mini-instruct,28,143
microsoft/phi-4-mini-instruct,28,256
microsoft/phi-4-mini-instruct,28,178
microsoft/phi-4-mini-instruct,28,103
microsoft/phi-4-mini-instruct,28,87
microsoft/phi-4-mini-instruct,28,256
microsoft/phi-4-mini-instruct,31,12
microsoft/phi-4-mini-instruct,31,12
microsoft/phi-4-mini-instruct,31,2
microsoft/phi-4-mini-instruct,31,2
microsoft/phi-4-mini-instruct,31,2
microsoft/phi-4-mini-instruct,31,2
microsoft/phi-4-mini-instruct,31,2
microsoft/phi-4-mini-instruct,31,2
microsoft/phi-4-mini-instruct,32,2
microsoft/phi-4-mini-instruct,32,2
microsoft/phi-4-mini-instruct,32,2
microsoft/phi-4-mini-instruct,32,2
microsoft/phi-4-mini-instruct,32,2
microsoft/phi-4-mini-instruct,32,2
microsoft/phi-4-mini-instruct,32,2
microsoft/phi-4-mini-instruct,32,2
microsoft/phi-4-mini-instruct,30,2
microsoft/phi-4-mini-instruct,30,2
microsoft/phi-4-mini-instruct,30,2
microsoft/phi-4-mini-instruct,30,2
microsoft/phi-4-mini-instruct,30,2
microsoft/phi-4-mini-instruct,30,12
microsoft/phi-4-mini-instruct,30,2
microsoft/phi-4-mini-instruct,30,2
microsoft/phi-4-mini-instruct,31,12
microsoft/phi-4-mini-instruct,31,2
microsoft/phi-4-mini-instruct,31,2
microsoft/phi-4-mini-instruct,31,2
microsoft/phi-4-mini-instruct,31,2
microsoft/phi-4-mini-instruct,31,2
microsoft/phi-4-mini-instruct,31,2
microsoft/phi-4-mini-instruct,31,2
microsoft/phi-4-mini-instruct,26,2
microsoft/phi-4-mini-instruct,26,2
microsoft/phi-4-mini-instruct,26,2
microsoft/phi-4-mini-instruct,26,2
microsoft/phi-4-mini-instruct,26,2
microsoft/phi-4-mini-instruct,26,2
microsoft/phi-4-mini-instruct,26,2
microsoft/phi-4-mini-instruct,26,2
microsoft/phi-4-mini-instruct,27,2
microsoft/phi-4-mini-instruct,27,2
microsoft/phi-4-mini-instruct,27,2
microsoft/phi-4-mini-instruct,27,2
microsoft/phi-4-mini-instruct,27,12
microsoft/phi-4-mini-instruct,27,2
microsoft/phi-4-mini-instruct,27,12
microsoft/phi-4-mini-instruct,27,12
microsoft/phi-4-mini-instruct,26,2
microsoft/phi-4-mini-instruct,26,12
microsoft/phi-4-mini-instruct,26,2
microsoft/phi-4-mini-instruct,26,2
microsoft/phi-4-mini-instruct,26,2
microsoft/phi-4-mini-instruct,26,2
microsoft/phi-4-mini-instruct,26,2
microsoft/phi-4-mini-instruct,26,2
microsoft/phi-4-mini-instruct,27,12
microsoft/phi-4-mini-instruct,27,12
microsoft/phi-4-mini-instruct,27,12
microsoft/phi-4-mini-instruct,27,2
microsoft/phi-4-mini-instruct,27,2
microsoft/phi-4-mini-instruct,27,2
microsoft/phi-4-mini-instruct,27,2
microsoft/phi-4-mini-instruct,27,2
microsoft/phi-4-mini-instruct,28,34
microsoft/phi-4-mini-instruct,28,50
microsoft/phi-4-mini-instruct,28,30
microsoft/phi-4-mini-instruct,28,36
microsoft/phi-4-mini-instruct,28,43
microsoft/phi-4-mini-instruct,28,43
microsoft/phi-4-mini-instruct,28,70
microsoft/phi-4-mini-instruct,28,37
microsoft/phi-4-mini-instruct,28,205
microsoft/phi-4-mini-instruct,28,99
microsoft/phi-4-mini-instruct,28,226
microsoft/phi-4-mini-instruct,28,205
microsoft/phi-4-mini-instruct,28,154
microsoft/phi-4-mini-instruct,28,94
microsoft/phi-4-mini-instruct,28,83
microsoft/phi-4-mini-instruct,28,190
microsoft/phi-4-mini-instruct,27,78
microsoft/phi-4-mini-instruct,27,97
microsoft/phi-4-mini-instruct,27,168
microsoft/phi-4-mini-instruct,27,205
microsoft/phi-4-mini-instruct,27,126
microsoft/phi-4-mini-instruct,27,69
microsoft/phi-4-mini-instruct,27,79
microsoft/phi-4-mini-instruct,27,131
microsoft/phi-4-mini-instruct,17,234
microsoft/phi-4-mini-instruct,17,250
microsoft/phi-4-mini-instruct,17,256
microsoft/phi-4-mini-instruct,17,256
microsoft/phi-4-mini-instruct,17,235
microsoft/phi-4-mini-instruct,17,235
microsoft/phi-4-mini-instruct,17,256
microsoft/phi-4-mini-instruct,17,256
microsoft/phi-4-mini-instruct,21,64
microsoft/phi-4-mini-instruct,21,56
microsoft/phi-4-mini-instruct,21,61
microsoft/phi-4-mini-instruct,21,49
microsoft/phi-4-mini-instruct,21,83
microsoft/phi-4-mini-instruct,21,49
microsoft/phi-4-mini-instruct,21,84
microsoft/phi-4-mini-instruct,21,55
microsoft/phi-4-mini-instruct,21,256
microsoft/phi-4-mini-instruct,21,256
microsoft/phi-4-mini-instruct,21,256
microsoft/phi-4-mini-instruct,21,256
microsoft/phi-4-mini-instruct,21,256
microsoft/phi-4-mini-instruct,21,256
microsoft/phi-4-mini-instruct,21,256
microsoft/phi-4-mini-instruct,21,256
microsoft/phi-4-mini-instruct,27,74
microsoft/phi-4-mini-instruct,27,52
microsoft/phi-4-mini-instruct,27,56
microsoft/phi-4-mini-instruct,27,51
microsoft/phi-4-mini-instruct,27,68
microsoft/phi-4-mini-instruct,27,67
microsoft/phi-4-mini-instruct,27,73
microsoft/phi-4-mini-instruct,27,62
microsoft/phi-4-mini-instruct,23,256
microsoft/phi-4-mini-instruct,23,256
microsoft/phi-4-mini-instruct,23,256
microsoft/phi-4-mini-instruct,23,256
microsoft/phi-4-mini-instruct,23,256
microsoft/phi-4-mini-instruct,23,256
microsoft/phi-4-mini-instruct,23,256
microsoft/phi-4-mini-instruct,23,256
microsoft/phi-4-mini-instruct,30,95
microsoft/phi-4-mini-instruct,30,132
microsoft/phi-4-mini-instruct,30,175
microsoft/phi-4-mini-instruct,30,120
microsoft/phi-4-mini-instruct,30,110
microsoft/phi-4-mini-instruct,30,113
microsoft/phi-4-mini-instruct,30,239
microsoft/phi-4-mini-instruct,30,146
microsoft/phi-4-mini-instruct,29,256
microsoft/phi-4-mini-instruct,29,256
microsoft/phi-4-mini-instruct,29,256
microsoft/phi-4-mini-instruct,29,256
microsoft/phi-4-mini-instruct,29,256
microsoft/phi-4-mini-instruct,29,244
microsoft/phi-4-mini-instruct,29,256
microsoft/phi-4-mini-instruct,29,256
microsoft/phi-4-mini-instruct,24,2
microsoft/phi-4-mini-instruct,24,2
microsoft/phi-4-mini-instruct,24,2
microsoft/phi-4-mini-instruct,24,2
microsoft/phi-4-mini-instruct,24,2
microsoft/phi-4-mini-instruct,24,2
microsoft/phi-4-mini-instruct,24,2
microsoft/phi-4-mini-instruct,24,2
microsoft/phi-4-mini-instruct,25,2
microsoft/phi-4-mini-instruct,25,2
microsoft/phi-4-mini-instruct,25,2
microsoft/phi-4-mini-instruct,25,2
microsoft/phi-4-mini-instruct,25,2
microsoft/phi-4-mini-instruct,25,2
microsoft/phi-4-mini-instruct,25,2
microsoft/phi-4-mini-instruct,25,2
microsoft/phi-4-mini-instruct,32,2
microsoft/phi-4-mini-instruct,32,2
microsoft/phi-4-mini-instruct,32,2
microsoft/phi-4-mini-instruct,32,2
microsoft/phi-4-mini-instruct,32,2
microsoft/phi-4-mini-instruct,32,2
microsoft/phi-4-mini-instruct,32,2
microsoft/phi-4-mini-instruct,32,3
microsoft/phi-4-mini-instruct,32,2
microsoft/phi-4-mini-instruct,32,2
microsoft/phi-4-mini-instruct,32,2
microsoft/phi-4-mini-instruct,32,3
microsoft/phi-4-mini-instruct,32,3
microsoft/phi-4-mini-instruct,32,12
microsoft/phi-4-mini-instruct,32,2
microsoft/phi-4-mini-instruct,32,2
microsoft/phi-4-mini-instruct,26,2
microsoft/phi-4-mini-instruct,26,2
microsoft/phi-4-mini-instruct,26,2
microsoft/phi-4-mini-instruct,26,2
microsoft/phi-4-mini-instruct,26,2
microsoft/phi-4-mini-instruct,26,2
microsoft/phi-4-mini-instruct,26,2
microsoft/phi-4-mini-instruct,26,2
microsoft/phi-4-mini-instruct,27,2
microsoft/phi-4-mini-instruct,27,2
microsoft/phi-4-mini-instruct,27,2
microsoft/phi-4-mini-instruct,27,2
microsoft/phi-4-mini-instruct,27,2
microsoft/phi-4-mini-instruct,27,2
microsoft/phi-4-mini-instruct,27,2
microsoft/phi-4-mini-instruct,27,2
microsoft/phi-4-mini-instruct,23,2
microsoft/phi-4-mini-instruct,23,12
microsoft/phi-4-mini-instruct,23,2
microsoft/phi-4-mini-instruct,23,2
microsoft/phi-4-mini-instruct,23,2
microsoft/phi-4-mini-instruct,23,2
microsoft/phi-4-mini-instruct,23,2
microsoft/phi-4-mini-instruct,23,2
microsoft/phi-4-mini-instruct,23,2
microsoft/phi-4-mini-instruct,23,2
microsoft/phi-4-mini-instruct,23,2
microsoft/phi-4-mini-instruct,23,2
microsoft/phi-4-mini-instruct,23,2
microsoft/phi-4-mini-instruct,23,2
microsoft/phi-4-mini-instruct,23,2
microsoft/phi-4-mini-instruct,23,2
microsoft/phi-4-mini-instruct,29,127
microsoft/phi-4-mini-instruct,29,80
microsoft/phi-4-mini-instruct,29,39
microsoft/phi-4-mini-instruct,29,54
microsoft/phi-4-mini-instruct,29,40
microsoft/phi-4-mini-instruct,29,33
microsoft/phi-4-mini-instruct,29,39
microsoft/phi-4-mini-instruct,29,39
microsoft/phi-4-mini-instruct,33,128
microsoft/phi-4-mini-instruct,33,256
microsoft/phi-4-mini-instruct,33,256
microsoft/phi-4-mini-instruct,33,256
microsoft/phi-4-mini-instruct,33,147
microsoft/phi-4-mini-instruct,33,245
microsoft/phi-4-mini-instruct,33,136
microsoft/phi-4-mini-instruct,33,194
microsoft/phi-4-mini-instruct,34,122
microsoft/phi-4-mini-instruct,34,256
microsoft/phi-4-mini-instruct,34,206
microsoft/phi-4-mini-instruct,34,256
microsoft/phi-4-mini-instruct,34,123
microsoft/phi-4-mini-instruct,34,256
microsoft/phi-4-mini-instruct,34,116
microsoft/phi-4-mini-instruct,34,139
microsoft/phi-4-mini-instruct,23,256
microsoft/phi-4-mini-instruct,23,256
microsoft/phi-4-mini-instruct,23,256
microsoft/phi-4-mini-instruct,23,256
microsoft/phi-4-mini-instruct,23,122
microsoft/phi-4-mini-instruct,23,158
microsoft/phi-4-mini-instruct,23,256
microsoft/phi-4-mini-instruct,23,256
microsoft/phi-4-mini-instruct,24,55
microsoft/phi-4-mini-instruct,24,69
microsoft/phi-4-mini-instruct,24,59
microsoft/phi-4-mini-instruct,24,58
microsoft/phi-4-mini-instruct,24,90
microsoft/phi-4-mini-instruct,24,83
microsoft/phi-4-mini-instruct,24,88
microsoft/phi-4-mini-instruct,24,93
microsoft/phi-4-mini-instruct,24,256
microsoft/phi-4-mini-instruct,24,256
microsoft/phi-4-mini-instruct,24,256
microsoft/phi-4-mini-instruct,24,256
microsoft/phi-4-mini-instruct,24,256
microsoft/phi-4-mini-instruct,24,256
microsoft/phi-4-mini-instruct,24,256
microsoft/phi-4-mini-instruct,24,256
microsoft/phi-4-mini-instruct,31,71
microsoft/phi-4-mini-instruct,31,64
microsoft/phi-4-mini-instruct,31,48
microsoft/phi-4-mini-instruct,31,50
microsoft/phi-4-mini-instruct,31,80
microsoft/phi-4-mini-instruct,31,67
microsoft/phi-4-mini-instruct,31,46
microsoft/phi-4-mini-instruct,31,75
microsoft/phi-4-mini-instruct,33,133
microsoft/phi-4-mini-instruct,33,256
microsoft/phi-4-mini-instruct,33,220
microsoft/phi-4-mini-instruct,33,256
microsoft/phi-4-mini-instruct,33,256
microsoft/phi-4-mini-instruct,33,256
microsoft/phi-4-mini-instruct,33,115
microsoft/phi-4-mini-instruct,33,185
microsoft/phi-4-mini-instruct,33,115
microsoft/phi-4-mini-instruct,33,102
microsoft/phi-4-mini-instruct,33,150
microsoft/phi-4-mini-instruct,33,216
microsoft/phi-4-mini-instruct,33,175
microsoft/phi-4-mini-instruct,33,146
microsoft/phi-4-mini-instruct,33,157
microsoft/phi-4-mini-instruct,33,256
microsoft/phi-4-mini-instruct,30,226
microsoft/phi-4-mini-instruct,30,232
microsoft/phi-4-mini-instruct,30,150
microsoft/phi-4-mini-instruct,30,256
microsoft/phi-4-mini-instruct,30,155
microsoft/phi-4-mini-instruct,30,167
microsoft/phi-4-mini-instruct,30,227
microsoft/phi-4-mini-instruct,30,196
microsoft/phi-4-mini-instruct,31,2
microsoft/phi-4-mini-instruct,31,12
microsoft/phi-4-mini-instruct,31,2
microsoft/phi-4-mini-instruct,31,2
microsoft/phi-4-mini-instruct,31,2
microsoft/phi-4-mini-instruct,31,2
microsoft/phi-4-mini-instruct,31,12
microsoft/phi-4-mini-instruct,31,2
microsoft/phi-4-mini-instruct,32,2
microsoft/phi-4-mini-instruct,32,2
microsoft/phi-4-mini-instruct,32,2
microsoft/phi-4-mini-instruct,32,2
microsoft/phi-4-mini-instruct,32,2
microsoft/phi-4-mini-instruct,32,2
microsoft/phi-4-mini-instruct,32,2
microsoft/phi-4-mini-instruct,32,2
microsoft/phi-4-mini-instruct,30,12
microsoft/phi-4-mini-instruct,30,12
microsoft/phi-4-mini-instruct,30,12
microsoft/phi-4-mini-instruct,30,12
microsoft/phi-4-mini-instruct,30,12
microsoft/phi-4-mini-instruct,30,12
microsoft/phi-4-mini-instruct,30,12
microsoft/phi-4-mini-instruct,30,12
microsoft/phi-4-mini-instruct,31,12
microsoft/phi-4-mini-instruct,31,12
microsoft/phi-4-mini-instruct,31,12
microsoft/phi-4-mini-instruct,31,12
microsoft/phi-4-mini-instruct,31,12
microsoft/phi-4-mini-instruct,31,12
microsoft/phi-4-mini-instruct,31,12
microsoft/phi-4-mini-instruct,31,12
microsoft/phi-4-mini-instruct,26,3
microsoft/phi-4-mini-instruct,26,3
microsoft/phi-4-mini-instruct,26,2
microsoft/phi-4-mini-instruct,26,3
microsoft/phi-4-mini-instruct,26,3
microsoft/phi-4-mini-instruct,26,2
microsoft/phi-4-mini-instruct,26,4
microsoft/phi-4-mini-instruct,26,3
microsoft/phi-4-mini-instruct,27,3
microsoft/phi-4-mini-instruct,27,3
microsoft/phi-4-mini-instruct,27,2
microsoft/phi-4-mini-instruct,27,2
microsoft/phi-4-mini-instruct,27,2
microsoft/phi-4-mini-instruct,27,2
microsoft/phi-4-mini-instruct,27,2
microsoft/phi-4-mini-instruct,27,2
microsoft/phi-4-mini-instruct,26,2
microsoft/phi-4-mini-instruct,26,2
microsoft/phi-4-mini-instruct,26,2
microsoft/phi-4-mini-instruct,26,2
microsoft/phi-4-mini-instruct,26,2
microsoft/phi-4-mini-instruct,26,2
microsoft/phi-4-mini-instruct,26,2
microsoft/phi-4-mini-instruct,26,2
microsoft/phi-4-mini-instruct,27,2
microsoft/phi-4-mini-instruct,27,2
microsoft/phi-4-mini-instruct,27,2
microsoft/phi-4-mini-instruct,27,2
microsoft/phi-4-mini-instruct,27,2
microsoft/phi-4-mini-instruct,27,2
microsoft/phi-4-mini-instruct,27,12
microsoft/phi-4-mini-instruct,27,2
microsoft/phi-4-mini-instruct,28,34
microsoft/phi-4-mini-instruct,28,27
microsoft/phi-4-mini-instruct,28,30
microsoft/phi-4-mini-instruct,28,24
microsoft/phi-4-mini-instruct,28,31
microsoft/phi-4-mini-instruct,28,35
microsoft/phi-4-mini-instruct,28,29
microsoft/phi-4-mini-instruct,28,30
microsoft/phi-4-mini-instruct,28,104
microsoft/phi-4-mini-instruct,28,123
microsoft/phi-4-mini-instruct,28,210
microsoft/phi-4-mini-instruct,28,211
microsoft/phi-4-mini-instruct,28,117
microsoft/phi-4-mini-instruct,28,124
microsoft/phi-4-mini-instruct,28,130
microsoft/phi-4-mini-instruct,28,256
microsoft/phi-4-mini-instruct,27,166
microsoft/phi-4-mini-instruct,27,115
microsoft/phi-4-mini-instruct,27,229
microsoft/phi-4-mini-instruct,27,140
microsoft/phi-4-mini-instruct,27,155
microsoft/phi-4-mini-instruct,27,113
microsoft/phi-4-mini-instruct,27,85
microsoft/phi-4-mini-instruct,27,156
microsoft/phi-4-mini-instruct,17,209
microsoft/phi-4-mini-instruct,17,254
microsoft/phi-4-mini-instruct,17,256
microsoft/phi-4-mini-instruct,17,242
microsoft/phi-4-mini-instruct,17,256
microsoft/phi-4-mini-instruct,17,256
microsoft/phi-4-mini-instruct,17,155
microsoft/phi-4-mini-instruct,17,256
microsoft/phi-4-mini-instruct,21,80
microsoft/phi-4-mini-instruct,21,71
microsoft/phi-4-mini-instruct,21,69
microsoft/phi-4-mini-instruct,21,49
microsoft/phi-4-mini-instruct,21,51
microsoft/phi-4-mini-instruct,21,73
microsoft/phi-4-mini-instruct,21,52
microsoft/phi-4-mini-instruct,21,73
microsoft/phi-4-mini-instruct,21,256
microsoft/phi-4-mini-instruct,21,256
microsoft/phi-4-mini-instruct,21,256
microsoft/phi-4-mini-instruct,21,256
microsoft/phi-4-mini-instruct,21,256
microsoft/phi-4-mini-instruct,21,256
microsoft/phi-4-mini-instruct,21,256
microsoft/phi-4-mini-instruct,21,256
microsoft/phi-4-mini-instruct,27,66
microsoft/phi-4-mini-instruct,27,64
microsoft/phi-4-mini-instruct,27,53
microsoft/phi-4-mini-instruct,27,61
microsoft/phi-4-mini-instruct,27,61
microsoft/phi-4-mini-instruct,27,63
microsoft/phi-4-mini-instruct,27,50
microsoft/phi-4-mini-instruct,27,42
microsoft/phi-4-mini-instruct,23,256
microsoft/phi-4-mini-instruct,23,256
microsoft/phi-4-mini-instruct,23,256
microsoft/phi-4-mini-instruct,23,256
microsoft/phi-4-mini-instruct,23,256
microsoft/phi-4-mini-instruct,23,256
microsoft/phi-4-mini-instruct,23,214
microsoft/phi-4-mini-instruct,23,256
microsoft/phi-4-mini-instruct,30,175
microsoft/phi-4-mini-instruct,30,76
microsoft/phi-4-mini-instruct,30,83
microsoft/phi-4-mini-instruct,30,151
microsoft/phi-4-mini-instruct,30,73
microsoft/phi-4-mini-instruct,30,152
microsoft/phi-4-mini-instruct,30,201
microsoft/phi-4-mini-instruct,30,132
microsoft/phi-4-mini-instruct,29,233
microsoft/phi-4-mini-instruct,29,256
microsoft/phi-4-mini-instruct,29,256
microsoft/phi-4-mini-instruct,29,256
microsoft/phi-4-mini-instruct,29,256
microsoft/phi-4-mini-instruct,29,256
microsoft/phi-4-mini-instruct,29,256
microsoft/phi-4-mini-instruct,29,256
microsoft/phi-4-mini-instruct,25,12
microsoft/phi-4-mini-instruct,25,2
microsoft/phi-4-mini-instruct,25,2
microsoft/phi-4-mini-instruct,25,12
microsoft/phi-4-mini-instruct,25,2
microsoft/phi-4-mini-instruct,25,12
microsoft/phi-4-mini-instruct,25,12
microsoft/phi-4-mini-instruct,25,2
microsoft/phi-4-mini-instruct,26,2
microsoft/phi-4-mini-instruct,26,2
microsoft/phi-4-mini-instruct,26,2
microsoft/phi-4-mini-instruct,26,2
microsoft/phi-4-mini-instruct,26,2
microsoft/phi-4-mini-instruct,26,2
microsoft/phi-4-mini-instruct,26,2
microsoft/phi-4-mini-instruct,26,2
microsoft/phi-4-mini-instruct,33,2
microsoft/phi-4-mini-instruct,33,2
microsoft/phi-4-mini-instruct,33,2
microsoft/phi-4-mini-instruct,33,3
microsoft/phi-4-mini-instruct,33,7
microsoft/phi-4-mini-instruct,33,2
microsoft/phi-4-mini-instruct,33,2
microsoft/phi-4-mini-instruct,33,2
microsoft/phi-4-mini-instruct,33,3
microsoft/phi-4-mini-instruct,33,3
microsoft/phi-4-mini-instruct,33,2
microsoft/phi-4-mini-instruct,33,12
microsoft/phi-4-mini-instruct,33,3
microsoft/phi-4-mini-instruct,33,2
microsoft/phi-4-mini-instruct,33,3
microsoft/phi-4-mini-instruct,33,3
microsoft/phi-4-mini-instruct,27,2
microsoft/phi-4-mini-instruct,27,2
microsoft/phi-4-mini-instruct,27,2
microsoft/phi-4-mini-instruct,27,2
microsoft/phi-4-mini-instruct,27,2
microsoft/phi-4-mini-instruct,27,2
microsoft/phi-4-mini-instruct,27,2
microsoft/phi-4-mini-instruct,27,2
microsoft/phi-4-mini-instruct,28,2
microsoft/phi-4-mini-instruct,28,2
microsoft/phi-4-mini-instruct,28,2
microsoft/phi-4-mini-instruct,28,2
microsoft/phi-4-mini-instruct,28,2
microsoft/phi-4-mini-instruct,28,2
microsoft/phi-4-mini-instruct,28,2
microsoft/phi-4-mini-instruct,28,2
microsoft/phi-4-mini-instruct,24,2
microsoft/phi-4-mini-instruct,24,2
microsoft/phi-4-mini-instruct,24,2
microsoft/phi-4-mini-instruct,24,2
microsoft/phi-4-mini-instruct,24,2
microsoft/phi-4-mini-instruct,24,2
microsoft/phi-4-mini-instruct,24,2
microsoft/phi-4-mini-instruct,24,2
microsoft/phi-4-mini-instruct,24,2
microsoft/phi-4-mini-instruct,24,2
microsoft/phi-4-mini-instruct,24,2
microsoft/phi-4-mini-instruct,24,2
microsoft/phi-4-mini-instruct,24,2
microsoft/phi-4-mini-instruct,24,2
microsoft/phi-4-mini-instruct,24,2
microsoft/phi-4-mini-instruct,24,2
microsoft/phi-4-mini-instruct,27,63
microsoft/phi-4-mini-instruct,27,35
microsoft/phi-4-mini-instruct,27,43
microsoft/phi-4-mini-instruct,27,29
microsoft/phi-4-mini-instruct,27,41
microsoft/phi-4-mini-instruct,27,40
microsoft/phi-4-mini-instruct,27,27
microsoft/phi-4-mini-instruct,27,56
microsoft/phi-4-mini-instruct,31,165
microsoft/phi-4-mini-instruct,31,160
microsoft/phi-4-mini-instruct,31,152
microsoft/phi-4-mini-instruct,31,256
microsoft/phi-4-mini-instruct,31,256
microsoft/phi-4-mini-instruct,31,256
microsoft/phi-4-mini-instruct,31,133
microsoft/phi-4-mini-instruct,31,119
microsoft/phi-4-mini-instruct,32,98
microsoft/phi-4-mini-instruct,32,106
microsoft/phi-4-mini-instruct,32,206
microsoft/phi-4-mini-instruct,32,256
microsoft/phi-4-mini-instruct,32,195
microsoft/phi-4-mini-instruct,32,81
microsoft/phi-4-mini-instruct,32,92
microsoft/phi-4-mini-instruct,32,100
microsoft/phi-4-mini-instruct,21,256
microsoft/phi-4-mini-instruct,21,207
microsoft/phi-4-mini-instruct,21,223
microsoft/phi-4-mini-instruct,21,93
microsoft/phi-4-mini-instruct,21,256
microsoft/phi-4-mini-instruct,21,155
microsoft/phi-4-mini-instruct,21,242
microsoft/phi-4-mini-instruct,21,159
microsoft/phi-4-mini-instruct,22,71
microsoft/phi-4-mini-instruct,22,91
microsoft/phi-4-mini-instruct,22,55
microsoft/phi-4-mini-instruct,22,88
microsoft/phi-4-mini-instruct,22,90
microsoft/phi-4-mini-instruct,22,79
microsoft/phi-4-mini-instruct,22,99
microsoft/phi-4-mini-instruct,22,88
microsoft/phi-4-mini-instruct,22,256
microsoft/phi-4-mini-instruct,22,256
microsoft/phi-4-mini-instruct,22,256
microsoft/phi-4-mini-instruct,22,256
microsoft/phi-4-mini-instruct,22,256
microsoft/phi-4-mini-instruct,22,256
microsoft/phi-4-mini-instruct,22,256
microsoft/phi-4-mini-instruct,22,256
microsoft/phi-4-mini-instruct,29,81
microsoft/phi-4-mini-instruct,29,54
microsoft/phi-4-mini-instruct,29,65
microsoft/phi-4-mini-instruct,29,62
microsoft/phi-4-mini-instruct,29,68
microsoft/phi-4-mini-instruct,29,53
microsoft/phi-4-mini-instruct,29,57
microsoft/phi-4-mini-instruct,29,51
microsoft/phi-4-mini-instruct,31,122
microsoft/phi-4-mini-instruct,31,104
microsoft/phi-4-mini-instruct,31,199
microsoft/phi-4-mini-instruct,31,147
microsoft/phi-4-mini-instruct,31,196
microsoft/phi-4-mini-instruct,31,256
microsoft/phi-4-mini-instruct,31,230
microsoft/phi-4-mini-instruct,31,154
microsoft/phi-4-mini-instruct,31,161
microsoft/phi-4-mini-instruct,31,169
microsoft/phi-4-mini-instruct,31,141
microsoft/phi-4-mini-instruct,31,79
microsoft/phi-4-mini-instruct,31,64
microsoft/phi-4-mini-instruct,31,121
microsoft/phi-4-mini-instruct,31,122
microsoft/phi-4-mini-instruct,31,68
microsoft/phi-4-mini-instruct,28,194
microsoft/phi-4-mini-instruct,28,149
microsoft/phi-4-mini-instruct,28,256
microsoft/phi-4-mini-instruct,28,198
microsoft/phi-4-mini-instruct,28,256
microsoft/phi-4-mini-instruct,28,256
microsoft/phi-4-mini-instruct,28,202
microsoft/phi-4-mini-instruct,28,212
microsoft/phi-4-mini-instruct,33,2
microsoft/phi-4-mini-instruct,33,2
microsoft/phi-4-mini-instruct,33,2
microsoft/phi-4-mini-instruct,33,2
microsoft/phi-4-mini-instruct,33,12
microsoft/phi-4-mini-instruct,33,2
microsoft/phi-4-mini-instruct,33,2
microsoft/phi-4-mini-instruct,33,12
microsoft/phi-4-mini-instruct,34,2
microsoft/phi-4-mini-instruct,34,2
microsoft/phi-4-mini-instruct,34,2
microsoft/phi-4-mini-instruct,34,12
microsoft/phi-4-mini-instruct,34,12
microsoft/phi-4-mini-instruct,34,12
microsoft/phi-4-mini-instruct,34,12
microsoft/phi-4-mini-instruct,34,12
microsoft/phi-4-mini-instruct,32,12
microsoft/phi-4-mini-instruct,32,12
microsoft/phi-4-mini-instruct,32,12
microsoft/phi-4-mini-instruct,32,12
microsoft/phi-4-mini-instruct,32,12
microsoft/phi-4-mini-instruct,32,12
microsoft/phi-4-mini-instruct,32,12
microsoft/phi-4-mini-instruct,32,12
microsoft/phi-4-mini-instruct,33,12
microsoft/phi-4-mini-instruct,33,12
microsoft/phi-4-mini-instruct,33,12
microsoft/phi-4-mini-instruct,33,12
microsoft/phi-4-mini-instruct,33,12
microsoft/phi-4-mini-instruct,33,12
microsoft/phi-4-mini-instruct,33,12
microsoft/phi-4-mini-instruct,33,12
microsoft/phi-4-mini-instruct,28,3
microsoft/phi-4-mini-instruct,28,3
microsoft/phi-4-mini-instruct,28,3
microsoft/phi-4-mini-instruct,28,3
microsoft/phi-4-mini-instruct,28,3
microsoft/phi-4-mini-instruct,28,12
microsoft/phi-4-mini-instruct,28,6
microsoft/phi-4-mini-instruct,28,3
microsoft/phi-4-mini-instruct,29,12
microsoft/phi-4-mini-instruct,29,2
microsoft/phi-4-mini-instruct,29,2
microsoft/phi-4-mini-instruct,29,3
microsoft/phi-4-mini-instruct,29,12
microsoft/phi-4-mini-instruct,29,3
microsoft/phi-4-mini-instruct,29,12
microsoft/phi-4-mini-instruct,29,2
microsoft/phi-4-mini-instruct,28,12
microsoft/phi-4-mini-instruct,28,2
microsoft/phi-4-mini-instruct,28,12
microsoft/phi-4-mini-instruct,28,12
microsoft/phi-4-mini-instruct,28,12
microsoft/phi-4-mini-instruct,28,3
microsoft/phi-4-mini-instruct,28,2
microsoft/phi-4-mini-instruct,28,3
microsoft/phi-4-mini-instruct,29,2
microsoft/phi-4-mini-instruct,29,2
microsoft/phi-4-mini-instruct,29,12
microsoft/phi-4-mini-instruct,29,2
microsoft/phi-4-mini-instruct,29,12
microsoft/phi-4-mini-instruct,29,2
microsoft/phi-4-mini-instruct,29,12
microsoft/phi-4-mini-instruct,29,2
microsoft/phi-4-mini-instruct,25,36
microsoft/phi-4-mini-instruct,25,26
microsoft/phi-4-mini-instruct,25,32
microsoft/phi-4-mini-instruct,25,30
microsoft/phi-4-mini-instruct,25,30
microsoft/phi-4-mini-instruct,25,25
microsoft/phi-4-mini-instruct,25,45
microsoft/phi-4-mini-instruct,25,28
microsoft/phi-4-mini-instruct,25,149
microsoft/phi-4-mini-instruct,25,183
microsoft/phi-4-mini-instruct,25,201
microsoft/phi-4-mini-instruct,25,164
microsoft/phi-4-mini-instruct,25,241
microsoft/phi-4-mini-instruct,25,184
microsoft/phi-4-mini-instruct,25,156
microsoft/phi-4-mini-instruct,25,198
microsoft/phi-4-mini-instruct,24,96
microsoft/phi-4-mini-instruct,24,76
microsoft/phi-4-mini-instruct,24,247
microsoft/phi-4-mini-instruct,24,185
microsoft/phi-4-mini-instruct,24,198
microsoft/phi-4-mini-instruct,24,220
microsoft/phi-4-mini-instruct,24,134
microsoft/phi-4-mini-instruct,24,165
microsoft/phi-4-mini-instruct,14,208
microsoft/phi-4-mini-instruct,14,136
microsoft/phi-4-mini-instruct,14,169
microsoft/phi-4-mini-instruct,14,149
microsoft/phi-4-mini-instruct,14,176
microsoft/phi-4-mini-instruct,14,223
microsoft/phi-4-mini-instruct,14,155
microsoft/phi-4-mini-instruct,14,256
microsoft/phi-4-mini-instruct,18,89
microsoft/phi-4-mini-instruct,18,48
microsoft/phi-4-mini-instruct,18,84
microsoft/phi-4-mini-instruct,18,64
microsoft/phi-4-mini-instruct,18,78
microsoft/phi-4-mini-instruct,18,65
microsoft/phi-4-mini-instruct,18,102
microsoft/phi-4-mini-instruct,18,72
microsoft/phi-4-mini-instruct,18,256
microsoft/phi-4-mini-instruct,18,217
microsoft/phi-4-mini-instruct,18,217
microsoft/phi-4-mini-instruct,18,182
microsoft/phi-4-mini-instruct,18,210
microsoft/phi-4-mini-instruct,18,190
microsoft/phi-4-mini-instruct,18,187
microsoft/phi-4-mini-instruct,18,256
microsoft/phi-4-mini-instruct,24,53
microsoft/phi-4-mini-instruct,24,69
microsoft/phi-4-mini-instruct,24,66
microsoft/phi-4-mini-instruct,24,48
microsoft/phi-4-mini-instruct,24,38
microsoft/phi-4-mini-instruct,24,48
microsoft/phi-4-mini-instruct,24,56
microsoft/phi-4-mini-instruct,24,44
microsoft/phi-4-mini-instruct,20,163
microsoft/phi-4-mini-instruct,20,91
microsoft/phi-4-mini-instruct,20,145
microsoft/phi-4-mini-instruct,20,121
microsoft/phi-4-mini-instruct,20,117
microsoft/phi-4-mini-instruct,20,131
microsoft/phi-4-mini-instruct,20,135
microsoft/phi-4-mini-instruct,20,122
microsoft/phi-4-mini-instruct,27,87
microsoft/phi-4-mini-instruct,27,73
microsoft/phi-4-mini-instruct,27,110
microsoft/phi-4-mini-instruct,27,108
microsoft/phi-4-mini-instruct,27,94
microsoft/phi-4-mini-instruct,27,86
microsoft/phi-4-mini-instruct,27,103
microsoft/phi-4-mini-instruct,27,111
microsoft/phi-4-mini-instruct,26,133
microsoft/phi-4-mini-instruct,26,87
microsoft/phi-4-mini-instruct,26,190
microsoft/phi-4-mini-instruct,26,138
microsoft/phi-4-mini-instruct,26,243
microsoft/phi-4-mini-instruct,26,144
microsoft/phi-4-mini-instruct,26,107
microsoft/phi-4-mini-instruct,26,215
microsoft/phi-4-mini-instruct,27,2
microsoft/phi-4-mini-instruct,27,2
microsoft/phi-4-mini-instruct,27,2
microsoft/phi-4-mini-instruct,27,2
microsoft/phi-4-mini-instruct,27,2
microsoft/phi-4-mini-instruct,27,2
microsoft/phi-4-mini-instruct,27,2
microsoft/phi-4-mini-instruct,27,2
microsoft/phi-4-mini-instruct,28,2
microsoft/phi-4-mini-instruct,28,2
microsoft/phi-4-mini-instruct,28,12
microsoft/phi-4-mini-instruct,28,2
microsoft/phi-4-mini-instruct,28,2
microsoft/phi-4-mini-instruct,28,2
microsoft/phi-4-mini-instruct,28,2
microsoft/phi-4-mini-instruct,28,2
microsoft/phi-4-mini-instruct,35,3
microsoft/phi-4-mini-instruct,35,2
microsoft/phi-4-mini-instruct,35,3
microsoft/phi-4-mini-instruct,35,2
microsoft/phi-4-mini-instruct,35,3
microsoft/phi-4-mini-instruct,35,2
microsoft/phi-4-mini-instruct,35,3
microsoft/phi-4-mini-instruct,35,4
microsoft/phi-4-mini-instruct,35,2
microsoft/phi-4-mini-instruct,35,2
microsoft/phi-4-mini-instruct,35,2
microsoft/phi-4-mini-instruct,35,2
microsoft/phi-4-mini-instruct,35,3
microsoft/phi-4-mini-instruct,35,2
microsoft/phi-4-mini-instruct,35,3
microsoft/phi-4-mini-instruct,35,3
microsoft/phi-4-mini-instruct,29,2
microsoft/phi-4-mini-instruct,29,2
microsoft/phi-4-mini-instruct,29,2
microsoft/phi-4-mini-instruct,29,2
microsoft/phi-4-mini-instruct,29,2
microsoft/phi-4-mini-instruct,29,2
microsoft/phi-4-mini-instruct,29,2
microsoft/phi-4-mini-instruct,29,2
microsoft/phi-4-mini-instruct,30,2
microsoft/phi-4-mini-instruct,30,2
microsoft/phi-4-mini-instruct,30,2
microsoft/phi-4-mini-instruct,30,2
microsoft/phi-4-mini-instruct,30,2
microsoft/phi-4-mini-instruct,30,2
microsoft/phi-4-mini-instruct,30,2
microsoft/phi-4-mini-instruct,30,2
microsoft/phi-4-mini-instruct,26,2
microsoft/phi-4-mini-instruct,26,2
microsoft/phi-4-mini-instruct,26,2
microsoft/phi-4-mini-instruct,26,2
microsoft/phi-4-mini-instruct,26,2
microsoft/phi-4-mini-instruct,26,2
microsoft/phi-4-mini-instruct,26,2
microsoft/phi-4-mini-instruct,26,2
microsoft/phi-4-mini-instruct,26,2
microsoft/phi-4-mini-instruct,26,2
microsoft/phi-4-mini-instruct,26,2
microsoft/phi-4-mini-instruct,26,2
microsoft/phi-4-mini-instruct,26,2
microsoft/phi-4-mini-instruct,26,2
microsoft/phi-4-mini-instruct,26,2
microsoft/phi-4-mini-instruct,26,2
microsoft/phi-4-mini-instruct,25,25
microsoft/phi-4-mini-instruct,25,71
microsoft/phi-4-mini-instruct,25,51
microsoft/phi-4-mini-instruct,25,25
microsoft/phi-4-mini-instruct,25,36
microsoft/phi-4-mini-instruct,25,23
microsoft/phi-4-mini-instruct,25,45
microsoft/phi-4-mini-instruct,25,78
microsoft/phi-4-mini-instruct,29,147
microsoft/phi-4-mini-instruct,29,110
microsoft/phi-4-mini-instruct,29,165
microsoft/phi-4-mini-instruct,29,140
microsoft/phi-4-mini-instruct,29,108
microsoft/phi-4-mini-instruct,29,146
microsoft/phi-4-mini-instruct,29,119
microsoft/phi-4-mini-instruct,29,137
microsoft/phi-4-mini-instruct,30,103
microsoft/phi-4-mini-instruct,30,152
microsoft/phi-4-mini-instruct,30,160
microsoft/phi-4-mini-instruct,30,256
microsoft/phi-4-mini-instruct,30,225
microsoft/phi-4-mini-instruct,30,256
microsoft/phi-4-mini-instruct,30,145
microsoft/phi-4-mini-instruct,30,190
microsoft/phi-4-mini-instruct,19,205
microsoft/phi-4-mini-instruct,19,190
microsoft/phi-4-mini-instruct,19,175
microsoft/phi-4-mini-instruct,19,246
microsoft/phi-4-mini-instruct,19,228
microsoft/phi-4-mini-instruct,19,166
microsoft/phi-4-mini-instruct,19,172
microsoft/phi-4-mini-instruct,19,175
microsoft/phi-4-mini-instruct,20,61
microsoft/phi-4-mini-instruct,20,98
microsoft/phi-4-mini-instruct,20,68
microsoft/phi-4-mini-instruct,20,72
microsoft/phi-4-mini-instruct,20,75
microsoft/phi-4-mini-instruct,20,66
microsoft/phi-4-mini-instruct,20,49
microsoft/phi-4-mini-instruct,20,91
microsoft/phi-4-mini-instruct,20,256
microsoft/phi-4-mini-instruct,20,256
microsoft/phi-4-mini-instruct,20,256
microsoft/phi-4-mini-instruct,20,256
microsoft/phi-4-mini-instruct,20,256
microsoft/phi-4-mini-instruct,20,256
microsoft/phi-4-mini-instruct,20,256
microsoft/phi-4-mini-instruct,20,256
microsoft/phi-4-mini-instruct,27,61
microsoft/phi-4-mini-instruct,27,63
microsoft/phi-4-mini-instruct,27,75
microsoft/phi-4-mini-instruct,27,55
microsoft/phi-4-mini-instruct,27,56
microsoft/phi-4-mini-instruct,27,59
microsoft/phi-4-mini-instruct,27,62
microsoft/phi-4-mini-instruct,27,64
microsoft/phi-4-mini-instruct,29,80
microsoft/phi-4-mini-instruct,29,116
microsoft/phi-4-mini-instruct,29,84
microsoft/phi-4-mini-instruct,29,87
microsoft/phi-4-mini-instruct,29,77
microsoft/phi-4-mini-instruct,29,188
microsoft/phi-4-mini-instruct,29,67
microsoft/phi-4-mini-instruct,29,110
microsoft/phi-4-mini-instruct,29,87
microsoft/phi-4-mini-instruct,29,87
microsoft/phi-4-mini-instruct,29,121
microsoft/phi-4-mini-instruct,29,96
microsoft/phi-4-mini-instruct,29,119
microsoft/phi-4-mini-instruct,29,133
microsoft/phi-4-mini-instruct,29,154
microsoft/phi-4-mini-instruct,29,133
microsoft/phi-4-mini-instruct,26,256
microsoft/phi-4-mini-instruct,26,167
microsoft/phi-4-mini-instruct,26,256
microsoft/phi-4-mini-instruct,26,176
microsoft/phi-4-mini-instruct,26,198
microsoft/phi-4-mini-instruct,26,256
microsoft/phi-4-mini-instruct,26,236
microsoft/phi-4-mini-instruct,26,215
microsoft/phi-4-mini-instruct,31,12
microsoft/phi-4-mini-instruct,31,2
microsoft/phi-4-mini-instruct,31,2
microsoft/phi-4-mini-instruct,31,12
microsoft/phi-4-mini-instruct,31,2
microsoft/phi-4-mini-instruct,31,2
microsoft/phi-4-mini-instruct,31,2
microsoft/phi-4-mini-instruct,31,2
microsoft/phi-4-mini-instruct,32,12
microsoft/phi-4-mini-instruct,32,2
microsoft/phi-4-mini-instruct,32,2
microsoft/phi-4-mini-instruct,32,2
microsoft/phi-4-mini-instruct,32,2
microsoft/phi-4-mini-instruct,32,2
microsoft/phi-4-mini-instruct,32,2
microsoft/phi-4-mini-instruct,32,2
microsoft/phi-4-mini-instruct,30,2
microsoft/phi-4-mini-instruct,30,2
microsoft/phi-4-mini-instruct,30,2
microsoft/phi-4-mini-instruct,30,2
microsoft/phi-4-mini-instruct,30,2
microsoft/phi-4-mini-instruct,30,2
microsoft/phi-4-mini-instruct,30,2
microsoft/phi-4-mini-instruct,30,2
microsoft/phi-4-mini-instruct,31,2
microsoft/phi-4-mini-instruct,31,2
microsoft/phi-4-mini-instruct,31,2
microsoft/phi-4-mini-instruct,31,2
microsoft/phi-4-mini-instruct,31,2
microsoft/phi-4-mini-instruct,31,2
microsoft/phi-4-mini-instruct,31,2
microsoft/phi-4-mini-instruct,31,2
microsoft/phi-4-mini-instruct,26,2
microsoft/phi-4-mini-instruct,26,2
microsoft/phi-4-mini-instruct,26,12
microsoft/phi-4-mini-instruct,26,2
microsoft/phi-4-mini-instruct,26,2
microsoft/phi-4-mini-instruct,26,2
microsoft/phi-4-mini-instruct,26,2
microsoft/phi-4-mini-instruct,26,2
microsoft/phi-4-mini-instruct,27,2
microsoft/phi-4-mini-instruct,27,2
microsoft/phi-4-mini-instruct,27,12
microsoft/phi-4-mini-instruct,27,2
microsoft/phi-4-mini-instruct,27,2
microsoft/phi-4-mini-instruct,27,2
microsoft/phi-4-mini-instruct,27,12
microsoft/phi-4-mini-instruct,27,2
microsoft/phi-4-mini-instruct,26,12
microsoft/phi-4-mini-instruct,26,2
microsoft/phi-4-mini-instruct,26,12
microsoft/phi-4-mini-instruct,26,12
microsoft/phi-4-mini-instruct,26,2
microsoft/phi-4-mini-instruct,26,12
microsoft/phi-4-mini-instruct,26,2
microsoft/phi-4-mini-instruct,26,12
microsoft/phi-4-mini-instruct,27,12
microsoft/phi-4-mini-instruct,27,12
microsoft/phi-4-mini-instruct,27,12
microsoft/phi-4-mini-instruct,27,2
microsoft/phi-4-mini-instruct,27,12
microsoft/phi-4-mini-instruct,27,2
microsoft/phi-4-mini-instruct,27,2
microsoft/phi-4-mini-instruct,27,12
microsoft/phi-4-mini-instruct,28,28
microsoft/phi-4-mini-instruct,28,36
microsoft/phi-4-mini-instruct,28,32
microsoft/phi-4-mini-instruct,28,38
microsoft/phi-4-mini-instruct,28,29
microsoft/phi-4-mini-instruct,28,37
microsoft/phi-4-mini-instruct,28,30
microsoft/phi-4-mini-instruct,28,31
microsoft/phi-4-mini-instruct,28,179
microsoft/phi-4-mini-instruct,28,113
microsoft/phi-4-mini-instruct,28,140
microsoft/phi-4-mini-instruct,28,81
microsoft/phi-4-mini-instruct,28,104
microsoft/phi-4-mini-instruct,28,118
microsoft/phi-4-mini-instruct,28,151
microsoft/phi-4-mini-instruct,28,117
microsoft/phi-4-mini-instruct,27,160
microsoft/phi-4-mini-instruct,27,127
microsoft/phi-4-mini-instruct,27,192
microsoft/phi-4-mini-instruct,27,92
microsoft/phi-4-mini-instruct,27,72
microsoft/phi-4-mini-instruct,27,184
microsoft/phi-4-mini-instruct,27,93
microsoft/phi-4-mini-instruct,27,112
microsoft/phi-4-mini-instruct,17,256
microsoft/phi-4-mini-instruct,17,256
microsoft/phi-4-mini-instruct,17,256
microsoft/phi-4-mini-instruct,17,256
microsoft/phi-4-mini-instruct,17,256
microsoft/phi-4-mini-instruct,17,256
microsoft/phi-4-mini-instruct,17,256
microsoft/phi-4-mini-instruct,17,256
microsoft/phi-4-mini-instruct,21,103
microsoft/phi-4-mini-instruct,21,93
microsoft/phi-4-mini-instruct,21,115
microsoft/phi-4-mini-instruct,21,151
microsoft/phi-4-mini-instruct,21,82
microsoft/phi-4-mini-instruct,21,114
microsoft/phi-4-mini-instruct,21,128
microsoft/phi-4-mini-instruct,21,95
microsoft/phi-4-mini-instruct,21,256
microsoft/phi-4-mini-instruct,21,256
microsoft/phi-4-mini-instruct,21,256
microsoft/phi-4-mini-instruct,21,256
microsoft/phi-4-mini-instruct,21,256
microsoft/phi-4-mini-instruct,21,256
microsoft/phi-4-mini-instruct,21,256
microsoft/phi-4-mini-instruct,21,256
microsoft/phi-4-mini-instruct,27,138
microsoft/phi-4-mini-instruct,27,123
microsoft/phi-4-mini-instruct,27,178
microsoft/phi-4-mini-instruct,27,147
microsoft/phi-4-mini-instruct,27,225
microsoft/phi-4-mini-instruct,27,85
microsoft/phi-4-mini-instruct,27,210
microsoft/phi-4-mini-instruct,27,151
microsoft/phi-4-mini-instruct,23,256
microsoft/phi-4-mini-instruct,23,176
microsoft/phi-4-mini-instruct,23,173
microsoft/phi-4-mini-instruct,23,161
microsoft/phi-4-mini-instruct,23,216
microsoft/phi-4-mini-instruct,23,256
microsoft/phi-4-mini-instruct,23,191
microsoft/phi-4-mini-instruct,23,117
microsoft/phi-4-mini-instruct,30,168
microsoft/phi-4-mini-instruct,30,96
microsoft/phi-4-mini-instruct,30,96
microsoft/phi-4-mini-instruct,30,114
microsoft/phi-4-mini-instruct,30,161
microsoft/phi-4-mini-instruct,30,95
microsoft/phi-4-mini-instruct,30,199
microsoft/phi-4-mini-instruct,30,92
microsoft/phi-4-mini-instruct,29,256
microsoft/phi-4-mini-instruct,29,256
microsoft/phi-4-mini-instruct,29,256
microsoft/phi-4-mini-instruct,29,256
microsoft/phi-4-mini-instruct,29,256
microsoft/phi-4-mini-instruct,29,256
microsoft/phi-4-mini-instruct,29,256
microsoft/phi-4-mini-instruct,29,256
microsoft/phi-4-mini-instruct,26,12
microsoft/phi-4-mini-instruct,26,2
microsoft/phi-4-mini-instruct,26,12
microsoft/phi-4-mini-instruct,26,12
microsoft/phi-4-mini-instruct,26,12
microsoft/phi-4-mini-instruct,26,12
microsoft/phi-4-mini-instruct,26,12
microsoft/phi-4-mini-instruct,26,12
microsoft/phi-4-mini-instruct,27,2
microsoft/phi-4-mini-instruct,27,2
microsoft/phi-4-mini-instruct,27,2
microsoft/phi-4-mini-instruct,27,2
microsoft/phi-4-mini-instruct,27,2
microsoft/phi-4-mini-instruct,27,2
microsoft/phi-4-mini-instruct,27,2
microsoft/phi-4-mini-instruct,27,2
microsoft/phi-4-mini-instruct,34,4
microsoft/phi-4-mini-instruct,34,4
microsoft/phi-4-mini-instruct,34,2
microsoft/phi-4-mini-instruct,34,2
microsoft/phi-4-mini-instruct,34,2
microsoft/phi-4-mini-instruct,34,2
microsoft/phi-4-mini-instruct,34,2
microsoft/phi-4-mini-instruct,34,3
microsoft/phi-4-mini-instruct,34,12
microsoft/phi-4-mini-instruct,34,2
microsoft/phi-4-mini-instruct,34,2
microsoft/phi-4-mini-instruct,34,3
microsoft/phi-4-mini-instruct,34,2
microsoft/phi-4-mini-instruct,34,3
microsoft/phi-4-mini-instruct,34,2
microsoft/phi-4-mini-instruct,34,12
microsoft/phi-4-mini-instruct,28,2
microsoft/phi-4-mini-instruct,28,2
microsoft/phi-4-mini-instruct,28,2
microsoft/phi-4-mini-instruct,28,2
microsoft/phi-4-mini-instruct,28,2
microsoft/phi-4-mini-instruct,28,2
microsoft/phi-4-mini-instruct,28,2
microsoft/phi-4-mini-instruct,28,2
microsoft/phi-4-mini-instruct,29,2
microsoft/phi-4-mini-instruct,29,2
microsoft/phi-4-mini-instruct,29,2
microsoft/phi-4-mini-instruct,29,2
microsoft/phi-4-mini-instruct,29,2
microsoft/phi-4-mini-instruct,29,2
microsoft/phi-4-mini-instruct,29,2
microsoft/phi-4-mini-instruct,29,2
microsoft/phi-4-mini-instruct,25,2
microsoft/phi-4-mini-instruct,25,2
microsoft/phi-4-mini-instruct,25,2
microsoft/phi-4-mini-instruct,25,2
microsoft/phi-4-mini-instruct,25,2
microsoft/phi-4-mini-instruct,25,2
microsoft/phi-4-mini-instruct,25,2
microsoft/phi-4-mini-instruct,25,2
microsoft/phi-4-mini-instruct,25,2
microsoft/phi-4-mini-instruct,25,2
microsoft/phi-4-mini-instruct,25,2
microsoft/phi-4-mini-instruct,25,2
microsoft/phi-4-mini-instruct,25,2
microsoft/phi-4-mini-instruct,25,2
microsoft/phi-4-mini-instruct,25,2
microsoft/phi-4-mini-instruct,25,2
microsoft/phi-4-mini-instruct,28,40
microsoft/phi-4-mini-instruct,28,41
microsoft/phi-4-mini-instruct,28,127
microsoft/phi-4-mini-instruct,28,69
microsoft/phi-4-mini-instruct,28,35
microsoft/phi-4-mini-instruct,28,43
microsoft/phi-4-mini-instruct,28,31
microsoft/phi-4-mini-instruct,28,90
microsoft/phi-4-mini-instruct,32,120
microsoft/phi-4-mini-instruct,32,157
microsoft/phi-4-mini-instruct,32,158
microsoft/phi-4-mini-instruct,32,83
microsoft/phi-4-mini-instruct,32,101
microsoft/phi-4-mini-instruct,32,124
microsoft/phi-4-mini-instruct,32,144
microsoft/phi-4-mini-instruct,32,184
microsoft/phi-4-mini-instruct,33,220
microsoft/phi-4-mini-instruct,33,111
microsoft/phi-4-mini-instruct,33,99
microsoft/phi-4-mini-instruct,33,75
microsoft/phi-4-mini-instruct,33,256
microsoft/phi-4-mini-instruct,33,99
microsoft/phi-4-mini-instruct,33,227
microsoft/phi-4-mini-instruct,33,114
microsoft/phi-4-mini-instruct,22,256
microsoft/phi-4-mini-instruct,22,256
microsoft/phi-4-mini-instruct,22,149
microsoft/phi-4-mini-instruct,22,231
microsoft/phi-4-mini-instruct,22,256
microsoft/phi-4-mini-instruct,22,256
microsoft/phi-4-mini-instruct,22,256
microsoft/phi-4-mini-instruct,22,256
microsoft/phi-4-mini-instruct,23,85
microsoft/phi-4-mini-instruct,23,56
microsoft/phi-4-mini-instruct,23,68
microsoft/phi-4-mini-instruct,23,59
microsoft/phi-4-mini-instruct,23,105
microsoft/phi-4-mini-instruct,23,69
microsoft/phi-4-mini-instruct,23,88
microsoft/phi-4-mini-instruct,23,59
microsoft/phi-4-mini-instruct,23,256
microsoft/phi-4-mini-instruct,23,256
microsoft/phi-4-mini-instruct,23,256
microsoft/phi-4-mini-instruct,23,256
microsoft/phi-4-mini-instruct,23,256
microsoft/phi-4-mini-instruct,23,256
microsoft/phi-4-mini-instruct,23,256
microsoft/phi-4-mini-instruct,23,256
microsoft/phi-4-mini-instruct,30,52
microsoft/phi-4-mini-instruct,30,61
microsoft/phi-4-mini-instruct,30,64
microsoft/phi-4-mini-instruct,30,45
microsoft/phi-4-mini-instruct,30,58
microsoft/phi-4-mini-instruct,30,57
microsoft/phi-4-mini-instruct,30,55
microsoft/phi-4-mini-instruct,30,117
microsoft/phi-4-mini-instruct,32,204
microsoft/phi-4-mini-instruct,32,205
microsoft/phi-4-mini-instruct,32,256
microsoft/phi-4-mini-instruct,32,256
microsoft/phi-4-mini-instruct,32,158
microsoft/phi-4-mini-instruct,32,170
microsoft/phi-4-mini-instruct,32,256
microsoft/phi-4-mini-instruct,32,248
microsoft/phi-4-mini-instruct,32,80
microsoft/phi-4-mini-instruct,32,256
microsoft/phi-4-mini-instruct,32,97
microsoft/phi-4-mini-instruct,32,98
microsoft/phi-4-mini-instruct,32,167
microsoft/phi-4-mini-instruct,32,246
microsoft/phi-4-mini-instruct,32,132
microsoft/phi-4-mini-instruct,32,256
microsoft/phi-4-mini-instruct,29,191
microsoft/phi-4-mini-instruct,29,256
microsoft/phi-4-mini-instruct,29,256
microsoft/phi-4-mini-instruct,29,171
microsoft/phi-4-mini-instruct,29,256
microsoft/phi-4-mini-instruct,29,256
microsoft/phi-4-mini-instruct,29,78
microsoft/phi-4-mini-instruct,29,246
microsoft/phi-4-mini-instruct,33,2
microsoft/phi-4-mini-instruct,33,2
microsoft/phi-4-mini-instruct,33,2
microsoft/phi-4-mini-instruct,33,12
microsoft/phi-4-mini-instruct,33,12
microsoft/phi-4-mini-instruct,33,2
microsoft/phi-4-mini-instruct,33,2
microsoft/phi-4-mini-instruct,33,12
microsoft/phi-4-mini-instruct,34,2
microsoft/phi-4-mini-instruct,34,12
microsoft/phi-4-mini-instruct,34,2
microsoft/phi-4-mini-instruct,34,2
microsoft/phi-4-mini-instruct,34,2
microsoft/phi-4-mini-instruct,34,2
microsoft/phi-4-mini-instruct,34,12
microsoft/phi-4-mini-instruct,34,12
microsoft/phi-4-mini-instruct,32,2
microsoft/phi-4-mini-instruct,32,2
microsoft/phi-4-mini-instruct,32,2
microsoft/phi-4-mini-instruct,32,2
microsoft/phi-4-mini-instruct,32,2
microsoft/phi-4-mini-instruct,32,2
microsoft/phi-4-mini-instruct,32,2
microsoft/phi-4-mini-instruct,32,2
microsoft/phi-4-mini-instruct,33,2
microsoft/phi-4-mini-instruct,33,2
microsoft/phi-4-mini-instruct,33,2
microsoft/phi-4-mini-instruct,33,2
microsoft/phi-4-mini-instruct,33,2
microsoft/phi-4-mini-instruct,33,2
microsoft/phi-4-mini-instruct,33,2
microsoft/phi-4-mini-instruct,33,2
microsoft/phi-4-mini-instruct,28,2
microsoft/phi-4-mini-instruct,28,2
microsoft/phi-4-mini-instruct,28,2
microsoft/phi-4-mini-instruct,28,2
microsoft/phi-4-mini-instruct,28,2
microsoft/phi-4-mini-instruct,28,2
microsoft/phi-4-mini-instruct,28,2
microsoft/phi-4-mini-instruct,28,2
microsoft/phi-4-mini-instruct,29,2
microsoft/phi-4-mini-instruct,29,2
microsoft/phi-4-mini-instruct,29,5
microsoft/phi-4-mini-instruct,29,2
microsoft/phi-4-mini-instruct,29,2
microsoft/phi-4-mini-instruct,29,2
microsoft/phi-4-mini-instruct,29,2
microsoft/phi-4-mini-instruct,29,2
microsoft/phi-4-mini-instruct,28,2
microsoft/phi-4-mini-instruct,28,2
microsoft/phi-4-mini-instruct,28,2
microsoft/phi-4-mini-instruct,28,2
microsoft/phi-4-mini-instruct,28,2
microsoft/phi-4-mini-instruct,28,2
microsoft/phi-4-mini-instruct,28,2
microsoft/phi-4-mini-instruct,28,2
microsoft/phi-4-mini-instruct,29,12
microsoft/phi-4-mini-instruct,29,2
microsoft/phi-4-mini-instruct,29,2
microsoft/phi-4-mini-instruct,29,2
microsoft/phi-4-mini-instruct,29,2
microsoft/phi-4-mini-instruct,29,2
microsoft/phi-4-mini-instruct,29,2
microsoft/phi-4-mini-instruct,29,2
microsoft/phi-4-mini-instruct,26,28
microsoft/phi-4-mini-instruct,26,34
microsoft/phi-4-mini-instruct,26,34
microsoft/phi-4-mini-instruct,26,55
microsoft/phi-4-mini-instruct,26,35
microsoft/phi-4-mini-instruct,26,31
microsoft/phi-4-mini-instruct,26,24
microsoft/phi-4-mini-instruct,26,27
microsoft/phi-4-mini-instruct,26,210
microsoft/phi-4-mini-instruct,26,253
microsoft/phi-4-mini-instruct,26,229
microsoft/phi-4-mini-instruct,26,214
microsoft/phi-4-mini-instruct,26,244
microsoft/phi-4-mini-instruct,26,217
microsoft/phi-4-mini-instruct,26,137
microsoft/phi-4-mini-instruct,26,174
microsoft/phi-4-mini-instruct,25,244
microsoft/phi-4-mini-instruct,25,122
microsoft/phi-4-mini-instruct,25,225
microsoft/phi-4-mini-instruct,25,200
microsoft/phi-4-mini-instruct,25,256
microsoft/phi-4-mini-instruct,25,201
microsoft/phi-4-mini-instruct,25,88
microsoft/phi-4-mini-instruct,25,105
microsoft/phi-4-mini-instruct,15,135
microsoft/phi-4-mini-instruct,15,204
microsoft/phi-4-mini-instruct,15,155
microsoft/phi-4-mini-instruct,15,256
microsoft/phi-4-mini-instruct,15,174
microsoft/phi-4-mini-instruct,15,169
microsoft/phi-4-mini-instruct,15,95
microsoft/phi-4-mini-instruct,15,148
microsoft/phi-4-mini-instruct,19,68
microsoft/phi-4-mini-instruct,19,68
microsoft/phi-4-mini-instruct,19,64
microsoft/phi-4-mini-instruct,19,56
microsoft/phi-4-mini-instruct,19,62
microsoft/phi-4-mini-instruct,19,47
microsoft/phi-4-mini-instruct,19,63
microsoft/phi-4-mini-instruct,19,46
microsoft/phi-4-mini-instruct,19,256
microsoft/phi-4-mini-instruct,19,256
microsoft/phi-4-mini-instruct,19,256
microsoft/phi-4-mini-instruct,19,256
microsoft/phi-4-mini-instruct,19,256
microsoft/phi-4-mini-instruct,19,231
microsoft/phi-4-mini-instruct,19,256
microsoft/phi-4-mini-instruct,19,214
microsoft/phi-4-mini-instruct,25,63
microsoft/phi-4-mini-instruct,25,63
microsoft/phi-4-mini-instruct,25,66
microsoft/phi-4-mini-instruct,25,49
microsoft/phi-4-mini-instruct,25,53
microsoft/phi-4-mini-instruct,25,74
microsoft/phi-4-mini-instruct,25,58
microsoft/phi-4-mini-instruct,25,69
microsoft/phi-4-mini-instruct,21,189
microsoft/phi-4-mini-instruct,21,237
microsoft/phi-4-mini-instruct,21,218
microsoft/phi-4-mini-instruct,21,230
microsoft/phi-4-mini-instruct,21,218
microsoft/phi-4-mini-instruct,21,256
microsoft/phi-4-mini-instruct,21,221
microsoft/phi-4-mini-instruct,21,213
microsoft/phi-4-mini-instruct,28,203
microsoft/phi-4-mini-instruct,28,181
microsoft/phi-4-mini-instruct,28,182
microsoft/phi-4-mini-instruct,28,154
microsoft/phi-4-mini-instruct,28,213
microsoft/phi-4-mini-instruct,28,196
microsoft/phi-4-mini-instruct,28,191
microsoft/phi-4-mini-instruct,28,127
microsoft/phi-4-mini-instruct,27,220
microsoft/phi-4-mini-instruct,27,198
microsoft/phi-4-mini-instruct,27,256
microsoft/phi-4-mini-instruct,27,256
microsoft/phi-4-mini-instruct,27,230
microsoft/phi-4-mini-instruct,27,231
microsoft/phi-4-mini-instruct,27,256
microsoft/phi-4-mini-instruct,27,241
microsoft/phi-4-mini-instruct,27,2
microsoft/phi-4-mini-instruct,27,2
microsoft/phi-4-mini-instruct,27,2
microsoft/phi-4-mini-instruct,27,2
microsoft/phi-4-mini-instruct,27,2
microsoft/phi-4-mini-instruct,27,2
microsoft/phi-4-mini-instruct,27,2
microsoft/phi-4-mini-instruct,27,2
microsoft/phi-4-mini-instruct,28,2
microsoft/phi-4-mini-instruct,28,2
microsoft/phi-4-mini-instruct,28,2
microsoft/phi-4-mini-instruct,28,2
microsoft/phi-4-mini-instruct,28,2
microsoft/phi-4-mini-instruct,28,2
microsoft/phi-4-mini-instruct,28,2
microsoft/phi-4-mini-instruct,28,2
microsoft/phi-4-mini-instruct,35,2
microsoft/phi-4-mini-instruct,35,3
microsoft/phi-4-mini-instruct,35,3
microsoft/phi-4-mini-instruct,35,4
microsoft/phi-4-mini-instruct,35,4
microsoft/phi-4-mini-instruct,35,2
microsoft/phi-4-mini-instruct,35,3
microsoft/phi-4-mini-instruct,35,3
microsoft/phi-4-mini-instruct,35,4
microsoft/phi-4-mini-instruct,35,3
microsoft/phi-4-mini-instruct,35,3
microsoft/phi-4-mini-instruct,35,2
microsoft/phi-4-mini-instruct,35,2
microsoft/phi-4-mini-instruct,35,2
microsoft/phi-4-mini-instruct,35,2
microsoft/phi-4-mini-instruct,35,4
microsoft/phi-4-mini-instruct,29,2
microsoft/phi-4-mini-instruct,29,2
microsoft/phi-4-mini-instruct,29,2
microsoft/phi-4-mini-instruct,29,2
microsoft/phi-4-mini-instruct,29,2
microsoft/phi-4-mini-instruct,29,2
microsoft/phi-4-mini-instruct,29,2
microsoft/phi-4-mini-instruct,29,2
microsoft/phi-4-mini-instruct,30,2
microsoft/phi-4-mini-instruct,30,2
microsoft/phi-4-mini-instruct,30,2
microsoft/phi-4-mini-instruct,30,2
microsoft/phi-4-mini-instruct,30,2
microsoft/phi-4-mini-instruct,30,2
microsoft/phi-4-mini-instruct,30,2
microsoft/phi-4-mini-instruct,30,2
microsoft/phi-4-mini-instruct,26,2
microsoft/phi-4-mini-instruct,26,2
microsoft/phi-4-mini-instruct,26,2
microsoft/phi-4-mini-instruct,26,2
microsoft/phi-4-mini-instruct,26,2
microsoft/phi-4-mini-instruct,26,2
microsoft/phi-4-mini-instruct,26,2
microsoft/phi-4-mini-instruct,26,2
microsoft/phi-4-mini-instruct,26,2
microsoft/phi-4-mini-instruct,26,2
microsoft/phi-4-mini-instruct,26,2
microsoft/phi-4-mini-instruct,26,2
microsoft/phi-4-mini-instruct,26,2
microsoft/phi-4-mini-instruct,26,2
microsoft/phi-4-mini-instruct,26,2
microsoft/phi-4-mini-instruct,26,2
microsoft/phi-4-mini-instruct,26,30
microsoft/phi-4-mini-instruct,26,54
microsoft/phi-4-mini-instruct,26,40
microsoft/phi-4-mini-instruct,26,30
microsoft/phi-4-mini-instruct,26,56
microsoft/phi-4-mini-instruct,26,37
microsoft/phi-4-mini-instruct,26,33
microsoft/phi-4-mini-instruct,26,42
microsoft/phi-4-mini-instruct,30,137
microsoft/phi-4-mini-instruct,30,230
microsoft/phi-4-mini-instruct,30,124
microsoft/phi-4-mini-instruct,30,108
microsoft/phi-4-mini-instruct,30,164
microsoft/phi-4-mini-instruct,30,54
microsoft/phi-4-mini-instruct,30,256
microsoft/phi-4-mini-instruct,30,120
microsoft/phi-4-mini-instruct,31,106
microsoft/phi-4-mini-instruct,31,154
microsoft/phi-4-mini-instruct,31,115
microsoft/phi-4-mini-instruct,31,177
microsoft/phi-4-mini-instruct,31,112
microsoft/phi-4-mini-instruct,31,115
microsoft/phi-4-mini-instruct,31,116
microsoft/phi-4-mini-instruct,31,104
microsoft/phi-4-mini-instruct,20,167
microsoft/phi-4-mini-instruct,20,138
microsoft/phi-4-mini-instruct,20,207
microsoft/phi-4-mini-instruct,20,236
microsoft/phi-4-mini-instruct,20,256
microsoft/phi-4-mini-instruct,20,152
microsoft/phi-4-mini-instruct,20,150
microsoft/phi-4-mini-instruct,20,172
microsoft/phi-4-mini-instruct,21,92
microsoft/phi-4-mini-instruct,21,82
microsoft/phi-4-mini-instruct,21,79
microsoft/phi-4-mini-instruct,21,78
microsoft/phi-4-mini-instruct,21,52
microsoft/phi-4-mini-instruct,21,99
microsoft/phi-4-mini-instruct,21,74
microsoft/phi-4-mini-instruct,21,91
microsoft/phi-4-mini-instruct,21,256
microsoft/phi-4-mini-instruct,21,256
microsoft/phi-4-mini-instruct,21,256
microsoft/phi-4-mini-instruct,21,256
microsoft/phi-4-mini-instruct,21,256
microsoft/phi-4-mini-instruct,21,256
microsoft/phi-4-mini-instruct,21,256
microsoft/phi-4-mini-instruct,21,256
microsoft/phi-4-mini-instruct,28,41
microsoft/phi-4-mini-instruct,28,76
microsoft/phi-4-mini-instruct,28,57
microsoft/phi-4-mini-instruct,28,67
microsoft/phi-4-mini-instruct,28,64
microsoft/phi-4-mini-instruct,28,85
microsoft/phi-4-mini-instruct,28,44
microsoft/phi-4-mini-instruct,28,63
microsoft/phi-4-mini-instruct,30,104
microsoft/phi-4-mini-instruct,30,196
microsoft/phi-4-mini-instruct,30,70
microsoft/phi-4-mini-instruct,30,98
microsoft/phi-4-mini-instruct,30,103
microsoft/phi-4-mini-instruct,30,118
microsoft/phi-4-mini-instruct,30,151
microsoft/phi-4-mini-instruct,30,198
microsoft/phi-4-mini-instruct,30,94
microsoft/phi-4-mini-instruct,30,119
microsoft/phi-4-mini-instruct,30,82
microsoft/phi-4-mini-instruct,30,66
microsoft/phi-4-mini-instruct,30,151
microsoft/phi-4-mini-instruct,30,256
microsoft/phi-4-mini-instruct,30,110
microsoft/phi-4-mini-instruct,30,94
microsoft/phi-4-mini-instruct,27,256
microsoft/phi-4-mini-instruct,27,148
microsoft/phi-4-mini-instruct,27,256
microsoft/phi-4-mini-instruct,27,150
microsoft/phi-4-mini-instruct,27,256
microsoft/phi-4-mini-instruct,27,206
microsoft/phi-4-mini-instruct,27,192
microsoft/phi-4-mini-instruct,27,198
microsoft/phi-4-mini-instruct,34,2
microsoft/phi-4-mini-instruct,34,12
microsoft/phi-4-mini-instruct,34,2
microsoft/phi-4-mini-instruct,34,2
microsoft/phi-4-mini-instruct,34,2
microsoft/phi-4-mini-instruct,34,2
microsoft/phi-4-mini-instruct,34,2
microsoft/phi-4-mini-instruct,34,2
microsoft/phi-4-mini-instruct,35,2
microsoft/phi-4-mini-instruct,35,2
microsoft/phi-4-mini-instruct,35,2
microsoft/phi-4-mini-instruct,35,2
microsoft/phi-4-mini-instruct,35,2
microsoft/phi-4-mini-instruct,35,2
microsoft/phi-4-mini-instruct,35,2
microsoft/phi-4-mini-instruct,35,2
microsoft/phi-4-mini-instruct,33,2
microsoft/phi-4-mini-instruct,33,2
microsoft/phi-4-mini-instruct,33,2
microsoft/phi-4-mini-instruct,33,2
microsoft/phi-4-mini-instruct,33,2
microsoft/phi-4-mini-instruct,33,2
microsoft/phi-4-mini-instruct,33,2
microsoft/phi-4-mini-instruct,33,2
microsoft/phi-4-mini-instruct,34,2
microsoft/phi-4-mini-instruct,34,2
microsoft/phi-4-mini-instruct,34,2
microsoft/phi-4-mini-instruct,34,2
microsoft/phi-4-mini-instruct,34,2
microsoft/phi-4-mini-instruct,34,2
microsoft/phi-4-mini-instruct,34,2
microsoft/phi-4-mini-instruct,34,12
microsoft/phi-4-mini-instruct,29,2
microsoft/phi-4-mini-instruct,29,12
microsoft/phi-4-mini-instruct,29,2
microsoft/phi-4-mini-instruct,29,2
microsoft/phi-4-mini-instruct,29,2
microsoft/phi-4-mini-instruct,29,12
microsoft/phi-4-mini-instruct,29,2
microsoft/phi-4-mini-instruct,29,2
microsoft/phi-4-mini-instruct,30,2
microsoft/phi-4-mini-instruct,30,2
microsoft/phi-4-mini-instruct,30,2
microsoft/phi-4-mini-instruct,30,2
microsoft/phi-4-mini-instruct,30,2
microsoft/phi-4-mini-instruct,30,2
microsoft/phi-4-mini-instruct,30,2
microsoft/phi-4-mini-instruct,30,2
microsoft/phi-4-mini-instruct,29,2
microsoft/phi-4-mini-instruct,29,2
microsoft/phi-4-mini-instruct,29,2
microsoft/phi-4-mini-instruct,29,2
microsoft/phi-4-mini-instruct,29,2
microsoft/phi-4-mini-instruct,29,2
microsoft/phi-4-mini-instruct,29,2
microsoft/phi-4-mini-instruct,29,12
microsoft/phi-4-mini-instruct,30,12
microsoft/phi-4-mini-instruct,30,12
microsoft/phi-4-mini-instruct,30,2
microsoft/phi-4-mini-instruct,30,12
microsoft/phi-4-mini-instruct,30,2
microsoft/phi-4-mini-instruct,30,2
microsoft/phi-4-mini-instruct,30,2
microsoft/phi-4-mini-instruct,30,2
microsoft/phi-4-mini-instruct,26,36
microsoft/phi-4-mini-instruct,26,30
microsoft/phi-4-mini-instruct,26,28
microsoft/phi-4-mini-instruct,26,25
microsoft/phi-4-mini-instruct,26,37
microsoft/phi-4-mini-instruct,26,32
microsoft/phi-4-mini-instruct,26,35
microsoft/phi-4-mini-instruct,26,31
microsoft/phi-4-mini-instruct,26,123
microsoft/phi-4-mini-instruct,26,119
microsoft/phi-4-mini-instruct,26,189
microsoft/phi-4-mini-instruct,26,138
microsoft/phi-4-mini-instruct,26,124
microsoft/phi-4-mini-instruct,26,178
microsoft/phi-4-mini-instruct,26,97
microsoft/phi-4-mini-instruct,26,179
microsoft/phi-4-mini-instruct,25,256
microsoft/phi-4-mini-instruct,25,85
microsoft/phi-4-mini-instruct,25,64
microsoft/phi-4-mini-instruct,25,154
microsoft/phi-4-mini-instruct,25,83
microsoft/phi-4-mini-instruct,25,130
microsoft/phi-4-mini-instruct,25,72
microsoft/phi-4-mini-instruct,25,113
microsoft/phi-4-mini-instruct,15,158
microsoft/phi-4-mini-instruct,15,120
microsoft/phi-4-mini-instruct,15,247
microsoft/phi-4-mini-instruct,15,195
microsoft/phi-4-mini-instruct,15,256
microsoft/phi-4-mini-instruct,15,199
microsoft/phi-4-mini-instruct,15,250
microsoft/phi-4-mini-instruct,15,256
microsoft/phi-4-mini-instruct,19,78
microsoft/phi-4-mini-instruct,19,74
microsoft/phi-4-mini-instruct,19,60
microsoft/phi-4-mini-instruct,19,77
microsoft/phi-4-mini-instruct,19,61
microsoft/phi-4-mini-instruct,19,40
microsoft/phi-4-mini-instruct,19,68
microsoft/phi-4-mini-instruct,19,49
microsoft/phi-4-mini-instruct,19,256
microsoft/phi-4-mini-instruct,19,256
microsoft/phi-4-mini-instruct,19,256
microsoft/phi-4-mini-instruct,19,181
microsoft/phi-4-mini-instruct,19,256
microsoft/phi-4-mini-instruct,19,256
microsoft/phi-4-mini-instruct,19,256
microsoft/phi-4-mini-instruct,19,256
microsoft/phi-4-mini-instruct,25,56
microsoft/phi-4-mini-instruct,25,55
microsoft/phi-4-mini-instruct,25,54
microsoft/phi-4-mini-instruct,25,62
microsoft/phi-4-mini-instruct,25,47
microsoft/phi-4-mini-instruct,25,73
microsoft/phi-4-mini-instruct,25,48
microsoft/phi-4-mini-instruct,25,54
microsoft/phi-4-mini-instruct,21,256
microsoft/phi-4-mini-instruct,21,256
microsoft/phi-4-mini-instruct,21,256
microsoft/phi-4-mini-instruct,21,256
microsoft/phi-4-mini-instruct,21,235
microsoft/phi-4-mini-instruct,21,256
microsoft/phi-4-mini-instruct,21,198
microsoft/phi-4-mini-instruct,21,256
microsoft/phi-4-mini-instruct,28,204
microsoft/phi-4-mini-instruct,28,96
microsoft/phi-4-mini-instruct,28,200
microsoft/phi-4-mini-instruct,28,153
microsoft/phi-4-mini-instruct,28,87
microsoft/phi-4-mini-instruct,28,256
microsoft/phi-4-mini-instruct,28,110
microsoft/phi-4-mini-instruct,28,243
microsoft/phi-4-mini-instruct,27,256
microsoft/phi-4-mini-instruct,27,256
microsoft/phi-4-mini-instruct,27,219
microsoft/phi-4-mini-instruct,27,256
microsoft/phi-4-mini-instruct,27,256
microsoft/phi-4-mini-instruct,27,111
microsoft/phi-4-mini-instruct,27,256
microsoft/phi-4-mini-instruct,27,256
microsoft/phi-4-mini-instruct,28,2
microsoft/phi-4-mini-instruct,28,2
microsoft/phi-4-mini-instruct,28,2
microsoft/phi-4-mini-instruct,28,2
microsoft/phi-4-mini-instruct,28,2
microsoft/phi-4-mini-instruct,28,2
microsoft/phi-4-mini-instruct,28,2
microsoft/phi-4-mini-instruct,28,2
microsoft/phi-4-mini-instruct,29,2
microsoft/phi-4-mini-instruct,29,2
microsoft/phi-4-mini-instruct,29,2
microsoft/phi-4-mini-instruct,29,2
microsoft/phi-4-mini-instruct,29,2
microsoft/phi-4-mini-instruct,29,2
microsoft/phi-4-mini-instruct,29,2
microsoft/phi-4-mini-instruct,29,2
microsoft/phi-4-mini-instruct,36,2
microsoft/phi-4-mini-instruct,36,2
microsoft/phi-4-mini-instruct,36,2
microsoft/phi-4-mini-instruct,36,3
microsoft/phi-4-mini-instruct,36,4
microsoft/phi-4-mini-instruct,36,4
microsoft/phi-4-mini-instruct,36,4
microsoft/phi-4-mini-instruct,36,2
microsoft/phi-4-mini-instruct,36,3
microsoft/phi-4-mini-instruct,36,3
microsoft/phi-4-mini-instruct,36,3
microsoft/phi-4-mini-instruct,36,2
microsoft/phi-4-mini-instruct,36,2
microsoft/phi-4-mini-instruct,36,2
microsoft/phi-4-mini-instruct,36,3
microsoft/phi-4-mini-instruct,36,2
microsoft/phi-4-mini-instruct,30,2
microsoft/phi-4-mini-instruct,30,2
microsoft/phi-4-mini-instruct,30,2
microsoft/phi-4-mini-instruct,30,2
microsoft/phi-4-mini-instruct,30,2
microsoft/phi-4-mini-instruct,30,2
microsoft/phi-4-mini-instruct,30,2
microsoft/phi-4-mini-instruct,30,2
microsoft/phi-4-mini-instruct,31,2
microsoft/phi-4-mini-instruct,31,2
microsoft/phi-4-mini-instruct,31,2
microsoft/phi-4-mini-instruct,31,2
microsoft/phi-4-mini-instruct,31,2
microsoft/phi-4-mini-instruct,31,2
microsoft/phi-4-mini-instruct,31,2
microsoft/phi-4-mini-instruct,31,2
microsoft/phi-4-mini-instruct,27,2
microsoft/phi-4-mini-instruct,27,2
microsoft/phi-4-mini-instruct,27,2
microsoft/phi-4-mini-instruct,27,2
microsoft/phi-4-mini-instruct,27,2
microsoft/phi-4-mini-instruct,27,2
microsoft/phi-4-mini-instruct,27,2
microsoft/phi-4-mini-instruct,27,2
microsoft/phi-4-mini-instruct,27,2
microsoft/phi-4-mini-instruct,27,2
microsoft/phi-4-mini-instruct,27,2
microsoft/phi-4-mini-instruct,27,2
microsoft/phi-4-mini-instruct,27,2
microsoft/phi-4-mini-instruct,27,2
microsoft/phi-4-mini-instruct,27,2
microsoft/phi-4-mini-instruct,27,2
microsoft/phi-4-mini-instruct,27,33
microsoft/phi-4-mini-instruct,27,57
microsoft/phi-4-mini-instruct,27,49
microsoft/phi-4-mini-instruct,27,42
microsoft/phi-4-mini-instruct,27,54
microsoft/phi-4-mini-instruct,27,30
microsoft/phi-4-mini-instruct,27,30
microsoft/phi-4-mini-instruct,27,36
microsoft/phi-4-mini-instruct,31,172
microsoft/phi-4-mini-instruct,31,146
microsoft/phi-4-mini-instruct,31,256
microsoft/phi-4-mini-instruct,31,113
microsoft/phi-4-mini-instruct,31,216
microsoft/phi-4-mini-instruct,31,251
microsoft/phi-4-mini-instruct,31,146
microsoft/phi-4-mini-instruct,31,136
microsoft/phi-4-mini-instruct,32,256
microsoft/phi-4-mini-instruct,32,217
microsoft/phi-4-mini-instruct,32,146
microsoft/phi-4-mini-instruct,32,256
microsoft/phi-4-mini-instruct,32,124
microsoft/phi-4-mini-instruct,32,155
microsoft/phi-4-mini-instruct,32,167
microsoft/phi-4-mini-instruct,32,99
microsoft/phi-4-mini-instruct,21,256
microsoft/phi-4-mini-instruct,21,140
microsoft/phi-4-mini-instruct,21,256
microsoft/phi-4-mini-instruct,21,113
microsoft/phi-4-mini-instruct,21,137
microsoft/phi-4-mini-instruct,21,236
microsoft/phi-4-mini-instruct,21,191
microsoft/phi-4-mini-instruct,21,255
microsoft/phi-4-mini-instruct,22,73
microsoft/phi-4-mini-instruct,22,48
microsoft/phi-4-mini-instruct,22,69
microsoft/phi-4-mini-instruct,22,109
microsoft/phi-4-mini-instruct,22,54
microsoft/phi-4-mini-instruct,22,83
microsoft/phi-4-mini-instruct,22,73
microsoft/phi-4-mini-instruct,22,71
microsoft/phi-4-mini-instruct,22,256
microsoft/phi-4-mini-instruct,22,256
microsoft/phi-4-mini-instruct,22,256
microsoft/phi-4-mini-instruct,22,256
microsoft/phi-4-mini-instruct,22,256
microsoft/phi-4-mini-instruct,22,256
microsoft/phi-4-mini-instruct,22,256
microsoft/phi-4-mini-instruct,22,256
microsoft/phi-4-mini-instruct,29,56
microsoft/phi-4-mini-instruct,29,65
microsoft/phi-4-mini-instruct,29,83
microsoft/phi-4-mini-instruct,29,60
microsoft/phi-4-mini-instruct,29,78
microsoft/phi-4-mini-instruct,29,79
microsoft/phi-4-mini-instruct,29,153
microsoft/phi-4-mini-instruct,29,53
microsoft/phi-4-mini-instruct,31,222
microsoft/phi-4-mini-instruct,31,256
microsoft/phi-4-mini-instruct,31,256
microsoft/phi-4-mini-instruct,31,154
microsoft/phi-4-mini-instruct,31,183
microsoft/phi-4-mini-instruct,31,256
microsoft/phi-4-mini-instruct,31,167
microsoft/phi-4-mini-instruct,31,256
microsoft/phi-4-mini-instruct,31,102
microsoft/phi-4-mini-instruct,31,101
microsoft/phi-4-mini-instruct,31,110
microsoft/phi-4-mini-instruct,31,180
microsoft/phi-4-mini-instruct,31,81
microsoft/phi-4-mini-instruct,31,256
microsoft/phi-4-mini-instruct,31,203
microsoft/phi-4-mini-instruct,31,156
microsoft/phi-4-mini-instruct,28,163
microsoft/phi-4-mini-instruct,28,146
microsoft/phi-4-mini-instruct,28,182
microsoft/phi-4-mini-instruct,28,159
microsoft/phi-4-mini-instruct,28,95
microsoft/phi-4-mini-instruct,28,256
microsoft/phi-4-mini-instruct,28,256
microsoft/phi-4-mini-instruct,28,228
deepseek-ai/deepseek-v4-flash,32,2
deepseek-ai/deepseek-v4-flash,32,2
deepseek-ai/deepseek-v4-flash,32,2
deepseek-ai/deepseek-v4-flash,32,2
deepseek-ai/deepseek-v4-flash,32,2
deepseek-ai/deepseek-v4-flash,32,2
deepseek-ai/deepseek-v4-flash,32,2
deepseek-ai/deepseek-v4-flash,32,2
deepseek-ai/deepseek-v4-flash,33,2
deepseek-ai/deepseek-v4-flash,33,2
deepseek-ai/deepseek-v4-flash,25,256
openai/gpt-oss-20b,93,12
openai/gpt-oss-20b,93,12
openai/gpt-oss-20b,93,12
openai/gpt-oss-20b,93,12
openai/gpt-oss-20b,93,12
openai/gpt-oss-20b,93,12
openai/gpt-oss-20b,93,12
openai/gpt-oss-20b,93,12
openai/gpt-oss-20b,94,12
openai/gpt-oss-20b,94,12
openai/gpt-oss-20b,94,12
openai/gpt-oss-20b,94,12
openai/gpt-oss-20b,94,12
openai/gpt-oss-20b,94,12
openai/gpt-oss-20b,94,12
openai/gpt-oss-20b,94,12
openai/gpt-oss-20b,92,12
openai/gpt-oss-20b,92,12
openai/gpt-oss-20b,92,12
openai/gpt-oss-20b,92,12
openai/gpt-oss-20b,92,12
openai/gpt-oss-20b,92,12
openai/gpt-oss-20b,92,12
openai/gpt-oss-20b,92,12
openai/gpt-oss-20b,93,12
openai/gpt-oss-20b,93,12
openai/gpt-oss-20b,93,12
openai/gpt-oss-20b,93,12
openai/gpt-oss-20b,93,12
openai/gpt-oss-20b,93,12
openai/gpt-oss-20b,93,12
openai/gpt-oss-20b,93,12
openai/gpt-oss-20b,88,12
openai/gpt-oss-20b,88,12
openai/gpt-oss-20b,88,12
openai/gpt-oss-20b,88,12
openai/gpt-oss-20b,88,12
openai/gpt-oss-20b,88,12
openai/gpt-oss-20b,88,12
openai/gpt-oss-20b,88,12
openai/gpt-oss-20b,89,12
openai/gpt-oss-20b,89,12
openai/gpt-oss-20b,89,12
openai/gpt-oss-20b,89,12
openai/gpt-oss-20b,89,12
openai/gpt-oss-20b,89,12
openai/gpt-oss-20b,89,12
openai/gpt-oss-20b,89,12
openai/gpt-oss-20b,88,12
openai/gpt-oss-20b,88,12
openai/gpt-oss-20b,88,12
openai/gpt-oss-20b,88,12
openai/gpt-oss-20b,88,12
openai/gpt-oss-20b,88,12
openai/gpt-oss-20b,88,12
openai/gpt-oss-20b,88,12
openai/gpt-oss-20b,89,12
openai/gpt-oss-20b,89,12
openai/gpt-oss-20b,89,12
openai/gpt-oss-20b,89,12
openai/gpt-oss-20b,89,12
openai/gpt-oss-20b,89,12
openai/gpt-oss-20b,89,12
openai/gpt-oss-20b,89,12
openai/gpt-oss-20b,87,181
openai/gpt-oss-20b,87,106
openai/gpt-oss-20b,87,238
openai/gpt-oss-20b,87,163
openai/gpt-oss-20b,87,212
openai/gpt-oss-20b,87,131
openai/gpt-oss-20b,87,128
openai/gpt-oss-20b,87,155
openai/gpt-oss-20b,87,212
openai/gpt-oss-20b,87,247
openai/gpt-oss-20b,87,219
openai/gpt-oss-20b,87,248
openai/gpt-oss-20b,87,204
openai/gpt-oss-20b,87,186
openai/gpt-oss-20b,87,207
openai/gpt-oss-20b,87,256
openai/gpt-oss-20b,86,152
openai/gpt-oss-20b,86,171
openai/gpt-oss-20b,86,185
openai/gpt-oss-20b,86,240
openai/gpt-oss-20b,86,179
openai/gpt-oss-20b,86,102
openai/gpt-oss-20b,86,206
openai/gpt-oss-20b,86,197
openai/gpt-oss-20b,76,256
openai/gpt-oss-20b,76,256
openai/gpt-oss-20b,76,256
openai/gpt-oss-20b,76,256
openai/gpt-oss-20b,76,256
openai/gpt-oss-20b,76,256
openai/gpt-oss-20b,76,256
openai/gpt-oss-20b,76,256
openai/gpt-oss-20b,80,256
openai/gpt-oss-20b,80,256
openai/gpt-oss-20b,80,145
openai/gpt-oss-20b,80,256
openai/gpt-oss-20b,80,256
openai/gpt-oss-20b,80,205
openai/gpt-oss-20b,80,256
openai/gpt-oss-20b,80,187
openai/gpt-oss-20b,80,256
openai/gpt-oss-20b,80,256
openai/gpt-oss-20b,80,256
openai/gpt-oss-20b,80,256
openai/gpt-oss-20b,80,256
openai/gpt-oss-20b,80,256
openai/gpt-oss-20b,80,256
openai/gpt-oss-20b,80,256
openai/gpt-oss-20b,86,226
openai/gpt-oss-20b,86,256
openai/gpt-oss-20b,86,243
openai/gpt-oss-20b,86,160
openai/gpt-oss-20b,86,230
openai/gpt-oss-20b,86,256
openai/gpt-oss-20b,86,174
openai/gpt-oss-20b,86,198
openai/gpt-oss-20b,82,256
openai/gpt-oss-20b,82,256
openai/gpt-oss-20b,82,256
openai/gpt-oss-20b,82,256
openai/gpt-oss-20b,82,256
openai/gpt-oss-20b,82,256
openai/gpt-oss-20b,82,256
openai/gpt-oss-20b,82,256
openai/gpt-oss-20b,89,204
openai/gpt-oss-20b,89,207
openai/gpt-oss-20b,89,213
openai/gpt-oss-20b,89,256
openai/gpt-oss-20b,89,213
openai/gpt-oss-20b,89,217
openai/gpt-oss-20b,89,181
openai/gpt-oss-20b,89,224
openai/gpt-oss-20b,88,256
openai/gpt-oss-20b,88,256
openai/gpt-oss-20b,88,256
openai/gpt-oss-20b,88,256
openai/gpt-oss-20b,88,256
openai/gpt-oss-20b,88,256
openai/gpt-oss-20b,88,256
openai/gpt-oss-20b,88,256
openai/gpt-oss-20b,88,12
openai/gpt-oss-20b,88,12
openai/gpt-oss-20b,88,12
openai/gpt-oss-20b,88,12
openai/gpt-oss-20b,88,12
openai/gpt-oss-20b,88,12
openai/gpt-oss-20b,88,12
openai/gpt-oss-20b,88,12
openai/gpt-oss-20b,89,12
openai/gpt-oss-20b,89,12
openai/gpt-oss-20b,89,12
openai/gpt-oss-20b,89,12
openai/gpt-oss-20b,89,12
openai/gpt-oss-20b,89,12
openai/gpt-oss-20b,89,12
openai/gpt-oss-20b,89,12
openai/gpt-oss-20b,96,12
openai/gpt-oss-20b,96,12
openai/gpt-oss-20b,96,12
openai/gpt-oss-20b,96,12
openai/gpt-oss-20b,96,12
openai/gpt-oss-20b,96,12
openai/gpt-oss-20b,96,12
openai/gpt-oss-20b,96,12
openai/gpt-oss-20b,96,12
openai/gpt-oss-20b,96,12
openai/gpt-oss-20b,96,12
openai/gpt-oss-20b,96,12
openai/gpt-oss-20b,96,12
openai/gpt-oss-20b,96,12
openai/gpt-oss-20b,96,12
openai/gpt-oss-20b,96,12
openai/gpt-oss-20b,90,12
openai/gpt-oss-20b,90,12
openai/gpt-oss-20b,90,12
openai/gpt-oss-20b,90,12
openai/gpt-oss-20b,90,12
openai/gpt-oss-20b,90,12
openai/gpt-oss-20b,90,12
openai/gpt-oss-20b,90,12
openai/gpt-oss-20b,91,12
openai/gpt-oss-20b,91,12
openai/gpt-oss-20b,91,12
openai/gpt-oss-20b,91,12
openai/gpt-oss-20b,91,12
openai/gpt-oss-20b,91,12
openai/gpt-oss-20b,91,12
openai/gpt-oss-20b,91,12
openai/gpt-oss-20b,87,12
openai/gpt-oss-20b,87,12
openai/gpt-oss-20b,87,12
openai/gpt-oss-20b,87,12
openai/gpt-oss-20b,87,12
openai/gpt-oss-20b,87,12
openai/gpt-oss-20b,87,12
openai/gpt-oss-20b,87,12
openai/gpt-oss-20b,87,12
openai/gpt-oss-20b,87,12
openai/gpt-oss-20b,87,12
openai/gpt-oss-20b,87,12
openai/gpt-oss-20b,87,12
openai/gpt-oss-20b,87,12
openai/gpt-oss-20b,87,12
openai/gpt-oss-20b,87,12
openai/gpt-oss-20b,87,178
openai/gpt-oss-20b,87,249
openai/gpt-oss-20b,87,127
openai/gpt-oss-20b,87,247
openai/gpt-oss-20b,87,158
openai/gpt-oss-20b,87,132
openai/gpt-oss-20b,87,145
openai/gpt-oss-20b,87,159
openai/gpt-oss-20b,91,256
openai/gpt-oss-20b,91,256
openai/gpt-oss-20b,91,256
openai/gpt-oss-20b,91,256
openai/gpt-oss-20b,91,224
openai/gpt-oss-20b,91,256
openai/gpt-oss-20b,91,256
openai/gpt-oss-20b,91,256
openai/gpt-oss-20b,92,256
openai/gpt-oss-20b,92,256
openai/gpt-oss-20b,92,256
openai/gpt-oss-20b,92,226
openai/gpt-oss-20b,92,256
openai/gpt-oss-20b,92,219
openai/gpt-oss-20b,92,247
openai/gpt-oss-20b,92,256
openai/gpt-oss-20b,81,256
openai/gpt-oss-20b,81,256
openai/gpt-oss-20b,81,256
openai/gpt-oss-20b,81,256
openai/gpt-oss-20b,81,256
openai/gpt-oss-20b,81,256
openai/gpt-oss-20b,81,256
openai/gpt-oss-20b,81,256
openai/gpt-oss-20b,82,197
openai/gpt-oss-20b,82,205
openai/gpt-oss-20b,82,225
openai/gpt-oss-20b,82,198
openai/gpt-oss-20b,82,256
openai/gpt-oss-20b,82,180
openai/gpt-oss-20b,82,247
openai/gpt-oss-20b,82,256
openai/gpt-oss-20b,82,256
openai/gpt-oss-20b,82,256
openai/gpt-oss-20b,82,256
openai/gpt-oss-20b,82,256
openai/gpt-oss-20b,82,256
openai/gpt-oss-20b,82,256
openai/gpt-oss-20b,82,256
openai/gpt-oss-20b,82,256
openai/gpt-oss-20b,89,180
openai/gpt-oss-20b,89,168
openai/gpt-oss-20b,89,184
openai/gpt-oss-20b,89,163
openai/gpt-oss-20b,89,256
openai/gpt-oss-20b,89,196
openai/gpt-oss-20b,89,256
openai/gpt-oss-20b,89,238
openai/gpt-oss-20b,91,256
openai/gpt-oss-20b,91,256
openai/gpt-oss-20b,91,256
openai/gpt-oss-20b,91,256
openai/gpt-oss-20b,91,256
openai/gpt-oss-20b,91,256
openai/gpt-oss-20b,91,256
openai/gpt-oss-20b,91,256
openai/gpt-oss-20b,91,256
openai/gpt-oss-20b,91,256
openai/gpt-oss-20b,91,256
openai/gpt-oss-20b,91,256
openai/gpt-oss-20b,91,239
openai/gpt-oss-20b,91,256
openai/gpt-oss-20b,91,256
openai/gpt-oss-20b,91,252
openai/gpt-oss-20b,88,256
openai/gpt-oss-20b,88,256
openai/gpt-oss-20b,88,256
openai/gpt-oss-20b,88,256
openai/gpt-oss-20b,88,256
openai/gpt-oss-20b,88,256
openai/gpt-oss-20b,88,256
openai/gpt-oss-20b,88,256
openai/gpt-oss-20b,94,12
openai/gpt-oss-20b,94,12
openai/gpt-oss-20b,94,12
openai/gpt-oss-20b,94,12
openai/gpt-oss-20b,94,12
openai/gpt-oss-20b,94,12
openai/gpt-oss-20b,94,12
openai/gpt-oss-20b,94,12
openai/gpt-oss-20b,95,12
openai/gpt-oss-20b,95,12
openai/gpt-oss-20b,95,12
openai/gpt-oss-20b,95,12
openai/gpt-oss-20b,95,12
openai/gpt-oss-20b,95,12
openai/gpt-oss-20b,95,12
openai/gpt-oss-20b,95,12
openai/gpt-oss-20b,93,12
openai/gpt-oss-20b,93,12
openai/gpt-oss-20b,93,12
openai/gpt-oss-20b,93,12
openai/gpt-oss-20b,93,12
openai/gpt-oss-20b,93,12
openai/gpt-oss-20b,93,12
openai/gpt-oss-20b,93,12
openai/gpt-oss-20b,94,12
openai/gpt-oss-20b,94,12
openai/gpt-oss-20b,94,12
openai/gpt-oss-20b,94,12
openai/gpt-oss-20b,94,12
openai/gpt-oss-20b,94,12
openai/gpt-oss-20b,94,12
openai/gpt-oss-20b,94,12
openai/gpt-oss-20b,89,12
openai/gpt-oss-20b,89,12
openai/gpt-oss-20b,89,12
openai/gpt-oss-20b,89,12
openai/gpt-oss-20b,89,12
openai/gpt-oss-20b,89,12
openai/gpt-oss-20b,89,12
openai/gpt-oss-20b,89,12
openai/gpt-oss-20b,90,12
openai/gpt-oss-20b,90,12
openai/gpt-oss-20b,90,12
openai/gpt-oss-20b,90,12
openai/gpt-oss-20b,90,12
openai/gpt-oss-20b,90,12
openai/gpt-oss-20b,90,12
openai/gpt-oss-20b,90,12
openai/gpt-oss-20b,89,12
openai/gpt-oss-20b,89,12
openai/gpt-oss-20b,89,12
openai/gpt-oss-20b,89,12
openai/gpt-oss-20b,89,12
openai/gpt-oss-20b,89,12
openai/gpt-oss-20b,89,12
openai/gpt-oss-20b,89,12
openai/gpt-oss-20b,90,12
openai/gpt-oss-20b,90,12
openai/gpt-oss-20b,90,12
openai/gpt-oss-20b,90,12
openai/gpt-oss-20b,90,12
openai/gpt-oss-20b,90,12
openai/gpt-oss-20b,90,12
openai/gpt-oss-20b,90,12
openai/gpt-oss-20b,88,188
openai/gpt-oss-20b,88,212
openai/gpt-oss-20b,88,174
openai/gpt-oss-20b,88,256
openai/gpt-oss-20b,88,199
openai/gpt-oss-20b,88,197
openai/gpt-oss-20b,88,256
openai/gpt-oss-20b,88,179
openai/gpt-oss-20b,88,181
openai/gpt-oss-20b,88,201
openai/gpt-oss-20b,88,186
openai/gpt-oss-20b,88,152
openai/gpt-oss-20b,88,224
openai/gpt-oss-20b,88,236
openai/gpt-oss-20b,88,256
openai/gpt-oss-20b,88,256
openai/gpt-oss-20b,87,139
openai/gpt-oss-20b,87,157
openai/gpt-oss-20b,87,165
openai/gpt-oss-20b,87,180
openai/gpt-oss-20b,87,163
openai/gpt-oss-20b,87,179
openai/gpt-oss-20b,87,226
openai/gpt-oss-20b,87,132
openai/gpt-oss-20b,77,256
openai/gpt-oss-20b,77,256
openai/gpt-oss-20b,77,256
openai/gpt-oss-20b,77,256
openai/gpt-oss-20b,77,256
openai/gpt-oss-20b,77,256
openai/gpt-oss-20b,77,256
openai/gpt-oss-20b,77,256
openai/gpt-oss-20b,81,202
openai/gpt-oss-20b,81,256
openai/gpt-oss-20b,81,224
openai/gpt-oss-20b,81,165
openai/gpt-oss-20b,81,256
openai/gpt-oss-20b,81,244
openai/gpt-oss-20b,81,246
openai/gpt-oss-20b,81,256
openai/gpt-oss-20b,81,256
openai/gpt-oss-20b,81,256
openai/gpt-oss-20b,81,256
openai/gpt-oss-20b,81,256
openai/gpt-oss-20b,81,256
openai/gpt-oss-20b,81,256
openai/gpt-oss-20b,81,256
openai/gpt-oss-20b,81,256
openai/gpt-oss-20b,87,165
openai/gpt-oss-20b,87,190
openai/gpt-oss-20b,87,152
openai/gpt-oss-20b,87,256
openai/gpt-oss-20b,87,256
openai/gpt-oss-20b,87,256
openai/gpt-oss-20b,87,256
openai/gpt-oss-20b,87,172
openai/gpt-oss-20b,83,256
openai/gpt-oss-20b,83,256
openai/gpt-oss-20b,83,256
openai/gpt-oss-20b,83,256
openai/gpt-oss-20b,83,256
openai/gpt-oss-20b,83,256
openai/gpt-oss-20b,83,256
openai/gpt-oss-20b,83,256
openai/gpt-oss-20b,90,226
openai/gpt-oss-20b,90,255
openai/gpt-oss-20b,90,233
openai/gpt-oss-20b,90,228
openai/gpt-oss-20b,90,218
openai/gpt-oss-20b,90,163
openai/gpt-oss-20b,90,225
openai/gpt-oss-20b,90,251
openai/gpt-oss-20b,89,256
openai/gpt-oss-20b,89,256
openai/gpt-oss-20b,89,256
openai/gpt-oss-20b,89,256
openai/gpt-oss-20b,89,256
openai/gpt-oss-20b,89,256
openai/gpt-oss-20b,89,256
openai/gpt-oss-20b,89,256
openai/gpt-oss-20b,88,12
openai/gpt-oss-20b,88,12
openai/gpt-oss-20b,88,12
openai/gpt-oss-20b,88,12
openai/gpt-oss-20b,88,12
openai/gpt-oss-20b,88,12
openai/gpt-oss-20b,88,12
openai/gpt-oss-20b,88,12
openai/gpt-oss-20b,89,12
openai/gpt-oss-20b,89,12
openai/gpt-oss-20b,89,12
openai/gpt-oss-20b,89,12
openai/gpt-oss-20b,89,12
openai/gpt-oss-20b,89,12
openai/gpt-oss-20b,89,12
openai/gpt-oss-20b,89,12
openai/gpt-oss-20b,96,12
openai/gpt-oss-20b,96,12
openai/gpt-oss-20b,96,12
openai/gpt-oss-20b,96,12
openai/gpt-oss-20b,96,12
openai/gpt-oss-20b,96,12
openai/gpt-oss-20b,96,12
openai/gpt-oss-20b,96,12
openai/gpt-oss-20b,96,12
openai/gpt-oss-20b,96,12
openai/gpt-oss-20b,96,12
openai/gpt-oss-20b,96,12
openai/gpt-oss-20b,96,12
openai/gpt-oss-20b,96,12
openai/gpt-oss-20b,96,12
openai/gpt-oss-20b,96,12
openai/gpt-oss-20b,90,12
openai/gpt-oss-20b,90,12
openai/gpt-oss-20b,90,12
openai/gpt-oss-20b,90,12
openai/gpt-oss-20b,90,12
openai/gpt-oss-20b,90,12
openai/gpt-oss-20b,90,12
openai/gpt-oss-20b,90,12
openai/gpt-oss-20b,91,12
openai/gpt-oss-20b,91,12
openai/gpt-oss-20b,91,12
openai/gpt-oss-20b,91,12
openai/gpt-oss-20b,91,12
openai/gpt-oss-20b,91,12
openai/gpt-oss-20b,91,12
openai/gpt-oss-20b,91,12
openai/gpt-oss-20b,87,12
openai/gpt-oss-20b,87,12
openai/gpt-oss-20b,87,12
openai/gpt-oss-20b,87,12
openai/gpt-oss-20b,87,12
openai/gpt-oss-20b,87,12
openai/gpt-oss-20b,87,12
openai/gpt-oss-20b,87,12
openai/gpt-oss-20b,87,12
openai/gpt-oss-20b,87,12
openai/gpt-oss-20b,87,12
openai/gpt-oss-20b,87,12
openai/gpt-oss-20b,87,12
openai/gpt-oss-20b,87,12
openai/gpt-oss-20b,87,12
openai/gpt-oss-20b,87,12
openai/gpt-oss-20b,89,152
openai/gpt-oss-20b,89,168
openai/gpt-oss-20b,89,254
openai/gpt-oss-20b,89,106
openai/gpt-oss-20b,89,256
openai/gpt-oss-20b,89,244
openai/gpt-oss-20b,89,179
openai/gpt-oss-20b,89,218
openai/gpt-oss-20b,93,256
openai/gpt-oss-20b,93,256
openai/gpt-oss-20b,93,256
openai/gpt-oss-20b,93,256
openai/gpt-oss-20b,93,256
openai/gpt-oss-20b,93,256
openai/gpt-oss-20b,93,256
openai/gpt-oss-20b,93,256
openai/gpt-oss-20b,94,256
openai/gpt-oss-20b,94,256
openai/gpt-oss-20b,94,256
openai/gpt-oss-20b,94,256
openai/gpt-oss-20b,94,256
openai/gpt-oss-20b,94,256
openai/gpt-oss-20b,94,256
openai/gpt-oss-20b,94,256
openai/gpt-oss-20b,83,256
openai/gpt-oss-20b,83,256
openai/gpt-oss-20b,83,256
openai/gpt-oss-20b,83,256
openai/gpt-oss-20b,83,256
openai/gpt-oss-20b,83,256
openai/gpt-oss-20b,83,256
openai/gpt-oss-20b,83,256
openai/gpt-oss-20b,84,241
openai/gpt-oss-20b,84,228
openai/gpt-oss-20b,84,233
openai/gpt-oss-20b,84,256
openai/gpt-oss-20b,84,232
openai/gpt-oss-20b,84,219
openai/gpt-oss-20b,84,178
openai/gpt-oss-20b,84,248
openai/gpt-oss-20b,84,256
openai/gpt-oss-20b,84,256
openai/gpt-oss-20b,84,256
openai/gpt-oss-20b,84,256
openai/gpt-oss-20b,84,256
openai/gpt-oss-20b,84,256
openai/gpt-oss-20b,84,256
openai/gpt-oss-20b,84,256
openai/gpt-oss-20b,91,256
openai/gpt-oss-20b,91,221
openai/gpt-oss-20b,91,161
openai/gpt-oss-20b,91,233
openai/gpt-oss-20b,91,256
openai/gpt-oss-20b,91,153
openai/gpt-oss-20b,91,256
openai/gpt-oss-20b,91,218
openai/gpt-oss-20b,93,256
openai/gpt-oss-20b,93,256
openai/gpt-oss-20b,93,256
openai/gpt-oss-20b,93,256
openai/gpt-oss-20b,93,256
openai/gpt-oss-20b,93,256
openai/gpt-oss-20b,93,256
openai/gpt-oss-20b,93,256
openai/gpt-oss-20b,93,256
openai/gpt-oss-20b,93,239
openai/gpt-oss-20b,93,256
openai/gpt-oss-20b,93,256
openai/gpt-oss-20b,93,256
openai/gpt-oss-20b,93,256
openai/gpt-oss-20b,93,256
openai/gpt-oss-20b,93,256
openai/gpt-oss-20b,90,256
openai/gpt-oss-20b,90,256
openai/gpt-oss-20b,90,256
openai/gpt-oss-20b,90,256
openai/gpt-oss-20b,90,256
openai/gpt-oss-20b,90,256
openai/gpt-oss-20b,90,256
openai/gpt-oss-20b,90,256
openai/gpt-oss-20b,93,12
openai/gpt-oss-20b,93,12
openai/gpt-oss-20b,93,12
openai/gpt-oss-20b,93,12
openai/gpt-oss-20b,93,12
openai/gpt-oss-20b,93,12
openai/gpt-oss-20b,93,12
openai/gpt-oss-20b,93,12
openai/gpt-oss-20b,94,12
openai/gpt-oss-20b,94,12
openai/gpt-oss-20b,94,12
openai/gpt-oss-20b,94,12
openai/gpt-oss-20b,94,12
openai/gpt-oss-20b,94,12
openai/gpt-oss-20b,94,12
openai/gpt-oss-20b,94,12
openai/gpt-oss-20b,92,12
openai/gpt-oss-20b,92,12
openai/gpt-oss-20b,92,12
openai/gpt-oss-20b,92,12
openai/gpt-oss-20b,92,12
openai/gpt-oss-20b,92,12
openai/gpt-oss-20b,92,12
openai/gpt-oss-20b,92,12
openai/gpt-oss-20b,93,12
openai/gpt-oss-20b,93,12
openai/gpt-oss-20b,93,12
openai/gpt-oss-20b,93,12
openai/gpt-oss-20b,93,12
openai/gpt-oss-20b,93,12
openai/gpt-oss-20b,93,12
openai/gpt-oss-20b,93,12
openai/gpt-oss-20b,88,12
openai/gpt-oss-20b,88,12
openai/gpt-oss-20b,88,12
openai/gpt-oss-20b,88,12
openai/gpt-oss-20b,88,12
openai/gpt-oss-20b,88,12
openai/gpt-oss-20b,88,12
openai/gpt-oss-20b,88,12
openai/gpt-oss-20b,89,12
openai/gpt-oss-20b,89,12
openai/gpt-oss-20b,89,12
openai/gpt-oss-20b,89,12
openai/gpt-oss-20b,89,12
openai/gpt-oss-20b,89,12
openai/gpt-oss-20b,89,12
openai/gpt-oss-20b,89,12
openai/gpt-oss-20b,88,12
openai/gpt-oss-20b,88,12
openai/gpt-oss-20b,88,12
openai/gpt-oss-20b,88,12
openai/gpt-oss-20b,88,12
openai/gpt-oss-20b,88,12
openai/gpt-oss-20b,88,12
openai/gpt-oss-20b,88,12
openai/gpt-oss-20b,89,12
openai/gpt-oss-20b,89,12
openai/gpt-oss-20b,89,12
openai/gpt-oss-20b,89,12
openai/gpt-oss-20b,89,12
openai/gpt-oss-20b,89,12
openai/gpt-oss-20b,89,12
openai/gpt-oss-20b,89,12
openai/gpt-oss-20b,90,143
openai/gpt-oss-20b,90,256
openai/gpt-oss-20b,90,183
openai/gpt-oss-20b,90,216
openai/gpt-oss-20b,90,256
openai/gpt-oss-20b,90,204
openai/gpt-oss-20b,90,256
openai/gpt-oss-20b,90,256
openai/gpt-oss-20b,90,256
openai/gpt-oss-20b,90,256
openai/gpt-oss-20b,90,256
openai/gpt-oss-20b,90,256
openai/gpt-oss-20b,90,256
openai/gpt-oss-20b,90,256
openai/gpt-oss-20b,90,256
openai/gpt-oss-20b,90,256
openai/gpt-oss-20b,89,171
openai/gpt-oss-20b,89,237
openai/gpt-oss-20b,89,103
openai/gpt-oss-20b,89,166
openai/gpt-oss-20b,89,215
openai/gpt-oss-20b,89,215
openai/gpt-oss-20b,89,252
openai/gpt-oss-20b,89,256
openai/gpt-oss-20b,79,256
openai/gpt-oss-20b,79,256
openai/gpt-oss-20b,79,256
openai/gpt-oss-20b,79,256
openai/gpt-oss-20b,79,256
openai/gpt-oss-20b,79,256
openai/gpt-oss-20b,79,256
openai/gpt-oss-20b,79,256
openai/gpt-oss-20b,83,256
openai/gpt-oss-20b,83,254
openai/gpt-oss-20b,83,256
openai/gpt-oss-20b,83,180
openai/gpt-oss-20b,83,256
openai/gpt-oss-20b,83,166
openai/gpt-oss-20b,83,172
openai/gpt-oss-20b,83,145
openai/gpt-oss-20b,83,256
openai/gpt-oss-20b,83,256
openai/gpt-oss-20b,83,256
openai/gpt-oss-20b,83,256
openai/gpt-oss-20b,83,256
openai/gpt-oss-20b,83,256
openai/gpt-oss-20b,83,256
openai/gpt-oss-20b,83,256
openai/gpt-oss-20b,89,162
openai/gpt-oss-20b,89,256
openai/gpt-oss-20b,89,256
openai/gpt-oss-20b,89,253
openai/gpt-oss-20b,89,181
openai/gpt-oss-20b,89,256
openai/gpt-oss-20b,89,256
openai/gpt-oss-20b,89,170
openai/gpt-oss-20b,85,256
openai/gpt-oss-20b,85,256
openai/gpt-oss-20b,85,256
openai/gpt-oss-20b,85,256
openai/gpt-oss-20b,85,256
openai/gpt-oss-20b,85,256
openai/gpt-oss-20b,85,256
openai/gpt-oss-20b,85,256
openai/gpt-oss-20b,92,235
openai/gpt-oss-20b,92,256
openai/gpt-oss-20b,92,256
openai/gpt-oss-20b,92,256
openai/gpt-oss-20b,92,250
openai/gpt-oss-20b,92,256
openai/gpt-oss-20b,92,253
openai/gpt-oss-20b,92,256
openai/gpt-oss-20b,91,256
openai/gpt-oss-20b,91,256
openai/gpt-oss-20b,91,256
openai/gpt-oss-20b,91,256
openai/gpt-oss-20b,91,256
openai/gpt-oss-20b,91,256
openai/gpt-oss-20b,91,256
openai/gpt-oss-20b,91,256
openai/gpt-oss-20b,86,12
openai/gpt-oss-20b,86,12
openai/gpt-oss-20b,86,12
openai/gpt-oss-20b,86,12
openai/gpt-oss-20b,86,12
openai/gpt-oss-20b,86,12
openai/gpt-oss-20b,86,12
openai/gpt-oss-20b,86,12
openai/gpt-oss-20b,87,12
openai/gpt-oss-20b,87,12
openai/gpt-oss-20b,87,12
openai/gpt-oss-20b,87,12
openai/gpt-oss-20b,87,12
openai/gpt-oss-20b,87,12
openai/gpt-oss-20b,87,12
openai/gpt-oss-20b,87,12
openai/gpt-oss-20b,94,12
openai/gpt-oss-20b,94,12
openai/gpt-oss-20b,94,12
openai/gpt-oss-20b,94,12
openai/gpt-oss-20b,94,12
openai/gpt-oss-20b,94,12
openai/gpt-oss-20b,94,12
openai/gpt-oss-20b,94,12
openai/gpt-oss-20b,94,12
openai/gpt-oss-20b,94,12
openai/gpt-oss-20b,94,12
openai/gpt-oss-20b,94,12
openai/gpt-oss-20b,94,12
openai/gpt-oss-20b,94,12
openai/gpt-oss-20b,94,12
openai/gpt-oss-20b,94,12
openai/gpt-oss-20b,88,12
openai/gpt-oss-20b,88,12
openai/gpt-oss-20b,88,12
openai/gpt-oss-20b,88,12
openai/gpt-oss-20b,88,12
openai/gpt-oss-20b,88,12
openai/gpt-oss-20b,88,12
openai/gpt-oss-20b,88,12
openai/gpt-oss-20b,89,12
openai/gpt-oss-20b,89,12
openai/gpt-oss-20b,89,12
openai/gpt-oss-20b,89,12
openai/gpt-oss-20b,89,12
openai/gpt-oss-20b,89,12
openai/gpt-oss-20b,89,12
openai/gpt-oss-20b,89,12
openai/gpt-oss-20b,85,12
openai/gpt-oss-20b,85,12
openai/gpt-oss-20b,85,12
openai/gpt-oss-20b,85,12
openai/gpt-oss-20b,85,12
openai/gpt-oss-20b,85,12
openai/gpt-oss-20b,85,12
openai/gpt-oss-20b,85,12
openai/gpt-oss-20b,85,12
openai/gpt-oss-20b,85,12
openai/gpt-oss-20b,85,12
openai/gpt-oss-20b,85,12
openai/gpt-oss-20b,85,12
openai/gpt-oss-20b,85,12
openai/gpt-oss-20b,85,12
openai/gpt-oss-20b,85,12
openai/gpt-oss-20b,91,256
openai/gpt-oss-20b,91,248
openai/gpt-oss-20b,91,255
openai/gpt-oss-20b,91,172
openai/gpt-oss-20b,91,256
openai/gpt-oss-20b,91,226
openai/gpt-oss-20b,91,171
openai/gpt-oss-20b,91,246
openai/gpt-oss-20b,95,256
openai/gpt-oss-20b,95,256
openai/gpt-oss-20b,95,256
openai/gpt-oss-20b,95,256
openai/gpt-oss-20b,95,256
openai/gpt-oss-20b,95,256
openai/gpt-oss-20b,95,256
openai/gpt-oss-20b,95,256
openai/gpt-oss-20b,96,256
openai/gpt-oss-20b,96,256
openai/gpt-oss-20b,96,256
openai/gpt-oss-20b,96,256
openai/gpt-oss-20b,96,256
openai/gpt-oss-20b,96,208
openai/gpt-oss-20b,96,229
openai/gpt-oss-20b,96,241
openai/gpt-oss-20b,85,256
openai/gpt-oss-20b,85,256
openai/gpt-oss-20b,85,256
openai/gpt-oss-20b,85,256
openai/gpt-oss-20b,85,256
openai/gpt-oss-20b,85,256
openai/gpt-oss-20b,85,256
openai/gpt-oss-20b,85,256
openai/gpt-oss-20b,86,164
openai/gpt-oss-20b,86,157
openai/gpt-oss-20b,86,193
openai/gpt-oss-20b,86,256
openai/gpt-oss-20b,86,228
openai/gpt-oss-20b,86,220
openai/gpt-oss-20b,86,245
openai/gpt-oss-20b,86,256
openai/gpt-oss-20b,86,256
openai/gpt-oss-20b,86,256
openai/gpt-oss-20b,86,256
openai/gpt-oss-20b,86,256
openai/gpt-oss-20b,86,256
openai/gpt-oss-20b,86,256
openai/gpt-oss-20b,86,256
openai/gpt-oss-20b,86,256
openai/gpt-oss-20b,93,256
openai/gpt-oss-20b,93,256
openai/gpt-oss-20b,93,232
openai/gpt-oss-20b,93,189
openai/gpt-oss-20b,93,256
openai/gpt-oss-20b,93,256
openai/gpt-oss-20b,93,186
openai/gpt-oss-20b,93,158
openai/gpt-oss-20b,95,256
openai/gpt-oss-20b,95,256
openai/gpt-oss-20b,95,256
openai/gpt-oss-20b,95,256
openai/gpt-oss-20b,95,256
openai/gpt-oss-20b,95,256
openai/gpt-oss-20b,95,256
openai/gpt-oss-20b,95,256
openai/gpt-oss-20b,95,256
openai/gpt-oss-20b,95,256
openai/gpt-oss-20b,95,256
openai/gpt-oss-20b,95,256
openai/gpt-oss-20b,95,256
openai/gpt-oss-20b,95,256
openai/gpt-oss-20b,95,256
openai/gpt-oss-20b,95,256
openai/gpt-oss-20b,92,256
openai/gpt-oss-20b,92,256
openai/gpt-oss-20b,92,256
openai/gpt-oss-20b,92,256
openai/gpt-oss-20b,92,256
openai/gpt-oss-20b,92,256
openai/gpt-oss-20b,92,256
openai/gpt-oss-20b,92,256
openai/gpt-oss-20b,93,12
openai/gpt-oss-20b,93,12
openai/gpt-oss-20b,93,12
openai/gpt-oss-20b,93,12
openai/gpt-oss-20b,93,12
openai/gpt-oss-20b,93,12
openai/gpt-oss-20b,93,12
openai/gpt-oss-20b,93,12
openai/gpt-oss-20b,94,12
openai/gpt-oss-20b,94,12
openai/gpt-oss-20b,94,12
openai/gpt-oss-20b,94,12
openai/gpt-oss-20b,94,12
openai/gpt-oss-20b,94,12
openai/gpt-oss-20b,94,12
openai/gpt-oss-20b,94,12
openai/gpt-oss-20b,92,12
openai/gpt-oss-20b,92,12
openai/gpt-oss-20b,92,12
openai/gpt-oss-20b,92,12
openai/gpt-oss-20b,92,12
openai/gpt-oss-20b,92,12
openai/gpt-oss-20b,92,12
openai/gpt-oss-20b,92,12
openai/gpt-oss-20b,93,12
openai/gpt-oss-20b,93,12
openai/gpt-oss-20b,93,12
openai/gpt-oss-20b,93,12
openai/gpt-oss-20b,93,12
openai/gpt-oss-20b,93,12
openai/gpt-oss-20b,93,12
openai/gpt-oss-20b,93,12
openai/gpt-oss-20b,88,12
openai/gpt-oss-20b,88,12
openai/gpt-oss-20b,88,12
openai/gpt-oss-20b,88,12
openai/gpt-oss-20b,88,12
openai/gpt-oss-20b,88,12
openai/gpt-oss-20b,88,12
openai/gpt-oss-20b,88,12
openai/gpt-oss-20b,89,12
openai/gpt-oss-20b,89,12
openai/gpt-oss-20b,89,12
openai/gpt-oss-20b,89,12
openai/gpt-oss-20b,89,12
openai/gpt-oss-20b,89,12
openai/gpt-oss-20b,89,12
openai/gpt-oss-20b,89,12
openai/gpt-oss-20b,88,12
openai/gpt-oss-20b,88,12
openai/gpt-oss-20b,88,12
openai/gpt-oss-20b,88,12
openai/gpt-oss-20b,88,12
openai/gpt-oss-20b,88,12
openai/gpt-oss-20b,88,12
openai/gpt-oss-20b,88,12
openai/gpt-oss-20b,89,12
openai/gpt-oss-20b,89,12
openai/gpt-oss-20b,89,12
openai/gpt-oss-20b,89,12
openai/gpt-oss-20b,89,12
openai/gpt-oss-20b,89,12
openai/gpt-oss-20b,89,12
openai/gpt-oss-20b,89,12
openai/gpt-oss-20b,90,163
openai/gpt-oss-20b,90,96
openai/gpt-oss-20b,90,256
openai/gpt-oss-20b,90,223
openai/gpt-oss-20b,90,158
openai/gpt-oss-20b,90,215
openai/gpt-oss-20b,90,205
openai/gpt-oss-20b,90,256
openai/gpt-oss-20b,90,256
openai/gpt-oss-20b,90,256
openai/gpt-oss-20b,90,256
openai/gpt-oss-20b,90,256
openai/gpt-oss-20b,90,256
openai/gpt-oss-20b,90,256
openai/gpt-oss-20b,90,256
openai/gpt-oss-20b,90,235
openai/gpt-oss-20b,89,149
openai/gpt-oss-20b,89,137
openai/gpt-oss-20b,89,223
openai/gpt-oss-20b,89,224
openai/gpt-oss-20b,89,143
openai/gpt-oss-20b,89,203
openai/gpt-oss-20b,89,166
openai/gpt-oss-20b,89,237
openai/gpt-oss-20b,79,256
openai/gpt-oss-20b,79,256
openai/gpt-oss-20b,79,256
openai/gpt-oss-20b,79,256
openai/gpt-oss-20b,79,256
openai/gpt-oss-20b,79,256
openai/gpt-oss-20b,79,256
openai/gpt-oss-20b,79,256
openai/gpt-oss-20b,83,245
openai/gpt-oss-20b,83,256
openai/gpt-oss-20b,83,256
openai/gpt-oss-20b,83,256
openai/gpt-oss-20b,83,137
openai/gpt-oss-20b,83,197
openai/gpt-oss-20b,83,256
openai/gpt-oss-20b,83,256
openai/gpt-oss-20b,83,256
openai/gpt-oss-20b,83,256
openai/gpt-oss-20b,83,256
openai/gpt-oss-20b,83,256
openai/gpt-oss-20b,83,256
openai/gpt-oss-20b,83,256
openai/gpt-oss-20b,83,256
openai/gpt-oss-20b,83,256
openai/gpt-oss-20b,89,256
openai/gpt-oss-20b,89,148
openai/gpt-oss-20b,89,256
openai/gpt-oss-20b,89,173
openai/gpt-oss-20b,89,256
openai/gpt-oss-20b,89,256
openai/gpt-oss-20b,89,173
openai/gpt-oss-20b,89,146
openai/gpt-oss-20b,85,256
openai/gpt-oss-20b,85,256
openai/gpt-oss-20b,85,256
openai/gpt-oss-20b,85,256
openai/gpt-oss-20b,85,256
openai/gpt-oss-20b,85,256
openai/gpt-oss-20b,85,256
openai/gpt-oss-20b,85,256
openai/gpt-oss-20b,92,256
openai/gpt-oss-20b,92,256
openai/gpt-oss-20b,92,256
openai/gpt-oss-20b,92,256
openai/gpt-oss-20b,92,256
openai/gpt-oss-20b,92,256
openai/gpt-oss-20b,92,256
openai/gpt-oss-20b,92,256
openai/gpt-oss-20b,91,256
openai/gpt-oss-20b,91,256
openai/gpt-oss-20b,91,256
openai/gpt-oss-20b,91,256
openai/gpt-oss-20b,91,256
openai/gpt-oss-20b,91,256
openai/gpt-oss-20b,91,256
openai/gpt-oss-20b,91,256
openai/gpt-oss-20b,87,12
openai/gpt-oss-20b,87,12
openai/gpt-oss-20b,87,12
openai/gpt-oss-20b,87,12
openai/gpt-oss-20b,87,12
openai/gpt-oss-20b,87,12
openai/gpt-oss-20b,87,12
openai/gpt-oss-20b,87,12
openai/gpt-oss-20b,88,12
openai/gpt-oss-20b,88,12
openai/gpt-oss-20b,88,12
openai/gpt-oss-20b,88,12
openai/gpt-oss-20b,88,12
openai/gpt-oss-20b,88,12
openai/gpt-oss-20b,88,12
openai/gpt-oss-20b,88,12
openai/gpt-oss-20b,95,12
openai/gpt-oss-20b,95,12
openai/gpt-oss-20b,95,12
openai/gpt-oss-20b,95,12
openai/gpt-oss-20b,95,12
openai/gpt-oss-20b,95,12
openai/gpt-oss-20b,95,12
openai/gpt-oss-20b,95,12
openai/gpt-oss-20b,95,12
openai/gpt-oss-20b,95,12
openai/gpt-oss-20b,95,12
openai/gpt-oss-20b,95,12
openai/gpt-oss-20b,95,12
openai/gpt-oss-20b,95,12
openai/gpt-oss-20b,95,12
openai/gpt-oss-20b,95,12
openai/gpt-oss-20b,89,12
openai/gpt-oss-20b,89,12
openai/gpt-oss-20b,89,12
openai/gpt-oss-20b,89,12
openai/gpt-oss-20b,89,12
openai/gpt-oss-20b,89,12
openai/gpt-oss-20b,89,12
openai/gpt-oss-20b,89,12
openai/gpt-oss-20b,90,12
openai/gpt-oss-20b,90,12
openai/gpt-oss-20b,90,12
openai/gpt-oss-20b,90,12
openai/gpt-oss-20b,90,12
openai/gpt-oss-20b,90,12
openai/gpt-oss-20b,90,12
openai/gpt-oss-20b,90,12
openai/gpt-oss-20b,86,12
openai/gpt-oss-20b,86,12
openai/gpt-oss-20b,86,12
openai/gpt-oss-20b,86,12
openai/gpt-oss-20b,86,12
openai/gpt-oss-20b,86,12
openai/gpt-oss-20b,86,12
openai/gpt-oss-20b,86,12
openai/gpt-oss-20b,86,12
openai/gpt-oss-20b,86,12
openai/gpt-oss-20b,86,12
openai/gpt-oss-20b,86,12
openai/gpt-oss-20b,86,12
openai/gpt-oss-20b,86,12
openai/gpt-oss-20b,86,12
openai/gpt-oss-20b,86,12
openai/gpt-oss-20b,89,129
openai/gpt-oss-20b,89,161
openai/gpt-oss-20b,89,256
openai/gpt-oss-20b,89,203
openai/gpt-oss-20b,89,235
openai/gpt-oss-20b,89,227
openai/gpt-oss-20b,89,228
openai/gpt-oss-20b,89,135
openai/gpt-oss-20b,93,256
openai/gpt-oss-20b,93,256
openai/gpt-oss-20b,93,256
openai/gpt-oss-20b,93,256
openai/gpt-oss-20b,93,256
openai/gpt-oss-20b,93,256
openai/gpt-oss-20b,93,256
openai/gpt-oss-20b,93,256
openai/gpt-oss-20b,94,202
openai/gpt-oss-20b,94,256
openai/gpt-oss-20b,94,256
openai/gpt-oss-20b,94,220
openai/gpt-oss-20b,94,256
openai/gpt-oss-20b,94,256
openai/gpt-oss-20b,94,256
openai/gpt-oss-20b,94,214
openai/gpt-oss-20b,83,256
openai/gpt-oss-20b,83,256
openai/gpt-oss-20b,83,256
openai/gpt-oss-20b,83,256
openai/gpt-oss-20b,83,256
openai/gpt-oss-20b,83,256
openai/gpt-oss-20b,83,256
openai/gpt-oss-20b,83,256
openai/gpt-oss-20b,84,192
openai/gpt-oss-20b,84,256
openai/gpt-oss-20b,84,212
openai/gpt-oss-20b,84,256
openai/gpt-oss-20b,84,241
openai/gpt-oss-20b,84,256
openai/gpt-oss-20b,84,179
openai/gpt-oss-20b,84,256
openai/gpt-oss-20b,84,256
openai/gpt-oss-20b,84,256
openai/gpt-oss-20b,84,256
openai/gpt-oss-20b,84,256
openai/gpt-oss-20b,84,256
openai/gpt-oss-20b,84,256
openai/gpt-oss-20b,84,256
openai/gpt-oss-20b,84,256
openai/gpt-oss-20b,91,245
openai/gpt-oss-20b,91,193
openai/gpt-oss-20b,91,205
openai/gpt-oss-20b,91,256
openai/gpt-oss-20b,91,256
openai/gpt-oss-20b,91,256
openai/gpt-oss-20b,91,199
openai/gpt-oss-20b,91,173
openai/gpt-oss-20b,93,256
openai/gpt-oss-20b,93,256
openai/gpt-oss-20b,93,256
openai/gpt-oss-20b,93,256
openai/gpt-oss-20b,93,256
openai/gpt-oss-20b,93,256
openai/gpt-oss-20b,93,256
openai/gpt-oss-20b,93,256
openai/gpt-oss-20b,93,256
openai/gpt-oss-20b,93,256
openai/gpt-oss-20b,93,256
openai/gpt-oss-20b,93,256
openai/gpt-oss-20b,93,256
openai/gpt-oss-20b,93,256
openai/gpt-oss-20b,93,256
openai/gpt-oss-20b,93,256
openai/gpt-oss-20b,90,256
openai/gpt-oss-20b,90,256
openai/gpt-oss-20b,90,256
openai/gpt-oss-20b,90,256
openai/gpt-oss-20b,90,256
openai/gpt-oss-20b,90,256
openai/gpt-oss-20b,90,256
openai/gpt-oss-20b,90,256
openai/gpt-oss-20b,95,12
openai/gpt-oss-20b,95,12
openai/gpt-oss-20b,95,12
openai/gpt-oss-20b,95,12
openai/gpt-oss-20b,95,12
openai/gpt-oss-20b,95,12
openai/gpt-oss-20b,95,12
openai/gpt-oss-20b,95,12
openai/gpt-oss-20b,96,12
openai/gpt-oss-20b,96,12
openai/gpt-oss-20b,96,12
openai/gpt-oss-20b,96,12
openai/gpt-oss-20b,96,12
openai/gpt-oss-20b,96,12
openai/gpt-oss-20b,96,12
openai/gpt-oss-20b,96,12
openai/gpt-oss-20b,94,12
openai/gpt-oss-20b,94,12
openai/gpt-oss-20b,94,12
openai/gpt-oss-20b,94,12
openai/gpt-oss-20b,94,12
openai/gpt-oss-20b,94,12
openai/gpt-oss-20b,94,12
openai/gpt-oss-20b,94,12
openai/gpt-oss-20b,95,12
openai/gpt-oss-20b,95,12
openai/gpt-oss-20b,95,12
openai/gpt-oss-20b,95,12
openai/gpt-oss-20b,95,12
openai/gpt-oss-20b,95,12
openai/gpt-oss-20b,95,12
openai/gpt-oss-20b,95,12
openai/gpt-oss-20b,90,12
openai/gpt-oss-20b,90,12
openai/gpt-oss-20b,90,12
openai/gpt-oss-20b,90,12
openai/gpt-oss-20b,90,12
openai/gpt-oss-20b,90,12
openai/gpt-oss-20b,90,12
openai/gpt-oss-20b,90,12
openai/gpt-oss-20b,91,12
openai/gpt-oss-20b,91,12
openai/gpt-oss-20b,91,12
openai/gpt-oss-20b,91,12
openai/gpt-oss-20b,91,12
openai/gpt-oss-20b,91,12
openai/gpt-oss-20b,91,12
openai/gpt-oss-20b,91,12
openai/gpt-oss-20b,90,12
openai/gpt-oss-20b,90,12
openai/gpt-oss-20b,90,12
openai/gpt-oss-20b,90,12
openai/gpt-oss-20b,90,12
openai/gpt-oss-20b,90,12
openai/gpt-oss-20b,90,12
openai/gpt-oss-20b,90,12
openai/gpt-oss-20b,91,12
openai/gpt-oss-20b,91,12
openai/gpt-oss-20b,91,12
openai/gpt-oss-20b,91,12
openai/gpt-oss-20b,91,12
openai/gpt-oss-20b,91,12
openai/gpt-oss-20b,91,12
openai/gpt-oss-20b,91,12
openai/gpt-oss-20b,87,231
openai/gpt-oss-20b,87,140
openai/gpt-oss-20b,87,152
openai/gpt-oss-20b,87,149
openai/gpt-oss-20b,87,155
openai/gpt-oss-20b,87,197
openai/gpt-oss-20b,87,68
openai/gpt-oss-20b,87,109
openai/gpt-oss-20b,87,138
openai/gpt-oss-20b,87,172
openai/gpt-oss-20b,87,218
openai/gpt-oss-20b,87,170
openai/gpt-oss-20b,87,186
openai/gpt-oss-20b,87,144
openai/gpt-oss-20b,87,128
openai/gpt-oss-20b,87,173
openai/gpt-oss-20b,86,174
openai/gpt-oss-20b,86,134
openai/gpt-oss-20b,86,138
openai/gpt-oss-20b,86,119
openai/gpt-oss-20b,86,142
openai/gpt-oss-20b,86,141
openai/gpt-oss-20b,86,156
openai/gpt-oss-20b,86,154
openai/gpt-oss-20b,76,256
openai/gpt-oss-20b,76,256
openai/gpt-oss-20b,76,256
openai/gpt-oss-20b,76,256
openai/gpt-oss-20b,76,256
openai/gpt-oss-20b,76,256
openai/gpt-oss-20b,76,256
openai/gpt-oss-20b,76,256
openai/gpt-oss-20b,80,214
openai/gpt-oss-20b,80,233
openai/gpt-oss-20b,80,158
openai/gpt-oss-20b,80,192
openai/gpt-oss-20b,80,153
openai/gpt-oss-20b,80,130
openai/gpt-oss-20b,80,181
openai/gpt-oss-20b,80,173
openai/gpt-oss-20b,80,256
openai/gpt-oss-20b,80,256
openai/gpt-oss-20b,80,256
openai/gpt-oss-20b,80,256
openai/gpt-oss-20b,80,256
openai/gpt-oss-20b,80,256
openai/gpt-oss-20b,80,256
openai/gpt-oss-20b,80,256
openai/gpt-oss-20b,86,214
openai/gpt-oss-20b,86,184
openai/gpt-oss-20b,86,256
openai/gpt-oss-20b,86,140
openai/gpt-oss-20b,86,256
openai/gpt-oss-20b,86,188
openai/gpt-oss-20b,86,234
openai/gpt-oss-20b,86,117
openai/gpt-oss-20b,82,256
openai/gpt-oss-20b,82,256
openai/gpt-oss-20b,82,256
openai/gpt-oss-20b,82,256
openai/gpt-oss-20b,82,256
openai/gpt-oss-20b,82,256
openai/gpt-oss-20b,82,256
openai/gpt-oss-20b,82,256
openai/gpt-oss-20b,89,256
openai/gpt-oss-20b,89,156
openai/gpt-oss-20b,89,256
openai/gpt-oss-20b,89,188
openai/gpt-oss-20b,89,145
openai/gpt-oss-20b,89,227
openai/gpt-oss-20b,89,256
openai/gpt-oss-20b,89,185
openai/gpt-oss-20b,88,256
openai/gpt-oss-20b,88,256
openai/gpt-oss-20b,88,256
openai/gpt-oss-20b,88,256
openai/gpt-oss-20b,88,256
openai/gpt-oss-20b,88,256
openai/gpt-oss-20b,88,256
openai/gpt-oss-20b,88,256
openai/gpt-oss-20b,89,12
openai/gpt-oss-20b,89,12
openai/gpt-oss-20b,89,12
openai/gpt-oss-20b,89,12
openai/gpt-oss-20b,89,12
openai/gpt-oss-20b,89,12
openai/gpt-oss-20b,89,12
openai/gpt-oss-20b,89,12
openai/gpt-oss-20b,90,12
openai/gpt-oss-20b,90,12
openai/gpt-oss-20b,90,12
openai/gpt-oss-20b,90,12
openai/gpt-oss-20b,90,12
openai/gpt-oss-20b,90,12
openai/gpt-oss-20b,90,12
openai/gpt-oss-20b,90,12
openai/gpt-oss-20b,97,12
openai/gpt-oss-20b,97,12
openai/gpt-oss-20b,97,12
openai/gpt-oss-20b,97,12
openai/gpt-oss-20b,97,12
openai/gpt-oss-20b,97,12
openai/gpt-oss-20b,97,12
openai/gpt-oss-20b,97,12
openai/gpt-oss-20b,97,12
openai/gpt-oss-20b,97,12
openai/gpt-oss-20b,97,12
openai/gpt-oss-20b,97,12
openai/gpt-oss-20b,97,12
openai/gpt-oss-20b,97,12
openai/gpt-oss-20b,97,12
openai/gpt-oss-20b,97,12
openai/gpt-oss-20b,91,12
openai/gpt-oss-20b,91,12
openai/gpt-oss-20b,91,12
openai/gpt-oss-20b,91,12
openai/gpt-oss-20b,91,12
openai/gpt-oss-20b,91,12
openai/gpt-oss-20b,91,12
openai/gpt-oss-20b,91,12
openai/gpt-oss-20b,92,12
openai/gpt-oss-20b,92,12
openai/gpt-oss-20b,92,12
openai/gpt-oss-20b,92,12
openai/gpt-oss-20b,92,12
openai/gpt-oss-20b,92,12
openai/gpt-oss-20b,92,12
openai/gpt-oss-20b,92,12
openai/gpt-oss-20b,88,12
openai/gpt-oss-20b,88,12
openai/gpt-oss-20b,88,12
openai/gpt-oss-20b,88,12
openai/gpt-oss-20b,88,12
openai/gpt-oss-20b,88,12
openai/gpt-oss-20b,88,12
openai/gpt-oss-20b,88,12
openai/gpt-oss-20b,88,12
openai/gpt-oss-20b,88,12
openai/gpt-oss-20b,88,12
openai/gpt-oss-20b,88,12
openai/gpt-oss-20b,88,12
openai/gpt-oss-20b,88,12
openai/gpt-oss-20b,88,12
openai/gpt-oss-20b,88,12
openai/gpt-oss-20b,87,235
openai/gpt-oss-20b,87,119
openai/gpt-oss-20b,87,206
openai/gpt-oss-20b,87,238
openai/gpt-oss-20b,87,163
openai/gpt-oss-20b,87,160
openai/gpt-oss-20b,87,256
openai/gpt-oss-20b,87,224
openai/gpt-oss-20b,91,256
openai/gpt-oss-20b,91,256
openai/gpt-oss-20b,91,256
openai/gpt-oss-20b,91,256
openai/gpt-oss-20b,91,256
openai/gpt-oss-20b,91,191
openai/gpt-oss-20b,91,256
openai/gpt-oss-20b,91,256
openai/gpt-oss-20b,92,256
openai/gpt-oss-20b,92,231
openai/gpt-oss-20b,92,256
openai/gpt-oss-20b,92,183
openai/gpt-oss-20b,92,181
openai/gpt-oss-20b,92,240
openai/gpt-oss-20b,92,196
openai/gpt-oss-20b,92,256
openai/gpt-oss-20b,81,256
openai/gpt-oss-20b,81,256
openai/gpt-oss-20b,81,256
openai/gpt-oss-20b,81,256
openai/gpt-oss-20b,81,256
openai/gpt-oss-20b,81,256
openai/gpt-oss-20b,81,256
openai/gpt-oss-20b,81,256
openai/gpt-oss-20b,82,256
openai/gpt-oss-20b,82,227
openai/gpt-oss-20b,82,232
openai/gpt-oss-20b,82,199
openai/gpt-oss-20b,82,180
openai/gpt-oss-20b,82,187
openai/gpt-oss-20b,82,182
openai/gpt-oss-20b,82,256
openai/gpt-oss-20b,82,256
openai/gpt-oss-20b,82,256
openai/gpt-oss-20b,82,256
openai/gpt-oss-20b,82,256
openai/gpt-oss-20b,82,256
openai/gpt-oss-20b,82,256
openai/gpt-oss-20b,82,256
openai/gpt-oss-20b,82,256
openai/gpt-oss-20b,89,203
openai/gpt-oss-20b,89,134
openai/gpt-oss-20b,89,199
openai/gpt-oss-20b,89,125
openai/gpt-oss-20b,89,194
openai/gpt-oss-20b,89,210
openai/gpt-oss-20b,89,161
openai/gpt-oss-20b,89,159
openai/gpt-oss-20b,91,256
openai/gpt-oss-20b,91,256
openai/gpt-oss-20b,91,256
openai/gpt-oss-20b,91,256
openai/gpt-oss-20b,91,256
openai/gpt-oss-20b,91,256
openai/gpt-oss-20b,91,256
openai/gpt-oss-20b,91,256
openai/gpt-oss-20b,91,186
openai/gpt-oss-20b,91,224
openai/gpt-oss-20b,91,256
openai/gpt-oss-20b,91,256
openai/gpt-oss-20b,91,256
openai/gpt-oss-20b,91,256
openai/gpt-oss-20b,91,256
openai/gpt-oss-20b,91,213
openai/gpt-oss-20b,88,256
openai/gpt-oss-20b,88,256
openai/gpt-oss-20b,88,256
openai/gpt-oss-20b,88,256
openai/gpt-oss-20b,88,256
openai/gpt-oss-20b,88,256
openai/gpt-oss-20b,88,256
openai/gpt-oss-20b,88,256
openai/gpt-oss-20b,93,12
openai/gpt-oss-20b,93,12
openai/gpt-oss-20b,93,12
openai/gpt-oss-20b,93,12
openai/gpt-oss-20b,93,12
openai/gpt-oss-20b,93,12
openai/gpt-oss-20b,93,12
openai/gpt-oss-20b,93,12
openai/gpt-oss-20b,94,12
openai/gpt-oss-20b,94,12
openai/gpt-oss-20b,94,12
openai/gpt-oss-20b,94,12
openai/gpt-oss-20b,94,12
openai/gpt-oss-20b,94,12
openai/gpt-oss-20b,94,12
openai/gpt-oss-20b,94,12
openai/gpt-oss-20b,92,12
openai/gpt-oss-20b,92,12
openai/gpt-oss-20b,92,12
openai/gpt-oss-20b,92,12
openai/gpt-oss-20b,92,12
openai/gpt-oss-20b,92,12
openai/gpt-oss-20b,92,12
openai/gpt-oss-20b,92,12
openai/gpt-oss-20b,93,12
openai/gpt-oss-20b,93,12
openai/gpt-oss-20b,93,12
openai/gpt-oss-20b,93,12
openai/gpt-oss-20b,93,12
openai/gpt-oss-20b,93,12
openai/gpt-oss-20b,93,12
openai/gpt-oss-20b,93,12
openai/gpt-oss-20b,88,12
openai/gpt-oss-20b,88,12
openai/gpt-oss-20b,88,12
openai/gpt-oss-20b,88,12
openai/gpt-oss-20b,88,12
openai/gpt-oss-20b,88,12
openai/gpt-oss-20b,88,12
openai/gpt-oss-20b,88,12
openai/gpt-oss-20b,89,12
openai/gpt-oss-20b,89,12
openai/gpt-oss-20b,89,12
openai/gpt-oss-20b,89,12
openai/gpt-oss-20b,89,12
openai/gpt-oss-20b,89,12
openai/gpt-oss-20b,89,12
openai/gpt-oss-20b,89,12
openai/gpt-oss-20b,88,12
openai/gpt-oss-20b,88,12
openai/gpt-oss-20b,88,12
openai/gpt-oss-20b,88,12
openai/gpt-oss-20b,88,12
openai/gpt-oss-20b,88,12
openai/gpt-oss-20b,88,12
openai/gpt-oss-20b,88,12
openai/gpt-oss-20b,89,12
openai/gpt-oss-20b,89,12
openai/gpt-oss-20b,89,12
openai/gpt-oss-20b,89,12
openai/gpt-oss-20b,89,12
openai/gpt-oss-20b,89,12
openai/gpt-oss-20b,89,12
openai/gpt-oss-20b,89,12
openai/gpt-oss-20b,90,256
openai/gpt-oss-20b,90,252
openai/gpt-oss-20b,90,256
openai/gpt-oss-20b,90,256
openai/gpt-oss-20b,90,256
openai/gpt-oss-20b,90,209
openai/gpt-oss-20b,90,256
openai/gpt-oss-20b,90,220
openai/gpt-oss-20b,90,256
openai/gpt-oss-20b,90,165
openai/gpt-oss-20b,90,256
openai/gpt-oss-20b,90,256
openai/gpt-oss-20b,90,256
openai/gpt-oss-20b,90,256
openai/gpt-oss-20b,90,256
openai/gpt-oss-20b,90,256
openai/gpt-oss-20b,89,218
openai/gpt-oss-20b,89,256
openai/gpt-oss-20b,89,153
openai/gpt-oss-20b,89,161
openai/gpt-oss-20b,89,245
openai/gpt-oss-20b,89,216
openai/gpt-oss-20b,89,220
openai/gpt-oss-20b,89,256
openai/gpt-oss-20b,79,256
openai/gpt-oss-20b,79,256
openai/gpt-oss-20b,79,256
openai/gpt-oss-20b,79,256
openai/gpt-oss-20b,79,256
openai/gpt-oss-20b,79,256
openai/gpt-oss-20b,79,256
openai/gpt-oss-20b,79,256
openai/gpt-oss-20b,83,202
openai/gpt-oss-20b,83,253
openai/gpt-oss-20b,83,256
openai/gpt-oss-20b,83,256
openai/gpt-oss-20b,83,256
openai/gpt-oss-20b,83,256
openai/gpt-oss-20b,83,256
openai/gpt-oss-20b,83,256
openai/gpt-oss-20b,83,256
openai/gpt-oss-20b,83,256
openai/gpt-oss-20b,83,256
openai/gpt-oss-20b,83,256
openai/gpt-oss-20b,83,256
openai/gpt-oss-20b,83,256
openai/gpt-oss-20b,83,256
openai/gpt-oss-20b,83,256
openai/gpt-oss-20b,89,256
openai/gpt-oss-20b,89,256
openai/gpt-oss-20b,89,175
openai/gpt-oss-20b,89,256
openai/gpt-oss-20b,89,224
openai/gpt-oss-20b,89,196
openai/gpt-oss-20b,89,256
openai/gpt-oss-20b,89,244
openai/gpt-oss-20b,85,256
openai/gpt-oss-20b,85,256
openai/gpt-oss-20b,85,256
openai/gpt-oss-20b,85,256
openai/gpt-oss-20b,85,256
openai/gpt-oss-20b,85,256
openai/gpt-oss-20b,85,256
openai/gpt-oss-20b,85,256
openai/gpt-oss-20b,92,215
openai/gpt-oss-20b,92,250
openai/gpt-oss-20b,92,252
openai/gpt-oss-20b,92,211
openai/gpt-oss-20b,92,174
openai/gpt-oss-20b,92,256
openai/gpt-oss-20b,92,243
openai/gpt-oss-20b,92,256
openai/gpt-oss-20b,91,256
openai/gpt-oss-20b,91,256
openai/gpt-oss-20b,91,256
openai/gpt-oss-20b,91,256
openai/gpt-oss-20b,91,256
openai/gpt-oss-20b,91,256
openai/gpt-oss-20b,91,256
openai/gpt-oss-20b,91,256
openai/gpt-oss-20b,88,12
openai/gpt-oss-20b,88,12
openai/gpt-oss-20b,88,12
openai/gpt-oss-20b,88,12
openai/gpt-oss-20b,88,12
openai/gpt-oss-20b,88,12
openai/gpt-oss-20b,88,12
openai/gpt-oss-20b,88,12
openai/gpt-oss-20b,89,12
openai/gpt-oss-20b,89,12
openai/gpt-oss-20b,89,12
openai/gpt-oss-20b,89,12
openai/gpt-oss-20b,89,12
openai/gpt-oss-20b,89,12
openai/gpt-oss-20b,89,12
openai/gpt-oss-20b,89,12
openai/gpt-oss-20b,96,12
openai/gpt-oss-20b,96,12
openai/gpt-oss-20b,96,12
openai/gpt-oss-20b,96,12
openai/gpt-oss-20b,96,12
openai/gpt-oss-20b,96,12
openai/gpt-oss-20b,96,12
openai/gpt-oss-20b,96,12
openai/gpt-oss-20b,96,12
openai/gpt-oss-20b,96,12
openai/gpt-oss-20b,96,12
openai/gpt-oss-20b,96,12
openai/gpt-oss-20b,96,12
openai/gpt-oss-20b,96,12
openai/gpt-oss-20b,96,12
openai/gpt-oss-20b,96,12
openai/gpt-oss-20b,90,12
openai/gpt-oss-20b,90,12
openai/gpt-oss-20b,90,12
openai/gpt-oss-20b,90,12
openai/gpt-oss-20b,90,12
openai/gpt-oss-20b,90,12
openai/gpt-oss-20b,90,12
openai/gpt-oss-20b,90,12
openai/gpt-oss-20b,91,12
openai/gpt-oss-20b,91,12
openai/gpt-oss-20b,91,12
openai/gpt-oss-20b,91,12
openai/gpt-oss-20b,91,12
openai/gpt-oss-20b,91,12
openai/gpt-oss-20b,91,12
openai/gpt-oss-20b,91,12
openai/gpt-oss-20b,87,12
openai/gpt-oss-20b,87,12
openai/gpt-oss-20b,87,12
openai/gpt-oss-20b,87,12
openai/gpt-oss-20b,87,12
openai/gpt-oss-20b,87,12
openai/gpt-oss-20b,87,12
openai/gpt-oss-20b,87,12
openai/gpt-oss-20b,87,12
openai/gpt-oss-20b,87,12
openai/gpt-oss-20b,87,12
openai/gpt-oss-20b,87,12
openai/gpt-oss-20b,87,12
openai/gpt-oss-20b,87,12
openai/gpt-oss-20b,87,12
openai/gpt-oss-20b,87,12
openai/gpt-oss-20b,90,256
openai/gpt-oss-20b,90,161
openai/gpt-oss-20b,90,256
openai/gpt-oss-20b,90,256
openai/gpt-oss-20b,90,256
openai/gpt-oss-20b,90,222
openai/gpt-oss-20b,90,230
openai/gpt-oss-20b,90,226
openai/gpt-oss-20b,94,256
openai/gpt-oss-20b,94,256
openai/gpt-oss-20b,94,256
openai/gpt-oss-20b,94,256
openai/gpt-oss-20b,94,256
openai/gpt-oss-20b,94,256
openai/gpt-oss-20b,94,256
openai/gpt-oss-20b,94,256
openai/gpt-oss-20b,95,256
openai/gpt-oss-20b,95,256
openai/gpt-oss-20b,95,256
openai/gpt-oss-20b,95,256
openai/gpt-oss-20b,95,256
openai/gpt-oss-20b,95,256
openai/gpt-oss-20b,95,256
openai/gpt-oss-20b,95,256
openai/gpt-oss-20b,84,256
openai/gpt-oss-20b,84,256
openai/gpt-oss-20b,84,256
openai/gpt-oss-20b,84,256
openai/gpt-oss-20b,84,256
openai/gpt-oss-20b,84,256
openai/gpt-oss-20b,84,256
openai/gpt-oss-20b,84,256
openai/gpt-oss-20b,85,211
openai/gpt-oss-20b,85,256
openai/gpt-oss-20b,85,256
openai/gpt-oss-20b,85,256
openai/gpt-oss-20b,85,256
openai/gpt-oss-20b,85,256
openai/gpt-oss-20b,85,256
openai/gpt-oss-20b,85,256
openai/gpt-oss-20b,85,256
openai/gpt-oss-20b,85,256
openai/gpt-oss-20b,85,256
openai/gpt-oss-20b,85,256
openai/gpt-oss-20b,85,256
openai/gpt-oss-20b,85,256
openai/gpt-oss-20b,85,256
openai/gpt-oss-20b,85,256
openai/gpt-oss-20b,92,256
openai/gpt-oss-20b,92,256
openai/gpt-oss-20b,92,256
openai/gpt-oss-20b,92,198
openai/gpt-oss-20b,92,233
openai/gpt-oss-20b,92,256
openai/gpt-oss-20b,92,256
openai/gpt-oss-20b,92,203
openai/gpt-oss-20b,94,256
openai/gpt-oss-20b,94,256
openai/gpt-oss-20b,94,256
openai/gpt-oss-20b,94,256
openai/gpt-oss-20b,94,256
openai/gpt-oss-20b,94,256
openai/gpt-oss-20b,94,256
openai/gpt-oss-20b,94,256
openai/gpt-oss-20b,94,256
openai/gpt-oss-20b,94,256
openai/gpt-oss-20b,94,256
openai/gpt-oss-20b,94,256
openai/gpt-oss-20b,94,256
openai/gpt-oss-20b,94,256
openai/gpt-oss-20b,94,256
openai/gpt-oss-20b,94,256
openai/gpt-oss-20b,91,256
openai/gpt-oss-20b,91,256
openai/gpt-oss-20b,91,256
openai/gpt-oss-20b,91,256
openai/gpt-oss-20b,91,256
openai/gpt-oss-20b,91,256
openai/gpt-oss-20b,91,256
openai/gpt-oss-20b,91,256
openai/gpt-oss-20b,95,12
openai/gpt-oss-20b,95,12
openai/gpt-oss-20b,95,12
openai/gpt-oss-20b,95,12
openai/gpt-oss-20b,95,12
openai/gpt-oss-20b,95,12
openai/gpt-oss-20b,95,12
openai/gpt-oss-20b,95,12
openai/gpt-oss-20b,96,12
openai/gpt-oss-20b,96,12
openai/gpt-oss-20b,96,12
openai/gpt-oss-20b,96,12
openai/gpt-oss-20b,96,12
openai/gpt-oss-20b,96,12
openai/gpt-oss-20b,96,12
openai/gpt-oss-20b,96,12
openai/gpt-oss-20b,94,12
openai/gpt-oss-20b,94,12
openai/gpt-oss-20b,94,12
openai/gpt-oss-20b,94,12
openai/gpt-oss-20b,94,12
openai/gpt-oss-20b,94,12
openai/gpt-oss-20b,94,12
openai/gpt-oss-20b,94,12
openai/gpt-oss-20b,95,12
openai/gpt-oss-20b,95,12
openai/gpt-oss-20b,95,12
openai/gpt-oss-20b,95,12
openai/gpt-oss-20b,95,12
openai/gpt-oss-20b,95,12
openai/gpt-oss-20b,95,12
openai/gpt-oss-20b,95,12
openai/gpt-oss-20b,90,12
openai/gpt-oss-20b,90,12
openai/gpt-oss-20b,90,12
openai/gpt-oss-20b,90,12
openai/gpt-oss-20b,90,12
openai/gpt-oss-20b,90,12
openai/gpt-oss-20b,90,12
openai/gpt-oss-20b,90,12
openai/gpt-oss-20b,91,12
openai/gpt-oss-20b,91,12
openai/gpt-oss-20b,91,12
openai/gpt-oss-20b,91,12
openai/gpt-oss-20b,91,12
openai/gpt-oss-20b,91,12
openai/gpt-oss-20b,91,12
openai/gpt-oss-20b,91,12
openai/gpt-oss-20b,90,12
openai/gpt-oss-20b,90,12
openai/gpt-oss-20b,90,12
openai/gpt-oss-20b,90,12
openai/gpt-oss-20b,90,12
openai/gpt-oss-20b,90,12
openai/gpt-oss-20b,90,12
openai/gpt-oss-20b,90,12
openai/gpt-oss-20b,91,12
openai/gpt-oss-20b,91,12
openai/gpt-oss-20b,91,12
openai/gpt-oss-20b,91,12
openai/gpt-oss-20b,91,12
openai/gpt-oss-20b,91,12
openai/gpt-oss-20b,91,12
openai/gpt-oss-20b,91,12
openai/gpt-oss-20b,88,107
openai/gpt-oss-20b,88,182
openai/gpt-oss-20b,88,210
openai/gpt-oss-20b,88,104
openai/gpt-oss-20b,88,148
openai/gpt-oss-20b,88,103
openai/gpt-oss-20b,88,125
openai/gpt-oss-20b,88,181
openai/gpt-oss-20b,88,227
openai/gpt-oss-20b,88,187
openai/gpt-oss-20b,88,256
openai/gpt-oss-20b,88,239
openai/gpt-oss-20b,88,238
openai/gpt-oss-20b,88,256
openai/gpt-oss-20b,88,234
openai/gpt-oss-20b,88,230
openai/gpt-oss-20b,87,210
openai/gpt-oss-20b,87,174
openai/gpt-oss-20b,87,176
openai/gpt-oss-20b,87,186
openai/gpt-oss-20b,87,181
openai/gpt-oss-20b,87,252
openai/gpt-oss-20b,87,116
openai/gpt-oss-20b,87,256
openai/gpt-oss-20b,77,256
openai/gpt-oss-20b,77,256
openai/gpt-oss-20b,77,256
openai/gpt-oss-20b,77,256
openai/gpt-oss-20b,77,256
openai/gpt-oss-20b,77,256
openai/gpt-oss-20b,77,256
openai/gpt-oss-20b,77,256
openai/gpt-oss-20b,81,256
openai/gpt-oss-20b,81,256
openai/gpt-oss-20b,81,256
openai/gpt-oss-20b,81,167
openai/gpt-oss-20b,81,254
openai/gpt-oss-20b,81,256
openai/gpt-oss-20b,81,256
openai/gpt-oss-20b,81,207
openai/gpt-oss-20b,81,256
openai/gpt-oss-20b,81,256
openai/gpt-oss-20b,81,256
openai/gpt-oss-20b,81,256
openai/gpt-oss-20b,81,256
openai/gpt-oss-20b,81,256
openai/gpt-oss-20b,81,256
openai/gpt-oss-20b,81,256
openai/gpt-oss-20b,87,256
openai/gpt-oss-20b,87,256
openai/gpt-oss-20b,87,186
openai/gpt-oss-20b,87,167
openai/gpt-oss-20b,87,256
openai/gpt-oss-20b,87,256
openai/gpt-oss-20b,87,149
openai/gpt-oss-20b,87,170
openai/gpt-oss-20b,83,256
openai/gpt-oss-20b,83,256
openai/gpt-oss-20b,83,256
openai/gpt-oss-20b,83,256
openai/gpt-oss-20b,83,256
openai/gpt-oss-20b,83,256
openai/gpt-oss-20b,83,256
openai/gpt-oss-20b,83,256
openai/gpt-oss-20b,90,184
openai/gpt-oss-20b,90,256
openai/gpt-oss-20b,90,256
openai/gpt-oss-20b,90,165
openai/gpt-oss-20b,90,243
openai/gpt-oss-20b,90,256
openai/gpt-oss-20b,90,153
openai/gpt-oss-20b,90,256
openai/gpt-oss-20b,89,256
openai/gpt-oss-20b,89,256
openai/gpt-oss-20b,89,256
openai/gpt-oss-20b,89,256
openai/gpt-oss-20b,89,256
openai/gpt-oss-20b,89,256
openai/gpt-oss-20b,89,256
openai/gpt-oss-20b,89,256
openai/gpt-oss-20b,89,12
openai/gpt-oss-20b,89,12
openai/gpt-oss-20b,89,12
openai/gpt-oss-20b,89,12
openai/gpt-oss-20b,89,12
openai/gpt-oss-20b,89,12
openai/gpt-oss-20b,89,12
openai/gpt-oss-20b,89,12
openai/gpt-oss-20b,90,12
openai/gpt-oss-20b,90,12
openai/gpt-oss-20b,90,12
openai/gpt-oss-20b,90,12
openai/gpt-oss-20b,90,12
openai/gpt-oss-20b,90,12
openai/gpt-oss-20b,90,12
openai/gpt-oss-20b,90,12
openai/gpt-oss-20b,97,12
openai/gpt-oss-20b,97,12
openai/gpt-oss-20b,97,12
openai/gpt-oss-20b,97,12
openai/gpt-oss-20b,97,12
openai/gpt-oss-20b,97,12
openai/gpt-oss-20b,97,12
openai/gpt-oss-20b,97,12
openai/gpt-oss-20b,97,12
openai/gpt-oss-20b,97,12
openai/gpt-oss-20b,97,12
openai/gpt-oss-20b,97,12
openai/gpt-oss-20b,97,12
openai/gpt-oss-20b,97,12
openai/gpt-oss-20b,97,12
openai/gpt-oss-20b,97,12
openai/gpt-oss-20b,91,12
openai/gpt-oss-20b,91,12
openai/gpt-oss-20b,91,12
openai/gpt-oss-20b,91,12
openai/gpt-oss-20b,91,12
openai/gpt-oss-20b,91,12
openai/gpt-oss-20b,91,12
openai/gpt-oss-20b,91,12
openai/gpt-oss-20b,92,12
openai/gpt-oss-20b,92,12
openai/gpt-oss-20b,92,12
openai/gpt-oss-20b,92,12
openai/gpt-oss-20b,92,12
openai/gpt-oss-20b,92,12
openai/gpt-oss-20b,92,12
openai/gpt-oss-20b,92,12
openai/gpt-oss-20b,88,12
openai/gpt-oss-20b,88,12
openai/gpt-oss-20b,88,12
openai/gpt-oss-20b,88,12
openai/gpt-oss-20b,88,12
openai/gpt-oss-20b,88,12
openai/gpt-oss-20b,88,12
openai/gpt-oss-20b,88,12
openai/gpt-oss-20b,88,12
openai/gpt-oss-20b,88,12
openai/gpt-oss-20b,88,12
openai/gpt-oss-20b,88,12
openai/gpt-oss-20b,88,12
openai/gpt-oss-20b,88,12
openai/gpt-oss-20b,88,12
openai/gpt-oss-20b,88,12
openai/gpt-oss-20b,88,182
openai/gpt-oss-20b,88,208
openai/gpt-oss-20b,88,256
openai/gpt-oss-20b,88,161
openai/gpt-oss-20b,88,252
openai/gpt-oss-20b,88,236
openai/gpt-oss-20b,88,131
openai/gpt-oss-20b,88,181
openai/gpt-oss-20b,92,256
openai/gpt-oss-20b,92,256
openai/gpt-oss-20b,92,256
openai/gpt-oss-20b,92,256
openai/gpt-oss-20b,92,256
openai/gpt-oss-20b,92,256
openai/gpt-oss-20b,92,256
openai/gpt-oss-20b,92,256
openai/gpt-oss-20b,93,256
openai/gpt-oss-20b,93,230
openai/gpt-oss-20b,93,256
openai/gpt-oss-20b,93,256
openai/gpt-oss-20b,93,233
openai/gpt-oss-20b,93,192
openai/gpt-oss-20b,93,233
openai/gpt-oss-20b,93,181
openai/gpt-oss-20b,82,256
openai/gpt-oss-20b,82,256
openai/gpt-oss-20b,82,256
openai/gpt-oss-20b,82,256
openai/gpt-oss-20b,82,256
openai/gpt-oss-20b,82,256
openai/gpt-oss-20b,82,256
openai/gpt-oss-20b,82,256
openai/gpt-oss-20b,83,256
openai/gpt-oss-20b,83,196
openai/gpt-oss-20b,83,256
openai/gpt-oss-20b,83,222
openai/gpt-oss-20b,83,246
openai/gpt-oss-20b,83,256
openai/gpt-oss-20b,83,256
openai/gpt-oss-20b,83,256
openai/gpt-oss-20b,83,256
openai/gpt-oss-20b,83,256
openai/gpt-oss-20b,83,256
openai/gpt-oss-20b,83,256
openai/gpt-oss-20b,83,256
openai/gpt-oss-20b,83,256
openai/gpt-oss-20b,83,256
openai/gpt-oss-20b,83,256
openai/gpt-oss-20b,90,256
openai/gpt-oss-20b,90,256
openai/gpt-oss-20b,90,190
openai/gpt-oss-20b,90,184
openai/gpt-oss-20b,90,256
openai/gpt-oss-20b,90,256
openai/gpt-oss-20b,90,256
openai/gpt-oss-20b,90,220
openai/gpt-oss-20b,92,256
openai/gpt-oss-20b,92,256
openai/gpt-oss-20b,92,256
openai/gpt-oss-20b,92,256
openai/gpt-oss-20b,92,256
openai/gpt-oss-20b,92,256
openai/gpt-oss-20b,92,256
openai/gpt-oss-20b,92,256
openai/gpt-oss-20b,92,256
openai/gpt-oss-20b,92,256
openai/gpt-oss-20b,92,213
openai/gpt-oss-20b,92,256
openai/gpt-oss-20b,92,245
openai/gpt-oss-20b,92,236
openai/gpt-oss-20b,92,256
openai/gpt-oss-20b,92,256
openai/gpt-oss-20b,89,256
openai/gpt-oss-20b,89,256
openai/gpt-oss-20b,89,256
openai/gpt-oss-20b,89,256
openai/gpt-oss-20b,89,256
openai/gpt-oss-20b,89,256
openai/gpt-oss-20b,89,256
openai/gpt-oss-20b,89,256
openai/gpt-oss-20b,96,12
openai/gpt-oss-20b,96,12
openai/gpt-oss-20b,96,12
openai/gpt-oss-20b,96,12
openai/gpt-oss-20b,96,12
openai/gpt-oss-20b,96,12
openai/gpt-oss-20b,96,12
openai/gpt-oss-20b,96,12
openai/gpt-oss-20b,97,12
openai/gpt-oss-20b,97,12
openai/gpt-oss-20b,97,12
openai/gpt-oss-20b,97,12
openai/gpt-oss-20b,97,12
openai/gpt-oss-20b,97,12
openai/gpt-oss-20b,97,12
openai/gpt-oss-20b,97,12
openai/gpt-oss-20b,95,12
openai/gpt-oss-20b,95,12
openai/gpt-oss-20b,95,12
openai/gpt-oss-20b,95,12
openai/gpt-oss-20b,95,12
openai/gpt-oss-20b,95,12
openai/gpt-oss-20b,95,12
openai/gpt-oss-20b,95,12
openai/gpt-oss-20b,96,12
openai/gpt-oss-20b,96,12
openai/gpt-oss-20b,96,12
openai/gpt-oss-20b,96,12
openai/gpt-oss-20b,96,12
openai/gpt-oss-20b,96,12
openai/gpt-oss-20b,96,12
openai/gpt-oss-20b,96,12
openai/gpt-oss-20b,91,12
openai/gpt-oss-20b,91,12
openai/gpt-oss-20b,91,12
openai/gpt-oss-20b,91,12
openai/gpt-oss-20b,91,12
openai/gpt-oss-20b,91,12
openai/gpt-oss-20b,91,12
openai/gpt-oss-20b,91,12
openai/gpt-oss-20b,92,12
openai/gpt-oss-20b,92,12
openai/gpt-oss-20b,92,12
openai/gpt-oss-20b,92,12
openai/gpt-oss-20b,92,12
openai/gpt-oss-20b,92,12
openai/gpt-oss-20b,92,12
openai/gpt-oss-20b,92,12
openai/gpt-oss-20b,91,12
openai/gpt-oss-20b,91,12
openai/gpt-oss-20b,91,12
openai/gpt-oss-20b,91,12
openai/gpt-oss-20b,91,12
openai/gpt-oss-20b,91,12
openai/gpt-oss-20b,91,12
openai/gpt-oss-20b,91,12
openai/gpt-oss-20b,92,12
openai/gpt-oss-20b,92,12
openai/gpt-oss-20b,92,12
openai/gpt-oss-20b,92,12
openai/gpt-oss-20b,92,12
openai/gpt-oss-20b,92,12
openai/gpt-oss-20b,92,12
openai/gpt-oss-20b,92,12
openai/gpt-oss-20b,88,256
openai/gpt-oss-20b,88,155
openai/gpt-oss-20b,88,119
openai/gpt-oss-20b,88,217
openai/gpt-oss-20b,88,213
openai/gpt-oss-20b,88,231
openai/gpt-oss-20b,88,209
openai/gpt-oss-20b,88,105
openai/gpt-oss-20b,88,256
openai/gpt-oss-20b,88,256
openai/gpt-oss-20b,88,247
openai/gpt-oss-20b,88,256
openai/gpt-oss-20b,88,256
openai/gpt-oss-20b,88,256
openai/gpt-oss-20b,88,256
openai/gpt-oss-20b,88,256
openai/gpt-oss-20b,87,239
openai/gpt-oss-20b,87,129
openai/gpt-oss-20b,87,142
openai/gpt-oss-20b,87,256
openai/gpt-oss-20b,87,132
openai/gpt-oss-20b,87,176
openai/gpt-oss-20b,87,93
openai/gpt-oss-20b,87,163
openai/gpt-oss-20b,77,256
openai/gpt-oss-20b,77,256
openai/gpt-oss-20b,77,256
openai/gpt-oss-20b,77,256
openai/gpt-oss-20b,77,256
openai/gpt-oss-20b,77,256
openai/gpt-oss-20b,77,256
openai/gpt-oss-20b,77,256
openai/gpt-oss-20b,81,166
openai/gpt-oss-20b,81,187
openai/gpt-oss-20b,81,234
openai/gpt-oss-20b,81,256
openai/gpt-oss-20b,81,178
openai/gpt-oss-20b,81,256
openai/gpt-oss-20b,81,233
openai/gpt-oss-20b,81,256
openai/gpt-oss-20b,81,256
openai/gpt-oss-20b,81,256
openai/gpt-oss-20b,81,256
openai/gpt-oss-20b,81,256
openai/gpt-oss-20b,81,256
openai/gpt-oss-20b,81,256
openai/gpt-oss-20b,81,256
openai/gpt-oss-20b,81,256
openai/gpt-oss-20b,87,252
openai/gpt-oss-20b,87,256
openai/gpt-oss-20b,87,256
openai/gpt-oss-20b,87,145
openai/gpt-oss-20b,87,209
openai/gpt-oss-20b,87,172
openai/gpt-oss-20b,87,256
openai/gpt-oss-20b,87,256
openai/gpt-oss-20b,83,256
openai/gpt-oss-20b,83,256
openai/gpt-oss-20b,83,256
openai/gpt-oss-20b,83,256
openai/gpt-oss-20b,83,256
openai/gpt-oss-20b,83,256
openai/gpt-oss-20b,83,256
openai/gpt-oss-20b,83,256
openai/gpt-oss-20b,90,256
openai/gpt-oss-20b,90,236
openai/gpt-oss-20b,90,256
openai/gpt-oss-20b,90,195
openai/gpt-oss-20b,90,155
openai/gpt-oss-20b,90,155
openai/gpt-oss-20b,90,183
openai/gpt-oss-20b,90,211
openai/gpt-oss-20b,89,256
openai/gpt-oss-20b,89,256
openai/gpt-oss-20b,89,256
openai/gpt-oss-20b,89,256
openai/gpt-oss-20b,89,256
openai/gpt-oss-20b,89,256
openai/gpt-oss-20b,89,256
openai/gpt-oss-20b,89,256
openai/gpt-oss-20b,90,12
openai/gpt-oss-20b,90,12
openai/gpt-oss-20b,90,12
openai/gpt-oss-20b,90,12
openai/gpt-oss-20b,90,12
openai/gpt-oss-20b,90,12
openai/gpt-oss-20b,90,12
openai/gpt-oss-20b,90,12
openai/gpt-oss-20b,91,12
openai/gpt-oss-20b,91,12
openai/gpt-oss-20b,91,12
openai/gpt-oss-20b,91,12
openai/gpt-oss-20b,91,12
openai/gpt-oss-20b,91,12
openai/gpt-oss-20b,91,12
openai/gpt-oss-20b,91,12
openai/gpt-oss-20b,98,12
openai/gpt-oss-20b,98,12
openai/gpt-oss-20b,98,12
openai/gpt-oss-20b,98,12
openai/gpt-oss-20b,98,12
openai/gpt-oss-20b,98,12
openai/gpt-oss-20b,98,12
openai/gpt-oss-20b,98,12
openai/gpt-oss-20b,98,12
openai/gpt-oss-20b,98,12
openai/gpt-oss-20b,98,12
openai/gpt-oss-20b,98,12
openai/gpt-oss-20b,98,12
openai/gpt-oss-20b,98,12
openai/gpt-oss-20b,98,12
openai/gpt-oss-20b,98,12
openai/gpt-oss-20b,92,12
openai/gpt-oss-20b,92,12
openai/gpt-oss-20b,92,12
openai/gpt-oss-20b,92,12
openai/gpt-oss-20b,92,12
openai/gpt-oss-20b,92,12
openai/gpt-oss-20b,92,12
openai/gpt-oss-20b,92,12
openai/gpt-oss-20b,93,12
openai/gpt-oss-20b,93,12
openai/gpt-oss-20b,93,12
openai/gpt-oss-20b,93,12
openai/gpt-oss-20b,93,12
openai/gpt-oss-20b,93,12
openai/gpt-oss-20b,93,12
openai/gpt-oss-20b,93,12
openai/gpt-oss-20b,89,12
openai/gpt-oss-20b,89,12
openai/gpt-oss-20b,89,12
openai/gpt-oss-20b,89,12
openai/gpt-oss-20b,89,12
openai/gpt-oss-20b,89,12
openai/gpt-oss-20b,89,12
openai/gpt-oss-20b,89,12
openai/gpt-oss-20b,89,12
openai/gpt-oss-20b,89,12
openai/gpt-oss-20b,89,12
openai/gpt-oss-20b,89,12
openai/gpt-oss-20b,89,12
openai/gpt-oss-20b,89,12
openai/gpt-oss-20b,89,12
openai/gpt-oss-20b,89,12
openai/gpt-oss-20b,89,226
openai/gpt-oss-20b,89,182
openai/gpt-oss-20b,89,69
openai/gpt-oss-20b,89,166
openai/gpt-oss-20b,89,256
openai/gpt-oss-20b,89,135
openai/gpt-oss-20b,89,256
openai/gpt-oss-20b,89,182
openai/gpt-oss-20b,93,256
openai/gpt-oss-20b,93,256
openai/gpt-oss-20b,93,256
openai/gpt-oss-20b,93,256
openai/gpt-oss-20b,93,256
openai/gpt-oss-20b,93,256
openai/gpt-oss-20b,93,256
openai/gpt-oss-20b,93,256
openai/gpt-oss-20b,94,256
openai/gpt-oss-20b,94,256
openai/gpt-oss-20b,94,256
openai/gpt-oss-20b,94,256
openai/gpt-oss-20b,94,184
openai/gpt-oss-20b,94,228
openai/gpt-oss-20b,94,256
openai/gpt-oss-20b,94,256
openai/gpt-oss-20b,83,256
openai/gpt-oss-20b,83,256
openai/gpt-oss-20b,83,256
openai/gpt-oss-20b,83,256
openai/gpt-oss-20b,83,256
openai/gpt-oss-20b,83,256
openai/gpt-oss-20b,83,256
openai/gpt-oss-20b,83,256
openai/gpt-oss-20b,84,194
openai/gpt-oss-20b,84,224
openai/gpt-oss-20b,84,256
openai/gpt-oss-20b,84,256
openai/gpt-oss-20b,84,256
openai/gpt-oss-20b,84,256
openai/gpt-oss-20b,84,256
openai/gpt-oss-20b,84,256
openai/gpt-oss-20b,84,256
openai/gpt-oss-20b,84,256
openai/gpt-oss-20b,84,256
openai/gpt-oss-20b,84,256
openai/gpt-oss-20b,84,256
openai/gpt-oss-20b,84,256
openai/gpt-oss-20b,84,256
openai/gpt-oss-20b,84,256
openai/gpt-oss-20b,91,117
openai/gpt-oss-20b,91,256
openai/gpt-oss-20b,91,256
openai/gpt-oss-20b,91,256
openai/gpt-oss-20b,91,256
openai/gpt-oss-20b,91,204
openai/gpt-oss-20b,91,240
openai/gpt-oss-20b,91,247
openai/gpt-oss-20b,93,256
openai/gpt-oss-20b,93,256
openai/gpt-oss-20b,93,256
openai/gpt-oss-20b,93,256
openai/gpt-oss-20b,93,256
openai/gpt-oss-20b,93,256
openai/gpt-oss-20b,93,256
openai/gpt-oss-20b,93,256
openai/gpt-oss-20b,93,256
openai/gpt-oss-20b,93,256
openai/gpt-oss-20b,93,256
openai/gpt-oss-20b,93,252
openai/gpt-oss-20b,93,256
openai/gpt-oss-20b,93,256
openai/gpt-oss-20b,93,256
openai/gpt-oss-20b,93,217
openai/gpt-oss-20b,90,256
openai/gpt-oss-20b,90,256
openai/gpt-oss-20b,90,256
openai/gpt-oss-20b,90,256
openai/gpt-oss-20b,90,256
openai/gpt-oss-20b,90,256
openai/gpt-oss-20b,90,256
openai/gpt-oss-20b,90,256
z-ai/glm-5.1,33,2
z-ai/glm-5.1,33,2
z-ai/glm-5.1,33,2
z-ai/glm-5.1,33,2
z-ai/glm-5.1,33,2
z-ai/glm-5.1,33,2
z-ai/glm-5.1,33,2
z-ai/glm-5.1,33,2
z-ai/glm-5.1,34,2
z-ai/glm-5.1,34,2
z-ai/glm-5.1,34,2
z-ai/glm-5.1,34,2
z-ai/glm-5.1,34,2
z-ai/glm-5.1,34,2
z-ai/glm-5.1,34,2
z-ai/glm-5.1,34,2
z-ai/glm-5.1,32,2
z-ai/glm-5.1,32,2
z-ai/glm-5.1,32,2
z-ai/glm-5.1,32,2
z-ai/glm-5.1,32,2
z-ai/glm-5.1,32,2
z-ai/glm-5.1,32,2
z-ai/glm-5.1,32,2
z-ai/glm-5.1,33,2
z-ai/glm-5.1,33,2
z-ai/glm-5.1,33,2
z-ai/glm-5.1,33,2
z-ai/glm-5.1,33,2
z-ai/glm-5.1,33,2
nvidia/llama-3.3-nemotron-super-49b-v1.5,43,12
nvidia/llama-3.3-nemotron-super-49b-v1.5,43,12
nvidia/llama-3.3-nemotron-super-49b-v1.5,43,12
nvidia/llama-3.3-nemotron-super-49b-v1.5,43,12
nvidia/llama-3.3-nemotron-super-49b-v1.5,43,12
nvidia/llama-3.3-nemotron-super-49b-v1.5,44,12
nvidia/llama-3.3-nemotron-super-49b-v1.5,44,12
nvidia/llama-3.3-nemotron-super-49b-v1.5,44,12
nvidia/llama-3.3-nemotron-super-49b-v1.5,44,12
nvidia/llama-3.3-nemotron-super-49b-v1.5,44,12
nvidia/llama-3.3-nemotron-super-49b-v1.5,42,12
nvidia/llama-3.3-nemotron-super-49b-v1.5,42,12
nvidia/llama-3.3-nemotron-super-49b-v1.5,42,12
nvidia/llama-3.3-nemotron-super-49b-v1.5,42,12
nvidia/llama-3.3-nemotron-super-49b-v1.5,42,12
nvidia/llama-3.3-nemotron-super-49b-v1.5,43,12
nvidia/llama-3.3-nemotron-super-49b-v1.5,43,12
nvidia/llama-3.3-nemotron-super-49b-v1.5,43,12
nvidia/llama-3.3-nemotron-super-49b-v1.5,43,12
nvidia/llama-3.3-nemotron-super-49b-v1.5,43,12
nvidia/llama-3.3-nemotron-super-49b-v1.5,38,12
nvidia/llama-3.3-nemotron-super-49b-v1.5,38,12
nvidia/llama-3.3-nemotron-super-49b-v1.5,38,12
nvidia/llama-3.3-nemotron-super-49b-v1.5,38,12
nvidia/llama-3.3-nemotron-super-49b-v1.5,38,12
nvidia/llama-3.3-nemotron-super-49b-v1.5,39,12
nvidia/llama-3.3-nemotron-super-49b-v1.5,39,12
nvidia/llama-3.3-nemotron-super-49b-v1.5,39,12
nvidia/llama-3.3-nemotron-super-49b-v1.5,39,12
nvidia/llama-3.3-nemotron-super-49b-v1.5,39,12
nvidia/llama-3.3-nemotron-super-49b-v1.5,38,12
nvidia/llama-3.3-nemotron-super-49b-v1.5,38,12
nvidia/llama-3.3-nemotron-super-49b-v1.5,38,12
nvidia/llama-3.3-nemotron-super-49b-v1.5,38,12
nvidia/llama-3.3-nemotron-super-49b-v1.5,38,12
nvidia/llama-3.3-nemotron-super-49b-v1.5,39,12
nvidia/llama-3.3-nemotron-super-49b-v1.5,39,12
nvidia/llama-3.3-nemotron-super-49b-v1.5,39,12
nvidia/llama-3.3-nemotron-super-49b-v1.5,39,12
nvidia/llama-3.3-nemotron-super-49b-v1.5,39,12
nvidia/llama-3.3-nemotron-super-49b-v1.5,37,256
nvidia/llama-3.3-nemotron-super-49b-v1.5,37,256
nvidia/llama-3.3-nemotron-super-49b-v1.5,37,256
nvidia/llama-3.3-nemotron-super-49b-v1.5,37,256
nvidia/llama-3.3-nemotron-super-49b-v1.5,37,256
nvidia/llama-3.3-nemotron-super-49b-v1.5,37,256
nvidia/llama-3.3-nemotron-super-49b-v1.5,37,256
nvidia/llama-3.3-nemotron-super-49b-v1.5,37,256
nvidia/llama-3.3-nemotron-super-49b-v1.5,37,256
nvidia/llama-3.3-nemotron-super-49b-v1.5,37,256
nvidia/llama-3.3-nemotron-super-49b-v1.5,36,256
nvidia/llama-3.3-nemotron-super-49b-v1.5,36,256
nvidia/llama-3.3-nemotron-super-49b-v1.5,36,256
nvidia/llama-3.3-nemotron-super-49b-v1.5,36,256
nvidia/llama-3.3-nemotron-super-49b-v1.5,36,256
nvidia/llama-3.3-nemotron-super-49b-v1.5,26,256
nvidia/llama-3.3-nemotron-super-49b-v1.5,26,256
nvidia/llama-3.3-nemotron-super-49b-v1.5,26,256
nvidia/llama-3.3-nemotron-super-49b-v1.5,26,256
nvidia/llama-3.3-nemotron-super-49b-v1.5,26,256
nvidia/llama-3.3-nemotron-super-49b-v1.5,30,239
nvidia/llama-3.3-nemotron-super-49b-v1.5,30,256
nvidia/llama-3.3-nemotron-super-49b-v1.5,30,256
nvidia/llama-3.3-nemotron-super-49b-v1.5,30,256
nvidia/llama-3.3-nemotron-super-49b-v1.5,30,256
nvidia/llama-3.3-nemotron-super-49b-v1.5,30,256
nvidia/llama-3.3-nemotron-super-49b-v1.5,30,256
nvidia/llama-3.3-nemotron-super-49b-v1.5,30,256
nvidia/llama-3.3-nemotron-super-49b-v1.5,30,256
nvidia/llama-3.3-nemotron-super-49b-v1.5,30,256
nvidia/llama-3.3-nemotron-super-49b-v1.5,36,256
nvidia/llama-3.3-nemotron-super-49b-v1.5,36,256
nvidia/llama-3.3-nemotron-super-49b-v1.5,36,251
nvidia/llama-3.3-nemotron-super-49b-v1.5,36,256
nvidia/llama-3.3-nemotron-super-49b-v1.5,36,256
nvidia/llama-3.3-nemotron-super-49b-v1.5,32,256
nvidia/llama-3.3-nemotron-super-49b-v1.5,32,256
nvidia/llama-3.3-nemotron-super-49b-v1.5,32,256
nvidia/llama-3.3-nemotron-super-49b-v1.5,32,256
nvidia/llama-3.3-nemotron-super-49b-v1.5,32,256
nvidia/llama-3.3-nemotron-super-49b-v1.5,39,256
nvidia/llama-3.3-nemotron-super-49b-v1.5,39,256
nvidia/llama-3.3-nemotron-super-49b-v1.5,39,256
nvidia/llama-3.3-nemotron-super-49b-v1.5,39,256
nvidia/llama-3.3-nemotron-super-49b-v1.5,39,256
nvidia/llama-3.3-nemotron-super-49b-v1.5,38,256
nvidia/llama-3.3-nemotron-super-49b-v1.5,38,256
nvidia/llama-3.3-nemotron-super-49b-v1.5,38,256
nvidia/llama-3.3-nemotron-super-49b-v1.5,38,256
nvidia/llama-3.3-nemotron-super-49b-v1.5,38,256
nvidia/llama-3.3-nemotron-super-49b-v1.5,39,12
nvidia/llama-3.3-nemotron-super-49b-v1.5,39,12
nvidia/llama-3.3-nemotron-super-49b-v1.5,39,12
nvidia/llama-3.3-nemotron-super-49b-v1.5,39,12
nvidia/llama-3.3-nemotron-super-49b-v1.5,39,12
nvidia/llama-3.3-nemotron-super-49b-v1.5,40,12
nvidia/llama-3.3-nemotron-super-49b-v1.5,40,12
nvidia/llama-3.3-nemotron-super-49b-v1.5,40,12
nvidia/llama-3.3-nemotron-super-49b-v1.5,40,12
nvidia/llama-3.3-nemotron-super-49b-v1.5,40,12
nvidia/llama-3.3-nemotron-super-49b-v1.5,46,12
nvidia/llama-3.3-nemotron-super-49b-v1.5,46,12
nvidia/llama-3.3-nemotron-super-49b-v1.5,46,12
nvidia/llama-3.3-nemotron-super-49b-v1.5,46,12
nvidia/llama-3.3-nemotron-super-49b-v1.5,46,12
nvidia/llama-3.3-nemotron-super-49b-v1.5,47,12
nvidia/llama-3.3-nemotron-super-49b-v1.5,47,12
nvidia/llama-3.3-nemotron-super-49b-v1.5,47,12
nvidia/llama-3.3-nemotron-super-49b-v1.5,47,12
nvidia/llama-3.3-nemotron-super-49b-v1.5,47,12
nvidia/llama-3.3-nemotron-super-49b-v1.5,42,12
nvidia/llama-3.3-nemotron-super-49b-v1.5,42,12
nvidia/llama-3.3-nemotron-super-49b-v1.5,42,12
nvidia/llama-3.3-nemotron-super-49b-v1.5,42,12
nvidia/llama-3.3-nemotron-super-49b-v1.5,42,12
nvidia/llama-3.3-nemotron-super-49b-v1.5,43,12
nvidia/llama-3.3-nemotron-super-49b-v1.5,43,12
nvidia/llama-3.3-nemotron-super-49b-v1.5,43,12
nvidia/llama-3.3-nemotron-super-49b-v1.5,43,12
nvidia/llama-3.3-nemotron-super-49b-v1.5,43,12
nvidia/llama-3.3-nemotron-super-49b-v1.5,39,12
nvidia/llama-3.3-nemotron-super-49b-v1.5,39,12
nvidia/llama-3.3-nemotron-super-49b-v1.5,39,12
nvidia/llama-3.3-nemotron-super-49b-v1.5,39,12
nvidia/llama-3.3-nemotron-super-49b-v1.5,39,12
nvidia/llama-3.3-nemotron-super-49b-v1.5,40,12
nvidia/llama-3.3-nemotron-super-49b-v1.5,40,12
nvidia/llama-3.3-nemotron-super-49b-v1.5,40,12
nvidia/llama-3.3-nemotron-super-49b-v1.5,40,12
nvidia/llama-3.3-nemotron-super-49b-v1.5,40,12
nvidia/llama-3.3-nemotron-super-49b-v1.5,39,256
nvidia/llama-3.3-nemotron-super-49b-v1.5,39,256
nvidia/llama-3.3-nemotron-super-49b-v1.5,39,256
nvidia/llama-3.3-nemotron-super-49b-v1.5,39,256
nvidia/llama-3.3-nemotron-super-49b-v1.5,39,256
nvidia/llama-3.3-nemotron-super-49b-v1.5,42,256
nvidia/llama-3.3-nemotron-super-49b-v1.5,42,256
nvidia/llama-3.3-nemotron-super-49b-v1.5,42,256
nvidia/llama-3.3-nemotron-super-49b-v1.5,42,256
nvidia/llama-3.3-nemotron-super-49b-v1.5,42,256
nvidia/llama-3.3-nemotron-super-49b-v1.5,44,256
nvidia/llama-3.3-nemotron-super-49b-v1.5,44,256
nvidia/llama-3.3-nemotron-super-49b-v1.5,44,256
nvidia/llama-3.3-nemotron-super-49b-v1.5,44,256
nvidia/llama-3.3-nemotron-super-49b-v1.5,44,256
nvidia/llama-3.3-nemotron-super-49b-v1.5,31,256
nvidia/llama-3.3-nemotron-super-49b-v1.5,31,256
nvidia/llama-3.3-nemotron-super-49b-v1.5,31,256
nvidia/llama-3.3-nemotron-super-49b-v1.5,31,256
nvidia/llama-3.3-nemotron-super-49b-v1.5,31,256
nvidia/llama-3.3-nemotron-super-49b-v1.5,32,256
nvidia/llama-3.3-nemotron-super-49b-v1.5,32,256
nvidia/llama-3.3-nemotron-super-49b-v1.5,32,256
nvidia/llama-3.3-nemotron-super-49b-v1.5,32,256
nvidia/llama-3.3-nemotron-super-49b-v1.5,32,256
nvidia/llama-3.3-nemotron-super-49b-v1.5,32,256
nvidia/llama-3.3-nemotron-super-49b-v1.5,32,256
nvidia/llama-3.3-nemotron-super-49b-v1.5,32,256
nvidia/llama-3.3-nemotron-super-49b-v1.5,32,256
nvidia/llama-3.3-nemotron-super-49b-v1.5,32,256
nvidia/llama-3.3-nemotron-super-49b-v1.5,39,256
nvidia/llama-3.3-nemotron-super-49b-v1.5,39,256
nvidia/llama-3.3-nemotron-super-49b-v1.5,39,256
nvidia/llama-3.3-nemotron-super-49b-v1.5,39,256
nvidia/llama-3.3-nemotron-super-49b-v1.5,39,256
nvidia/llama-3.3-nemotron-super-49b-v1.5,42,256
nvidia/llama-3.3-nemotron-super-49b-v1.5,42,256
nvidia/llama-3.3-nemotron-super-49b-v1.5,42,256
nvidia/llama-3.3-nemotron-super-49b-v1.5,42,256
nvidia/llama-3.3-nemotron-super-49b-v1.5,42,256
nvidia/llama-3.3-nemotron-super-49b-v1.5,41,256
nvidia/llama-3.3-nemotron-super-49b-v1.5,41,256
nvidia/llama-3.3-nemotron-super-49b-v1.5,41,256
nvidia/llama-3.3-nemotron-super-49b-v1.5,41,256
nvidia/llama-3.3-nemotron-super-49b-v1.5,41,256
nvidia/llama-3.3-nemotron-super-49b-v1.5,39,256
nvidia/llama-3.3-nemotron-super-49b-v1.5,39,256
nvidia/llama-3.3-nemotron-super-49b-v1.5,39,256
nvidia/llama-3.3-nemotron-super-49b-v1.5,39,256
nvidia/llama-3.3-nemotron-super-49b-v1.5,39,256
nvidia/llama-3.3-nemotron-super-49b-v1.5,44,12
nvidia/llama-3.3-nemotron-super-49b-v1.5,44,12
nvidia/llama-3.3-nemotron-super-49b-v1.5,44,12
nvidia/llama-3.3-nemotron-super-49b-v1.5,44,12
nvidia/llama-3.3-nemotron-super-49b-v1.5,44,12
nvidia/llama-3.3-nemotron-super-49b-v1.5,45,12
nvidia/llama-3.3-nemotron-super-49b-v1.5,45,12
nvidia/llama-3.3-nemotron-super-49b-v1.5,45,12
nvidia/llama-3.3-nemotron-super-49b-v1.5,45,12
nvidia/llama-3.3-nemotron-super-49b-v1.5,45,12
nvidia/llama-3.3-nemotron-super-49b-v1.5,43,12
nvidia/llama-3.3-nemotron-super-49b-v1.5,43,12
nvidia/llama-3.3-nemotron-super-49b-v1.5,43,12
nvidia/llama-3.3-nemotron-super-49b-v1.5,43,12
nvidia/llama-3.3-nemotron-super-49b-v1.5,43,12
nvidia/llama-3.3-nemotron-super-49b-v1.5,44,12
nvidia/llama-3.3-nemotron-super-49b-v1.5,44,12
nvidia/llama-3.3-nemotron-super-49b-v1.5,44,12
nvidia/llama-3.3-nemotron-super-49b-v1.5,44,12
nvidia/llama-3.3-nemotron-super-49b-v1.5,44,12
nvidia/llama-3.3-nemotron-super-49b-v1.5,39,12
nvidia/llama-3.3-nemotron-super-49b-v1.5,39,12
nvidia/llama-3.3-nemotron-super-49b-v1.5,39,12
nvidia/llama-3.3-nemotron-super-49b-v1.5,39,12
nvidia/llama-3.3-nemotron-super-49b-v1.5,39,12
nvidia/llama-3.3-nemotron-super-49b-v1.5,40,12
nvidia/llama-3.3-nemotron-super-49b-v1.5,40,8
nvidia/llama-3.3-nemotron-super-49b-v1.5,40,12
nvidia/llama-3.3-nemotron-super-49b-v1.5,40,12
nvidia/llama-3.3-nemotron-super-49b-v1.5,40,12
nvidia/llama-3.3-nemotron-super-49b-v1.5,39,12
nvidia/llama-3.3-nemotron-super-49b-v1.5,39,12
nvidia/llama-3.3-nemotron-super-49b-v1.5,39,12
nvidia/llama-3.3-nemotron-super-49b-v1.5,39,12
nvidia/llama-3.3-nemotron-super-49b-v1.5,39,12
nvidia/llama-3.3-nemotron-super-49b-v1.5,40,12
nvidia/llama-3.3-nemotron-super-49b-v1.5,40,12
nvidia/llama-3.3-nemotron-super-49b-v1.5,40,12
nvidia/llama-3.3-nemotron-super-49b-v1.5,40,12
nvidia/llama-3.3-nemotron-super-49b-v1.5,40,12
nvidia/llama-3.3-nemotron-super-49b-v1.5,38,256
nvidia/llama-3.3-nemotron-super-49b-v1.5,38,256
nvidia/llama-3.3-nemotron-super-49b-v1.5,38,256
nvidia/llama-3.3-nemotron-super-49b-v1.5,38,256
nvidia/llama-3.3-nemotron-super-49b-v1.5,38,256
nvidia/llama-3.3-nemotron-super-49b-v1.5,38,256
nvidia/llama-3.3-nemotron-super-49b-v1.5,38,256
nvidia/llama-3.3-nemotron-super-49b-v1.5,38,256
nvidia/llama-3.3-nemotron-super-49b-v1.5,38,256
nvidia/llama-3.3-nemotron-super-49b-v1.5,38,256
nvidia/llama-3.3-nemotron-super-49b-v1.5,37,256
nvidia/llama-3.3-nemotron-super-49b-v1.5,37,256
nvidia/llama-3.3-nemotron-super-49b-v1.5,37,256
nvidia/llama-3.3-nemotron-super-49b-v1.5,37,256
nvidia/llama-3.3-nemotron-super-49b-v1.5,37,256
nvidia/llama-3.3-nemotron-super-49b-v1.5,27,256
nvidia/llama-3.3-nemotron-super-49b-v1.5,27,256
nvidia/llama-3.3-nemotron-super-49b-v1.5,27,256
nvidia/llama-3.3-nemotron-super-49b-v1.5,27,256
nvidia/llama-3.3-nemotron-super-49b-v1.5,27,256
nvidia/llama-3.3-nemotron-super-49b-v1.5,31,256
nvidia/llama-3.3-nemotron-super-49b-v1.5,31,256
nvidia/llama-3.3-nemotron-super-49b-v1.5,31,256
nvidia/llama-3.3-nemotron-super-49b-v1.5,31,256
nvidia/llama-3.3-nemotron-super-49b-v1.5,31,256
nvidia/llama-3.3-nemotron-super-49b-v1.5,31,256
nvidia/llama-3.3-nemotron-super-49b-v1.5,31,256
nvidia/llama-3.3-nemotron-super-49b-v1.5,31,256
nvidia/llama-3.3-nemotron-super-49b-v1.5,31,256
nvidia/llama-3.3-nemotron-super-49b-v1.5,31,256
nvidia/llama-3.3-nemotron-super-49b-v1.5,37,256
nvidia/llama-3.3-nemotron-super-49b-v1.5,37,256
nvidia/llama-3.3-nemotron-super-49b-v1.5,37,256
nvidia/llama-3.3-nemotron-super-49b-v1.5,37,256
nvidia/llama-3.3-nemotron-super-49b-v1.5,37,256
nvidia/llama-3.3-nemotron-super-49b-v1.5,33,256
nvidia/llama-3.3-nemotron-super-49b-v1.5,33,256
nvidia/llama-3.3-nemotron-super-49b-v1.5,33,256
nvidia/llama-3.3-nemotron-super-49b-v1.5,33,256
nvidia/llama-3.3-nemotron-super-49b-v1.5,33,256
nvidia/llama-3.3-nemotron-super-49b-v1.5,40,256
nvidia/llama-3.3-nemotron-super-49b-v1.5,40,256
nvidia/llama-3.3-nemotron-super-49b-v1.5,40,256
nvidia/llama-3.3-nemotron-super-49b-v1.5,40,256
nvidia/llama-3.3-nemotron-super-49b-v1.5,40,256
nvidia/llama-3.3-nemotron-super-49b-v1.5,39,256
nvidia/llama-3.3-nemotron-super-49b-v1.5,39,256
nvidia/llama-3.3-nemotron-super-49b-v1.5,39,256
nvidia/llama-3.3-nemotron-super-49b-v1.5,39,256
nvidia/llama-3.3-nemotron-super-49b-v1.5,39,256
nvidia/llama-3.3-nemotron-super-49b-v1.5,38,12
nvidia/llama-3.3-nemotron-super-49b-v1.5,38,12
nvidia/llama-3.3-nemotron-super-49b-v1.5,38,12
nvidia/llama-3.3-nemotron-super-49b-v1.5,38,12
nvidia/llama-3.3-nemotron-super-49b-v1.5,38,12
nvidia/llama-3.3-nemotron-super-49b-v1.5,39,12
nvidia/llama-3.3-nemotron-super-49b-v1.5,39,12
nvidia/llama-3.3-nemotron-super-49b-v1.5,39,12
nvidia/llama-3.3-nemotron-super-49b-v1.5,39,12
nvidia/llama-3.3-nemotron-super-49b-v1.5,39,12
nvidia/llama-3.3-nemotron-super-49b-v1.5,45,12
nvidia/llama-3.3-nemotron-super-49b-v1.5,45,12
nvidia/llama-3.3-nemotron-super-49b-v1.5,45,12
nvidia/llama-3.3-nemotron-super-49b-v1.5,45,12
nvidia/llama-3.3-nemotron-super-49b-v1.5,45,12
nvidia/llama-3.3-nemotron-super-49b-v1.5,46,12
nvidia/llama-3.3-nemotron-super-49b-v1.5,46,12
nvidia/llama-3.3-nemotron-super-49b-v1.5,46,12
nvidia/llama-3.3-nemotron-super-49b-v1.5,46,12
nvidia/llama-3.3-nemotron-super-49b-v1.5,46,12
nvidia/llama-3.3-nemotron-super-49b-v1.5,41,12
nvidia/llama-3.3-nemotron-super-49b-v1.5,41,12
nvidia/llama-3.3-nemotron-super-49b-v1.5,41,12
nvidia/llama-3.3-nemotron-super-49b-v1.5,41,12
nvidia/llama-3.3-nemotron-super-49b-v1.5,41,12
nvidia/llama-3.3-nemotron-super-49b-v1.5,42,12
nvidia/llama-3.3-nemotron-super-49b-v1.5,42,12
nvidia/llama-3.3-nemotron-super-49b-v1.5,42,12
nvidia/llama-3.3-nemotron-super-49b-v1.5,42,12
nvidia/llama-3.3-nemotron-super-49b-v1.5,42,12
nvidia/llama-3.3-nemotron-super-49b-v1.5,38,12
nvidia/llama-3.3-nemotron-super-49b-v1.5,38,12
nvidia/llama-3.3-nemotron-super-49b-v1.5,38,12
nvidia/llama-3.3-nemotron-super-49b-v1.5,38,12
nvidia/llama-3.3-nemotron-super-49b-v1.5,38,12
nvidia/llama-3.3-nemotron-super-49b-v1.5,39,12
nvidia/llama-3.3-nemotron-super-49b-v1.5,39,12
nvidia/llama-3.3-nemotron-super-49b-v1.5,39,12
nvidia/llama-3.3-nemotron-super-49b-v1.5,39,12
nvidia/llama-3.3-nemotron-super-49b-v1.5,39,12
nvidia/llama-3.3-nemotron-super-49b-v1.5,40,256
nvidia/llama-3.3-nemotron-super-49b-v1.5,40,256
nvidia/llama-3.3-nemotron-super-49b-v1.5,40,256
nvidia/llama-3.3-nemotron-super-49b-v1.5,40,256
nvidia/llama-3.3-nemotron-super-49b-v1.5,40,256
nvidia/llama-3.3-nemotron-super-49b-v1.5,43,256
nvidia/llama-3.3-nemotron-super-49b-v1.5,43,256
nvidia/llama-3.3-nemotron-super-49b-v1.5,43,256
nvidia/llama-3.3-nemotron-super-49b-v1.5,43,256
nvidia/llama-3.3-nemotron-super-49b-v1.5,43,256
nvidia/llama-3.3-nemotron-super-49b-v1.5,45,256
nvidia/llama-3.3-nemotron-super-49b-v1.5,45,256
nvidia/llama-3.3-nemotron-super-49b-v1.5,45,256
nvidia/llama-3.3-nemotron-super-49b-v1.5,45,256
nvidia/llama-3.3-nemotron-super-49b-v1.5,45,256
nvidia/llama-3.3-nemotron-super-49b-v1.5,32,256
nvidia/llama-3.3-nemotron-super-49b-v1.5,32,256
nvidia/llama-3.3-nemotron-super-49b-v1.5,32,256
nvidia/llama-3.3-nemotron-super-49b-v1.5,32,256
nvidia/llama-3.3-nemotron-super-49b-v1.5,32,256
nvidia/llama-3.3-nemotron-super-49b-v1.5,33,256
nvidia/llama-3.3-nemotron-super-49b-v1.5,33,256
nvidia/llama-3.3-nemotron-super-49b-v1.5,33,256
nvidia/llama-3.3-nemotron-super-49b-v1.5,33,256
nvidia/llama-3.3-nemotron-super-49b-v1.5,33,256
nvidia/llama-3.3-nemotron-super-49b-v1.5,33,256
nvidia/llama-3.3-nemotron-super-49b-v1.5,33,256
nvidia/llama-3.3-nemotron-super-49b-v1.5,33,256
nvidia/llama-3.3-nemotron-super-49b-v1.5,33,256
nvidia/llama-3.3-nemotron-super-49b-v1.5,33,256
nvidia/llama-3.3-nemotron-super-49b-v1.5,40,256
nvidia/llama-3.3-nemotron-super-49b-v1.5,40,256
nvidia/llama-3.3-nemotron-super-49b-v1.5,40,256
nvidia/llama-3.3-nemotron-super-49b-v1.5,40,256
nvidia/llama-3.3-nemotron-super-49b-v1.5,40,256
nvidia/llama-3.3-nemotron-super-49b-v1.5,43,256
nvidia/llama-3.3-nemotron-super-49b-v1.5,43,256
nvidia/llama-3.3-nemotron-super-49b-v1.5,43,256
nvidia/llama-3.3-nemotron-super-49b-v1.5,43,256
nvidia/llama-3.3-nemotron-super-49b-v1.5,43,256
nvidia/llama-3.3-nemotron-super-49b-v1.5,42,256
nvidia/llama-3.3-nemotron-super-49b-v1.5,42,256
nvidia/llama-3.3-nemotron-super-49b-v1.5,42,256
nvidia/llama-3.3-nemotron-super-49b-v1.5,42,256
nvidia/llama-3.3-nemotron-super-49b-v1.5,42,256
nvidia/llama-3.3-nemotron-super-49b-v1.5,40,256
nvidia/llama-3.3-nemotron-super-49b-v1.5,40,256
nvidia/llama-3.3-nemotron-super-49b-v1.5,40,256
nvidia/llama-3.3-nemotron-super-49b-v1.5,40,256
nvidia/llama-3.3-nemotron-super-49b-v1.5,40,256
nvidia/llama-3.3-nemotron-super-49b-v1.5,43,12
nvidia/llama-3.3-nemotron-super-49b-v1.5,43,12
nvidia/llama-3.3-nemotron-super-49b-v1.5,43,12
nvidia/llama-3.3-nemotron-super-49b-v1.5,43,12
nvidia/llama-3.3-nemotron-super-49b-v1.5,43,12
nvidia/llama-3.3-nemotron-super-49b-v1.5,44,12
nvidia/llama-3.3-nemotron-super-49b-v1.5,44,12
nvidia/llama-3.3-nemotron-super-49b-v1.5,44,12
nvidia/llama-3.3-nemotron-super-49b-v1.5,44,12
nvidia/llama-3.3-nemotron-super-49b-v1.5,44,12
nvidia/llama-3.3-nemotron-super-49b-v1.5,42,12
nvidia/llama-3.3-nemotron-super-49b-v1.5,42,12
nvidia/llama-3.3-nemotron-super-49b-v1.5,42,12
nvidia/llama-3.3-nemotron-super-49b-v1.5,42,12
nvidia/llama-3.3-nemotron-super-49b-v1.5,42,12
nvidia/llama-3.3-nemotron-super-49b-v1.5,43,12
nvidia/llama-3.3-nemotron-super-49b-v1.5,43,12
nvidia/llama-3.3-nemotron-super-49b-v1.5,43,12
nvidia/llama-3.3-nemotron-super-49b-v1.5,43,12
nvidia/llama-3.3-nemotron-super-49b-v1.5,43,12
nvidia/llama-3.3-nemotron-super-49b-v1.5,38,12
nvidia/llama-3.3-nemotron-super-49b-v1.5,38,12
nvidia/llama-3.3-nemotron-super-49b-v1.5,38,12
nvidia/llama-3.3-nemotron-super-49b-v1.5,38,12
nvidia/llama-3.3-nemotron-super-49b-v1.5,38,12
nvidia/llama-3.3-nemotron-super-49b-v1.5,39,8
nvidia/llama-3.3-nemotron-super-49b-v1.5,39,12
nvidia/llama-3.3-nemotron-super-49b-v1.5,39,12
nvidia/llama-3.3-nemotron-super-49b-v1.5,39,12
nvidia/llama-3.3-nemotron-super-49b-v1.5,39,12
nvidia/llama-3.3-nemotron-super-49b-v1.5,38,12
nvidia/llama-3.3-nemotron-super-49b-v1.5,38,12
nvidia/llama-3.3-nemotron-super-49b-v1.5,38,12
nvidia/llama-3.3-nemotron-super-49b-v1.5,38,12
nvidia/llama-3.3-nemotron-super-49b-v1.5,38,12
nvidia/llama-3.3-nemotron-super-49b-v1.5,39,12
nvidia/llama-3.3-nemotron-super-49b-v1.5,39,12
nvidia/llama-3.3-nemotron-super-49b-v1.5,39,12
nvidia/llama-3.3-nemotron-super-49b-v1.5,39,12
nvidia/llama-3.3-nemotron-super-49b-v1.5,39,12
nvidia/llama-3.3-nemotron-super-49b-v1.5,40,256
nvidia/llama-3.3-nemotron-super-49b-v1.5,40,256
nvidia/llama-3.3-nemotron-super-49b-v1.5,40,256
nvidia/llama-3.3-nemotron-super-49b-v1.5,40,256
nvidia/llama-3.3-nemotron-super-49b-v1.5,40,256
nvidia/llama-3.3-nemotron-super-49b-v1.5,40,256
nvidia/llama-3.3-nemotron-super-49b-v1.5,40,256
nvidia/llama-3.3-nemotron-super-49b-v1.5,40,256
nvidia/llama-3.3-nemotron-super-49b-v1.5,40,256
nvidia/llama-3.3-nemotron-super-49b-v1.5,40,256
nvidia/llama-3.3-nemotron-super-49b-v1.5,39,256
nvidia/llama-3.3-nemotron-super-49b-v1.5,39,256
nvidia/llama-3.3-nemotron-super-49b-v1.5,39,256
nvidia/llama-3.3-nemotron-super-49b-v1.5,39,256
nvidia/llama-3.3-nemotron-super-49b-v1.5,39,256
nvidia/llama-3.3-nemotron-super-49b-v1.5,29,256
nvidia/llama-3.3-nemotron-super-49b-v1.5,29,256
nvidia/llama-3.3-nemotron-super-49b-v1.5,29,256
nvidia/llama-3.3-nemotron-super-49b-v1.5,29,256
nvidia/llama-3.3-nemotron-super-49b-v1.5,29,256
nvidia/llama-3.3-nemotron-super-49b-v1.5,33,256
nvidia/llama-3.3-nemotron-super-49b-v1.5,33,256
nvidia/llama-3.3-nemotron-super-49b-v1.5,33,256
nvidia/llama-3.3-nemotron-super-49b-v1.5,33,256
nvidia/llama-3.3-nemotron-super-49b-v1.5,33,256
nvidia/llama-3.3-nemotron-super-49b-v1.5,33,256
nvidia/llama-3.3-nemotron-super-49b-v1.5,33,256
nvidia/llama-3.3-nemotron-super-49b-v1.5,33,256
nvidia/llama-3.3-nemotron-super-49b-v1.5,33,256
nvidia/llama-3.3-nemotron-super-49b-v1.5,33,256
nvidia/llama-3.3-nemotron-super-49b-v1.5,39,256
nvidia/llama-3.3-nemotron-super-49b-v1.5,39,256
nvidia/llama-3.3-nemotron-super-49b-v1.5,39,256
nvidia/llama-3.3-nemotron-super-49b-v1.5,39,256
nvidia/llama-3.3-nemotron-super-49b-v1.5,39,256
nvidia/llama-3.3-nemotron-super-49b-v1.5,35,256
nvidia/llama-3.3-nemotron-super-49b-v1.5,35,256
nvidia/llama-3.3-nemotron-super-49b-v1.5,35,256
nvidia/llama-3.3-nemotron-super-49b-v1.5,35,256
nvidia/llama-3.3-nemotron-super-49b-v1.5,35,256
nvidia/llama-3.3-nemotron-super-49b-v1.5,42,256
nvidia/llama-3.3-nemotron-super-49b-v1.5,42,256
nvidia/llama-3.3-nemotron-super-49b-v1.5,42,256
nvidia/llama-3.3-nemotron-super-49b-v1.5,42,256
nvidia/llama-3.3-nemotron-super-49b-v1.5,42,256
nvidia/llama-3.3-nemotron-super-49b-v1.5,41,256
nvidia/llama-3.3-nemotron-super-49b-v1.5,41,256
nvidia/llama-3.3-nemotron-super-49b-v1.5,41,256
nvidia/llama-3.3-nemotron-super-49b-v1.5,41,256
nvidia/llama-3.3-nemotron-super-49b-v1.5,41,256
nvidia/llama-3.3-nemotron-super-49b-v1.5,37,12
nvidia/llama-3.3-nemotron-super-49b-v1.5,37,12
nvidia/llama-3.3-nemotron-super-49b-v1.5,37,12
nvidia/llama-3.3-nemotron-super-49b-v1.5,37,12
nvidia/llama-3.3-nemotron-super-49b-v1.5,37,12
nvidia/llama-3.3-nemotron-super-49b-v1.5,38,12
nvidia/llama-3.3-nemotron-super-49b-v1.5,38,12
nvidia/llama-3.3-nemotron-super-49b-v1.5,38,8
nvidia/llama-3.3-nemotron-super-49b-v1.5,38,12
nvidia/llama-3.3-nemotron-super-49b-v1.5,38,12
nvidia/llama-3.3-nemotron-super-49b-v1.5,44,12
nvidia/llama-3.3-nemotron-super-49b-v1.5,44,12
nvidia/llama-3.3-nemotron-super-49b-v1.5,44,12
nvidia/llama-3.3-nemotron-super-49b-v1.5,44,12
nvidia/llama-3.3-nemotron-super-49b-v1.5,44,12
nvidia/llama-3.3-nemotron-super-49b-v1.5,45,12
nvidia/llama-3.3-nemotron-super-49b-v1.5,45,12
nvidia/llama-3.3-nemotron-super-49b-v1.5,45,12
nvidia/llama-3.3-nemotron-super-49b-v1.5,45,12
nvidia/llama-3.3-nemotron-super-49b-v1.5,45,12
nvidia/llama-3.3-nemotron-super-49b-v1.5,40,12
nvidia/llama-3.3-nemotron-super-49b-v1.5,40,12
nvidia/llama-3.3-nemotron-super-49b-v1.5,40,12
nvidia/llama-3.3-nemotron-super-49b-v1.5,40,12
nvidia/llama-3.3-nemotron-super-49b-v1.5,40,12
nvidia/llama-3.3-nemotron-super-49b-v1.5,41,12
nvidia/llama-3.3-nemotron-super-49b-v1.5,41,12
nvidia/llama-3.3-nemotron-super-49b-v1.5,41,12
nvidia/llama-3.3-nemotron-super-49b-v1.5,41,12
nvidia/llama-3.3-nemotron-super-49b-v1.5,41,12
nvidia/llama-3.3-nemotron-super-49b-v1.5,37,12
nvidia/llama-3.3-nemotron-super-49b-v1.5,37,12
nvidia/llama-3.3-nemotron-super-49b-v1.5,37,12
nvidia/llama-3.3-nemotron-super-49b-v1.5,37,12
nvidia/llama-3.3-nemotron-super-49b-v1.5,37,12
nvidia/llama-3.3-nemotron-super-49b-v1.5,38,12
nvidia/llama-3.3-nemotron-super-49b-v1.5,38,12
nvidia/llama-3.3-nemotron-super-49b-v1.5,38,12
nvidia/llama-3.3-nemotron-super-49b-v1.5,38,12
nvidia/llama-3.3-nemotron-super-49b-v1.5,38,12
nvidia/llama-3.3-nemotron-super-49b-v1.5,44,256
nvidia/llama-3.3-nemotron-super-49b-v1.5,44,256
nvidia/llama-3.3-nemotron-super-49b-v1.5,44,256
nvidia/llama-3.3-nemotron-super-49b-v1.5,44,256
nvidia/llama-3.3-nemotron-super-49b-v1.5,44,256
nvidia/llama-3.3-nemotron-super-49b-v1.5,47,256
nvidia/llama-3.3-nemotron-super-49b-v1.5,47,256
nvidia/llama-3.3-nemotron-super-49b-v1.5,47,256
nvidia/llama-3.3-nemotron-super-49b-v1.5,47,256
nvidia/llama-3.3-nemotron-super-49b-v1.5,47,256
nvidia/llama-3.3-nemotron-super-49b-v1.5,49,256
nvidia/llama-3.3-nemotron-super-49b-v1.5,49,256
nvidia/llama-3.3-nemotron-super-49b-v1.5,49,256
nvidia/llama-3.3-nemotron-super-49b-v1.5,49,256
nvidia/llama-3.3-nemotron-super-49b-v1.5,49,256
nvidia/llama-3.3-nemotron-super-49b-v1.5,36,256
nvidia/llama-3.3-nemotron-super-49b-v1.5,36,256
nvidia/llama-3.3-nemotron-super-49b-v1.5,36,256
nvidia/llama-3.3-nemotron-super-49b-v1.5,36,256
nvidia/llama-3.3-nemotron-super-49b-v1.5,36,256
nvidia/llama-3.3-nemotron-super-49b-v1.5,37,256
nvidia/llama-3.3-nemotron-super-49b-v1.5,37,256
nvidia/llama-3.3-nemotron-super-49b-v1.5,37,256
nvidia/llama-3.3-nemotron-super-49b-v1.5,37,256
nvidia/llama-3.3-nemotron-super-49b-v1.5,37,256
nvidia/llama-3.3-nemotron-super-49b-v1.5,37,256
nvidia/llama-3.3-nemotron-super-49b-v1.5,37,256
nvidia/llama-3.3-nemotron-super-49b-v1.5,37,256
nvidia/llama-3.3-nemotron-super-49b-v1.5,37,256
nvidia/llama-3.3-nemotron-super-49b-v1.5,37,256
nvidia/llama-3.3-nemotron-super-49b-v1.5,44,256
nvidia/llama-3.3-nemotron-super-49b-v1.5,44,256
nvidia/llama-3.3-nemotron-super-49b-v1.5,44,256
nvidia/llama-3.3-nemotron-super-49b-v1.5,44,256
nvidia/llama-3.3-nemotron-super-49b-v1.5,44,256
nvidia/llama-3.3-nemotron-super-49b-v1.5,47,256
nvidia/llama-3.3-nemotron-super-49b-v1.5,47,256
nvidia/llama-3.3-nemotron-super-49b-v1.5,47,256
nvidia/llama-3.3-nemotron-super-49b-v1.5,47,256
nvidia/llama-3.3-nemotron-super-49b-v1.5,47,256
nvidia/llama-3.3-nemotron-super-49b-v1.5,46,256
nvidia/llama-3.3-nemotron-super-49b-v1.5,46,256
nvidia/llama-3.3-nemotron-super-49b-v1.5,46,256
nvidia/llama-3.3-nemotron-super-49b-v1.5,46,256
nvidia/llama-3.3-nemotron-super-49b-v1.5,46,256
nvidia/llama-3.3-nemotron-super-49b-v1.5,44,256
nvidia/llama-3.3-nemotron-super-49b-v1.5,44,256
nvidia/llama-3.3-nemotron-super-49b-v1.5,44,256
nvidia/llama-3.3-nemotron-super-49b-v1.5,44,256
nvidia/llama-3.3-nemotron-super-49b-v1.5,44,256
nvidia/llama-3.3-nemotron-super-49b-v1.5,43,12
nvidia/llama-3.3-nemotron-super-49b-v1.5,43,12
nvidia/llama-3.3-nemotron-super-49b-v1.5,43,12
nvidia/llama-3.3-nemotron-super-49b-v1.5,43,12
nvidia/llama-3.3-nemotron-super-49b-v1.5,43,12
nvidia/llama-3.3-nemotron-super-49b-v1.5,44,12
nvidia/llama-3.3-nemotron-super-49b-v1.5,44,12
nvidia/llama-3.3-nemotron-super-49b-v1.5,44,12
nvidia/llama-3.3-nemotron-super-49b-v1.5,44,12
nvidia/llama-3.3-nemotron-super-49b-v1.5,44,12
nvidia/llama-3.3-nemotron-super-49b-v1.5,42,12
nvidia/llama-3.3-nemotron-super-49b-v1.5,42,12
nvidia/llama-3.3-nemotron-super-49b-v1.5,42,12
nvidia/llama-3.3-nemotron-super-49b-v1.5,42,12
nvidia/llama-3.3-nemotron-super-49b-v1.5,42,12
nvidia/llama-3.3-nemotron-super-49b-v1.5,43,12
nvidia/llama-3.3-nemotron-super-49b-v1.5,43,12
nvidia/llama-3.3-nemotron-super-49b-v1.5,43,12
nvidia/llama-3.3-nemotron-super-49b-v1.5,43,8
nvidia/llama-3.3-nemotron-super-49b-v1.5,43,12
nvidia/llama-3.3-nemotron-super-49b-v1.5,38,12
nvidia/llama-3.3-nemotron-super-49b-v1.5,38,8
nvidia/llama-3.3-nemotron-super-49b-v1.5,38,12
nvidia/llama-3.3-nemotron-super-49b-v1.5,38,12
nvidia/llama-3.3-nemotron-super-49b-v1.5,38,12
nvidia/llama-3.3-nemotron-super-49b-v1.5,39,12
nvidia/llama-3.3-nemotron-super-49b-v1.5,39,12
nvidia/llama-3.3-nemotron-super-49b-v1.5,39,12
nvidia/llama-3.3-nemotron-super-49b-v1.5,39,12
nvidia/llama-3.3-nemotron-super-49b-v1.5,39,12
nvidia/llama-3.3-nemotron-super-49b-v1.5,38,12
nvidia/llama-3.3-nemotron-super-49b-v1.5,38,12
nvidia/llama-3.3-nemotron-super-49b-v1.5,38,12
nvidia/llama-3.3-nemotron-super-49b-v1.5,38,12
nvidia/llama-3.3-nemotron-super-49b-v1.5,38,12
nvidia/llama-3.3-nemotron-super-49b-v1.5,39,12
nvidia/llama-3.3-nemotron-super-49b-v1.5,39,12
nvidia/llama-3.3-nemotron-super-49b-v1.5,39,12
nvidia/llama-3.3-nemotron-super-49b-v1.5,39,12
nvidia/llama-3.3-nemotron-super-49b-v1.5,39,12
nvidia/llama-3.3-nemotron-super-49b-v1.5,40,256
nvidia/llama-3.3-nemotron-super-49b-v1.5,40,256
nvidia/llama-3.3-nemotron-super-49b-v1.5,40,256
nvidia/llama-3.3-nemotron-super-49b-v1.5,40,256
nvidia/llama-3.3-nemotron-super-49b-v1.5,40,256
nvidia/llama-3.3-nemotron-super-49b-v1.5,40,256
nvidia/llama-3.3-nemotron-super-49b-v1.5,40,256
nvidia/llama-3.3-nemotron-super-49b-v1.5,40,256
nvidia/llama-3.3-nemotron-super-49b-v1.5,40,256
nvidia/llama-3.3-nemotron-super-49b-v1.5,40,256
nvidia/llama-3.3-nemotron-super-49b-v1.5,39,256
nvidia/llama-3.3-nemotron-super-49b-v1.5,39,256
nvidia/llama-3.3-nemotron-super-49b-v1.5,39,256
nvidia/llama-3.3-nemotron-super-49b-v1.5,39,256
nvidia/llama-3.3-nemotron-super-49b-v1.5,39,256
nvidia/llama-3.3-nemotron-super-49b-v1.5,29,256
nvidia/llama-3.3-nemotron-super-49b-v1.5,29,256
nvidia/llama-3.3-nemotron-super-49b-v1.5,29,256
nvidia/llama-3.3-nemotron-super-49b-v1.5,29,256
nvidia/llama-3.3-nemotron-super-49b-v1.5,29,256
nvidia/llama-3.3-nemotron-super-49b-v1.5,33,256
nvidia/llama-3.3-nemotron-super-49b-v1.5,33,256
nvidia/llama-3.3-nemotron-super-49b-v1.5,33,256
nvidia/llama-3.3-nemotron-super-49b-v1.5,33,256
nvidia/llama-3.3-nemotron-super-49b-v1.5,33,256
nvidia/llama-3.3-nemotron-super-49b-v1.5,33,256
nvidia/llama-3.3-nemotron-super-49b-v1.5,33,256
nvidia/llama-3.3-nemotron-super-49b-v1.5,33,256
nvidia/llama-3.3-nemotron-super-49b-v1.5,33,256
nvidia/llama-3.3-nemotron-super-49b-v1.5,33,256
nvidia/llama-3.3-nemotron-super-49b-v1.5,39,213
nvidia/llama-3.3-nemotron-super-49b-v1.5,39,256
nvidia/llama-3.3-nemotron-super-49b-v1.5,39,199
nvidia/llama-3.3-nemotron-super-49b-v1.5,39,249
nvidia/llama-3.3-nemotron-super-49b-v1.5,39,238
nvidia/llama-3.3-nemotron-super-49b-v1.5,35,256
nvidia/llama-3.3-nemotron-super-49b-v1.5,35,256
nvidia/llama-3.3-nemotron-super-49b-v1.5,35,256
nvidia/llama-3.3-nemotron-super-49b-v1.5,35,256
nvidia/llama-3.3-nemotron-super-49b-v1.5,35,256
nvidia/llama-3.3-nemotron-super-49b-v1.5,42,256
nvidia/llama-3.3-nemotron-super-49b-v1.5,42,256
nvidia/llama-3.3-nemotron-super-49b-v1.5,42,256
nvidia/llama-3.3-nemotron-super-49b-v1.5,42,256
nvidia/llama-3.3-nemotron-super-49b-v1.5,42,256
nvidia/llama-3.3-nemotron-super-49b-v1.5,41,256
nvidia/llama-3.3-nemotron-super-49b-v1.5,41,256
nvidia/llama-3.3-nemotron-super-49b-v1.5,41,256
nvidia/llama-3.3-nemotron-super-49b-v1.5,41,256
nvidia/llama-3.3-nemotron-super-49b-v1.5,41,256
nvidia/llama-3.3-nemotron-super-49b-v1.5,37,12
nvidia/llama-3.3-nemotron-super-49b-v1.5,37,12
nvidia/llama-3.3-nemotron-super-49b-v1.5,37,12
nvidia/llama-3.3-nemotron-super-49b-v1.5,37,12
nvidia/llama-3.3-nemotron-super-49b-v1.5,37,12
nvidia/llama-3.3-nemotron-super-49b-v1.5,38,12
nvidia/llama-3.3-nemotron-super-49b-v1.5,38,12
nvidia/llama-3.3-nemotron-super-49b-v1.5,38,12
nvidia/llama-3.3-nemotron-super-49b-v1.5,38,12
nvidia/llama-3.3-nemotron-super-49b-v1.5,38,12
nvidia/llama-3.3-nemotron-super-49b-v1.5,44,12
nvidia/llama-3.3-nemotron-super-49b-v1.5,44,12
nvidia/llama-3.3-nemotron-super-49b-v1.5,44,12
nvidia/llama-3.3-nemotron-super-49b-v1.5,44,12
nvidia/llama-3.3-nemotron-super-49b-v1.5,44,12
nvidia/llama-3.3-nemotron-super-49b-v1.5,45,12
nvidia/llama-3.3-nemotron-super-49b-v1.5,45,12
nvidia/llama-3.3-nemotron-super-49b-v1.5,45,12
nvidia/llama-3.3-nemotron-super-49b-v1.5,45,12
nvidia/llama-3.3-nemotron-super-49b-v1.5,45,12
nvidia/llama-3.3-nemotron-super-49b-v1.5,40,12
nvidia/llama-3.3-nemotron-super-49b-v1.5,40,12
nvidia/llama-3.3-nemotron-super-49b-v1.5,40,12
nvidia/llama-3.3-nemotron-super-49b-v1.5,40,12
nvidia/llama-3.3-nemotron-super-49b-v1.5,40,12
nvidia/llama-3.3-nemotron-super-49b-v1.5,41,12
nvidia/llama-3.3-nemotron-super-49b-v1.5,41,12
nvidia/llama-3.3-nemotron-super-49b-v1.5,41,12
nvidia/llama-3.3-nemotron-super-49b-v1.5,41,12
nvidia/llama-3.3-nemotron-super-49b-v1.5,41,12
nvidia/llama-3.3-nemotron-super-49b-v1.5,37,12
nvidia/llama-3.3-nemotron-super-49b-v1.5,37,12
nvidia/llama-3.3-nemotron-super-49b-v1.5,37,12
nvidia/llama-3.3-nemotron-super-49b-v1.5,37,12
nvidia/llama-3.3-nemotron-super-49b-v1.5,37,12
nvidia/llama-3.3-nemotron-super-49b-v1.5,38,12
nvidia/llama-3.3-nemotron-super-49b-v1.5,38,12
nvidia/llama-3.3-nemotron-super-49b-v1.5,38,12
nvidia/llama-3.3-nemotron-super-49b-v1.5,38,12
nvidia/llama-3.3-nemotron-super-49b-v1.5,38,12
nvidia/llama-3.3-nemotron-super-49b-v1.5,40,256
nvidia/llama-3.3-nemotron-super-49b-v1.5,40,256
nvidia/llama-3.3-nemotron-super-49b-v1.5,40,256
nvidia/llama-3.3-nemotron-super-49b-v1.5,40,256
nvidia/llama-3.3-nemotron-super-49b-v1.5,40,256
nvidia/llama-3.3-nemotron-super-49b-v1.5,43,256
nvidia/llama-3.3-nemotron-super-49b-v1.5,43,256
nvidia/llama-3.3-nemotron-super-49b-v1.5,43,256
nvidia/llama-3.3-nemotron-super-49b-v1.5,43,256
nvidia/llama-3.3-nemotron-super-49b-v1.5,43,256
nvidia/llama-3.3-nemotron-super-49b-v1.5,45,256
nvidia/llama-3.3-nemotron-super-49b-v1.5,45,256
nvidia/llama-3.3-nemotron-super-49b-v1.5,45,256
nvidia/llama-3.3-nemotron-super-49b-v1.5,45,256
nvidia/llama-3.3-nemotron-super-49b-v1.5,45,256
nvidia/llama-3.3-nemotron-super-49b-v1.5,32,256
nvidia/llama-3.3-nemotron-super-49b-v1.5,32,256
nvidia/llama-3.3-nemotron-super-49b-v1.5,32,256
nvidia/llama-3.3-nemotron-super-49b-v1.5,32,256
nvidia/llama-3.3-nemotron-super-49b-v1.5,32,256
nvidia/llama-3.3-nemotron-super-49b-v1.5,33,256
nvidia/llama-3.3-nemotron-super-49b-v1.5,33,256
nvidia/llama-3.3-nemotron-super-49b-v1.5,33,256
nvidia/llama-3.3-nemotron-super-49b-v1.5,33,256
nvidia/llama-3.3-nemotron-super-49b-v1.5,33,256
nvidia/llama-3.3-nemotron-super-49b-v1.5,33,256
nvidia/llama-3.3-nemotron-super-49b-v1.5,33,256
nvidia/llama-3.3-nemotron-super-49b-v1.5,33,256
nvidia/llama-3.3-nemotron-super-49b-v1.5,33,256
nvidia/llama-3.3-nemotron-super-49b-v1.5,33,256
nvidia/llama-3.3-nemotron-super-49b-v1.5,40,256
nvidia/llama-3.3-nemotron-super-49b-v1.5,40,256
nvidia/llama-3.3-nemotron-super-49b-v1.5,40,256
nvidia/llama-3.3-nemotron-super-49b-v1.5,40,256
nvidia/llama-3.3-nemotron-super-49b-v1.5,40,256
nvidia/llama-3.3-nemotron-super-49b-v1.5,43,256
nvidia/llama-3.3-nemotron-super-49b-v1.5,43,256
nvidia/llama-3.3-nemotron-super-49b-v1.5,43,256
nvidia/llama-3.3-nemotron-super-49b-v1.5,43,256
nvidia/llama-3.3-nemotron-super-49b-v1.5,43,256
nvidia/llama-3.3-nemotron-super-49b-v1.5,42,256
nvidia/llama-3.3-nemotron-super-49b-v1.5,42,256
nvidia/llama-3.3-nemotron-super-49b-v1.5,42,256
nvidia/llama-3.3-nemotron-super-49b-v1.5,42,256
nvidia/llama-3.3-nemotron-super-49b-v1.5,42,256
nvidia/llama-3.3-nemotron-super-49b-v1.5,40,256
nvidia/llama-3.3-nemotron-super-49b-v1.5,40,256
nvidia/llama-3.3-nemotron-super-49b-v1.5,40,256
nvidia/llama-3.3-nemotron-super-49b-v1.5,40,256
nvidia/llama-3.3-nemotron-super-49b-v1.5,40,256
nvidia/llama-3.3-nemotron-super-49b-v1.5,45,12
nvidia/llama-3.3-nemotron-super-49b-v1.5,45,12
nvidia/llama-3.3-nemotron-super-49b-v1.5,45,12
nvidia/llama-3.3-nemotron-super-49b-v1.5,45,12
nvidia/llama-3.3-nemotron-super-49b-v1.5,45,12
nvidia/llama-3.3-nemotron-super-49b-v1.5,46,12
nvidia/llama-3.3-nemotron-super-49b-v1.5,46,8
nvidia/llama-3.3-nemotron-super-49b-v1.5,46,12
nvidia/llama-3.3-nemotron-super-49b-v1.5,46,12
nvidia/llama-3.3-nemotron-super-49b-v1.5,46,12
nvidia/llama-3.3-nemotron-super-49b-v1.5,44,12
nvidia/llama-3.3-nemotron-super-49b-v1.5,44,12
nvidia/llama-3.3-nemotron-super-49b-v1.5,44,12
nvidia/llama-3.3-nemotron-super-49b-v1.5,44,12
nvidia/llama-3.3-nemotron-super-49b-v1.5,44,12
nvidia/llama-3.3-nemotron-super-49b-v1.5,45,12
nvidia/llama-3.3-nemotron-super-49b-v1.5,45,12
nvidia/llama-3.3-nemotron-super-49b-v1.5,45,12
nvidia/llama-3.3-nemotron-super-49b-v1.5,45,12
nvidia/llama-3.3-nemotron-super-49b-v1.5,45,12
nvidia/llama-3.3-nemotron-super-49b-v1.5,40,12
nvidia/llama-3.3-nemotron-super-49b-v1.5,40,12
nvidia/llama-3.3-nemotron-super-49b-v1.5,40,12
nvidia/llama-3.3-nemotron-super-49b-v1.5,40,12
nvidia/llama-3.3-nemotron-super-49b-v1.5,40,12
nvidia/llama-3.3-nemotron-super-49b-v1.5,41,12
nvidia/llama-3.3-nemotron-super-49b-v1.5,41,12
nvidia/llama-3.3-nemotron-super-49b-v1.5,41,12
nvidia/llama-3.3-nemotron-super-49b-v1.5,41,12
nvidia/llama-3.3-nemotron-super-49b-v1.5,41,12
nvidia/llama-3.3-nemotron-super-49b-v1.5,40,12
nvidia/llama-3.3-nemotron-super-49b-v1.5,40,12
nvidia/llama-3.3-nemotron-super-49b-v1.5,40,12
nvidia/llama-3.3-nemotron-super-49b-v1.5,40,12
nvidia/llama-3.3-nemotron-super-49b-v1.5,40,12
nvidia/llama-3.3-nemotron-super-49b-v1.5,41,12
nvidia/llama-3.3-nemotron-super-49b-v1.5,41,12
nvidia/llama-3.3-nemotron-super-49b-v1.5,41,12
nvidia/llama-3.3-nemotron-super-49b-v1.5,41,12
nvidia/llama-3.3-nemotron-super-49b-v1.5,41,12
nvidia/llama-3.3-nemotron-super-49b-v1.5,37,256
nvidia/llama-3.3-nemotron-super-49b-v1.5,37,256
nvidia/llama-3.3-nemotron-super-49b-v1.5,37,256
nvidia/llama-3.3-nemotron-super-49b-v1.5,37,256
nvidia/llama-3.3-nemotron-super-49b-v1.5,37,256
nvidia/llama-3.3-nemotron-super-49b-v1.5,37,256
nvidia/llama-3.3-nemotron-super-49b-v1.5,37,256
nvidia/llama-3.3-nemotron-super-49b-v1.5,37,256
nvidia/llama-3.3-nemotron-super-49b-v1.5,37,256
nvidia/llama-3.3-nemotron-super-49b-v1.5,37,256
nvidia/llama-3.3-nemotron-super-49b-v1.5,36,256
nvidia/llama-3.3-nemotron-super-49b-v1.5,36,256
nvidia/llama-3.3-nemotron-super-49b-v1.5,36,256
nvidia/llama-3.3-nemotron-super-49b-v1.5,36,256
nvidia/llama-3.3-nemotron-super-49b-v1.5,36,256
nvidia/llama-3.3-nemotron-super-49b-v1.5,26,256
nvidia/llama-3.3-nemotron-super-49b-v1.5,26,256
nvidia/llama-3.3-nemotron-super-49b-v1.5,26,256
nvidia/llama-3.3-nemotron-super-49b-v1.5,26,256
nvidia/llama-3.3-nemotron-super-49b-v1.5,26,256
nvidia/llama-3.3-nemotron-super-49b-v1.5,30,256
nvidia/llama-3.3-nemotron-super-49b-v1.5,30,256
nvidia/llama-3.3-nemotron-super-49b-v1.5,30,256
nvidia/llama-3.3-nemotron-super-49b-v1.5,30,256
nvidia/llama-3.3-nemotron-super-49b-v1.5,30,256
nvidia/llama-3.3-nemotron-super-49b-v1.5,30,256
nvidia/llama-3.3-nemotron-super-49b-v1.5,30,256
nvidia/llama-3.3-nemotron-super-49b-v1.5,30,256
nvidia/llama-3.3-nemotron-super-49b-v1.5,30,256
nvidia/llama-3.3-nemotron-super-49b-v1.5,30,256
nvidia/llama-3.3-nemotron-super-49b-v1.5,36,256
nvidia/llama-3.3-nemotron-super-49b-v1.5,36,242
nvidia/llama-3.3-nemotron-super-49b-v1.5,36,256
nvidia/llama-3.3-nemotron-super-49b-v1.5,36,256
nvidia/llama-3.3-nemotron-super-49b-v1.5,36,245
nvidia/llama-3.3-nemotron-super-49b-v1.5,32,256
nvidia/llama-3.3-nemotron-super-49b-v1.5,32,256
nvidia/llama-3.3-nemotron-super-49b-v1.5,32,256
nvidia/llama-3.3-nemotron-super-49b-v1.5,32,256
nvidia/llama-3.3-nemotron-super-49b-v1.5,32,256
nvidia/llama-3.3-nemotron-super-49b-v1.5,39,256
nvidia/llama-3.3-nemotron-super-49b-v1.5,39,256
nvidia/llama-3.3-nemotron-super-49b-v1.5,39,256
nvidia/llama-3.3-nemotron-super-49b-v1.5,39,256
nvidia/llama-3.3-nemotron-super-49b-v1.5,39,256
nvidia/llama-3.3-nemotron-super-49b-v1.5,38,256
nvidia/llama-3.3-nemotron-super-49b-v1.5,38,256
nvidia/llama-3.3-nemotron-super-49b-v1.5,38,256
nvidia/llama-3.3-nemotron-super-49b-v1.5,38,256
nvidia/llama-3.3-nemotron-super-49b-v1.5,38,256
nvidia/llama-3.3-nemotron-super-49b-v1.5,39,12
nvidia/llama-3.3-nemotron-super-49b-v1.5,39,12
nvidia/llama-3.3-nemotron-super-49b-v1.5,39,12
nvidia/llama-3.3-nemotron-super-49b-v1.5,39,12
nvidia/llama-3.3-nemotron-super-49b-v1.5,39,12
nvidia/llama-3.3-nemotron-super-49b-v1.5,40,12
nvidia/llama-3.3-nemotron-super-49b-v1.5,40,12
nvidia/llama-3.3-nemotron-super-49b-v1.5,40,12
nvidia/llama-3.3-nemotron-super-49b-v1.5,40,12
nvidia/llama-3.3-nemotron-super-49b-v1.5,40,12
nvidia/llama-3.3-nemotron-super-49b-v1.5,46,12
nvidia/llama-3.3-nemotron-super-49b-v1.5,46,12
nvidia/llama-3.3-nemotron-super-49b-v1.5,46,12
nvidia/llama-3.3-nemotron-super-49b-v1.5,46,12
nvidia/llama-3.3-nemotron-super-49b-v1.5,46,12
nvidia/llama-3.3-nemotron-super-49b-v1.5,47,12
nvidia/llama-3.3-nemotron-super-49b-v1.5,47,12
nvidia/llama-3.3-nemotron-super-49b-v1.5,47,12
nvidia/llama-3.3-nemotron-super-49b-v1.5,47,12
nvidia/llama-3.3-nemotron-super-49b-v1.5,47,12
nvidia/llama-3.3-nemotron-super-49b-v1.5,42,12
nvidia/llama-3.3-nemotron-super-49b-v1.5,42,12
nvidia/llama-3.3-nemotron-super-49b-v1.5,42,12
nvidia/llama-3.3-nemotron-super-49b-v1.5,42,12
nvidia/llama-3.3-nemotron-super-49b-v1.5,42,12
nvidia/llama-3.3-nemotron-super-49b-v1.5,43,12
nvidia/llama-3.3-nemotron-super-49b-v1.5,43,12
nvidia/llama-3.3-nemotron-super-49b-v1.5,43,12
nvidia/llama-3.3-nemotron-super-49b-v1.5,43,12
nvidia/llama-3.3-nemotron-super-49b-v1.5,43,12
nvidia/llama-3.3-nemotron-super-49b-v1.5,39,12
nvidia/llama-3.3-nemotron-super-49b-v1.5,39,12
nvidia/llama-3.3-nemotron-super-49b-v1.5,39,12
nvidia/llama-3.3-nemotron-super-49b-v1.5,39,12
nvidia/llama-3.3-nemotron-super-49b-v1.5,39,12
nvidia/llama-3.3-nemotron-super-49b-v1.5,40,12
nvidia/llama-3.3-nemotron-super-49b-v1.5,40,12
nvidia/llama-3.3-nemotron-super-49b-v1.5,40,12
nvidia/llama-3.3-nemotron-super-49b-v1.5,40,12
nvidia/llama-3.3-nemotron-super-49b-v1.5,40,12
nvidia/llama-3.3-nemotron-super-49b-v1.5,38,256
nvidia/llama-3.3-nemotron-super-49b-v1.5,38,256
nvidia/llama-3.3-nemotron-super-49b-v1.5,38,256
nvidia/llama-3.3-nemotron-super-49b-v1.5,38,256
nvidia/llama-3.3-nemotron-super-49b-v1.5,38,256
nvidia/llama-3.3-nemotron-super-49b-v1.5,41,256
nvidia/llama-3.3-nemotron-super-49b-v1.5,41,256
nvidia/llama-3.3-nemotron-super-49b-v1.5,41,256
nvidia/llama-3.3-nemotron-super-49b-v1.5,41,256
nvidia/llama-3.3-nemotron-super-49b-v1.5,41,256
nvidia/llama-3.3-nemotron-super-49b-v1.5,43,256
nvidia/llama-3.3-nemotron-super-49b-v1.5,43,256
nvidia/llama-3.3-nemotron-super-49b-v1.5,43,256
nvidia/llama-3.3-nemotron-super-49b-v1.5,43,256
nvidia/llama-3.3-nemotron-super-49b-v1.5,43,256
nvidia/llama-3.3-nemotron-super-49b-v1.5,30,256
nvidia/llama-3.3-nemotron-super-49b-v1.5,30,256
nvidia/llama-3.3-nemotron-super-49b-v1.5,30,256
nvidia/llama-3.3-nemotron-super-49b-v1.5,30,256
nvidia/llama-3.3-nemotron-super-49b-v1.5,30,256
nvidia/llama-3.3-nemotron-super-49b-v1.5,31,256
nvidia/llama-3.3-nemotron-super-49b-v1.5,31,256
nvidia/llama-3.3-nemotron-super-49b-v1.5,31,256
nvidia/llama-3.3-nemotron-super-49b-v1.5,31,256
nvidia/llama-3.3-nemotron-super-49b-v1.5,31,256
nvidia/llama-3.3-nemotron-super-49b-v1.5,31,256
nvidia/llama-3.3-nemotron-super-49b-v1.5,31,256
nvidia/llama-3.3-nemotron-super-49b-v1.5,31,256
nvidia/llama-3.3-nemotron-super-49b-v1.5,31,256
nvidia/llama-3.3-nemotron-super-49b-v1.5,31,256
nvidia/llama-3.3-nemotron-super-49b-v1.5,38,256
nvidia/llama-3.3-nemotron-super-49b-v1.5,38,256
nvidia/llama-3.3-nemotron-super-49b-v1.5,38,256
nvidia/llama-3.3-nemotron-super-49b-v1.5,38,256
nvidia/llama-3.3-nemotron-super-49b-v1.5,38,256
nvidia/llama-3.3-nemotron-super-49b-v1.5,41,256
nvidia/llama-3.3-nemotron-super-49b-v1.5,41,256
nvidia/llama-3.3-nemotron-super-49b-v1.5,41,256
nvidia/llama-3.3-nemotron-super-49b-v1.5,41,256
nvidia/llama-3.3-nemotron-super-49b-v1.5,41,256
nvidia/llama-3.3-nemotron-super-49b-v1.5,40,256
nvidia/llama-3.3-nemotron-super-49b-v1.5,40,256
nvidia/llama-3.3-nemotron-super-49b-v1.5,40,256
nvidia/llama-3.3-nemotron-super-49b-v1.5,40,256
nvidia/llama-3.3-nemotron-super-49b-v1.5,40,256
nvidia/llama-3.3-nemotron-super-49b-v1.5,38,256
nvidia/llama-3.3-nemotron-super-49b-v1.5,38,256
nvidia/llama-3.3-nemotron-super-49b-v1.5,38,256
nvidia/llama-3.3-nemotron-super-49b-v1.5,38,256
nvidia/llama-3.3-nemotron-super-49b-v1.5,38,256
nvidia/llama-3.3-nemotron-super-49b-v1.5,43,12
nvidia/llama-3.3-nemotron-super-49b-v1.5,43,12
nvidia/llama-3.3-nemotron-super-49b-v1.5,43,12
nvidia/llama-3.3-nemotron-super-49b-v1.5,43,12
nvidia/llama-3.3-nemotron-super-49b-v1.5,43,12
nvidia/llama-3.3-nemotron-super-49b-v1.5,44,12
nvidia/llama-3.3-nemotron-super-49b-v1.5,44,12
nvidia/llama-3.3-nemotron-super-49b-v1.5,44,12
nvidia/llama-3.3-nemotron-super-49b-v1.5,44,12
nvidia/llama-3.3-nemotron-super-49b-v1.5,44,12
nvidia/llama-3.3-nemotron-super-49b-v1.5,42,12
nvidia/llama-3.3-nemotron-super-49b-v1.5,42,12
nvidia/llama-3.3-nemotron-super-49b-v1.5,42,12
nvidia/llama-3.3-nemotron-super-49b-v1.5,42,12
nvidia/llama-3.3-nemotron-super-49b-v1.5,42,12
nvidia/llama-3.3-nemotron-super-49b-v1.5,43,12
nvidia/llama-3.3-nemotron-super-49b-v1.5,43,12
nvidia/llama-3.3-nemotron-super-49b-v1.5,43,12
nvidia/llama-3.3-nemotron-super-49b-v1.5,43,12
nvidia/llama-3.3-nemotron-super-49b-v1.5,43,12
nvidia/llama-3.3-nemotron-super-49b-v1.5,38,12
nvidia/llama-3.3-nemotron-super-49b-v1.5,38,12
nvidia/llama-3.3-nemotron-super-49b-v1.5,38,12
nvidia/llama-3.3-nemotron-super-49b-v1.5,38,12
nvidia/llama-3.3-nemotron-super-49b-v1.5,38,12
nvidia/llama-3.3-nemotron-super-49b-v1.5,39,12
nvidia/llama-3.3-nemotron-super-49b-v1.5,39,12
nvidia/llama-3.3-nemotron-super-49b-v1.5,39,12
nvidia/llama-3.3-nemotron-super-49b-v1.5,39,12
nvidia/llama-3.3-nemotron-super-49b-v1.5,39,12
nvidia/llama-3.3-nemotron-super-49b-v1.5,38,12
nvidia/llama-3.3-nemotron-super-49b-v1.5,38,12
nvidia/llama-3.3-nemotron-super-49b-v1.5,38,12
nvidia/llama-3.3-nemotron-super-49b-v1.5,38,12
nvidia/llama-3.3-nemotron-super-49b-v1.5,38,12
nvidia/llama-3.3-nemotron-super-49b-v1.5,39,12
nvidia/llama-3.3-nemotron-super-49b-v1.5,39,12
nvidia/llama-3.3-nemotron-super-49b-v1.5,39,12
nvidia/llama-3.3-nemotron-super-49b-v1.5,39,12
nvidia/llama-3.3-nemotron-super-49b-v1.5,39,12
nvidia/llama-3.3-nemotron-super-49b-v1.5,40,256
nvidia/llama-3.3-nemotron-super-49b-v1.5,40,256
nvidia/llama-3.3-nemotron-super-49b-v1.5,40,256
nvidia/llama-3.3-nemotron-super-49b-v1.5,40,256
nvidia/llama-3.3-nemotron-super-49b-v1.5,40,256
nvidia/llama-3.3-nemotron-super-49b-v1.5,40,256
nvidia/llama-3.3-nemotron-super-49b-v1.5,40,256
nvidia/llama-3.3-nemotron-super-49b-v1.5,40,256
nvidia/llama-3.3-nemotron-super-49b-v1.5,40,256
nvidia/llama-3.3-nemotron-super-49b-v1.5,40,256
nvidia/llama-3.3-nemotron-super-49b-v1.5,39,256
nvidia/llama-3.3-nemotron-super-49b-v1.5,39,256
nvidia/llama-3.3-nemotron-super-49b-v1.5,39,256
nvidia/llama-3.3-nemotron-super-49b-v1.5,39,256
nvidia/llama-3.3-nemotron-super-49b-v1.5,39,256
nvidia/llama-3.3-nemotron-super-49b-v1.5,29,256
nvidia/llama-3.3-nemotron-super-49b-v1.5,29,256
nvidia/llama-3.3-nemotron-super-49b-v1.5,29,256
nvidia/llama-3.3-nemotron-super-49b-v1.5,29,256
nvidia/llama-3.3-nemotron-super-49b-v1.5,29,256
nvidia/llama-3.3-nemotron-super-49b-v1.5,33,256
nvidia/llama-3.3-nemotron-super-49b-v1.5,33,256
nvidia/llama-3.3-nemotron-super-49b-v1.5,33,256
nvidia/llama-3.3-nemotron-super-49b-v1.5,33,256
nvidia/llama-3.3-nemotron-super-49b-v1.5,33,256
nvidia/llama-3.3-nemotron-super-49b-v1.5,33,256
nvidia/llama-3.3-nemotron-super-49b-v1.5,33,256
nvidia/llama-3.3-nemotron-super-49b-v1.5,33,256
nvidia/llama-3.3-nemotron-super-49b-v1.5,33,256
nvidia/llama-3.3-nemotron-super-49b-v1.5,33,256
nvidia/llama-3.3-nemotron-super-49b-v1.5,39,256
nvidia/llama-3.3-nemotron-super-49b-v1.5,39,256
nvidia/llama-3.3-nemotron-super-49b-v1.5,39,256
nvidia/llama-3.3-nemotron-super-49b-v1.5,39,256
nvidia/llama-3.3-nemotron-super-49b-v1.5,39,256
nvidia/llama-3.3-nemotron-super-49b-v1.5,35,256
nvidia/llama-3.3-nemotron-super-49b-v1.5,35,256
nvidia/llama-3.3-nemotron-super-49b-v1.5,35,256
nvidia/llama-3.3-nemotron-super-49b-v1.5,35,256
nvidia/llama-3.3-nemotron-super-49b-v1.5,35,256
nvidia/llama-3.3-nemotron-super-49b-v1.5,42,256
nvidia/llama-3.3-nemotron-super-49b-v1.5,42,256
nvidia/llama-3.3-nemotron-super-49b-v1.5,42,256
nvidia/llama-3.3-nemotron-super-49b-v1.5,42,256
nvidia/llama-3.3-nemotron-super-49b-v1.5,42,256
nvidia/llama-3.3-nemotron-super-49b-v1.5,41,256
nvidia/llama-3.3-nemotron-super-49b-v1.5,41,256
nvidia/llama-3.3-nemotron-super-49b-v1.5,41,256
nvidia/llama-3.3-nemotron-super-49b-v1.5,41,256
nvidia/llama-3.3-nemotron-super-49b-v1.5,41,256
nvidia/llama-3.3-nemotron-super-49b-v1.5,39,12
nvidia/llama-3.3-nemotron-super-49b-v1.5,39,12
nvidia/llama-3.3-nemotron-super-49b-v1.5,39,12
nvidia/llama-3.3-nemotron-super-49b-v1.5,39,12
nvidia/llama-3.3-nemotron-super-49b-v1.5,39,12
nvidia/llama-3.3-nemotron-super-49b-v1.5,40,12
nvidia/llama-3.3-nemotron-super-49b-v1.5,40,12
nvidia/llama-3.3-nemotron-super-49b-v1.5,40,12
nvidia/llama-3.3-nemotron-super-49b-v1.5,40,12
nvidia/llama-3.3-nemotron-super-49b-v1.5,40,12
nvidia/llama-3.3-nemotron-super-49b-v1.5,46,12
nvidia/llama-3.3-nemotron-super-49b-v1.5,46,12
nvidia/llama-3.3-nemotron-super-49b-v1.5,46,12
nvidia/llama-3.3-nemotron-super-49b-v1.5,46,12
nvidia/llama-3.3-nemotron-super-49b-v1.5,46,12
nvidia/llama-3.3-nemotron-super-49b-v1.5,47,12
nvidia/llama-3.3-nemotron-super-49b-v1.5,47,12
nvidia/llama-3.3-nemotron-super-49b-v1.5,47,12
nvidia/llama-3.3-nemotron-super-49b-v1.5,47,12
nvidia/llama-3.3-nemotron-super-49b-v1.5,47,12
nvidia/llama-3.3-nemotron-super-49b-v1.5,42,12
nvidia/llama-3.3-nemotron-super-49b-v1.5,42,12
nvidia/llama-3.3-nemotron-super-49b-v1.5,42,12
nvidia/llama-3.3-nemotron-super-49b-v1.5,42,12
nvidia/llama-3.3-nemotron-super-49b-v1.5,42,12
nvidia/llama-3.3-nemotron-super-49b-v1.5,43,12
nvidia/llama-3.3-nemotron-super-49b-v1.5,43,12
nvidia/llama-3.3-nemotron-super-49b-v1.5,43,12
nvidia/llama-3.3-nemotron-super-49b-v1.5,43,12
nvidia/llama-3.3-nemotron-super-49b-v1.5,43,12
nvidia/llama-3.3-nemotron-super-49b-v1.5,39,12
nvidia/llama-3.3-nemotron-super-49b-v1.5,39,12
nvidia/llama-3.3-nemotron-super-49b-v1.5,39,12
nvidia/llama-3.3-nemotron-super-49b-v1.5,39,12
nvidia/llama-3.3-nemotron-super-49b-v1.5,39,12
nvidia/llama-3.3-nemotron-super-49b-v1.5,40,12
nvidia/llama-3.3-nemotron-super-49b-v1.5,40,12
nvidia/llama-3.3-nemotron-super-49b-v1.5,40,12
nvidia/llama-3.3-nemotron-super-49b-v1.5,40,12
nvidia/llama-3.3-nemotron-super-49b-v1.5,40,12
nvidia/llama-3.3-nemotron-super-49b-v1.5,40,256
nvidia/llama-3.3-nemotron-super-49b-v1.5,40,256
nvidia/llama-3.3-nemotron-super-49b-v1.5,40,256
nvidia/llama-3.3-nemotron-super-49b-v1.5,40,256
nvidia/llama-3.3-nemotron-super-49b-v1.5,40,256
nvidia/llama-3.3-nemotron-super-49b-v1.5,43,256
nvidia/llama-3.3-nemotron-super-49b-v1.5,43,256
nvidia/llama-3.3-nemotron-super-49b-v1.5,43,256
nvidia/llama-3.3-nemotron-super-49b-v1.5,43,256
nvidia/llama-3.3-nemotron-super-49b-v1.5,43,256
nvidia/llama-3.3-nemotron-super-49b-v1.5,45,256
nvidia/llama-3.3-nemotron-super-49b-v1.5,45,256
nvidia/llama-3.3-nemotron-super-49b-v1.5,45,256
nvidia/llama-3.3-nemotron-super-49b-v1.5,45,256
nvidia/llama-3.3-nemotron-super-49b-v1.5,45,256
nvidia/llama-3.3-nemotron-super-49b-v1.5,32,256
nvidia/llama-3.3-nemotron-super-49b-v1.5,32,256
nvidia/llama-3.3-nemotron-super-49b-v1.5,32,256
nvidia/llama-3.3-nemotron-super-49b-v1.5,32,256
nvidia/llama-3.3-nemotron-super-49b-v1.5,32,256
nvidia/llama-3.3-nemotron-super-49b-v1.5,33,256
nvidia/llama-3.3-nemotron-super-49b-v1.5,33,256
nvidia/llama-3.3-nemotron-super-49b-v1.5,33,256
nvidia/llama-3.3-nemotron-super-49b-v1.5,33,256
nvidia/llama-3.3-nemotron-super-49b-v1.5,33,256
nvidia/llama-3.3-nemotron-super-49b-v1.5,33,256
nvidia/llama-3.3-nemotron-super-49b-v1.5,33,256
nvidia/llama-3.3-nemotron-super-49b-v1.5,33,256
nvidia/llama-3.3-nemotron-super-49b-v1.5,33,256
nvidia/llama-3.3-nemotron-super-49b-v1.5,33,256
nvidia/llama-3.3-nemotron-super-49b-v1.5,40,256
nvidia/llama-3.3-nemotron-super-49b-v1.5,40,256
nvidia/llama-3.3-nemotron-super-49b-v1.5,40,256
nvidia/llama-3.3-nemotron-super-49b-v1.5,40,256
nvidia/llama-3.3-nemotron-super-49b-v1.5,40,256
nvidia/llama-3.3-nemotron-super-49b-v1.5,43,256
nvidia/llama-3.3-nemotron-super-49b-v1.5,43,256
nvidia/llama-3.3-nemotron-super-49b-v1.5,43,256
nvidia/llama-3.3-nemotron-super-49b-v1.5,43,256
nvidia/llama-3.3-nemotron-super-49b-v1.5,43,256
nvidia/llama-3.3-nemotron-super-49b-v1.5,42,256
nvidia/llama-3.3-nemotron-super-49b-v1.5,42,256
nvidia/llama-3.3-nemotron-super-49b-v1.5,42,256
nvidia/llama-3.3-nemotron-super-49b-v1.5,42,256
nvidia/llama-3.3-nemotron-super-49b-v1.5,42,256
nvidia/llama-3.3-nemotron-super-49b-v1.5,40,256
nvidia/llama-3.3-nemotron-super-49b-v1.5,40,256
nvidia/llama-3.3-nemotron-super-49b-v1.5,40,256
nvidia/llama-3.3-nemotron-super-49b-v1.5,40,256
nvidia/llama-3.3-nemotron-super-49b-v1.5,40,256
nvidia/llama-3.3-nemotron-super-49b-v1.5,46,12
nvidia/llama-3.3-nemotron-super-49b-v1.5,46,12
nvidia/llama-3.3-nemotron-super-49b-v1.5,46,12
nvidia/llama-3.3-nemotron-super-49b-v1.5,46,12
nvidia/llama-3.3-nemotron-super-49b-v1.5,46,12
nvidia/llama-3.3-nemotron-super-49b-v1.5,47,12
nvidia/llama-3.3-nemotron-super-49b-v1.5,47,12
nvidia/llama-3.3-nemotron-super-49b-v1.5,47,12
nvidia/llama-3.3-nemotron-super-49b-v1.5,47,12
nvidia/llama-3.3-nemotron-super-49b-v1.5,47,12
nvidia/llama-3.3-nemotron-super-49b-v1.5,45,12
nvidia/llama-3.3-nemotron-super-49b-v1.5,45,12
nvidia/llama-3.3-nemotron-super-49b-v1.5,45,12
nvidia/llama-3.3-nemotron-super-49b-v1.5,45,12
nvidia/llama-3.3-nemotron-super-49b-v1.5,45,12
nvidia/llama-3.3-nemotron-super-49b-v1.5,46,12
nvidia/llama-3.3-nemotron-super-49b-v1.5,46,12
nvidia/llama-3.3-nemotron-super-49b-v1.5,46,12
nvidia/llama-3.3-nemotron-super-49b-v1.5,46,12
nvidia/llama-3.3-nemotron-super-49b-v1.5,46,12
nvidia/llama-3.3-nemotron-super-49b-v1.5,41,12
nvidia/llama-3.3-nemotron-super-49b-v1.5,41,12
nvidia/llama-3.3-nemotron-super-49b-v1.5,41,8
nvidia/llama-3.3-nemotron-super-49b-v1.5,41,8
nvidia/llama-3.3-nemotron-super-49b-v1.5,41,12
nvidia/llama-3.3-nemotron-super-49b-v1.5,42,12
nvidia/llama-3.3-nemotron-super-49b-v1.5,42,12
nvidia/llama-3.3-nemotron-super-49b-v1.5,42,12
nvidia/llama-3.3-nemotron-super-49b-v1.5,42,12
nvidia/llama-3.3-nemotron-super-49b-v1.5,42,12
nvidia/llama-3.3-nemotron-super-49b-v1.5,41,12
nvidia/llama-3.3-nemotron-super-49b-v1.5,41,12
nvidia/llama-3.3-nemotron-super-49b-v1.5,41,12
nvidia/llama-3.3-nemotron-super-49b-v1.5,41,12
nvidia/llama-3.3-nemotron-super-49b-v1.5,41,12
nvidia/llama-3.3-nemotron-super-49b-v1.5,42,12
nvidia/llama-3.3-nemotron-super-49b-v1.5,42,12
nvidia/llama-3.3-nemotron-super-49b-v1.5,42,12
nvidia/llama-3.3-nemotron-super-49b-v1.5,42,12
nvidia/llama-3.3-nemotron-super-49b-v1.5,42,12
nvidia/llama-3.3-nemotron-super-49b-v1.5,38,256
nvidia/llama-3.3-nemotron-super-49b-v1.5,38,256
nvidia/llama-3.3-nemotron-super-49b-v1.5,38,256
nvidia/llama-3.3-nemotron-super-49b-v1.5,38,250
nvidia/llama-3.3-nemotron-super-49b-v1.5,38,256
nvidia/llama-3.3-nemotron-super-49b-v1.5,38,256
nvidia/llama-3.3-nemotron-super-49b-v1.5,38,256
nvidia/llama-3.3-nemotron-super-49b-v1.5,38,256
nvidia/llama-3.3-nemotron-super-49b-v1.5,38,256
nvidia/llama-3.3-nemotron-super-49b-v1.5,38,256
nvidia/llama-3.3-nemotron-super-49b-v1.5,37,256
nvidia/llama-3.3-nemotron-super-49b-v1.5,37,256
nvidia/llama-3.3-nemotron-super-49b-v1.5,37,256
nvidia/llama-3.3-nemotron-super-49b-v1.5,37,256
nvidia/llama-3.3-nemotron-super-49b-v1.5,37,256
nvidia/llama-3.3-nemotron-super-49b-v1.5,27,256
nvidia/llama-3.3-nemotron-super-49b-v1.5,27,256
nvidia/llama-3.3-nemotron-super-49b-v1.5,27,256
nvidia/llama-3.3-nemotron-super-49b-v1.5,27,256
nvidia/llama-3.3-nemotron-super-49b-v1.5,27,256
nvidia/llama-3.3-nemotron-super-49b-v1.5,31,256
nvidia/llama-3.3-nemotron-super-49b-v1.5,31,256
nvidia/llama-3.3-nemotron-super-49b-v1.5,31,256
nvidia/llama-3.3-nemotron-super-49b-v1.5,31,256
nvidia/llama-3.3-nemotron-super-49b-v1.5,31,256
nvidia/llama-3.3-nemotron-super-49b-v1.5,31,256
nvidia/llama-3.3-nemotron-super-49b-v1.5,31,256
nvidia/llama-3.3-nemotron-super-49b-v1.5,31,256
nvidia/llama-3.3-nemotron-super-49b-v1.5,31,256
nvidia/llama-3.3-nemotron-super-49b-v1.5,31,256
nvidia/llama-3.3-nemotron-super-49b-v1.5,37,256
nvidia/llama-3.3-nemotron-super-49b-v1.5,37,256
nvidia/llama-3.3-nemotron-super-49b-v1.5,37,256
nvidia/llama-3.3-nemotron-super-49b-v1.5,37,256
nvidia/llama-3.3-nemotron-super-49b-v1.5,37,256
nvidia/llama-3.3-nemotron-super-49b-v1.5,33,256
nvidia/llama-3.3-nemotron-super-49b-v1.5,33,256
nvidia/llama-3.3-nemotron-super-49b-v1.5,33,256
nvidia/llama-3.3-nemotron-super-49b-v1.5,33,256
nvidia/llama-3.3-nemotron-super-49b-v1.5,33,256
nvidia/llama-3.3-nemotron-super-49b-v1.5,40,256
nvidia/llama-3.3-nemotron-super-49b-v1.5,40,256
nvidia/llama-3.3-nemotron-super-49b-v1.5,40,256
nvidia/llama-3.3-nemotron-super-49b-v1.5,40,256
nvidia/llama-3.3-nemotron-super-49b-v1.5,40,256
nvidia/llama-3.3-nemotron-super-49b-v1.5,39,256
nvidia/llama-3.3-nemotron-super-49b-v1.5,39,256
nvidia/llama-3.3-nemotron-super-49b-v1.5,39,256
nvidia/llama-3.3-nemotron-super-49b-v1.5,39,256
nvidia/llama-3.3-nemotron-super-49b-v1.5,39,256
nvidia/llama-3.3-nemotron-super-49b-v1.5,39,12
nvidia/llama-3.3-nemotron-super-49b-v1.5,39,12
nvidia/llama-3.3-nemotron-super-49b-v1.5,39,12
nvidia/llama-3.3-nemotron-super-49b-v1.5,39,12
nvidia/llama-3.3-nemotron-super-49b-v1.5,39,12
nvidia/llama-3.3-nemotron-super-49b-v1.5,40,12
nvidia/llama-3.3-nemotron-super-49b-v1.5,40,12
nvidia/llama-3.3-nemotron-super-49b-v1.5,40,12
nvidia/llama-3.3-nemotron-super-49b-v1.5,40,12
nvidia/llama-3.3-nemotron-super-49b-v1.5,40,12
nvidia/llama-3.3-nemotron-super-49b-v1.5,46,12
nvidia/llama-3.3-nemotron-super-49b-v1.5,46,12
nvidia/llama-3.3-nemotron-super-49b-v1.5,46,12
nvidia/llama-3.3-nemotron-super-49b-v1.5,46,12
nvidia/llama-3.3-nemotron-super-49b-v1.5,46,12
nvidia/llama-3.3-nemotron-super-49b-v1.5,47,12
nvidia/llama-3.3-nemotron-super-49b-v1.5,47,12
nvidia/llama-3.3-nemotron-super-49b-v1.5,47,12
nvidia/llama-3.3-nemotron-super-49b-v1.5,47,12
nvidia/llama-3.3-nemotron-super-49b-v1.5,47,12
nvidia/llama-3.3-nemotron-super-49b-v1.5,42,12
nvidia/llama-3.3-nemotron-super-49b-v1.5,42,12
nvidia/llama-3.3-nemotron-super-49b-v1.5,42,12
nvidia/llama-3.3-nemotron-super-49b-v1.5,42,12
nvidia/llama-3.3-nemotron-super-49b-v1.5,42,12
nvidia/llama-3.3-nemotron-super-49b-v1.5,43,12
nvidia/llama-3.3-nemotron-super-49b-v1.5,43,12
nvidia/llama-3.3-nemotron-super-49b-v1.5,43,12
nvidia/llama-3.3-nemotron-super-49b-v1.5,43,12
nvidia/llama-3.3-nemotron-super-49b-v1.5,43,12
nvidia/llama-3.3-nemotron-super-49b-v1.5,39,12
nvidia/llama-3.3-nemotron-super-49b-v1.5,39,12
nvidia/llama-3.3-nemotron-super-49b-v1.5,39,12
nvidia/llama-3.3-nemotron-super-49b-v1.5,39,12
nvidia/llama-3.3-nemotron-super-49b-v1.5,39,12
nvidia/llama-3.3-nemotron-super-49b-v1.5,40,12
nvidia/llama-3.3-nemotron-super-49b-v1.5,40,12
nvidia/llama-3.3-nemotron-super-49b-v1.5,40,12
nvidia/llama-3.3-nemotron-super-49b-v1.5,40,12
nvidia/llama-3.3-nemotron-super-49b-v1.5,40,12
nvidia/llama-3.3-nemotron-super-49b-v1.5,39,256
nvidia/llama-3.3-nemotron-super-49b-v1.5,39,256
nvidia/llama-3.3-nemotron-super-49b-v1.5,39,256
nvidia/llama-3.3-nemotron-super-49b-v1.5,39,256
nvidia/llama-3.3-nemotron-super-49b-v1.5,39,256
nvidia/llama-3.3-nemotron-super-49b-v1.5,42,256
nvidia/llama-3.3-nemotron-super-49b-v1.5,42,256
nvidia/llama-3.3-nemotron-super-49b-v1.5,42,256
nvidia/llama-3.3-nemotron-super-49b-v1.5,42,256
nvidia/llama-3.3-nemotron-super-49b-v1.5,42,256
nvidia/llama-3.3-nemotron-super-49b-v1.5,44,256
nvidia/llama-3.3-nemotron-super-49b-v1.5,44,256
nvidia/llama-3.3-nemotron-super-49b-v1.5,44,256
nvidia/llama-3.3-nemotron-super-49b-v1.5,44,256
nvidia/llama-3.3-nemotron-super-49b-v1.5,44,256
nvidia/llama-3.3-nemotron-super-49b-v1.5,31,256
nvidia/llama-3.3-nemotron-super-49b-v1.5,31,256
nvidia/llama-3.3-nemotron-super-49b-v1.5,31,256
nvidia/llama-3.3-nemotron-super-49b-v1.5,31,256
nvidia/llama-3.3-nemotron-super-49b-v1.5,31,256
nvidia/llama-3.3-nemotron-super-49b-v1.5,32,256
nvidia/llama-3.3-nemotron-super-49b-v1.5,32,256
nvidia/llama-3.3-nemotron-super-49b-v1.5,32,256
nvidia/llama-3.3-nemotron-super-49b-v1.5,32,256
nvidia/llama-3.3-nemotron-super-49b-v1.5,32,256
nvidia/llama-3.3-nemotron-super-49b-v1.5,32,256
nvidia/llama-3.3-nemotron-super-49b-v1.5,32,256
nvidia/llama-3.3-nemotron-super-49b-v1.5,32,256
nvidia/llama-3.3-nemotron-super-49b-v1.5,32,256
nvidia/llama-3.3-nemotron-super-49b-v1.5,32,256
nvidia/llama-3.3-nemotron-super-49b-v1.5,39,256
nvidia/llama-3.3-nemotron-super-49b-v1.5,39,256
nvidia/llama-3.3-nemotron-super-49b-v1.5,39,256
nvidia/llama-3.3-nemotron-super-49b-v1.5,39,256
nvidia/llama-3.3-nemotron-super-49b-v1.5,39,256
nvidia/llama-3.3-nemotron-super-49b-v1.5,42,256
nvidia/llama-3.3-nemotron-super-49b-v1.5,42,256
nvidia/llama-3.3-nemotron-super-49b-v1.5,42,256
nvidia/llama-3.3-nemotron-super-49b-v1.5,42,256
nvidia/llama-3.3-nemotron-super-49b-v1.5,42,256
nvidia/llama-3.3-nemotron-super-49b-v1.5,41,256
nvidia/llama-3.3-nemotron-super-49b-v1.5,41,256
nvidia/llama-3.3-nemotron-super-49b-v1.5,41,256
nvidia/llama-3.3-nemotron-super-49b-v1.5,41,256
nvidia/llama-3.3-nemotron-super-49b-v1.5,41,256
nvidia/llama-3.3-nemotron-super-49b-v1.5,39,256
nvidia/llama-3.3-nemotron-super-49b-v1.5,39,256
nvidia/llama-3.3-nemotron-super-49b-v1.5,39,256
nvidia/llama-3.3-nemotron-super-49b-v1.5,39,256
nvidia/llama-3.3-nemotron-super-49b-v1.5,39,256
nvidia/llama-3.3-nemotron-super-49b-v1.5,46,12
nvidia/llama-3.3-nemotron-super-49b-v1.5,46,12
nvidia/llama-3.3-nemotron-super-49b-v1.5,46,12
nvidia/llama-3.3-nemotron-super-49b-v1.5,46,12
nvidia/llama-3.3-nemotron-super-49b-v1.5,46,12
nvidia/llama-3.3-nemotron-super-49b-v1.5,47,12
nvidia/llama-3.3-nemotron-super-49b-v1.5,47,12
nvidia/llama-3.3-nemotron-super-49b-v1.5,47,12
nvidia/llama-3.3-nemotron-super-49b-v1.5,47,12
nvidia/llama-3.3-nemotron-super-49b-v1.5,47,12
nvidia/llama-3.3-nemotron-super-49b-v1.5,45,12
nvidia/llama-3.3-nemotron-super-49b-v1.5,45,12
nvidia/llama-3.3-nemotron-super-49b-v1.5,45,12
nvidia/llama-3.3-nemotron-super-49b-v1.5,45,12
nvidia/llama-3.3-nemotron-super-49b-v1.5,45,12
nvidia/llama-3.3-nemotron-super-49b-v1.5,46,12
nvidia/llama-3.3-nemotron-super-49b-v1.5,46,12
nvidia/llama-3.3-nemotron-super-49b-v1.5,46,12
nvidia/llama-3.3-nemotron-super-49b-v1.5,46,12
nvidia/llama-3.3-nemotron-super-49b-v1.5,46,12
nvidia/llama-3.3-nemotron-super-49b-v1.5,41,12
nvidia/llama-3.3-nemotron-super-49b-v1.5,41,12
nvidia/llama-3.3-nemotron-super-49b-v1.5,41,12
nvidia/llama-3.3-nemotron-super-49b-v1.5,41,12
nvidia/llama-3.3-nemotron-super-49b-v1.5,41,12
nvidia/llama-3.3-nemotron-super-49b-v1.5,42,12
nvidia/llama-3.3-nemotron-super-49b-v1.5,42,12
nvidia/llama-3.3-nemotron-super-49b-v1.5,42,12
nvidia/llama-3.3-nemotron-super-49b-v1.5,42,12
nvidia/llama-3.3-nemotron-super-49b-v1.5,42,12
nvidia/llama-3.3-nemotron-super-49b-v1.5,41,12
nvidia/llama-3.3-nemotron-super-49b-v1.5,41,12
nvidia/llama-3.3-nemotron-super-49b-v1.5,41,12
nvidia/llama-3.3-nemotron-super-49b-v1.5,41,12
nvidia/llama-3.3-nemotron-super-49b-v1.5,41,12
nvidia/llama-3.3-nemotron-super-49b-v1.5,42,12
nvidia/llama-3.3-nemotron-super-49b-v1.5,42,12
nvidia/llama-3.3-nemotron-super-49b-v1.5,42,12
nvidia/llama-3.3-nemotron-super-49b-v1.5,42,12
nvidia/llama-3.3-nemotron-super-49b-v1.5,42,12
nvidia/llama-3.3-nemotron-super-49b-v1.5,38,256
nvidia/llama-3.3-nemotron-super-49b-v1.5,38,256
nvidia/llama-3.3-nemotron-super-49b-v1.5,38,256
nvidia/llama-3.3-nemotron-super-49b-v1.5,38,256
nvidia/llama-3.3-nemotron-super-49b-v1.5,38,256
nvidia/llama-3.3-nemotron-super-49b-v1.5,38,256
nvidia/llama-3.3-nemotron-super-49b-v1.5,38,256
nvidia/llama-3.3-nemotron-super-49b-v1.5,38,256
nvidia/llama-3.3-nemotron-super-49b-v1.5,38,256
nvidia/llama-3.3-nemotron-super-49b-v1.5,38,256
nvidia/llama-3.3-nemotron-super-49b-v1.5,37,256
nvidia/llama-3.3-nemotron-super-49b-v1.5,37,256
nvidia/llama-3.3-nemotron-super-49b-v1.5,37,256
nvidia/llama-3.3-nemotron-super-49b-v1.5,37,256
nvidia/llama-3.3-nemotron-super-49b-v1.5,37,256
nvidia/llama-3.3-nemotron-super-49b-v1.5,27,256
nvidia/llama-3.3-nemotron-super-49b-v1.5,27,256
nvidia/llama-3.3-nemotron-super-49b-v1.5,27,256
nvidia/llama-3.3-nemotron-super-49b-v1.5,27,256
nvidia/llama-3.3-nemotron-super-49b-v1.5,27,256
nvidia/llama-3.3-nemotron-super-49b-v1.5,31,226
nvidia/llama-3.3-nemotron-super-49b-v1.5,31,256
nvidia/llama-3.3-nemotron-super-49b-v1.5,31,256
nvidia/llama-3.3-nemotron-super-49b-v1.5,31,256
nvidia/llama-3.3-nemotron-super-49b-v1.5,31,256
nvidia/llama-3.3-nemotron-super-49b-v1.5,31,256
nvidia/llama-3.3-nemotron-super-49b-v1.5,31,256
nvidia/llama-3.3-nemotron-super-49b-v1.5,31,256
nvidia/llama-3.3-nemotron-super-49b-v1.5,31,256
nvidia/llama-3.3-nemotron-super-49b-v1.5,31,256
nvidia/llama-3.3-nemotron-super-49b-v1.5,37,241
nvidia/llama-3.3-nemotron-super-49b-v1.5,37,256
nvidia/llama-3.3-nemotron-super-49b-v1.5,37,256
nvidia/llama-3.3-nemotron-super-49b-v1.5,37,256
nvidia/llama-3.3-nemotron-super-49b-v1.5,37,256
nvidia/llama-3.3-nemotron-super-49b-v1.5,33,256
nvidia/llama-3.3-nemotron-super-49b-v1.5,33,256
nvidia/llama-3.3-nemotron-super-49b-v1.5,33,256
nvidia/llama-3.3-nemotron-super-49b-v1.5,33,256
nvidia/llama-3.3-nemotron-super-49b-v1.5,33,256
nvidia/llama-3.3-nemotron-super-49b-v1.5,40,256
nvidia/llama-3.3-nemotron-super-49b-v1.5,40,256
nvidia/llama-3.3-nemotron-super-49b-v1.5,40,256
nvidia/llama-3.3-nemotron-super-49b-v1.5,40,256
nvidia/llama-3.3-nemotron-super-49b-v1.5,40,256
nvidia/llama-3.3-nemotron-super-49b-v1.5,39,256
nvidia/llama-3.3-nemotron-super-49b-v1.5,39,256
nvidia/llama-3.3-nemotron-super-49b-v1.5,39,256
nvidia/llama-3.3-nemotron-super-49b-v1.5,39,256
nvidia/llama-3.3-nemotron-super-49b-v1.5,39,256
nvidia/llama-3.3-nemotron-super-49b-v1.5,40,12
nvidia/llama-3.3-nemotron-super-49b-v1.5,40,12
nvidia/llama-3.3-nemotron-super-49b-v1.5,40,12
nvidia/llama-3.3-nemotron-super-49b-v1.5,40,12
nvidia/llama-3.3-nemotron-super-49b-v1.5,40,12
nvidia/llama-3.3-nemotron-super-49b-v1.5,41,12
nvidia/llama-3.3-nemotron-super-49b-v1.5,41,12
nvidia/llama-3.3-nemotron-super-49b-v1.5,41,12
nvidia/llama-3.3-nemotron-super-49b-v1.5,41,12
nvidia/llama-3.3-nemotron-super-49b-v1.5,41,12
nvidia/llama-3.3-nemotron-super-49b-v1.5,47,12
nvidia/llama-3.3-nemotron-super-49b-v1.5,47,12
nvidia/llama-3.3-nemotron-super-49b-v1.5,47,12
nvidia/llama-3.3-nemotron-super-49b-v1.5,47,12
nvidia/llama-3.3-nemotron-super-49b-v1.5,47,12
nvidia/llama-3.3-nemotron-super-49b-v1.5,48,12
nvidia/llama-3.3-nemotron-super-49b-v1.5,48,12
nvidia/llama-3.3-nemotron-super-49b-v1.5,48,12
nvidia/llama-3.3-nemotron-super-49b-v1.5,48,12
nvidia/llama-3.3-nemotron-super-49b-v1.5,48,12
nvidia/llama-3.3-nemotron-super-49b-v1.5,43,12
nvidia/llama-3.3-nemotron-super-49b-v1.5,43,8
nvidia/llama-3.3-nemotron-super-49b-v1.5,43,12
nvidia/llama-3.3-nemotron-super-49b-v1.5,43,12
nvidia/llama-3.3-nemotron-super-49b-v1.5,43,8
nvidia/llama-3.3-nemotron-super-49b-v1.5,44,12
nvidia/llama-3.3-nemotron-super-49b-v1.5,44,12
nvidia/llama-3.3-nemotron-super-49b-v1.5,44,12
nvidia/llama-3.3-nemotron-super-49b-v1.5,44,12
nvidia/llama-3.3-nemotron-super-49b-v1.5,44,12
nvidia/llama-3.3-nemotron-super-49b-v1.5,40,12
nvidia/llama-3.3-nemotron-super-49b-v1.5,40,12
nvidia/llama-3.3-nemotron-super-49b-v1.5,40,12
nvidia/llama-3.3-nemotron-super-49b-v1.5,40,12
nvidia/llama-3.3-nemotron-super-49b-v1.5,40,12
nvidia/llama-3.3-nemotron-super-49b-v1.5,41,12
nvidia/llama-3.3-nemotron-super-49b-v1.5,41,12
nvidia/llama-3.3-nemotron-super-49b-v1.5,41,12
nvidia/llama-3.3-nemotron-super-49b-v1.5,41,12
nvidia/llama-3.3-nemotron-super-49b-v1.5,41,12
nvidia/llama-3.3-nemotron-super-49b-v1.5,40,256
nvidia/llama-3.3-nemotron-super-49b-v1.5,40,256
nvidia/llama-3.3-nemotron-super-49b-v1.5,40,256
nvidia/llama-3.3-nemotron-super-49b-v1.5,40,256
nvidia/llama-3.3-nemotron-super-49b-v1.5,40,256
nvidia/llama-3.3-nemotron-super-49b-v1.5,43,256
nvidia/llama-3.3-nemotron-super-49b-v1.5,43,256
nvidia/llama-3.3-nemotron-super-49b-v1.5,43,256
nvidia/llama-3.3-nemotron-super-49b-v1.5,43,256
nvidia/llama-3.3-nemotron-super-49b-v1.5,43,256
nvidia/llama-3.3-nemotron-super-49b-v1.5,45,256
nvidia/llama-3.3-nemotron-super-49b-v1.5,45,256
nvidia/llama-3.3-nemotron-super-49b-v1.5,45,256
nvidia/llama-3.3-nemotron-super-49b-v1.5,45,256
nvidia/llama-3.3-nemotron-super-49b-v1.5,45,256
nvidia/llama-3.3-nemotron-super-49b-v1.5,32,256
nvidia/llama-3.3-nemotron-super-49b-v1.5,32,256
nvidia/llama-3.3-nemotron-super-49b-v1.5,32,256
nvidia/llama-3.3-nemotron-super-49b-v1.5,32,256
nvidia/llama-3.3-nemotron-super-49b-v1.5,32,256
nvidia/llama-3.3-nemotron-super-49b-v1.5,33,256
nvidia/llama-3.3-nemotron-super-49b-v1.5,33,256
nvidia/llama-3.3-nemotron-super-49b-v1.5,33,256
nvidia/llama-3.3-nemotron-super-49b-v1.5,33,256
nvidia/llama-3.3-nemotron-super-49b-v1.5,33,256
nvidia/llama-3.3-nemotron-super-49b-v1.5,33,256
nvidia/llama-3.3-nemotron-super-49b-v1.5,33,256
nvidia/llama-3.3-nemotron-super-49b-v1.5,33,256
nvidia/llama-3.3-nemotron-super-49b-v1.5,33,256
nvidia/llama-3.3-nemotron-super-49b-v1.5,33,256
nvidia/llama-3.3-nemotron-super-49b-v1.5,40,256
nvidia/llama-3.3-nemotron-super-49b-v1.5,40,256
nvidia/llama-3.3-nemotron-super-49b-v1.5,40,256
nvidia/llama-3.3-nemotron-super-49b-v1.5,40,256
nvidia/llama-3.3-nemotron-super-49b-v1.5,40,256
nvidia/llama-3.3-nemotron-super-49b-v1.5,43,256
nvidia/llama-3.3-nemotron-super-49b-v1.5,43,256
nvidia/llama-3.3-nemotron-super-49b-v1.5,43,256
nvidia/llama-3.3-nemotron-super-49b-v1.5,43,256
nvidia/llama-3.3-nemotron-super-49b-v1.5,43,256
nvidia/llama-3.3-nemotron-super-49b-v1.5,42,256
nvidia/llama-3.3-nemotron-super-49b-v1.5,42,256
nvidia/llama-3.3-nemotron-super-49b-v1.5,42,256
nvidia/llama-3.3-nemotron-super-49b-v1.5,42,256
nvidia/llama-3.3-nemotron-super-49b-v1.5,42,256
nvidia/llama-3.3-nemotron-super-49b-v1.5,40,256
nvidia/llama-3.3-nemotron-super-49b-v1.5,40,256
nvidia/llama-3.3-nemotron-super-49b-v1.5,40,256
nvidia/llama-3.3-nemotron-super-49b-v1.5,40,256
nvidia/llama-3.3-nemotron-super-49b-v1.5,40,256
mock/llama-base,20,1
mock/llama-base,20,1
mock/llama-base,20,1
mock/llama-base,20,1
mock/llama-base,20,1
mock/llama-base,20,1
mock/llama-base,20,1
mock/llama-base,20,1
mock/llama-base,20,1
mock/llama-base,20,1
mock/llama-base,20,1
mock/llama-base,20,1
mock/llama-base,20,1
mock/llama-base,20,1
mock/llama-base,20,1
mock/llama-base,20,1
mock/llama-base,20,1
mock/llama-base,20,1
mock/llama-base,20,1
mock/llama-base,20,1
mock/llama-base,20,1
mock/llama-base,20,1
mock/llama-base,20,1
mock/llama-base,20,1
mock/llama-base,20,1
mock/llama-base,20,1
mock/llama-base,20,1
mock/llama-base,20,1
mock/llama-base,20,1
mock/llama-base,20,1
mock/llama-base,20,1
mock/llama-base,20,1
mock/llama-base,20,1
mock/llama-base,20,1
mock/llama-base,20,1
mock/llama-base,20,1
mock/llama-base,20,1
mock/llama-base,20,1
mock/llama-base,20,1
mock/llama-base,20,1
mock/llama-base,20,1
mock/llama-base,20,1
mock/llama-base,20,1
mock/llama-base,20,1
mock/llama-base,20,1
mock/llama-base,20,1
mock/llama-base,20,1
mock/llama-base,20,1
mock/llama-base,20,1
mock/llama-base,20,1
mock/llama-base,20,1
mock/llama-base,20,1
mock/llama-base,20,1
mock/llama-base,20,1
mock/llama-base,20,1
mock/llama-base,20,1
mock/llama-base,20,1
mock/llama-base,20,1
mock/llama-base,20,1
mock/llama-base,20,1
mock/llama-base,20,1
mock/llama-base,20,1
mock/llama-base,20,1
mock/llama-base,20,1
mock/llama-base,25,20
mock/llama-base,25,20
mock/llama-base,25,20
mock/llama-base,25,20
mock/llama-base,25,20
mock/llama-base,25,20
mock/llama-base,25,20
mock/llama-base,25,20
mock/llama-base,25,20
mock/llama-base,25,20
mock/llama-base,25,20
mock/llama-base,25,20
mock/llama-base,25,12
mock/llama-base,25,12
mock/llama-base,25,12
mock/llama-base,25,12
mock/llama-base,25,20
mock/llama-base,25,20
mock/llama-base,25,20
mock/llama-base,25,20
mock/llama-base,25,20
mock/llama-base,25,20
mock/llama-base,25,20
mock/llama-base,25,20
mock/llama-base,25,20
mock/llama-base,25,20
mock/llama-base,25,20
mock/llama-base,25,20
mock/llama-base,25,20
mock/llama-base,25,20
mock/llama-base,25,20
mock/llama-base,25,20
mock/llama-base,25,20
mock/llama-base,25,20
mock/llama-base,25,20
mock/llama-base,25,20
mock/llama-base,25,20
mock/llama-base,25,12
mock/llama-base,25,20
mock/llama-base,25,20
mock/llama-base,25,20
mock/llama-base,25,20
mock/llama-base,25,12
mock/llama-base,25,20
mock/llama-base,25,20
mock/llama-base,25,20
mock/llama-base,25,20
mock/llama-base,25,20
mock/llama-base,25,20
mock/llama-base,25,20
mock/llama-base,25,20
mock/llama-base,25,20
mock/llama-base,25,20
mock/llama-base,25,12
mock/llama-base,25,20
mock/llama-base,25,20
mock/llama-base,25,20
mock/llama-base,25,20
mock/llama-base,25,20
mock/llama-base,25,20
mock/llama-base,25,20
mock/llama-base,25,20
mock/llama-base,25,20
mock/llama-base,25,20
mock/llama-base,25,20
mock/llama-base,25,20
mock/llama-base,25,20
mock/llama-base,25,20
mock/llama-base,25,20
mock/llama-base,25,20
mock/llama-base,25,20
mock/llama-base,25,20
mock/llama-base,25,20
mock/llama-base,25,20
mock/llama-base,25,20
mock/llama-base,25,20
mock/llama-base,25,20
mock/llama-base,25,20
mock/llama-base,25,20
mock/llama-base,25,20
mock/llama-base,20,1
mock/llama-base,20,1
mock/llama-base,20,1
mock/llama-base,20,1
mock/llama-base,20,1
mock/llama-base,20,1
mock/llama-base,20,1
mock/llama-base,20,1
mock/llama-base,20,1
mock/llama-base,20,1
mock/llama-base,20,1
mock/llama-base,20,1
mock/llama-base,20,1
mock/llama-base,20,1
mock/llama-base,20,1
mock/llama-base,20,1
mock/llama-base,20,1
mock/llama-base,20,1
mock/llama-base,20,1
mock/llama-base,20,1
mock/llama-base,20,1
mock/llama-base,20,1
mock/llama-base,20,1
mock/llama-base,20,1
mock/llama-base,20,1
mock/llama-base,20,1
mock/llama-base,20,1
mock/llama-base,20,1
mock/llama-base,20,1
mock/llama-base,20,1
mock/llama-base,20,1
mock/llama-base,20,1
mock/llama-base,20,1
mock/llama-base,20,1
mock/llama-base,20,1
mock/llama-base,20,1
mock/llama-base,20,1
mock/llama-base,20,1
mock/llama-base,20,1
mock/llama-base,20,1
mock/llama-base,20,1
mock/llama-base,20,1
mock/llama-base,20,1
mock/llama-base,20,1
mock/llama-base,20,1
mock/llama-base,20,1
mock/llama-base,20,1
mock/llama-base,20,1
mock/llama-base,20,1
mock/llama-base,20,1
mock/llama-base,20,1
mock/llama-base,20,1
mock/llama-base,20,1
mock/llama-base,20,1
mock/llama-base,20,1
mock/llama-base,20,1
mock/llama-base,20,1
mock/llama-base,20,1
mock/llama-base,20,1
mock/llama-base,20,1
mock/llama-base,20,1
mock/llama-base,20,1
mock/llama-base,20,1
mock/llama-base,20,1
mock/llama-base,25,20
mock/llama-base,25,20
mock/llama-base,25,20
mock/llama-base,25,20
mock/llama-base,25,20
mock/llama-base,25,20
mock/llama-base,25,20
mock/llama-base,25,20
mock/llama-base,25,20
mock/llama-base,25,20
mock/llama-base,25,20
mock/llama-base,25,20
mock/llama-base,25,20
mock/llama-base,25,20
mock/llama-base,25,20
mock/llama-base,25,20
mock/llama-base,25,20
mock/llama-base,25,20
mock/llama-base,25,20
mock/llama-base,25,20
mock/llama-base,25,20
mock/llama-base,25,20
mock/llama-base,25,12
mock/llama-base,25,20
mock/llama-base,25,20
mock/llama-base,25,20
mock/llama-base,25,12
mock/llama-base,25,20
mock/llama-base,25,20
mock/llama-base,25,20
mock/llama-base,25,20
mock/llama-base,25,20
mock/llama-base,25,20
mock/llama-base,25,20
mock/llama-base,25,20
mock/llama-base,25,20
mock/llama-base,25,20
mock/llama-base,25,20
mock/llama-base,25,20
mock/llama-base,25,20
mock/llama-base,25,20
mock/llama-base,25,20
mock/llama-base,25,20
mock/llama-base,25,20
mock/llama-base,25,20
mock/llama-base,25,20
mock/llama-base,25,20
mock/llama-base,25,20
mock/llama-base,25,20
mock/llama-base,25,20
mock/llama-base,25,20
mock/llama-base,25,20
mock/llama-base,25,20
mock/llama-base,25,20
mock/llama-base,25,20
mock/llama-base,25,20
mock/llama-base,25,20
mock/llama-base,25,20
mock/llama-base,25,20
mock/llama-base,25,20
mock/llama-base,25,20
mock/llama-base,25,20
mock/llama-base,25,20
mock/llama-base,25,20
mock/llama-base,25,20
mock/llama-base,25,20
mock/llama-base,25,20
mock/llama-base,25,20
mock/llama-base,25,20
mock/llama-base,25,20
mock/llama-base,25,20
mock/llama-base,25,20
mock/llama-base,25,20
mock/llama-base,25,20
mock/llama-base,25,20
mock/llama-base,25,20
mock/llama-base,25,20
mock/llama-base,25,20
mock/llama-base,25,20
mock/llama-base,25,20
mock/llama-base,20,1
mock/llama-base,20,1
mock/llama-base,20,1
mock/llama-base,20,1
mock/llama-base,20,1
mock/llama-base,20,1
mock/llama-base,20,1
mock/llama-base,20,1
mock/llama-base,20,1
mock/llama-base,20,1
mock/llama-base,20,1
mock/llama-base,20,1
mock/llama-base,20,1
mock/llama-base,20,1
mock/llama-base,20,1
mock/llama-base,20,1
mock/llama-base,20,1
mock/llama-base,20,1
mock/llama-base,20,1
mock/llama-base,20,1
mock/llama-base,20,1
mock/llama-base,20,1
mock/llama-base,20,1
mock/llama-base,20,1
mock/llama-base,20,1
mock/llama-base,20,1
mock/llama-base,20,1
mock/llama-base,20,1
mock/llama-base,20,1
mock/llama-base,20,1
mock/llama-base,20,1
mock/llama-base,20,1
mock/llama-base,20,1
mock/llama-base,20,1
mock/llama-base,20,1
mock/llama-base,20,1
mock/llama-base,20,1
mock/llama-base,20,1
mock/llama-base,20,1
mock/llama-base,20,1
mock/llama-base,20,1
mock/llama-base,20,1
mock/llama-base,20,1
mock/llama-base,20,1
mock/llama-base,20,1
mock/llama-base,20,1
mock/llama-base,20,1
mock/llama-base,20,1
mock/llama-base,20,1
mock/llama-base,20,1
mock/llama-base,20,1
mock/llama-base,20,1
mock/llama-base,20,1
mock/llama-base,20,1
mock/llama-base,20,1
mock/llama-base,20,1
mock/llama-base,20,1
mock/llama-base,20,1
mock/llama-base,20,1
mock/llama-base,20,1
mock/llama-base,20,1
mock/llama-base,20,1
mock/llama-base,20,1
mock/llama-base,20,1
mock/llama-base,25,20
mock/llama-base,25,20
mock/llama-base,25,20
mock/llama-base,25,20
mock/llama-base,25,20
mock/llama-base,25,20
mock/llama-base,25,20
mock/llama-base,25,20
mock/llama-base,25,20
mock/llama-base,25,20
mock/llama-base,25,20
mock/llama-base,25,20
mock/llama-base,25,20
mock/llama-base,25,20
mock/llama-base,25,20
mock/llama-base,25,20
mock/llama-base,25,20
mock/llama-base,25,20
mock/llama-base,25,20
mock/llama-base,25,20
mock/llama-base,25,20
mock/llama-base,25,20
mock/llama-base,25,20
mock/llama-base,25,20
mock/llama-base,25,20
mock/llama-base,25,20
mock/llama-base,25,12
mock/llama-base,25,12
mock/llama-base,25,20
mock/llama-base,25,20
mock/llama-base,25,20
mock/llama-base,25,20
mock/llama-base,25,20
mock/llama-base,25,20
mock/llama-base,25,20
mock/llama-base,25,12
mock/llama-base,25,20
mock/llama-base,25,20
mock/llama-base,25,20
mock/llama-base,25,20
mock/llama-base,25,20
mock/llama-base,25,20
mock/llama-base,25,20
mock/llama-base,25,20
mock/llama-base,25,12
mock/llama-base,25,20
mock/llama-base,25,20
mock/llama-base,25,20
mock/llama-base,25,12
mock/llama-base,25,20
mock/llama-base,25,20
mock/llama-base,25,20
mock/llama-base,25,20
mock/llama-base,25,20
mock/llama-base,25,20
mock/llama-base,25,20
mock/llama-base,25,20
mock/llama-base,25,20
mock/llama-base,25,20
mock/llama-base,25,20
mock/llama-base,25,20
mock/llama-base,25,12
mock/llama-base,25,20
mock/llama-base,25,20
mock/llama-base,25,12
mock/llama-base,25,12
mock/llama-base,25,20
mock/llama-base,25,20
mock/llama-base,25,20
mock/llama-base,25,20
mock/llama-base,25,20
mock/llama-base,25,20
mock/llama-base,25,20
mock/llama-base,25,20
mock/llama-base,25,20
mock/llama-base,25,20
mock/llama-base,25,20
mock/llama-base,25,12
mock/llama-base,25,20
mock/llama-base,25,20
mock/llama-base,20,1
mock/llama-base,20,1
mock/llama-base,20,1
mock/llama-base,20,1
mock/llama-base,20,1
mock/llama-base,20,1
mock/llama-base,20,1
mock/llama-base,20,1
mock/llama-base,20,1
mock/llama-base,20,1
mock/llama-base,20,1
mock/llama-base,20,1
mock/llama-base,20,1
mock/llama-base,20,1
mock/llama-base,20,1
mock/llama-base,20,1
mock/llama-base,20,1
mock/llama-base,20,1
mock/llama-base,20,1
mock/llama-base,20,1
mock/llama-base,20,1
mock/llama-base,20,1
mock/llama-base,20,1
mock/llama-base,20,1
mock/llama-base,20,1
mock/llama-base,20,1
mock/llama-base,20,1
mock/llama-base,20,1
mock/llama-base,20,1
mock/llama-base,20,1
mock/llama-base,20,1
mock/llama-base,20,1
mock/llama-base,20,1
mock/llama-base,20,1
mock/llama-base,20,1
mock/llama-base,20,1
mock/llama-base,20,1
mock/llama-base,20,1
mock/llama-base,20,1
mock/llama-base,20,1
mock/llama-base,20,1
mock/llama-base,20,1
mock/llama-base,20,1
mock/llama-base,20,1
mock/llama-base,20,1
mock/llama-base,20,1
mock/llama-base,20,1
mock/llama-base,20,1
mock/llama-base,20,1
mock/llama-base,20,1
mock/llama-base,20,1
mock/llama-base,20,1
mock/llama-base,20,1
mock/llama-base,20,1
mock/llama-base,20,1
mock/llama-base,20,1
mock/llama-base,20,1
mock/llama-base,20,1
mock/llama-base,20,1
mock/llama-base,20,1
mock/llama-base,20,1
mock/llama-base,20,1
mock/llama-base,20,1
mock/llama-base,20,1
mock/llama-base,25,20
mock/llama-base,25,20
mock/llama-base,25,20
mock/llama-base,25,20
mock/llama-base,25,20
mock/llama-base,25,20
mock/llama-base,25,20
mock/llama-base,25,20
mock/llama-base,25,20
mock/llama-base,25,20
mock/llama-base,25,20
mock/llama-base,25,20
mock/llama-base,25,20
mock/llama-base,25,20
mock/llama-base,25,20
mock/llama-base,25,20
mock/llama-base,25,20
mock/llama-base,25,20
mock/llama-base,25,20
mock/llama-base,25,20
mock/llama-base,25,20
mock/llama-base,25,20
mock/llama-base,25,20
mock/llama-base,25,20
mock/llama-base,25,20
mock/llama-base,25,20
mock/llama-base,25,20
mock/llama-base,25,20
mock/llama-base,25,20
mock/llama-base,25,20
mock/llama-base,25,20
mock/llama-base,25,20
mock/llama-base,25,20
mock/llama-base,25,20
mock/llama-base,25,20
mock/llama-base,25,20
mock/llama-base,25,20
mock/llama-base,25,20
mock/llama-base,25,20
mock/llama-base,25,20
mock/llama-base,25,20
mock/llama-base,25,20
mock/llama-base,25,20
mock/llama-base,25,20
mock/llama-base,25,20
mock/llama-base,25,20
mock/llama-base,25,20
mock/llama-base,25,20
mock/llama-base,25,20
mock/llama-base,25,20
mock/llama-base,25,12
mock/llama-base,25,20
mock/llama-base,25,20
mock/llama-base,25,20
mock/llama-base,25,20
mock/llama-base,25,20
mock/llama-base,25,20
mock/llama-base,25,20
mock/llama-base,25,12
mock/llama-base,25,20
mock/llama-base,25,20
mock/llama-base,25,20
mock/llama-base,25,20
mock/llama-base,25,12
mock/llama-base,25,20
mock/llama-base,25,20
mock/llama-base,25,20
mock/llama-base,25,20
mock/llama-base,25,20
mock/llama-base,25,20
mock/llama-base,25,12
mock/llama-base,25,20
mock/llama-base,25,12
mock/llama-base,25,20
mock/llama-base,25,20
mock/llama-base,25,20
mock/llama-base,25,20
mock/llama-base,25,12
mock/llama-base,25,20
mock/llama-base,25,20
mock/llama-base,20,1
mock/llama-base,20,1
mock/llama-base,20,1
mock/llama-base,20,1
mock/llama-base,20,1
mock/llama-base,20,1
mock/llama-base,20,1
mock/llama-base,20,1
mock/llama-base,20,1
mock/llama-base,20,1
mock/llama-base,20,1
mock/llama-base,20,1
mock/llama-base,20,1
mock/llama-base,20,1
mock/llama-base,20,1
mock/llama-base,20,1
mock/llama-base,20,1
mock/llama-base,20,1
mock/llama-base,20,1
mock/llama-base,20,1
mock/llama-base,20,1
mock/llama-base,20,1
mock/llama-base,20,1
mock/llama-base,20,1
mock/llama-base,20,1
mock/llama-base,20,1
mock/llama-base,20,1
mock/llama-base,20,1
mock/llama-base,20,1
mock/llama-base,20,1
mock/llama-base,20,1
mock/llama-base,20,1
mock/llama-base,20,1
mock/llama-base,20,1
mock/llama-base,20,1
mock/llama-base,20,1
mock/llama-base,20,1
mock/llama-base,20,1
mock/llama-base,20,1
mock/llama-base,20,1
mock/llama-base,20,1
mock/llama-base,20,1
mock/llama-base,20,1
mock/llama-base,20,1
mock/llama-base,20,1
mock/llama-base,20,1
mock/llama-base,20,1
mock/llama-base,20,1
mock/llama-base,20,1
mock/llama-base,20,1
mock/llama-base,20,1
mock/llama-base,20,1
mock/llama-base,20,1
mock/llama-base,20,1
mock/llama-base,20,1
mock/llama-base,20,1
mock/llama-base,20,1
mock/llama-base,20,1
mock/llama-base,20,1
mock/llama-base,20,1
mock/llama-base,20,1
mock/llama-base,20,1
mock/llama-base,20,1
mock/llama-base,20,1
mock/llama-base,25,20
mock/llama-base,25,20
mock/llama-base,25,20
mock/llama-base,25,20
mock/llama-base,25,20
mock/llama-base,25,20
mock/llama-base,25,20
mock/llama-base,25,20
mock/llama-base,25,20
mock/llama-base,25,20
mock/llama-base,25,20
mock/llama-base,25,20
mock/llama-base,25,20
mock/llama-base,25,20
mock/llama-base,25,20
mock/llama-base,25,20
mock/llama-base,25,20
mock/llama-base,25,20
mock/llama-base,25,20
mock/llama-base,25,20
mock/llama-base,25,20
mock/llama-base,25,20
mock/llama-base,25,20
mock/llama-base,25,20
mock/llama-base,25,20
mock/llama-base,25,12
mock/llama-base,25,20
mock/llama-base,25,20
mock/llama-base,25,12
mock/llama-base,25,20
mock/llama-base,25,20
mock/llama-base,25,20
mock/llama-base,25,20
mock/llama-base,25,20
mock/llama-base,25,12
mock/llama-base,25,20
mock/llama-base,25,20
mock/llama-base,25,12
mock/llama-base,25,20
mock/llama-base,25,20
mock/llama-base,25,20
mock/llama-base,25,20
mock/llama-base,25,20
mock/llama-base,25,20
mock/llama-base,25,20
mock/llama-base,25,20
mock/llama-base,25,20
mock/llama-base,25,20
mock/llama-base,25,20
mock/llama-base,25,20
mock/llama-base,25,20
mock/llama-base,25,20
mock/llama-base,25,20
mock/llama-base,25,20
mock/llama-base,25,20
mock/llama-base,25,20
mock/llama-base,25,20
mock/llama-base,25,12
mock/llama-base,25,12
mock/llama-base,25,20
mock/llama-base,25,20
mock/llama-base,25,20
mock/llama-base,25,20
mock/llama-base,25,20
mock/llama-base,25,20
mock/llama-base,25,20
mock/llama-base,25,20
mock/llama-base,25,20
mock/llama-base,25,20
mock/llama-base,25,20
mock/llama-base,25,20
mock/llama-base,25,20
mock/llama-base,25,20
mock/llama-base,25,20
mock/llama-base,25,20
mock/llama-base,25,20
mock/llama-base,25,20
mock/llama-base,25,20
mock/llama-base,25,20
mock/llama-base,25,20
mock/llama-base,20,1
mock/llama-base,20,1
mock/llama-base,20,1
mock/llama-base,20,1
mock/llama-base,20,1
mock/llama-base,20,1
mock/llama-base,20,1
mock/llama-base,20,1
mock/llama-base,20,1
mock/llama-base,20,1
mock/llama-base,20,1
mock/llama-base,20,1
mock/llama-base,20,1
mock/llama-base,20,1
mock/llama-base,20,1
mock/llama-base,20,1
mock/llama-base,20,1
mock/llama-base,20,1
mock/llama-base,20,1
mock/llama-base,20,1
mock/llama-base,20,1
mock/llama-base,20,1
mock/llama-base,20,1
mock/llama-base,20,1
mock/llama-base,20,1
mock/llama-base,20,1
mock/llama-base,20,1
mock/llama-base,20,1
mock/llama-base,20,1
mock/llama-base,20,1
mock/llama-base,20,1
mock/llama-base,20,1
mock/llama-base,20,1
mock/llama-base,20,1
mock/llama-base,20,1
mock/llama-base,20,1
mock/llama-base,20,1
mock/llama-base,20,1
mock/llama-base,20,1
mock/llama-base,20,1
mock/llama-base,20,1
mock/llama-base,20,1
mock/llama-base,20,1
mock/llama-base,20,1
mock/llama-base,20,1
mock/llama-base,20,1
mock/llama-base,20,1
mock/llama-base,20,1
mock/llama-base,20,1
mock/llama-base,20,1
mock/llama-base,20,1
mock/llama-base,20,1
mock/llama-base,20,1
mock/llama-base,20,1
mock/llama-base,20,1
mock/llama-base,20,1
mock/llama-base,20,1
mock/llama-base,20,1
mock/llama-base,20,1
mock/llama-base,20,1
mock/llama-base,20,1
mock/llama-base,20,1
mock/llama-base,20,1
mock/llama-base,20,1
mock/llama-base,25,20
mock/llama-base,25,20
mock/llama-base,25,20
mock/llama-base,25,12
mock/llama-base,25,20
mock/llama-base,25,20
mock/llama-base,25,20
mock/llama-base,25,20
mock/llama-base,25,20
mock/llama-base,25,20
mock/llama-base,25,20
mock/llama-base,25,12
mock/llama-base,25,20
mock/llama-base,25,20
mock/llama-base,25,20
mock/llama-base,25,20
mock/llama-base,25,20
mock/llama-base,25,12
mock/llama-base,25,20
mock/llama-base,25,20
mock/llama-base,25,20
mock/llama-base,25,20
mock/llama-base,25,20
mock/llama-base,25,20
mock/llama-base,25,20
mock/llama-base,25,20
mock/llama-base,25,20
mock/llama-base,25,20
mock/llama-base,25,20
mock/llama-base,25,20
mock/llama-base,25,20
mock/llama-base,25,20
mock/llama-base,25,20
mock/llama-base,25,20
mock/llama-base,25,20
mock/llama-base,25,20
mock/llama-base,25,20
mock/llama-base,25,20
mock/llama-base,25,20
mock/llama-base,25,20
mock/llama-base,25,12
mock/llama-base,25,20
mock/llama-base,25,20
mock/llama-base,25,20
mock/llama-base,25,20
mock/llama-base,25,20
mock/llama-base,25,12
mock/llama-base,25,20
mock/llama-base,25,12
mock/llama-base,25,20
mock/llama-base,25,20
mock/llama-base,25,20
mock/llama-base,25,20
mock/llama-base,25,20
mock/llama-base,25,20
mock/llama-base,25,12
mock/llama-base,25,20
mock/llama-base,25,20
mock/llama-base,25,20
mock/llama-base,25,20
mock/llama-base,25,20
mock/llama-base,25,12
mock/llama-base,25,20
mock/llama-base,25,20
mock/llama-base,25,20
mock/llama-base,25,20
mock/llama-base,25,20
mock/llama-base,25,20
mock/llama-base,25,12
mock/llama-base,25,20
mock/llama-base,25,20
mock/llama-base,25,12
mock/llama-base,25,20
mock/llama-base,25,20
mock/llama-base,25,20
mock/llama-base,25,20
mock/llama-base,25,20
mock/llama-base,25,20
mock/llama-base,25,12
mock/llama-base,25,20
mock/llama-base,20,1
mock/llama-base,20,1
mock/llama-base,20,1
mock/llama-base,20,1
mock/llama-base,20,1
mock/llama-base,20,1
mock/llama-base,20,1
mock/llama-base,20,1
mock/llama-base,20,1
mock/llama-base,20,1
mock/llama-base,20,1
mock/llama-base,20,1
mock/llama-base,20,1
mock/llama-base,20,1
mock/llama-base,20,1
mock/llama-base,20,1
mock/llama-base,20,1
mock/llama-base,20,1
mock/llama-base,20,1
mock/llama-base,20,1
mock/llama-base,20,1
mock/llama-base,20,1
mock/llama-base,20,1
mock/llama-base,20,1
mock/llama-base,20,1
mock/llama-base,20,1
mock/llama-base,20,1
mock/llama-base,20,1
mock/llama-base,20,1
mock/llama-base,20,1
mock/llama-base,20,1
mock/llama-base,20,1
mock/llama-base,20,1
mock/llama-base,20,1
mock/llama-base,20,1
mock/llama-base,20,1
mock/llama-base,20,1
mock/llama-base,20,1
mock/llama-base,20,1
mock/llama-base,20,1
mock/llama-base,20,1
mock/llama-base,20,1
mock/llama-base,20,1
mock/llama-base,20,1
mock/llama-base,20,1
mock/llama-base,20,1
mock/llama-base,20,1
mock/llama-base,20,1
mock/llama-base,20,1
mock/llama-base,20,1
mock/llama-base,20,1
mock/llama-base,20,1
mock/llama-base,20,1
mock/llama-base,20,1
mock/llama-base,20,1
mock/llama-base,20,1
mock/llama-base,20,1
mock/llama-base,20,1
mock/llama-base,20,1
mock/llama-base,20,1
mock/llama-base,20,1
mock/llama-base,20,1
mock/llama-base,20,1
mock/llama-base,20,1
mock/llama-base,25,20
mock/llama-base,25,20
mock/llama-base,25,12
mock/llama-base,25,20
mock/llama-base,25,12
mock/llama-base,25,20
mock/llama-base,25,20
mock/llama-base,25,20
mock/llama-base,25,20
mock/llama-base,25,20
mock/llama-base,25,20
mock/llama-base,25,20
mock/llama-base,25,12
mock/llama-base,25,20
mock/llama-base,25,20
mock/llama-base,25,20
mock/llama-base,25,12
mock/llama-base,25,20
mock/llama-base,25,20
mock/llama-base,25,20
mock/llama-base,25,20
mock/llama-base,25,20
mock/llama-base,25,20
mock/llama-base,25,20
mock/llama-base,25,20
mock/llama-base,25,12
mock/llama-base,25,20
mock/llama-base,25,20
mock/llama-base,25,20
mock/llama-base,25,20
mock/llama-base,25,20
mock/llama-base,25,20
mock/llama-base,25,20
mock/llama-base,25,20
mock/llama-base,25,20
mock/llama-base,25,20
mock/llama-base,25,20
mock/llama-base,25,20
mock/llama-base,25,20
mock/llama-base,25,20
mock/llama-base,25,20
mock/llama-base,25,20
mock/llama-base,25,20
mock/llama-base,25,20
mock/llama-base,25,20
mock/llama-base,25,20
mock/llama-base,25,20
mock/llama-base,25,12
mock/llama-base,25,20
mock/llama-base,25,20
mock/llama-base,25,20
mock/llama-base,25,20
mock/llama-base,25,20
mock/llama-base,25,20
mock/llama-base,25,20
mock/llama-base,25,20
mock/llama-base,25,20
mock/llama-base,25,20
mock/llama-base,25,20
mock/llama-base,25,12
mock/llama-base,25,20
mock/llama-base,25,20
mock/llama-base,25,20
mock/llama-base,25,12
mock/llama-base,25,20
mock/llama-base,25,20
mock/llama-base,25,20
mock/llama-base,25,20
mock/llama-base,25,20
mock/llama-base,25,20
mock/llama-base,25,20
mock/llama-base,25,20
mock/llama-base,25,20
mock/llama-base,25,20
mock/llama-base,25,20
mock/llama-base,25,20
mock/llama-base,25,12
mock/llama-base,25,20
mock/llama-base,25,20
mock/llama-base,25,20
mock/llama-base,20,1
mock/llama-base,20,1
mock/llama-base,20,1
mock/llama-base,20,1
mock/llama-base,20,1
mock/llama-base,20,1
mock/llama-base,20,1
mock/llama-base,20,1
mock/llama-base,20,1
mock/llama-base,20,1
mock/llama-base,20,1
mock/llama-base,20,1
mock/llama-base,20,1
mock/llama-base,20,1
mock/llama-base,20,1
mock/llama-base,20,1
mock/llama-base,20,1
mock/llama-base,20,1
mock/llama-base,20,1
mock/llama-base,20,1
mock/llama-base,20,1
mock/llama-base,20,1
mock/llama-base,20,1
mock/llama-base,20,1
mock/llama-base,20,1
mock/llama-base,20,1
mock/llama-base,20,1
mock/llama-base,20,1
mock/llama-base,20,1
mock/llama-base,20,1
mock/llama-base,20,1
mock/llama-base,20,1
mock/llama-base,20,1
mock/llama-base,20,1
mock/llama-base,20,1
mock/llama-base,20,1
mock/llama-base,20,1
mock/llama-base,20,1
mock/llama-base,20,1
mock/llama-base,20,1
mock/llama-base,20,1
mock/llama-base,20,1
mock/llama-base,20,1
mock/llama-base,20,1
mock/llama-base,20,1
mock/llama-base,20,1
mock/llama-base,20,1
mock/llama-base,20,1
mock/llama-base,20,1
mock/llama-base,20,1
mock/llama-base,20,1
mock/llama-base,20,1
mock/llama-base,20,1
mock/llama-base,20,1
mock/llama-base,20,1
mock/llama-base,20,1
mock/llama-base,20,1
mock/llama-base,20,1
mock/llama-base,20,1
mock/llama-base,20,1
mock/llama-base,20,1
mock/llama-base,20,1
mock/llama-base,20,1
mock/llama-base,20,1
mock/llama-base,25,20
mock/llama-base,25,20
mock/llama-base,25,20
mock/llama-base,25,20
mock/llama-base,25,20
mock/llama-base,25,20
mock/llama-base,25,20
mock/llama-base,25,20
mock/llama-base,25,20
mock/llama-base,25,20
mock/llama-base,25,20
mock/llama-base,25,20
mock/llama-base,25,20
mock/llama-base,25,20
mock/llama-base,25,20
mock/llama-base,25,20
mock/llama-base,25,20
mock/llama-base,25,20
mock/llama-base,25,12
mock/llama-base,25,20
mock/llama-base,25,20
mock/llama-base,25,20
mock/llama-base,25,12
mock/llama-base,25,20
mock/llama-base,25,20
mock/llama-base,25,12
mock/llama-base,25,20
mock/llama-base,25,20
mock/llama-base,25,20
mock/llama-base,25,20
mock/llama-base,25,20
mock/llama-base,25,20
mock/llama-base,25,12
mock/llama-base,25,12
mock/llama-base,25,20
mock/llama-base,25,20
mock/llama-base,25,20
mock/llama-base,25,20
mock/llama-base,25,20
mock/llama-base,25,20
mock/llama-base,25,20
mock/llama-base,25,20
mock/llama-base,25,20
mock/llama-base,25,20
mock/llama-base,25,20
mock/llama-base,25,20
mock/llama-base,25,20
mock/llama-base,25,20
mock/llama-base,25,20
mock/llama-base,25,20
mock/llama-base,25,20
mock/llama-base,25,20
mock/llama-base,25,20
mock/llama-base,25,20
mock/llama-base,25,20
mock/llama-base,25,20
mock/llama-base,25,20
mock/llama-base,25,20
mock/llama-base,25,20
mock/llama-base,25,20
mock/llama-base,25,20
mock/llama-base,25,12
mock/llama-base,25,12
mock/llama-base,25,20
mock/llama-base,25,20
mock/llama-base,25,20
mock/llama-base,25,20
mock/llama-base,25,20
mock/llama-base,25,20
mock/llama-base,25,20
mock/llama-base,25,12
mock/llama-base,25,20
mock/llama-base,25,20
mock/llama-base,25,20
mock/llama-base,25,20
mock/llama-base,25,20
mock/llama-base,25,20
mock/llama-base,25,12
mock/llama-base,25,12
mock/llama-base,25,20
mock/llama-base,20,1
mock/llama-base,20,1
mock/llama-base,20,1
mock/llama-base,20,1
mock/llama-base,20,1
mock/llama-base,20,1
mock/llama-base,20,1
mock/llama-base,20,1
mock/llama-base,20,1
mock/llama-base,20,1
mock/llama-base,20,1
mock/llama-base,20,1
mock/llama-base,20,1
mock/llama-base,20,1
mock/llama-base,20,1
mock/llama-base,20,1
mock/llama-base,20,1
mock/llama-base,20,1
mock/llama-base,20,1
mock/llama-base,20,1
mock/llama-base,20,1
mock/llama-base,20,1
mock/llama-base,20,1
mock/llama-base,20,1
mock/llama-base,20,1
mock/llama-base,20,1
mock/llama-base,20,1
mock/llama-base,20,1
mock/llama-base,20,1
mock/llama-base,20,1
mock/llama-base,20,1
mock/llama-base,20,1
mock/llama-base,20,1
mock/llama-base,20,1
mock/llama-base,20,1
mock/llama-base,20,1
mock/llama-base,20,1
mock/llama-base,20,1
mock/llama-base,20,1
mock/llama-base,20,1
mock/llama-base,20,1
mock/llama-base,20,1
mock/llama-base,20,1
mock/llama-base,20,1
mock/llama-base,20,1
mock/llama-base,20,1
mock/llama-base,20,1
mock/llama-base,20,1
mock/llama-base,20,1
mock/llama-base,20,1
mock/llama-base,20,1
mock/llama-base,20,1
mock/llama-base,20,1
mock/llama-base,20,1
mock/llama-base,20,1
mock/llama-base,20,1
mock/llama-base,20,1
mock/llama-base,20,1
mock/llama-base,20,1
mock/llama-base,20,1
mock/llama-base,20,1
mock/llama-base,20,1
mock/llama-base,20,1
mock/llama-base,20,1
mock/llama-base,25,20
mock/llama-base,25,20
mock/llama-base,25,20
mock/llama-base,25,20
mock/llama-base,25,20
mock/llama-base,25,20
mock/llama-base,25,20
mock/llama-base,25,12
mock/llama-base,25,20
mock/llama-base,25,20
mock/llama-base,25,20
mock/llama-base,25,20
mock/llama-base,25,20
mock/llama-base,25,20
mock/llama-base,25,20
mock/llama-base,25,20
mock/llama-base,25,20
mock/llama-base,25,20
mock/llama-base,25,20
mock/llama-base,25,20
mock/llama-base,25,20
mock/llama-base,25,20
mock/llama-base,25,20
mock/llama-base,25,20
mock/llama-base,25,20
mock/llama-base,25,20
mock/llama-base,25,20
mock/llama-base,25,20
mock/llama-base,25,20
mock/llama-base,25,12
mock/llama-base,25,12
mock/llama-base,25,20
mock/llama-base,25,20
mock/llama-base,25,20
mock/llama-base,25,20
mock/llama-base,25,20
mock/llama-base,25,20
mock/llama-base,25,12
mock/llama-base,25,20
mock/llama-base,25,20
mock/llama-base,25,20
mock/llama-base,25,20
mock/llama-base,25,20
mock/llama-base,25,20
mock/llama-base,25,20
mock/llama-base,25,20
mock/llama-base,25,20
mock/llama-base,25,12
mock/llama-base,25,20
mock/llama-base,25,20
mock/llama-base,25,20
mock/llama-base,25,20
mock/llama-base,25,20
mock/llama-base,25,20
mock/llama-base,25,20
mock/llama-base,25,12
mock/llama-base,25,20
mock/llama-base,25,20
mock/llama-base,25,12
mock/llama-base,25,12
mock/llama-base,25,20
mock/llama-base,25,20
mock/llama-base,25,12
mock/llama-base,25,20
mock/llama-base,25,20
mock/llama-base,25,20
mock/llama-base,25,20
mock/llama-base,25,20
mock/llama-base,25,20
mock/llama-base,25,20
mock/llama-base,25,20
mock/llama-base,25,20
mock/llama-base,25,20
mock/llama-base,25,12
mock/llama-base,25,20
mock/llama-base,25,20
mock/llama-base,25,20
mock/llama-base,25,20
mock/llama-base,25,20
mock/llama-base,25,20
mock/llama-base,20,1
mock/llama-base,20,1
mock/llama-base,20,1
mock/llama-base,20,1
mock/llama-base,20,1
mock/llama-base,20,1
mock/llama-base,20,1
mock/llama-base,20,1
mock/llama-base,20,1
mock/llama-base,20,1
mock/llama-base,20,1
mock/llama-base,20,1
mock/llama-base,20,1
mock/llama-base,20,1
mock/llama-base,20,1
mock/llama-base,20,1
mock/llama-base,20,1
mock/llama-base,20,1
mock/llama-base,20,1
mock/llama-base,20,1
mock/llama-base,20,1
mock/llama-base,20,1
mock/llama-base,20,1
mock/llama-base,20,1
mock/llama-base,20,1
mock/llama-base,20,1
mock/llama-base,20,1
mock/llama-base,20,1
mock/llama-base,20,1
mock/llama-base,20,1
mock/llama-base,20,1
mock/llama-base,20,1
mock/llama-base,20,1
mock/llama-base,20,1
mock/llama-base,20,1
mock/llama-base,20,1
mock/llama-base,20,1
mock/llama-base,20,1
mock/llama-base,20,1
mock/llama-base,20,1
mock/llama-base,20,1
mock/llama-base,20,1
mock/llama-base,20,1
mock/llama-base,20,1
mock/llama-base,20,1
mock/llama-base,20,1
mock/llama-base,20,1
mock/llama-base,20,1
mock/llama-base,20,1
mock/llama-base,20,1
mock/llama-base,20,1
mock/llama-base,20,1
mock/llama-base,20,1
mock/llama-base,20,1
mock/llama-base,20,1
mock/llama-base,20,1
mock/llama-base,20,1
mock/llama-base,20,1
mock/llama-base,20,1
mock/llama-base,20,1
mock/llama-base,20,1
mock/llama-base,20,1
mock/llama-base,20,1
mock/llama-base,20,1
mock/llama-base,25,20
mock/llama-base,25,20
mock/llama-base,25,20
mock/llama-base,25,20
mock/llama-base,25,12
mock/llama-base,25,20
mock/llama-base,25,20
mock/llama-base,25,20
mock/llama-base,25,20
mock/llama-base,25,20
mock/llama-base,25,20
mock/llama-base,25,20
mock/llama-base,25,20
mock/llama-base,25,20
mock/llama-base,25,20
mock/llama-base,25,20
mock/llama-base,25,20
mock/llama-base,25,20
mock/llama-base,25,20
mock/llama-base,25,20
mock/llama-base,25,20
mock/llama-base,25,20
mock/llama-base,25,20
mock/llama-base,25,20
mock/llama-base,25,20
mock/llama-base,25,20
mock/llama-base,25,12
mock/llama-base,25,20
mock/llama-base,25,12
mock/llama-base,25,20
mock/llama-base,25,20
mock/llama-base,25,12
mock/llama-base,25,20
mock/llama-base,25,20
mock/llama-base,25,20
mock/llama-base,25,20
mock/llama-base,25,20
mock/llama-base,25,12
mock/llama-base,25,20
mock/llama-base,25,20
mock/llama-base,25,20
mock/llama-base,25,20
mock/llama-base,25,12
mock/llama-base,25,20
mock/llama-base,25,20
mock/llama-base,25,20
mock/llama-base,25,20
mock/llama-base,25,20
mock/llama-base,25,20
mock/llama-base,25,20
mock/llama-base,25,20
mock/llama-base,25,20
mock/llama-base,25,20
mock/llama-base,25,20
mock/llama-base,25,20
mock/llama-base,25,20
mock/llama-base,25,12
mock/llama-base,25,20
mock/llama-base,25,20
mock/llama-base,25,20
mock/llama-base,25,20
mock/llama-base,25,20
mock/llama-base,25,20
mock/llama-base,25,20
mock/llama-base,25,20
mock/llama-base,25,20
mock/llama-base,25,20
mock/llama-base,25,20
mock/llama-base,25,12
mock/llama-base,25,20
mock/llama-base,25,20
mock/llama-base,25,20
mock/llama-base,25,20
mock/llama-base,25,20
mock/llama-base,25,12
mock/llama-base,25,20
mock/llama-base,25,20
mock/llama-base,25,20
mock/llama-base,25,20
mock/llama-base,25,20
mock/llama-base,20,1
mock/llama-base,20,1
mock/llama-base,20,1
mock/llama-base,20,1
mock/llama-base,20,1
mock/llama-base,20,1
mock/llama-base,20,1
mock/llama-base,20,1
mock/llama-base,20,1
mock/llama-base,20,1
mock/llama-base,20,1
mock/llama-base,20,1
mock/llama-base,20,1
mock/llama-base,20,1
mock/llama-base,20,1
mock/llama-base,20,1
mock/llama-base,20,1
mock/llama-base,20,1
mock/llama-base,20,1
mock/llama-base,20,1
mock/llama-base,20,1
mock/llama-base,20,1
mock/llama-base,20,1
mock/llama-base,20,1
mock/llama-base,20,1
mock/llama-base,20,1
mock/llama-base,20,1
mock/llama-base,20,1
mock/llama-base,20,1
mock/llama-base,20,1
mock/llama-base,20,1
mock/llama-base,20,1
mock/llama-base,20,1
mock/llama-base,20,1
mock/llama-base,20,1
mock/llama-base,20,1
mock/llama-base,20,1
mock/llama-base,20,1
mock/llama-base,20,1
mock/llama-base,20,1
mock/llama-base,20,1
mock/llama-base,20,1
mock/llama-base,20,1
mock/llama-base,20,1
mock/llama-base,20,1
mock/llama-base,20,1
mock/llama-base,20,1
mock/llama-base,20,1
mock/llama-base,20,1
mock/llama-base,20,1
mock/llama-base,20,1
mock/llama-base,20,1
mock/llama-base,20,1
mock/llama-base,20,1
mock/llama-base,20,1
mock/llama-base,20,1
mock/llama-base,20,1
mock/llama-base,20,1
mock/llama-base,20,1
mock/llama-base,20,1
mock/llama-base,20,1
mock/llama-base,20,1
mock/llama-base,20,1
mock/llama-base,20,1
mock/llama-base,25,20
mock/llama-base,25,20
mock/llama-base,25,20
mock/llama-base,25,20
mock/llama-base,25,20
mock/llama-base,25,20
mock/llama-base,25,20
mock/llama-base,25,20
mock/llama-base,25,12
mock/llama-base,25,20
mock/llama-base,25,20
mock/llama-base,25,20
mock/llama-base,25,20
mock/llama-base,25,20
mock/llama-base,25,20
mock/llama-base,25,20
mock/llama-base,25,20
mock/llama-base,25,20
mock/llama-base,25,20
mock/llama-base,25,20
mock/llama-base,25,12
mock/llama-base,25,20
mock/llama-base,25,20
mock/llama-base,25,20
mock/llama-base,25,20
mock/llama-base,25,20
mock/llama-base,25,12
mock/llama-base,25,12
mock/llama-base,25,20
mock/llama-base,25,20
mock/llama-base,25,20
mock/llama-base,25,20
mock/llama-base,25,20
mock/llama-base,25,20
mock/llama-base,25,20
mock/llama-base,25,20
mock/llama-base,25,20
mock/llama-base,25,12
mock/llama-base,25,20
mock/llama-base,25,20
mock/llama-base,25,20
mock/llama-base,25,20
mock/llama-base,25,20
mock/llama-base,25,20
mock/llama-base,25,20
mock/llama-base,25,20
mock/llama-base,25,20
mock/llama-base,25,12
mock/llama-base,25,20
mock/llama-base,25,20
mock/llama-base,25,20
mock/llama-base,25,20
mock/llama-base,25,20
mock/llama-base,25,20
mock/llama-base,25,20
mock/llama-base,25,20
mock/llama-base,25,20
mock/llama-base,25,20
mock/llama-base,25,20
mock/llama-base,25,20
mock/llama-base,25,12
mock/llama-base,25,20
mock/llama-base,25,20
mock/llama-base,25,20
mock/llama-base,25,20
mock/llama-base,25,20
mock/llama-base,25,20
mock/llama-base,25,20
mock/llama-base,25,20
mock/llama-base,25,20
mock/llama-base,25,20
mock/llama-base,25,20
mock/llama-base,25,20
mock/llama-base,25,20
mock/llama-base,25,20
mock/llama-base,25,20
mock/llama-base,25,12
mock/llama-base,25,20
mock/llama-base,25,20
mock/llama-base,25,20
mock/llama-base,20,1
mock/llama-base,20,1
mock/llama-base,20,1
mock/llama-base,20,1
mock/llama-base,20,1
mock/llama-base,20,1
mock/llama-base,20,1
mock/llama-base,20,1
mock/llama-base,20,1
mock/llama-base,20,1
mock/llama-base,20,1
mock/llama-base,20,1
mock/llama-base,20,1
mock/llama-base,20,1
mock/llama-base,20,1
mock/llama-base,20,1
mock/llama-base,20,1
mock/llama-base,20,1
mock/llama-base,20,1
mock/llama-base,20,1
mock/llama-base,20,1
mock/llama-base,20,1
mock/llama-base,20,1
mock/llama-base,20,1
mock/llama-base,20,1
mock/llama-base,20,1
mock/llama-base,20,1
mock/llama-base,20,1
mock/llama-base,20,1
mock/llama-base,20,1
mock/llama-base,20,1
mock/llama-base,20,1
mock/llama-base,20,1
mock/llama-base,20,1
mock/llama-base,20,1
mock/llama-base,20,1
mock/llama-base,20,1
mock/llama-base,20,1
mock/llama-base,20,1
mock/llama-base,20,1
mock/llama-base,20,1
mock/llama-base,20,1
mock/llama-base,20,1
mock/llama-base,20,1
mock/llama-base,20,1
mock/llama-base,20,1
mock/llama-base,20,1
mock/llama-base,20,1
mock/llama-base,20,1
mock/llama-base,20,1
mock/llama-base,20,1
mock/llama-base,20,1
mock/llama-base,20,1
mock/llama-base,20,1
mock/llama-base,20,1
mock/llama-base,20,1
mock/llama-base,20,1
mock/llama-base,20,1
mock/llama-base,20,1
mock/llama-base,20,1
mock/llama-base,20,1
mock/llama-base,20,1
mock/llama-base,20,1
mock/llama-base,20,1
mock/llama-base,25,20
mock/llama-base,25,20
mock/llama-base,25,20
mock/llama-base,25,20
mock/llama-base,25,20
mock/llama-base,25,20
mock/llama-base,25,20
mock/llama-base,25,20
mock/llama-base,25,20
mock/llama-base,25,12
mock/llama-base,25,20
mock/llama-base,25,12
mock/llama-base,25,20
mock/llama-base,25,20
mock/llama-base,25,20
mock/llama-base,25,20
mock/llama-base,25,12
mock/llama-base,25,12
mock/llama-base,25,20
mock/llama-base,25,20
mock/llama-base,25,20
mock/llama-base,25,20
mock/llama-base,25,20
mock/llama-base,25,20
mock/llama-base,25,12
mock/llama-base,25,20
mock/llama-base,25,20
mock/llama-base,25,20
mock/llama-base,25,12
mock/llama-base,25,20
mock/llama-base,25,20
mock/llama-base,25,20
mock/llama-base,25,20
mock/llama-base,25,20
mock/llama-base,25,20
mock/llama-base,25,20
mock/llama-base,25,20
mock/llama-base,25,20
mock/llama-base,25,20
mock/llama-base,25,20
mock/llama-base,25,20
mock/llama-base,25,20
mock/llama-base,25,20
mock/llama-base,25,20
mock/llama-base,25,20
mock/llama-base,25,20
mock/llama-base,25,20
mock/llama-base,25,20
mock/llama-base,25,20
mock/llama-base,25,20
mock/llama-base,25,20
mock/llama-base,25,20
mock/llama-base,25,12
mock/llama-base,25,20
mock/llama-base,25,20
mock/llama-base,25,20
mock/llama-base,25,20
mock/llama-base,25,12
mock/llama-base,25,20
mock/llama-base,25,20
mock/llama-base,25,20
mock/llama-base,25,20
mock/llama-base,25,20
mock/llama-base,25,12
mock/llama-base,25,20
mock/llama-base,25,20
mock/llama-base,25,20
mock/llama-base,25,20
mock/llama-base,25,20
mock/llama-base,25,20
mock/llama-base,25,12
mock/llama-base,25,20
mock/llama-base,25,20
mock/llama-base,25,20
mock/llama-base,25,20
mock/llama-base,25,20
mock/llama-base,25,20
mock/llama-base,25,20
mock/llama-base,25,20
mock/llama-base,25,20
mock/llama-base,20,1
mock/llama-base,20,1
mock/llama-base,20,1
mock/llama-base,20,1
mock/llama-base,20,1
mock/llama-base,20,1
mock/llama-base,20,1
mock/llama-base,20,1
mock/llama-base,20,1
mock/llama-base,20,1
mock/llama-base,20,1
mock/llama-base,20,1
mock/llama-base,20,1
mock/llama-base,20,1
mock/llama-base,20,1
mock/llama-base,20,1
mock/llama-base,20,1
mock/llama-base,20,1
mock/llama-base,20,1
mock/llama-base,20,1
mock/llama-base,20,1
mock/llama-base,20,1
mock/llama-base,20,1
mock/llama-base,20,1
mock/llama-base,20,1
mock/llama-base,20,1
mock/llama-base,20,1
mock/llama-base,20,1
mock/llama-base,20,1
mock/llama-base,20,1
mock/llama-base,20,1
mock/llama-base,20,1
mock/llama-base,20,1
mock/llama-base,20,1
mock/llama-base,20,1
mock/llama-base,20,1
mock/llama-base,20,1
mock/llama-base,20,1
mock/llama-base,20,1
mock/llama-base,20,1
mock/llama-base,20,1
mock/llama-base,20,1
mock/llama-base,20,1
mock/llama-base,20,1
mock/llama-base,20,1
mock/llama-base,20,1
mock/llama-base,20,1
mock/llama-base,20,1
mock/llama-base,20,1
mock/llama-base,20,1
mock/llama-base,20,1
mock/llama-base,20,1
mock/llama-base,20,1
mock/llama-base,20,1
mock/llama-base,20,1
mock/llama-base,20,1
mock/llama-base,20,1
mock/llama-base,20,1
mock/llama-base,20,1
mock/llama-base,20,1
mock/llama-base,20,1
mock/llama-base,20,1
mock/llama-base,20,1
mock/llama-base,20,1
mock/llama-base,25,20
mock/llama-base,25,20
mock/llama-base,25,20
mock/llama-base,25,20
mock/llama-base,25,20
mock/llama-base,25,20
mock/llama-base,25,20
mock/llama-base,25,20
mock/llama-base,25,20
mock/llama-base,25,20
mock/llama-base,25,20
mock/llama-base,25,20
mock/llama-base,25,20
mock/llama-base,25,20
mock/llama-base,25,20
mock/llama-base,25,20
mock/llama-base,25,20
mock/llama-base,25,20
mock/llama-base,25,20
mock/llama-base,25,20
mock/llama-base,25,20
mock/llama-base,25,20
mock/llama-base,25,20
mock/llama-base,25,20
mock/llama-base,25,12
mock/llama-base,25,20
mock/llama-base,25,20
mock/llama-base,25,20
mock/llama-base,25,20
mock/llama-base,25,20
mock/llama-base,25,20
mock/llama-base,25,20
mock/llama-base,25,20
mock/llama-base,25,20
mock/llama-base,25,20
mock/llama-base,25,20
mock/llama-base,25,20
mock/llama-base,25,20
mock/llama-base,25,12
mock/llama-base,25,20
mock/llama-base,25,20
mock/llama-base,25,20
mock/llama-base,25,20
mock/llama-base,25,20
mock/llama-base,25,20
mock/llama-base,25,20
mock/llama-base,25,20
mock/llama-base,25,20
mock/llama-base,25,20
mock/llama-base,25,20
mock/llama-base,25,20
mock/llama-base,25,20
mock/llama-base,25,20
mock/llama-base,25,20
mock/llama-base,25,20
mock/llama-base,25,20
mock/llama-base,25,20
mock/llama-base,25,20
mock/llama-base,25,12
mock/llama-base,25,20
mock/llama-base,25,20
mock/llama-base,25,20
mock/llama-base,25,20
mock/llama-base,25,20
mock/llama-base,25,20
mock/llama-base,25,20
mock/llama-base,25,20
mock/llama-base,25,20
mock/llama-base,25,20
mock/llama-base,25,20
mock/llama-base,25,20
mock/llama-base,25,20
mock/llama-base,25,20
mock/llama-base,25,20
mock/llama-base,25,20
mock/llama-base,25,20
mock/llama-base,25,20
mock/llama-base,25,20
mock/llama-base,25,20
mock/llama-base,25,20
mock/llama-base,20,1
mock/llama-base,20,1
mock/llama-base,20,1
mock/llama-base,20,1
mock/llama-base,20,1
mock/llama-base,20,1
mock/llama-base,20,1
mock/llama-base,20,1
mock/llama-base,20,1
mock/llama-base,20,1
mock/llama-base,20,1
mock/llama-base,20,1
mock/llama-base,20,1
mock/llama-base,20,1
mock/llama-base,20,1
mock/llama-base,20,1
mock/llama-base,20,1
mock/llama-base,20,1
mock/llama-base,20,1
mock/llama-base,20,1
mock/llama-base,20,1
mock/llama-base,20,1
mock/llama-base,20,1
mock/llama-base,20,1
mock/llama-base,20,1
mock/llama-base,20,1
mock/llama-base,20,1
mock/llama-base,20,1
mock/llama-base,20,1
mock/llama-base,20,1
mock/llama-base,20,1
mock/llama-base,20,1
mock/llama-base,20,1
mock/llama-base,20,1
mock/llama-base,20,1
mock/llama-base,20,1
mock/llama-base,20,1
mock/llama-base,20,1
mock/llama-base,20,1
mock/llama-base,20,1
mock/llama-base,20,1
mock/llama-base,20,1
mock/llama-base,20,1
mock/llama-base,20,1
mock/llama-base,20,1
mock/llama-base,20,1
mock/llama-base,20,1
mock/llama-base,20,1
mock/llama-base,20,1
mock/llama-base,20,1
mock/llama-base,20,1
mock/llama-base,20,1
mock/llama-base,20,1
mock/llama-base,20,1
mock/llama-base,20,1
mock/llama-base,20,1
mock/llama-base,20,1
mock/llama-base,20,1
mock/llama-base,20,1
mock/llama-base,20,1
mock/llama-base,20,1
mock/llama-base,20,1
mock/llama-base,20,1
mock/llama-base,20,1
mock/llama-base,25,20
mock/llama-base,25,20
mock/llama-base,25,20
mock/llama-base,25,20
mock/llama-base,25,20
mock/llama-base,25,20
mock/llama-base,25,20
mock/llama-base,25,20
mock/llama-base,25,20
mock/llama-base,25,20
mock/llama-base,25,20
mock/llama-base,25,20
mock/llama-base,25,20
mock/llama-base,25,20
mock/llama-base,25,20
mock/llama-base,25,20
mock/llama-base,25,20
mock/llama-base,25,20
mock/llama-base,25,20
mock/llama-base,25,20
mock/llama-base,25,20
mock/llama-base,25,20
mock/llama-base,25,12
mock/llama-base,25,20
mock/llama-base,25,20
mock/llama-base,25,20
mock/llama-base,25,12
mock/llama-base,25,20
mock/llama-base,25,20
mock/llama-base,25,20
mock/llama-base,25,20
mock/llama-base,25,20
mock/llama-base,25,12
mock/llama-base,25,20
mock/llama-base,25,12
mock/llama-base,25,20
mock/llama-base,25,12
mock/llama-base,25,20
mock/llama-base,25,12
mock/llama-base,25,20
mock/llama-base,25,20
mock/llama-base,25,20
mock/llama-base,25,20
mock/llama-base,25,12
mock/llama-base,25,20
mock/llama-base,25,20
mock/llama-base,25,20
mock/llama-base,25,20
mock/llama-base,25,20
mock/llama-base,25,20
mock/llama-base,25,20
mock/llama-base,25,20
mock/llama-base,25,20
mock/llama-base,25,20
mock/llama-base,25,20
mock/llama-base,25,20
mock/llama-base,25,20
mock/llama-base,25,20
mock/llama-base,25,20
mock/llama-base,25,20
mock/llama-base,25,20
mock/llama-base,25,20
mock/llama-base,25,20
mock/llama-base,25,20
mock/llama-base,25,20
mock/llama-base,25,20
mock/llama-base,25,12
mock/llama-base,25,20
mock/llama-base,25,20
mock/llama-base,25,12
mock/llama-base,25,12
mock/llama-base,25,20
mock/llama-base,25,20
mock/llama-base,25,20
mock/llama-base,25,20
mock/llama-base,25,20
mock/llama-base,25,20
mock/llama-base,25,20
mock/llama-base,25,12
mock/llama-base,25,20
mock/llama-base,20,1
mock/llama-base,20,1
mock/llama-base,20,1
mock/llama-base,20,1
mock/llama-base,20,1
mock/llama-base,20,1
mock/llama-base,20,1
mock/llama-base,20,1
mock/llama-base,20,1
mock/llama-base,20,1
mock/llama-base,20,1
mock/llama-base,20,1
mock/llama-base,20,1
mock/llama-base,20,1
mock/llama-base,20,1
mock/llama-base,20,1
mock/llama-base,20,1
mock/llama-base,20,1
mock/llama-base,20,1
mock/llama-base,20,1
mock/llama-base,20,1
mock/llama-base,20,1
mock/llama-base,20,1
mock/llama-base,20,1
mock/llama-base,20,1
mock/llama-base,20,1
mock/llama-base,20,1
mock/llama-base,20,1
mock/llama-base,20,1
mock/llama-base,20,1
mock/llama-base,20,1
mock/llama-base,20,1
mock/llama-base,20,1
mock/llama-base,20,1
mock/llama-base,20,1
mock/llama-base,20,1
mock/llama-base,20,1
mock/llama-base,20,1
mock/llama-base,20,1
mock/llama-base,20,1
mock/llama-base,20,1
mock/llama-base,20,1
mock/llama-base,20,1
mock/llama-base,20,1
mock/llama-base,20,1
mock/llama-base,20,1
mock/llama-base,20,1
mock/llama-base,20,1
mock/llama-base,20,1
mock/llama-base,20,1
mock/llama-base,20,1
mock/llama-base,20,1
mock/llama-base,20,1
mock/llama-base,20,1
mock/llama-base,20,1
mock/llama-base,20,1
mock/llama-base,20,1
mock/llama-base,20,1
mock/llama-base,20,1
mock/llama-base,20,1
mock/llama-base,20,1
mock/llama-base,20,1
mock/llama-base,20,1
mock/llama-base,20,1
mock/llama-base,25,20
mock/llama-base,25,20
mock/llama-base,25,20
mock/llama-base,25,20
mock/llama-base,25,20
mock/llama-base,25,20
mock/llama-base,25,20
mock/llama-base,25,12
mock/llama-base,25,20
mock/llama-base,25,12
mock/llama-base,25,20
mock/llama-base,25,20
mock/llama-base,25,12
mock/llama-base,25,20
mock/llama-base,25,20
mock/llama-base,25,20
mock/llama-base,25,20
mock/llama-base,25,20
mock/llama-base,25,20
mock/llama-base,25,20
mock/llama-base,25,20
mock/llama-base,25,20
mock/llama-base,25,20
mock/llama-base,25,20
mock/llama-base,25,20
mock/llama-base,25,20
mock/llama-base,25,20
mock/llama-base,25,20
mock/llama-base,25,20
mock/llama-base,25,12
mock/llama-base,25,20
mock/llama-base,25,12
mock/llama-base,25,20
mock/llama-base,25,20
mock/llama-base,25,20
mock/llama-base,25,20
mock/llama-base,25,20
mock/llama-base,25,20
mock/llama-base,25,20
mock/llama-base,25,20
mock/llama-base,25,20
mock/llama-base,25,20
mock/llama-base,25,20
mock/llama-base,25,20
mock/llama-base,25,12
mock/llama-base,25,20
mock/llama-base,25,20
mock/llama-base,25,20
mock/llama-base,25,20
mock/llama-base,25,20
mock/llama-base,25,20
mock/llama-base,25,12
mock/llama-base,25,20
mock/llama-base,25,20
mock/llama-base,25,20
mock/llama-base,25,20
mock/llama-base,25,20
mock/llama-base,25,20
mock/llama-base,25,20
mock/llama-base,25,20
mock/llama-base,25,12
mock/llama-base,25,20
mock/llama-base,25,20
mock/llama-base,25,20
mock/llama-base,25,12
mock/llama-base,25,20
mock/llama-base,25,12
mock/llama-base,25,12
mock/llama-base,25,20
mock/llama-base,25,20
mock/llama-base,25,20
mock/llama-base,25,20
mock/llama-base,25,20
mock/llama-base,25,20
mock/llama-base,25,12
mock/llama-base,25,20
mock/llama-base,25,20
mock/llama-base,25,20
mock/llama-base,25,20
mock/llama-base,25,20
mock/llama-base,20,1
mock/llama-base,20,1
mock/llama-base,20,1
mock/llama-base,20,1
mock/llama-base,20,1
mock/llama-base,20,1
mock/llama-base,20,1
mock/llama-base,20,1
mock/llama-base,20,1
mock/llama-base,20,1
mock/llama-base,20,1
mock/llama-base,20,1
mock/llama-base,20,1
mock/llama-base,20,1
mock/llama-base,20,1
mock/llama-base,20,1
mock/llama-base,20,1
mock/llama-base,20,1
mock/llama-base,20,1
mock/llama-base,20,1
mock/llama-base,20,1
mock/llama-base,20,1
mock/llama-base,20,1
mock/llama-base,20,1
mock/llama-base,20,1
mock/llama-base,20,1
mock/llama-base,20,1
mock/llama-base,20,1
mock/llama-base,20,1
mock/llama-base,20,1
mock/llama-base,20,1
mock/llama-base,20,1
mock/llama-base,20,1
mock/llama-base,20,1
mock/llama-base,20,1
mock/llama-base,20,1
mock/llama-base,20,1
mock/llama-base,20,1
mock/llama-base,20,1
mock/llama-base,20,1
mock/llama-base,20,1
mock/llama-base,20,1
mock/llama-base,20,1
mock/llama-base,20,1
mock/llama-base,20,1
mock/llama-base,20,1
mock/llama-base,20,1
mock/llama-base,20,1
mock/llama-base,20,1
mock/llama-base,20,1
mock/llama-base,20,1
mock/llama-base,20,1
mock/llama-base,20,1
mock/llama-base,20,1
mock/llama-base,20,1
mock/llama-base,20,1
mock/llama-base,20,1
mock/llama-base,20,1
mock/llama-base,20,1
mock/llama-base,20,1
mock/llama-base,20,1
mock/llama-base,20,1
mock/llama-base,20,1
mock/llama-base,20,1
mock/llama-base,25,20
mock/llama-base,25,20
mock/llama-base,25,20
mock/llama-base,25,12
mock/llama-base,25,20
mock/llama-base,25,20
mock/llama-base,25,20
mock/llama-base,25,20
mock/llama-base,25,12
mock/llama-base,25,20
mock/llama-base,25,20
mock/llama-base,25,12
mock/llama-base,25,20
mock/llama-base,25,20
mock/llama-base,25,20
mock/llama-base,25,20
mock/llama-base,25,20
mock/llama-base,25,20
mock/llama-base,25,20
mock/llama-base,25,20
mock/llama-base,25,20
mock/llama-base,25,20
mock/llama-base,25,20
mock/llama-base,25,20
mock/llama-base,25,20
mock/llama-base,25,20
mock/llama-base,25,20
mock/llama-base,25,20
mock/llama-base,25,20
mock/llama-base,25,20
mock/llama-base,25,20
mock/llama-base,25,20
mock/llama-base,25,20
mock/llama-base,25,20
mock/llama-base,25,12
mock/llama-base,25,20
mock/llama-base,25,20
mock/llama-base,25,20
mock/llama-base,25,20
mock/llama-base,25,20
mock/llama-base,25,20
mock/llama-base,25,20
mock/llama-base,25,20
mock/llama-base,25,20
mock/llama-base,25,20
mock/llama-base,25,20
mock/llama-base,25,20
mock/llama-base,25,20
mock/llama-base,25,20
mock/llama-base,25,20
mock/llama-base,25,20
mock/llama-base,25,20
mock/llama-base,25,20
mock/llama-base,25,20
mock/llama-base,25,20
mock/llama-base,25,20
mock/llama-base,25,12
mock/llama-base,25,20
mock/llama-base,25,20
mock/llama-base,25,20
mock/llama-base,25,20
mock/llama-base,25,20
mock/llama-base,25,20
mock/llama-base,25,20
mock/llama-base,25,20
mock/llama-base,25,20
mock/llama-base,25,20
mock/llama-base,25,20
mock/llama-base,25,20
mock/llama-base,25,20
mock/llama-base,25,20
mock/llama-base,25,20
mock/llama-base,25,20
mock/llama-base,25,20
mock/llama-base,25,20
mock/llama-base,25,20
mock/llama-base,25,20
mock/llama-base,25,20
mock/llama-base,25,20
mock/llama-base,25,20
mock/llama-instruct,20,1
mock/llama-instruct,20,1
mock/llama-instruct,20,1
mock/llama-instruct,20,1
mock/llama-instruct,20,1
mock/llama-instruct,20,1
mock/llama-instruct,20,1
mock/llama-instruct,20,1
mock/llama-instruct,20,1
mock/llama-instruct,20,1
mock/llama-instruct,20,1
mock/llama-instruct,20,1
mock/llama-instruct,20,1
mock/llama-instruct,20,1
mock/llama-instruct,20,1
mock/llama-instruct,20,1
mock/llama-instruct,20,1
mock/llama-instruct,20,1
mock/llama-instruct,20,1
mock/llama-instruct,20,1
mock/llama-instruct,20,1
mock/llama-instruct,20,1
mock/llama-instruct,20,1
mock/llama-instruct,20,1
mock/llama-instruct,20,1
mock/llama-instruct,20,1
mock/llama-instruct,20,1
mock/llama-instruct,20,1
mock/llama-instruct,20,1
mock/llama-instruct,20,1
mock/llama-instruct,20,1
mock/llama-instruct,20,1
mock/llama-instruct,20,1
mock/llama-instruct,20,1
mock/llama-instruct,20,1
mock/llama-instruct,20,1
mock/llama-instruct,20,1
mock/llama-instruct,20,1
mock/llama-instruct,20,1
mock/llama-instruct,20,1
mock/llama-instruct,20,1
mock/llama-instruct,20,1
mock/llama-instruct,20,1
mock/llama-instruct,20,1
mock/llama-instruct,20,1
mock/llama-instruct,20,1
mock/llama-instruct,20,1
mock/llama-instruct,20,1
mock/llama-instruct,20,1
mock/llama-instruct,20,1
mock/llama-instruct,20,1
mock/llama-instruct,20,1
mock/llama-instruct,20,1
mock/llama-instruct,20,1
mock/llama-instruct,20,1
mock/llama-instruct,20,1
mock/llama-instruct,20,1
mock/llama-instruct,20,1
mock/llama-instruct,20,1
mock/llama-instruct,20,1
mock/llama-instruct,20,1
mock/llama-instruct,20,1
mock/llama-instruct,20,1
mock/llama-instruct,20,1
mock/llama-instruct,25,20
mock/llama-instruct,25,20
mock/llama-instruct,25,12
mock/llama-instruct,25,12
mock/llama-instruct,25,12
mock/llama-instruct,25,20
mock/llama-instruct,25,12
mock/llama-instruct,25,20
mock/llama-instruct,25,20
mock/llama-instruct,25,20
mock/llama-instruct,25,20
mock/llama-instruct,25,20
mock/llama-instruct,25,12
mock/llama-instruct,25,20
mock/llama-instruct,25,20
mock/llama-instruct,25,20
mock/llama-instruct,25,12
mock/llama-instruct,25,20
mock/llama-instruct,25,20
mock/llama-instruct,25,12
mock/llama-instruct,25,20
mock/llama-instruct,25,20
mock/llama-instruct,25,20
mock/llama-instruct,25,20
mock/llama-instruct,25,20
mock/llama-instruct,25,12
mock/llama-instruct,25,20
mock/llama-instruct,25,20
mock/llama-instruct,25,20
mock/llama-instruct,25,12
mock/llama-instruct,25,20
mock/llama-instruct,25,20
mock/llama-instruct,25,20
mock/llama-instruct,25,20
mock/llama-instruct,25,20
mock/llama-instruct,25,20
mock/llama-instruct,25,12
mock/llama-instruct,25,12
mock/llama-instruct,25,20
mock/llama-instruct,25,12
mock/llama-instruct,25,12
mock/llama-instruct,25,20
mock/llama-instruct,25,20
mock/llama-instruct,25,12
mock/llama-instruct,25,12
mock/llama-instruct,25,20
mock/llama-instruct,25,20
mock/llama-instruct,25,20
mock/llama-instruct,25,20
mock/llama-instruct,25,12
mock/llama-instruct,25,20
mock/llama-instruct,25,20
mock/llama-instruct,25,20
mock/llama-instruct,25,12
mock/llama-instruct,25,12
mock/llama-instruct,25,20
mock/llama-instruct,25,12
mock/llama-instruct,25,20
mock/llama-instruct,25,20
mock/llama-instruct,25,12
mock/llama-instruct,25,20
mock/llama-instruct,25,20
mock/llama-instruct,25,20
mock/llama-instruct,25,20
mock/llama-instruct,25,20
mock/llama-instruct,25,12
mock/llama-instruct,25,20
mock/llama-instruct,25,20
mock/llama-instruct,25,12
mock/llama-instruct,25,20
mock/llama-instruct,25,20
mock/llama-instruct,25,12
mock/llama-instruct,25,20
mock/llama-instruct,25,20
mock/llama-instruct,25,20
mock/llama-instruct,25,20
mock/llama-instruct,25,12
mock/llama-instruct,25,20
mock/llama-instruct,25,20
mock/llama-instruct,25,20
mock/llama-instruct,20,1
mock/llama-instruct,20,1
mock/llama-instruct,20,1
mock/llama-instruct,20,1
mock/llama-instruct,20,1
mock/llama-instruct,20,1
mock/llama-instruct,20,1
mock/llama-instruct,20,1
mock/llama-instruct,20,1
mock/llama-instruct,20,1
mock/llama-instruct,20,1
mock/llama-instruct,20,1
mock/llama-instruct,20,1
mock/llama-instruct,20,1
mock/llama-instruct,20,1
mock/llama-instruct,20,1
mock/llama-instruct,20,1
mock/llama-instruct,20,1
mock/llama-instruct,20,1
mock/llama-instruct,20,1
mock/llama-instruct,20,1
mock/llama-instruct,20,1
mock/llama-instruct,20,1
mock/llama-instruct,20,1
mock/llama-instruct,20,1
mock/llama-instruct,20,1
mock/llama-instruct,20,1
mock/llama-instruct,20,1
mock/llama-instruct,20,1
mock/llama-instruct,20,1
mock/llama-instruct,20,1
mock/llama-instruct,20,1
mock/llama-instruct,20,1
mock/llama-instruct,20,1
mock/llama-instruct,20,1
mock/llama-instruct,20,1
mock/llama-instruct,20,1
mock/llama-instruct,20,1
mock/llama-instruct,20,1
mock/llama-instruct,20,1
mock/llama-instruct,20,1
mock/llama-instruct,20,1
mock/llama-instruct,20,1
mock/llama-instruct,20,1
mock/llama-instruct,20,1
mock/llama-instruct,20,1
mock/llama-instruct,20,1
mock/llama-instruct,20,1
mock/llama-instruct,20,1
mock/llama-instruct,20,1
mock/llama-instruct,20,1
mock/llama-instruct,20,1
mock/llama-instruct,20,1
mock/llama-instruct,20,1
mock/llama-instruct,20,1
mock/llama-instruct,20,1
mock/llama-instruct,20,1
mock/llama-instruct,20,1
mock/llama-instruct,20,1
mock/llama-instruct,20,1
mock/llama-instruct,20,1
mock/llama-instruct,20,1
mock/llama-instruct,20,1
mock/llama-instruct,20,1
mock/llama-instruct,25,20
mock/llama-instruct,25,20
mock/llama-instruct,25,20
mock/llama-instruct,25,12
mock/llama-instruct,25,20
mock/llama-instruct,25,20
mock/llama-instruct,25,20
mock/llama-instruct,25,20
mock/llama-instruct,25,20
mock/llama-instruct,25,12
mock/llama-instruct,25,20
mock/llama-instruct,25,20
mock/llama-instruct,25,20
mock/llama-instruct,25,12
mock/llama-instruct,25,20
mock/llama-instruct,25,20
mock/llama-instruct,25,12
mock/llama-instruct,25,12
mock/llama-instruct,25,20
mock/llama-instruct,25,12
mock/llama-instruct,25,12
mock/llama-instruct,25,20
mock/llama-instruct,25,20
mock/llama-instruct,25,20
mock/llama-instruct,25,20
mock/llama-instruct,25,20
mock/llama-instruct,25,20
mock/llama-instruct,25,20
mock/llama-instruct,25,20
mock/llama-instruct,25,12
mock/llama-instruct,25,20
mock/llama-instruct,25,20
mock/llama-instruct,25,20
mock/llama-instruct,25,12
mock/llama-instruct,25,12
mock/llama-instruct,25,12
mock/llama-instruct,25,12
mock/llama-instruct,25,20
mock/llama-instruct,25,12
mock/llama-instruct,25,20
mock/llama-instruct,25,20
mock/llama-instruct,25,20
mock/llama-instruct,25,20
mock/llama-instruct,25,20
mock/llama-instruct,25,20
mock/llama-instruct,25,20
mock/llama-instruct,25,20
mock/llama-instruct,25,12
mock/llama-instruct,25,20
mock/llama-instruct,25,12
mock/llama-instruct,25,20
mock/llama-instruct,25,12
mock/llama-instruct,25,20
mock/llama-instruct,25,20
mock/llama-instruct,25,20
mock/llama-instruct,25,20
mock/llama-instruct,25,12
mock/llama-instruct,25,20
mock/llama-instruct,25,20
mock/llama-instruct,25,20
mock/llama-instruct,25,12
mock/llama-instruct,25,20
mock/llama-instruct,25,12
mock/llama-instruct,25,20
mock/llama-instruct,25,20
mock/llama-instruct,25,20
mock/llama-instruct,25,20
mock/llama-instruct,25,12
mock/llama-instruct,25,12
mock/llama-instruct,25,20
mock/llama-instruct,25,20
mock/llama-instruct,25,20
mock/llama-instruct,25,20
mock/llama-instruct,25,12
mock/llama-instruct,25,20
mock/llama-instruct,25,12
mock/llama-instruct,25,12
mock/llama-instruct,25,20
mock/llama-instruct,25,12
mock/llama-instruct,25,12
mock/llama-instruct,20,1
mock/llama-instruct,20,1
mock/llama-instruct,20,1
mock/llama-instruct,20,1
mock/llama-instruct,20,1
mock/llama-instruct,20,1
mock/llama-instruct,20,1
mock/llama-instruct,20,1
mock/llama-instruct,20,1
mock/llama-instruct,20,1
mock/llama-instruct,20,1
mock/llama-instruct,20,1
mock/llama-instruct,20,1
mock/llama-instruct,20,1
mock/llama-instruct,20,1
mock/llama-instruct,20,1
mock/llama-instruct,20,1
mock/llama-instruct,20,1
mock/llama-instruct,20,1
mock/llama-instruct,20,1
mock/llama-instruct,20,1
mock/llama-instruct,20,1
mock/llama-instruct,20,1
mock/llama-instruct,20,1
mock/llama-instruct,20,1
mock/llama-instruct,20,1
mock/llama-instruct,20,1
mock/llama-instruct,20,1
mock/llama-instruct,20,1
mock/llama-instruct,20,1
mock/llama-instruct,20,1
mock/llama-instruct,20,1
mock/llama-instruct,20,1
mock/llama-instruct,20,1
mock/llama-instruct,20,1
mock/llama-instruct,20,1
mock/llama-instruct,20,1
mock/llama-instruct,20,1
mock/llama-instruct,20,1
mock/llama-instruct,20,1
mock/llama-instruct,20,1
mock/llama-instruct,20,1
mock/llama-instruct,20,1
mock/llama-instruct,20,1
mock/llama-instruct,20,1
mock/llama-instruct,20,1
mock/llama-instruct,20,1
mock/llama-instruct,20,1
mock/llama-instruct,20,1
mock/llama-instruct,20,1
mock/llama-instruct,20,1
mock/llama-instruct,20,1
mock/llama-instruct,20,1
mock/llama-instruct,20,1
mock/llama-instruct,20,1
mock/llama-instruct,20,1
mock/llama-instruct,20,1
mock/llama-instruct,20,1
mock/llama-instruct,20,1
mock/llama-instruct,20,1
mock/llama-instruct,20,1
mock/llama-instruct,20,1
mock/llama-instruct,20,1
mock/llama-instruct,20,1
mock/llama-instruct,25,20
mock/llama-instruct,25,20
mock/llama-instruct,25,20
mock/llama-instruct,25,20
mock/llama-instruct,25,20
mock/llama-instruct,25,20
mock/llama-instruct,25,20
mock/llama-instruct,25,20
mock/llama-instruct,25,20
mock/llama-instruct,25,20
mock/llama-instruct,25,20
mock/llama-instruct,25,12
mock/llama-instruct,25,20
mock/llama-instruct,25,20
mock/llama-instruct,25,20
mock/llama-instruct,25,20
mock/llama-instruct,25,12
mock/llama-instruct,25,12
mock/llama-instruct,25,20
mock/llama-instruct,25,20
mock/llama-instruct,25,12
mock/llama-instruct,25,20
mock/llama-instruct,25,12
mock/llama-instruct,25,20
mock/llama-instruct,25,12
mock/llama-instruct,25,20
mock/llama-instruct,25,20
mock/llama-instruct,25,20
mock/llama-instruct,25,20
mock/llama-instruct,25,20
mock/llama-instruct,25,12
mock/llama-instruct,25,20
mock/llama-instruct,25,12
mock/llama-instruct,25,12
mock/llama-instruct,25,20
mock/llama-instruct,25,20
mock/llama-instruct,25,12
mock/llama-instruct,25,20
mock/llama-instruct,25,20
mock/llama-instruct,25,20
mock/llama-instruct,25,20
mock/llama-instruct,25,12
mock/llama-instruct,25,20
mock/llama-instruct,25,20
mock/llama-instruct,25,20
mock/llama-instruct,25,20
mock/llama-instruct,25,20
mock/llama-instruct,25,20
mock/llama-instruct,25,12
mock/llama-instruct,25,12
mock/llama-instruct,25,12
mock/llama-instruct,25,20
mock/llama-instruct,25,12
mock/llama-instruct,25,12
mock/llama-instruct,25,20
mock/llama-instruct,25,20
mock/llama-instruct,25,20
mock/llama-instruct,25,20
mock/llama-instruct,25,20
mock/llama-instruct,25,20
mock/llama-instruct,25,20
mock/llama-instruct,25,20
mock/llama-instruct,25,12
mock/llama-instruct,25,20
mock/llama-instruct,25,20
mock/llama-instruct,25,20
mock/llama-instruct,25,20
mock/llama-instruct,25,12
mock/llama-instruct,25,20
mock/llama-instruct,25,12
mock/llama-instruct,25,12
mock/llama-instruct,25,20
mock/llama-instruct,25,20
mock/llama-instruct,25,20
mock/llama-instruct,25,20
mock/llama-instruct,25,20
mock/llama-instruct,25,12
mock/llama-instruct,25,12
mock/llama-instruct,25,20
mock/llama-instruct,25,20
mock/llama-instruct,20,1
mock/llama-instruct,20,1
mock/llama-instruct,20,1
mock/llama-instruct,20,1
mock/llama-instruct,20,1
mock/llama-instruct,20,1
mock/llama-instruct,20,1
mock/llama-instruct,20,1
mock/llama-instruct,20,1
mock/llama-instruct,20,1
mock/llama-instruct,20,1
mock/llama-instruct,20,1
mock/llama-instruct,20,1
mock/llama-instruct,20,1
mock/llama-instruct,20,1
mock/llama-instruct,20,1
mock/llama-instruct,20,1
mock/llama-instruct,20,1
mock/llama-instruct,20,1
mock/llama-instruct,20,1
mock/llama-instruct,20,1
mock/llama-instruct,20,1
mock/llama-instruct,20,1
mock/llama-instruct,20,1
mock/llama-instruct,20,1
mock/llama-instruct,20,1
mock/llama-instruct,20,1
mock/llama-instruct,20,1
mock/llama-instruct,20,1
mock/llama-instruct,20,1
mock/llama-instruct,20,1
mock/llama-instruct,20,1
mock/llama-instruct,20,1
mock/llama-instruct,20,1
mock/llama-instruct,20,1
mock/llama-instruct,20,1
mock/llama-instruct,20,1
mock/llama-instruct,20,1
mock/llama-instruct,20,1
mock/llama-instruct,20,1
mock/llama-instruct,20,1
mock/llama-instruct,20,1
mock/llama-instruct,20,1
mock/llama-instruct,20,1
mock/llama-instruct,20,1
mock/llama-instruct,20,1
mock/llama-instruct,20,1
mock/llama-instruct,20,1
mock/llama-instruct,20,1
mock/llama-instruct,20,1
mock/llama-instruct,20,1
mock/llama-instruct,20,1
mock/llama-instruct,20,1
mock/llama-instruct,20,1
mock/llama-instruct,20,1
mock/llama-instruct,20,1
mock/llama-instruct,20,1
mock/llama-instruct,20,1
mock/llama-instruct,20,1
mock/llama-instruct,20,1
mock/llama-instruct,20,1
mock/llama-instruct,20,1
mock/llama-instruct,20,1
mock/llama-instruct,20,1
mock/llama-instruct,25,20
mock/llama-instruct,25,20
mock/llama-instruct,25,20
mock/llama-instruct,25,12
mock/llama-instruct,25,20
mock/llama-instruct,25,12
mock/llama-instruct,25,20
mock/llama-instruct,25,12
mock/llama-instruct,25,20
mock/llama-instruct,25,20
mock/llama-instruct,25,20
mock/llama-instruct,25,20
mock/llama-instruct,25,20
mock/llama-instruct,25,20
mock/llama-instruct,25,20
mock/llama-instruct,25,20
mock/llama-instruct,25,20
mock/llama-instruct,25,20
mock/llama-instruct,25,12
mock/llama-instruct,25,20
mock/llama-instruct,25,12
mock/llama-instruct,25,12
mock/llama-instruct,25,20
mock/llama-instruct,25,12
mock/llama-instruct,25,12
mock/llama-instruct,25,12
mock/llama-instruct,25,20
mock/llama-instruct,25,20
mock/llama-instruct,25,20
mock/llama-instruct,25,20
mock/llama-instruct,25,20
mock/llama-instruct,25,20
mock/llama-instruct,25,12
mock/llama-instruct,25,20
mock/llama-instruct,25,20
mock/llama-instruct,25,12
mock/llama-instruct,25,12
mock/llama-instruct,25,20
mock/llama-instruct,25,12
mock/llama-instruct,25,20
mock/llama-instruct,25,12
mock/llama-instruct,25,12
mock/llama-instruct,25,20
mock/llama-instruct,25,20
mock/llama-instruct,25,20
mock/llama-instruct,25,20
mock/llama-instruct,25,12
mock/llama-instruct,25,12
mock/llama-instruct,25,20
mock/llama-instruct,25,20
mock/llama-instruct,25,12
mock/llama-instruct,25,12
mock/llama-instruct,25,20
mock/llama-instruct,25,20
mock/llama-instruct,25,20
mock/llama-instruct,25,20
mock/llama-instruct,25,12
mock/llama-instruct,25,12
mock/llama-instruct,25,12
mock/llama-instruct,25,20
mock/llama-instruct,25,12
mock/llama-instruct,25,20
mock/llama-instruct,25,20
mock/llama-instruct,25,12
mock/llama-instruct,25,12
mock/llama-instruct,25,20
mock/llama-instruct,25,20
mock/llama-instruct,25,20
mock/llama-instruct,25,20
mock/llama-instruct,25,20
mock/llama-instruct,25,12
mock/llama-instruct,25,12
mock/llama-instruct,25,20
mock/llama-instruct,25,20
mock/llama-instruct,25,12
mock/llama-instruct,25,12
mock/llama-instruct,25,12
mock/llama-instruct,25,20
mock/llama-instruct,25,20
mock/llama-instruct,25,20
mock/llama-instruct,20,1
mock/llama-instruct,20,1
mock/llama-instruct,20,1
mock/llama-instruct,20,1
mock/llama-instruct,20,1
mock/llama-instruct,20,1
mock/llama-instruct,20,1
mock/llama-instruct,20,1
mock/llama-instruct,20,1
mock/llama-instruct,20,1
mock/llama-instruct,20,1
mock/llama-instruct,20,1
mock/llama-instruct,20,1
mock/llama-instruct,20,1
mock/llama-instruct,20,1
mock/llama-instruct,20,1
mock/llama-instruct,20,1
mock/llama-instruct,20,1
mock/llama-instruct,20,1
mock/llama-instruct,20,1
mock/llama-instruct,20,1
mock/llama-instruct,20,1
mock/llama-instruct,20,1
mock/llama-instruct,20,1
mock/llama-instruct,20,1
mock/llama-instruct,20,1
mock/llama-instruct,20,1
mock/llama-instruct,20,1
mock/llama-instruct,20,1
mock/llama-instruct,20,1
mock/llama-instruct,20,1
mock/llama-instruct,20,1
mock/llama-instruct,20,1
mock/llama-instruct,20,1
mock/llama-instruct,20,1
mock/llama-instruct,20,1
mock/llama-instruct,20,1
mock/llama-instruct,20,1
mock/llama-instruct,20,1
mock/llama-instruct,20,1
mock/llama-instruct,20,1
mock/llama-instruct,20,1
mock/llama-instruct,20,1
mock/llama-instruct,20,1
mock/llama-instruct,20,1
mock/llama-instruct,20,1
mock/llama-instruct,20,1
mock/llama-instruct,20,1
mock/llama-instruct,20,1
mock/llama-instruct,20,1
mock/llama-instruct,20,1
mock/llama-instruct,20,1
mock/llama-instruct,20,1
mock/llama-instruct,20,1
mock/llama-instruct,20,1
mock/llama-instruct,20,1
mock/llama-instruct,20,1
mock/llama-instruct,20,1
mock/llama-instruct,20,1
mock/llama-instruct,20,1
mock/llama-instruct,20,1
mock/llama-instruct,20,1
mock/llama-instruct,20,1
mock/llama-instruct,20,1
mock/llama-instruct,25,20
mock/llama-instruct,25,20
mock/llama-instruct,25,12
mock/llama-instruct,25,12
mock/llama-instruct,25,20
mock/llama-instruct,25,20
mock/llama-instruct,25,20
mock/llama-instruct,25,20
mock/llama-instruct,25,20
mock/llama-instruct,25,20
mock/llama-instruct,25,12
mock/llama-instruct,25,20
mock/llama-instruct,25,20
mock/llama-instruct,25,20
mock/llama-instruct,25,20
mock/llama-instruct,25,12
mock/llama-instruct,25,20
mock/llama-instruct,25,20
mock/llama-instruct,25,20
mock/llama-instruct,25,20
mock/llama-instruct,25,20
mock/llama-instruct,25,20
mock/llama-instruct,25,20
mock/llama-instruct,25,20
mock/llama-instruct,25,20
mock/llama-instruct,25,20
mock/llama-instruct,25,12
mock/llama-instruct,25,12
mock/llama-instruct,25,20
mock/llama-instruct,25,20
mock/llama-instruct,25,12
mock/llama-instruct,25,20
mock/llama-instruct,25,20
mock/llama-instruct,25,20
mock/llama-instruct,25,20
mock/llama-instruct,25,12
mock/llama-instruct,25,20
mock/llama-instruct,25,20
mock/llama-instruct,25,12
mock/llama-instruct,25,20
mock/llama-instruct,25,20
mock/llama-instruct,25,20
mock/llama-instruct,25,12
mock/llama-instruct,25,20
mock/llama-instruct,25,20
mock/llama-instruct,25,20
mock/llama-instruct,25,12
mock/llama-instruct,25,20
mock/llama-instruct,25,12
mock/llama-instruct,25,20
mock/llama-instruct,25,20
mock/llama-instruct,25,12
mock/llama-instruct,25,12
mock/llama-instruct,25,20
mock/llama-instruct,25,20
mock/llama-instruct,25,12
mock/llama-instruct,25,12
mock/llama-instruct,25,20
mock/llama-instruct,25,12
mock/llama-instruct,25,20
mock/llama-instruct,25,20
mock/llama-instruct,25,12
mock/llama-instruct,25,20
mock/llama-instruct,25,20
mock/llama-instruct,25,12
mock/llama-instruct,25,20
mock/llama-instruct,25,20
mock/llama-instruct,25,12
mock/llama-instruct,25,12
mock/llama-instruct,25,20
mock/llama-instruct,25,12
mock/llama-instruct,25,20
mock/llama-instruct,25,12
mock/llama-instruct,25,20
mock/llama-instruct,25,12
mock/llama-instruct,25,12
mock/llama-instruct,25,12
mock/llama-instruct,25,20
mock/llama-instruct,25,12
mock/llama-instruct,25,20
mock/llama-instruct,20,1
mock/llama-instruct,20,1
mock/llama-instruct,20,1
mock/llama-instruct,20,1
mock/llama-instruct,20,1
mock/llama-instruct,20,1
mock/llama-instruct,20,1
mock/llama-instruct,20,1
mock/llama-instruct,20,1
mock/llama-instruct,20,1
mock/llama-instruct,20,1
mock/llama-instruct,20,1
mock/llama-instruct,20,1
mock/llama-instruct,20,1
mock/llama-instruct,20,1
mock/llama-instruct,20,1
mock/llama-instruct,20,1
mock/llama-instruct,20,1
mock/llama-instruct,20,1
mock/llama-instruct,20,1
mock/llama-instruct,20,1
mock/llama-instruct,20,1
mock/llama-instruct,20,1
mock/llama-instruct,20,1
mock/llama-instruct,20,1
mock/llama-instruct,20,1
mock/llama-instruct,20,1
mock/llama-instruct,20,1
mock/llama-instruct,20,1
mock/llama-instruct,20,1
mock/llama-instruct,20,1
mock/llama-instruct,20,1
mock/llama-instruct,20,1
mock/llama-instruct,20,1
mock/llama-instruct,20,1
mock/llama-instruct,20,1
mock/llama-instruct,20,1
mock/llama-instruct,20,1
mock/llama-instruct,20,1
mock/llama-instruct,20,1
mock/llama-instruct,20,1
mock/llama-instruct,20,1
mock/llama-instruct,20,1
mock/llama-instruct,20,1
mock/llama-instruct,20,1
mock/llama-instruct,20,1
mock/llama-instruct,20,1
mock/llama-instruct,20,1
mock/llama-instruct,20,1
mock/llama-instruct,20,1
mock/llama-instruct,20,1
mock/llama-instruct,20,1
mock/llama-instruct,20,1
mock/llama-instruct,20,1
mock/llama-instruct,20,1
mock/llama-instruct,20,1
mock/llama-instruct,20,1
mock/llama-instruct,20,1
mock/llama-instruct,20,1
mock/llama-instruct,20,1
mock/llama-instruct,20,1
mock/llama-instruct,20,1
mock/llama-instruct,20,1
mock/llama-instruct,20,1
mock/llama-instruct,25,20
mock/llama-instruct,25,20
mock/llama-instruct,25,20
mock/llama-instruct,25,12
mock/llama-instruct,25,12
mock/llama-instruct,25,20
mock/llama-instruct,25,12
mock/llama-instruct,25,20
mock/llama-instruct,25,20
mock/llama-instruct,25,20
mock/llama-instruct,25,20
mock/llama-instruct,25,20
mock/llama-instruct,25,20
mock/llama-instruct,25,20
mock/llama-instruct,25,20
mock/llama-instruct,25,20
mock/llama-instruct,25,20
mock/llama-instruct,25,20
mock/llama-instruct,25,20
mock/llama-instruct,25,12
mock/llama-instruct,25,12
mock/llama-instruct,25,20
mock/llama-instruct,25,20
mock/llama-instruct,25,20
mock/llama-instruct,25,12
mock/llama-instruct,25,12
mock/llama-instruct,25,20
mock/llama-instruct,25,20
mock/llama-instruct,25,12
mock/llama-instruct,25,12
mock/llama-instruct,25,12
mock/llama-instruct,25,20
mock/llama-instruct,25,12
mock/llama-instruct,25,20
mock/llama-instruct,25,20
mock/llama-instruct,25,20
mock/llama-instruct,25,12
mock/llama-instruct,25,20
mock/llama-instruct,25,20
mock/llama-instruct,25,12
mock/llama-instruct,25,20
mock/llama-instruct,25,20
mock/llama-instruct,25,20
mock/llama-instruct,25,20
mock/llama-instruct,25,20
mock/llama-instruct,25,12
mock/llama-instruct,25,20
mock/llama-instruct,25,20
mock/llama-instruct,25,20
mock/llama-instruct,25,20
mock/llama-instruct,25,20
mock/llama-instruct,25,20
mock/llama-instruct,25,20
mock/llama-instruct,25,20
mock/llama-instruct,25,12
mock/llama-instruct,25,12
mock/llama-instruct,25,20
mock/llama-instruct,25,12
mock/llama-instruct,25,20
mock/llama-instruct,25,20
mock/llama-instruct,25,12
mock/llama-instruct,25,12
mock/llama-instruct,25,20
mock/llama-instruct,25,20
mock/llama-instruct,25,20
mock/llama-instruct,25,20
mock/llama-instruct,25,12
mock/llama-instruct,25,20
mock/llama-instruct,25,20
mock/llama-instruct,25,20
mock/llama-instruct,25,20
mock/llama-instruct,25,20
mock/llama-instruct,25,20
mock/llama-instruct,25,20
mock/llama-instruct,25,12
mock/llama-instruct,25,20
mock/llama-instruct,25,12
mock/llama-instruct,25,20
mock/llama-instruct,25,12
mock/llama-instruct,25,20
mock/llama-instruct,20,1
mock/llama-instruct,20,1
mock/llama-instruct,20,1
mock/llama-instruct,20,1
mock/llama-instruct,20,1
mock/llama-instruct,20,1
mock/llama-instruct,20,1
mock/llama-instruct,20,1
mock/llama-instruct,20,1
mock/llama-instruct,20,1
mock/llama-instruct,20,1
mock/llama-instruct,20,1
mock/llama-instruct,20,1
mock/llama-instruct,20,1
mock/llama-instruct,20,1
mock/llama-instruct,20,1
mock/llama-instruct,20,1
mock/llama-instruct,20,1
mock/llama-instruct,20,1
mock/llama-instruct,20,1
mock/llama-instruct,20,1
mock/llama-instruct,20,1
mock/llama-instruct,20,1
mock/llama-instruct,20,1
mock/llama-instruct,20,1
mock/llama-instruct,20,1
mock/llama-instruct,20,1
mock/llama-instruct,20,1
mock/llama-instruct,20,1
mock/llama-instruct,20,1
mock/llama-instruct,20,1
mock/llama-instruct,20,1
mock/llama-instruct,20,1
mock/llama-instruct,20,1
mock/llama-instruct,20,1
mock/llama-instruct,20,1
mock/llama-instruct,20,1
mock/llama-instruct,20,1
mock/llama-instruct,20,1
mock/llama-instruct,20,1
mock/llama-instruct,20,1
mock/llama-instruct,20,1
mock/llama-instruct,20,1
mock/llama-instruct,20,1
mock/llama-instruct,20,1
mock/llama-instruct,20,1
mock/llama-instruct,20,1
mock/llama-instruct,20,1
mock/llama-instruct,20,1
mock/llama-instruct,20,1
mock/llama-instruct,20,1
mock/llama-instruct,20,1
mock/llama-instruct,20,1
mock/llama-instruct,20,1
mock/llama-instruct,20,1
mock/llama-instruct,20,1
mock/llama-instruct,20,1
mock/llama-instruct,20,1
mock/llama-instruct,20,1
mock/llama-instruct,20,1
mock/llama-instruct,20,1
mock/llama-instruct,20,1
mock/llama-instruct,20,1
mock/llama-instruct,20,1
mock/llama-instruct,25,20
mock/llama-instruct,25,12
mock/llama-instruct,25,20
mock/llama-instruct,25,20
mock/llama-instruct,25,20
mock/llama-instruct,25,20
mock/llama-instruct,25,12
mock/llama-instruct,25,20
mock/llama-instruct,25,20
mock/llama-instruct,25,20
mock/llama-instruct,25,12
mock/llama-instruct,25,20
mock/llama-instruct,25,20
mock/llama-instruct,25,20
mock/llama-instruct,25,12
mock/llama-instruct,25,20
mock/llama-instruct,25,12
mock/llama-instruct,25,20
mock/llama-instruct,25,20
mock/llama-instruct,25,20
mock/llama-instruct,25,12
mock/llama-instruct,25,20
mock/llama-instruct,25,12
mock/llama-instruct,25,20
mock/llama-instruct,25,20
mock/llama-instruct,25,12
mock/llama-instruct,25,20
mock/llama-instruct,25,20
mock/llama-instruct,25,20
mock/llama-instruct,25,12
mock/llama-instruct,25,20
mock/llama-instruct,25,12
mock/llama-instruct,25,12
mock/llama-instruct,25,20
mock/llama-instruct,25,20
mock/llama-instruct,25,20
mock/llama-instruct,25,20
mock/llama-instruct,25,20
mock/llama-instruct,25,20
mock/llama-instruct,25,12
mock/llama-instruct,25,20
mock/llama-instruct,25,20
mock/llama-instruct,25,12
mock/llama-instruct,25,20
mock/llama-instruct,25,20
mock/llama-instruct,25,20
mock/llama-instruct,25,20
mock/llama-instruct,25,20
mock/llama-instruct,25,12
mock/llama-instruct,25,20
mock/llama-instruct,25,12
mock/llama-instruct,25,20
mock/llama-instruct,25,20
mock/llama-instruct,25,12
mock/llama-instruct,25,20
mock/llama-instruct,25,12
mock/llama-instruct,25,12
mock/llama-instruct,25,20
mock/llama-instruct,25,20
mock/llama-instruct,25,20
mock/llama-instruct,25,20
mock/llama-instruct,25,12
mock/llama-instruct,25,12
mock/llama-instruct,25,12
mock/llama-instruct,25,20
mock/llama-instruct,25,20
mock/llama-instruct,25,20
mock/llama-instruct,25,20
mock/llama-instruct,25,20
mock/llama-instruct,25,20
mock/llama-instruct,25,20
mock/llama-instruct,25,20
mock/llama-instruct,25,12
mock/llama-instruct,25,20
mock/llama-instruct,25,12
mock/llama-instruct,25,20
mock/llama-instruct,25,20
mock/llama-instruct,25,20
mock/llama-instruct,25,12
mock/llama-instruct,25,20
mock/llama-instruct,20,1
mock/llama-instruct,20,1
mock/llama-instruct,20,1
mock/llama-instruct,20,1
mock/llama-instruct,20,1
mock/llama-instruct,20,1
mock/llama-instruct,20,1
mock/llama-instruct,20,1
mock/llama-instruct,20,1
mock/llama-instruct,20,1
mock/llama-instruct,20,1
mock/llama-instruct,20,1
mock/llama-instruct,20,1
mock/llama-instruct,20,1
mock/llama-instruct,20,1
mock/llama-instruct,20,1
mock/llama-instruct,20,1
mock/llama-instruct,20,1
mock/llama-instruct,20,1
mock/llama-instruct,20,1
mock/llama-instruct,20,1
mock/llama-instruct,20,1
mock/llama-instruct,20,1
mock/llama-instruct,20,1
mock/llama-instruct,20,1
mock/llama-instruct,20,1
mock/llama-instruct,20,1
mock/llama-instruct,20,1
mock/llama-instruct,20,1
mock/llama-instruct,20,1
mock/llama-instruct,20,1
mock/llama-instruct,20,1
mock/llama-instruct,20,1
mock/llama-instruct,20,1
mock/llama-instruct,20,1
mock/llama-instruct,20,1
mock/llama-instruct,20,1
mock/llama-instruct,20,1
mock/llama-instruct,20,1
mock/llama-instruct,20,1
mock/llama-instruct,20,1
mock/llama-instruct,20,1
mock/llama-instruct,20,1
mock/llama-instruct,20,1
mock/llama-instruct,20,1
mock/llama-instruct,20,1
mock/llama-instruct,20,1
mock/llama-instruct,20,1
mock/llama-instruct,20,1
mock/llama-instruct,20,1
mock/llama-instruct,20,1
mock/llama-instruct,20,1
mock/llama-instruct,20,1
mock/llama-instruct,20,1
mock/llama-instruct,20,1
mock/llama-instruct,20,1
mock/llama-instruct,20,1
mock/llama-instruct,20,1
mock/llama-instruct,20,1
mock/llama-instruct,20,1
mock/llama-instruct,20,1
mock/llama-instruct,20,1
mock/llama-instruct,20,1
mock/llama-instruct,20,1
mock/llama-instruct,25,20
mock/llama-instruct,25,12
mock/llama-instruct,25,20
mock/llama-instruct,25,12
mock/llama-instruct,25,20
mock/llama-instruct,25,20
mock/llama-instruct,25,12
mock/llama-instruct,25,20
mock/llama-instruct,25,12
mock/llama-instruct,25,20
mock/llama-instruct,25,12
mock/llama-instruct,25,20
mock/llama-instruct,25,20
mock/llama-instruct,25,12
mock/llama-instruct,25,20
mock/llama-instruct,25,12
mock/llama-instruct,25,20
mock/llama-instruct,25,20
mock/llama-instruct,25,12
mock/llama-instruct,25,20
mock/llama-instruct,25,20
mock/llama-instruct,25,12
mock/llama-instruct,25,20
mock/llama-instruct,25,12
mock/llama-instruct,25,20
mock/llama-instruct,25,20
mock/llama-instruct,25,12
mock/llama-instruct,25,20
mock/llama-instruct,25,12
mock/llama-instruct,25,20
mock/llama-instruct,25,12
mock/llama-instruct,25,20
mock/llama-instruct,25,20
mock/llama-instruct,25,12
mock/llama-instruct,25,20
mock/llama-instruct,25,20
mock/llama-instruct,25,12
mock/llama-instruct,25,20
mock/llama-instruct,25,12
mock/llama-instruct,25,12
mock/llama-instruct,25,20
mock/llama-instruct,25,20
mock/llama-instruct,25,12
mock/llama-instruct,25,12
mock/llama-instruct,25,20
mock/llama-instruct,25,12
mock/llama-instruct,25,20
mock/llama-instruct,25,20
mock/llama-instruct,25,12
mock/llama-instruct,25,20
mock/llama-instruct,25,12
mock/llama-instruct,25,20
mock/llama-instruct,25,20
mock/llama-instruct,25,20
mock/llama-instruct,25,12
mock/llama-instruct,25,12
mock/llama-instruct,25,12
mock/llama-instruct,25,12
mock/llama-instruct,25,20
mock/llama-instruct,25,20
mock/llama-instruct,25,12
mock/llama-instruct,25,20
mock/llama-instruct,25,20
mock/llama-instruct,25,20
mock/llama-instruct,25,20
mock/llama-instruct,25,12
mock/llama-instruct,25,20
mock/llama-instruct,25,20
mock/llama-instruct,25,20
mock/llama-instruct,25,20
mock/llama-instruct,25,20
mock/llama-instruct,25,20
mock/llama-instruct,25,20
mock/llama-instruct,25,20
mock/llama-instruct,25,20
mock/llama-instruct,25,20
mock/llama-instruct,25,12
mock/llama-instruct,25,12
mock/llama-instruct,25,20
mock/llama-instruct,25,20
mock/llama-instruct,20,1
mock/llama-instruct,20,1
mock/llama-instruct,20,1
mock/llama-instruct,20,1
mock/llama-instruct,20,1
mock/llama-instruct,20,1
mock/llama-instruct,20,1
mock/llama-instruct,20,1
mock/llama-instruct,20,1
mock/llama-instruct,20,1
mock/llama-instruct,20,1
mock/llama-instruct,20,1
mock/llama-instruct,20,1
mock/llama-instruct,20,1
mock/llama-instruct,20,1
mock/llama-instruct,20,1
mock/llama-instruct,20,1
mock/llama-instruct,20,1
mock/llama-instruct,20,1
mock/llama-instruct,20,1
mock/llama-instruct,20,1
mock/llama-instruct,20,1
mock/llama-instruct,20,1
mock/llama-instruct,20,1
mock/llama-instruct,20,1
mock/llama-instruct,20,1
mock/llama-instruct,20,1
mock/llama-instruct,20,1
mock/llama-instruct,20,1
mock/llama-instruct,20,1
mock/llama-instruct,20,1
mock/llama-instruct,20,1
mock/llama-instruct,20,1
mock/llama-instruct,20,1
mock/llama-instruct,20,1
mock/llama-instruct,20,1
mock/llama-instruct,20,1
mock/llama-instruct,20,1
mock/llama-instruct,20,1
mock/llama-instruct,20,1
mock/llama-instruct,20,1
mock/llama-instruct,20,1
mock/llama-instruct,20,1
mock/llama-instruct,20,1
mock/llama-instruct,20,1
mock/llama-instruct,20,1
mock/llama-instruct,20,1
mock/llama-instruct,20,1
mock/llama-instruct,20,1
mock/llama-instruct,20,1
mock/llama-instruct,20,1
mock/llama-instruct,20,1
mock/llama-instruct,20,1
mock/llama-instruct,20,1
mock/llama-instruct,20,1
mock/llama-instruct,20,1
mock/llama-instruct,20,1
mock/llama-instruct,20,1
mock/llama-instruct,20,1
mock/llama-instruct,20,1
mock/llama-instruct,20,1
mock/llama-instruct,20,1
mock/llama-instruct,20,1
mock/llama-instruct,20,1
mock/llama-instruct,25,12
mock/llama-instruct,25,20
mock/llama-instruct,25,20
mock/llama-instruct,25,20
mock/llama-instruct,25,20
mock/llama-instruct,25,20
mock/llama-instruct,25,20
mock/llama-instruct,25,20
mock/llama-instruct,25,20
mock/llama-instruct,25,20
mock/llama-instruct,25,12
mock/llama-instruct,25,20
mock/llama-instruct,25,20
mock/llama-instruct,25,20
mock/llama-instruct,25,20
mock/llama-instruct,25,20
mock/llama-instruct,25,20
mock/llama-instruct,25,20
mock/llama-instruct,25,20
mock/llama-instruct,25,20
mock/llama-instruct,25,20
mock/llama-instruct,25,20
mock/llama-instruct,25,20
mock/llama-instruct,25,12
mock/llama-instruct,25,20
mock/llama-instruct,25,12
mock/llama-instruct,25,12
mock/llama-instruct,25,20
mock/llama-instruct,25,20
mock/llama-instruct,25,20
mock/llama-instruct,25,12
mock/llama-instruct,25,20
mock/llama-instruct,25,12
mock/llama-instruct,25,20
mock/llama-instruct,25,20
mock/llama-instruct,25,20
mock/llama-instruct,25,20
mock/llama-instruct,25,12
mock/llama-instruct,25,20
mock/llama-instruct,25,12
mock/llama-instruct,25,20
mock/llama-instruct,25,20
mock/llama-instruct,25,20
mock/llama-instruct,25,12
mock/llama-instruct,25,20
mock/llama-instruct,25,20
mock/llama-instruct,25,12
mock/llama-instruct,25,12
mock/llama-instruct,25,12
mock/llama-instruct,25,12
mock/llama-instruct,25,20
mock/llama-instruct,25,20
mock/llama-instruct,25,20
mock/llama-instruct,25,12
mock/llama-instruct,25,12
mock/llama-instruct,25,20
mock/llama-instruct,25,12
mock/llama-instruct,25,12
mock/llama-instruct,25,20
mock/llama-instruct,25,20
mock/llama-instruct,25,20
mock/llama-instruct,25,20
mock/llama-instruct,25,12
mock/llama-instruct,25,20
mock/llama-instruct,25,20
mock/llama-instruct,25,12
mock/llama-instruct,25,12
mock/llama-instruct,25,20
mock/llama-instruct,25,12
mock/llama-instruct,25,12
mock/llama-instruct,25,20
mock/llama-instruct,25,20
mock/llama-instruct,25,20
mock/llama-instruct,25,20
mock/llama-instruct,25,12
mock/llama-instruct,25,20
mock/llama-instruct,25,20
mock/llama-instruct,25,12
mock/llama-instruct,25,12
mock/llama-instruct,25,20
mock/llama-instruct,20,1
mock/llama-instruct,20,1
mock/llama-instruct,20,1
mock/llama-instruct,20,1
mock/llama-instruct,20,1
mock/llama-instruct,20,1
mock/llama-instruct,20,1
mock/llama-instruct,20,1
mock/llama-instruct,20,1
mock/llama-instruct,20,1
mock/llama-instruct,20,1
mock/llama-instruct,20,1
mock/llama-instruct,20,1
mock/llama-instruct,20,1
mock/llama-instruct,20,1
mock/llama-instruct,20,1
mock/llama-instruct,20,1
mock/llama-instruct,20,1
mock/llama-instruct,20,1
mock/llama-instruct,20,1
mock/llama-instruct,20,1
mock/llama-instruct,20,1
mock/llama-instruct,20,1
mock/llama-instruct,20,1
mock/llama-instruct,20,1
mock/llama-instruct,20,1
mock/llama-instruct,20,1
mock/llama-instruct,20,1
mock/llama-instruct,20,1
mock/llama-instruct,20,1
mock/llama-instruct,20,1
mock/llama-instruct,20,1
mock/llama-instruct,20,1
mock/llama-instruct,20,1
mock/llama-instruct,20,1
mock/llama-instruct,20,1
mock/llama-instruct,20,1
mock/llama-instruct,20,1
mock/llama-instruct,20,1
mock/llama-instruct,20,1
mock/llama-instruct,20,1
mock/llama-instruct,20,1
mock/llama-instruct,20,1
mock/llama-instruct,20,1
mock/llama-instruct,20,1
mock/llama-instruct,20,1
mock/llama-instruct,20,1
mock/llama-instruct,20,1
mock/llama-instruct,20,1
mock/llama-instruct,20,1
mock/llama-instruct,20,1
mock/llama-instruct,20,1
mock/llama-instruct,20,1
mock/llama-instruct,20,1
mock/llama-instruct,20,1
mock/llama-instruct,20,1
mock/llama-instruct,20,1
mock/llama-instruct,20,1
mock/llama-instruct,20,1
mock/llama-instruct,20,1
mock/llama-instruct,20,1
mock/llama-instruct,20,1
mock/llama-instruct,20,1
mock/llama-instruct,20,1
mock/llama-instruct,25,12
mock/llama-instruct,25,12
mock/llama-instruct,25,20
mock/llama-instruct,25,12
mock/llama-instruct,25,20
mock/llama-instruct,25,20
mock/llama-instruct,25,20
mock/llama-instruct,25,20
mock/llama-instruct,25,20
mock/llama-instruct,25,20
mock/llama-instruct,25,20
mock/llama-instruct,25,20
mock/llama-instruct,25,20
mock/llama-instruct,25,12
mock/llama-instruct,25,12
mock/llama-instruct,25,12
mock/llama-instruct,25,12
mock/llama-instruct,25,20
mock/llama-instruct,25,12
mock/llama-instruct,25,12
mock/llama-instruct,25,20
mock/llama-instruct,25,20
mock/llama-instruct,25,12
mock/llama-instruct,25,20
mock/llama-instruct,25,12
mock/llama-instruct,25,20
mock/llama-instruct,25,20
mock/llama-instruct,25,20
mock/llama-instruct,25,20
mock/llama-instruct,25,12
mock/llama-instruct,25,12
mock/llama-instruct,25,20
mock/llama-instruct,25,20
mock/llama-instruct,25,20
mock/llama-instruct,25,20
mock/llama-instruct,25,12
mock/llama-instruct,25,20
mock/llama-instruct,25,20
mock/llama-instruct,25,20
mock/llama-instruct,25,20
mock/llama-instruct,25,12
mock/llama-instruct,25,12
mock/llama-instruct,25,20
mock/llama-instruct,25,12
mock/llama-instruct,25,12
mock/llama-instruct,25,12
mock/llama-instruct,25,12
mock/llama-instruct,25,20
mock/llama-instruct,25,20
mock/llama-instruct,25,12
mock/llama-instruct,25,20
mock/llama-instruct,25,12
mock/llama-instruct,25,20
mock/llama-instruct,25,12
mock/llama-instruct,25,20
mock/llama-instruct,25,20
mock/llama-instruct,25,20
mock/llama-instruct,25,20
mock/llama-instruct,25,20
mock/llama-instruct,25,20
mock/llama-instruct,25,20
mock/llama-instruct,25,12
mock/llama-instruct,25,12
mock/llama-instruct,25,12
mock/llama-instruct,25,12
mock/llama-instruct,25,20
mock/llama-instruct,25,20
mock/llama-instruct,25,20
mock/llama-instruct,25,12
mock/llama-instruct,25,12
mock/llama-instruct,25,12
mock/llama-instruct,25,20
mock/llama-instruct,25,20
mock/llama-instruct,25,20
mock/llama-instruct,25,20
mock/llama-instruct,25,12
mock/llama-instruct,25,20
mock/llama-instruct,25,20
mock/llama-instruct,25,12
mock/llama-instruct,25,20
mock/llama-instruct,20,1
mock/llama-instruct,20,1
mock/llama-instruct,20,1
mock/llama-instruct,20,1
mock/llama-instruct,20,1
mock/llama-instruct,20,1
mock/llama-instruct,20,1
mock/llama-instruct,20,1
mock/llama-instruct,20,1
mock/llama-instruct,20,1
mock/llama-instruct,20,1
mock/llama-instruct,20,1
mock/llama-instruct,20,1
mock/llama-instruct,20,1
mock/llama-instruct,20,1
mock/llama-instruct,20,1
mock/llama-instruct,20,1
mock/llama-instruct,20,1
mock/llama-instruct,20,1
mock/llama-instruct,20,1
mock/llama-instruct,20,1
mock/llama-instruct,20,1
mock/llama-instruct,20,1
mock/llama-instruct,20,1
mock/llama-instruct,20,1
mock/llama-instruct,20,1
mock/llama-instruct,20,1
mock/llama-instruct,20,1
mock/llama-instruct,20,1
mock/llama-instruct,20,1
mock/llama-instruct,20,1
mock/llama-instruct,20,1
mock/llama-instruct,20,1
mock/llama-instruct,20,1
mock/llama-instruct,20,1
mock/llama-instruct,20,1
mock/llama-instruct,20,1
mock/llama-instruct,20,1
mock/llama-instruct,20,1
mock/llama-instruct,20,1
mock/llama-instruct,20,1
mock/llama-instruct,20,1
mock/llama-instruct,20,1
mock/llama-instruct,20,1
mock/llama-instruct,20,1
mock/llama-instruct,20,1
mock/llama-instruct,20,1
mock/llama-instruct,20,1
mock/llama-instruct,20,1
mock/llama-instruct,20,1
mock/llama-instruct,20,1
mock/llama-instruct,20,1
mock/llama-instruct,20,1
mock/llama-instruct,20,1
mock/llama-instruct,20,1
mock/llama-instruct,20,1
mock/llama-instruct,20,1
mock/llama-instruct,20,1
mock/llama-instruct,20,1
mock/llama-instruct,20,1
mock/llama-instruct,20,1
mock/llama-instruct,20,1
mock/llama-instruct,20,1
mock/llama-instruct,20,1
mock/llama-instruct,25,20
mock/llama-instruct,25,20
mock/llama-instruct,25,20
mock/llama-instruct,25,20
mock/llama-instruct,25,12
mock/llama-instruct,25,20
mock/llama-instruct,25,20
mock/llama-instruct,25,20
mock/llama-instruct,25,20
mock/llama-instruct,25,20
mock/llama-instruct,25,12
mock/llama-instruct,25,20
mock/llama-instruct,25,20
mock/llama-instruct,25,20
mock/llama-instruct,25,20
mock/llama-instruct,25,20
mock/llama-instruct,25,20
mock/llama-instruct,25,20
mock/llama-instruct,25,20
mock/llama-instruct,25,20
mock/llama-instruct,25,20
mock/llama-instruct,25,12
mock/llama-instruct,25,12
mock/llama-instruct,25,20
mock/llama-instruct,25,20
mock/llama-instruct,25,12
mock/llama-instruct,25,20
mock/llama-instruct,25,20
mock/llama-instruct,25,20
mock/llama-instruct,25,20
mock/llama-instruct,25,20
mock/llama-instruct,25,20
mock/llama-instruct,25,20
mock/llama-instruct,25,20
mock/llama-instruct,25,20
mock/llama-instruct,25,20
mock/llama-instruct,25,12
mock/llama-instruct,25,12
mock/llama-instruct,25,20
mock/llama-instruct,25,20
mock/llama-instruct,25,20
mock/llama-instruct,25,20
mock/llama-instruct,25,20
mock/llama-instruct,25,20
mock/llama-instruct,25,12
mock/llama-instruct,25,20
mock/llama-instruct,25,20
mock/llama-instruct,25,20
mock/llama-instruct,25,12
mock/llama-instruct,25,20
mock/llama-instruct,25,12
mock/llama-instruct,25,12
mock/llama-instruct,25,20
mock/llama-instruct,25,12
mock/llama-instruct,25,12
mock/llama-instruct,25,12
mock/llama-instruct,25,20
mock/llama-instruct,25,12
mock/llama-instruct,25,20
mock/llama-instruct,25,20
mock/llama-instruct,25,20
mock/llama-instruct,25,20
mock/llama-instruct,25,20
mock/llama-instruct,25,20
mock/llama-instruct,25,12
mock/llama-instruct,25,20
mock/llama-instruct,25,12
mock/llama-instruct,25,20
mock/llama-instruct,25,20
mock/llama-instruct,25,20
mock/llama-instruct,25,20
mock/llama-instruct,25,20
mock/llama-instruct,25,20
mock/llama-instruct,25,20
mock/llama-instruct,25,12
mock/llama-instruct,25,12
mock/llama-instruct,25,20
mock/llama-instruct,25,12
mock/llama-instruct,25,20
mock/llama-instruct,25,20
mock/llama-instruct,20,1
mock/llama-instruct,20,1
mock/llama-instruct,20,1
mock/llama-instruct,20,1
mock/llama-instruct,20,1
mock/llama-instruct,20,1
mock/llama-instruct,20,1
mock/llama-instruct,20,1
mock/llama-instruct,20,1
mock/llama-instruct,20,1
mock/llama-instruct,20,1
mock/llama-instruct,20,1
mock/llama-instruct,20,1
mock/llama-instruct,20,1
mock/llama-instruct,20,1
mock/llama-instruct,20,1
mock/llama-instruct,20,1
mock/llama-instruct,20,1
mock/llama-instruct,20,1
mock/llama-instruct,20,1
mock/llama-instruct,20,1
mock/llama-instruct,20,1
mock/llama-instruct,20,1
mock/llama-instruct,20,1
mock/llama-instruct,20,1
mock/llama-instruct,20,1
mock/llama-instruct,20,1
mock/llama-instruct,20,1
mock/llama-instruct,20,1
mock/llama-instruct,20,1
mock/llama-instruct,20,1
mock/llama-instruct,20,1
mock/llama-instruct,20,1
mock/llama-instruct,20,1
mock/llama-instruct,20,1
mock/llama-instruct,20,1
mock/llama-instruct,20,1
mock/llama-instruct,20,1
mock/llama-instruct,20,1
mock/llama-instruct,20,1
mock/llama-instruct,20,1
mock/llama-instruct,20,1
mock/llama-instruct,20,1
mock/llama-instruct,20,1
mock/llama-instruct,20,1
mock/llama-instruct,20,1
mock/llama-instruct,20,1
mock/llama-instruct,20,1
mock/llama-instruct,20,1
mock/llama-instruct,20,1
mock/llama-instruct,20,1
mock/llama-instruct,20,1
mock/llama-instruct,20,1
mock/llama-instruct,20,1
mock/llama-instruct,20,1
mock/llama-instruct,20,1
mock/llama-instruct,20,1
mock/llama-instruct,20,1
mock/llama-instruct,20,1
mock/llama-instruct,20,1
mock/llama-instruct,20,1
mock/llama-instruct,20,1
mock/llama-instruct,20,1
mock/llama-instruct,20,1
mock/llama-instruct,25,20
mock/llama-instruct,25,12
mock/llama-instruct,25,20
mock/llama-instruct,25,20
mock/llama-instruct,25,20
mock/llama-instruct,25,12
mock/llama-instruct,25,12
mock/llama-instruct,25,20
mock/llama-instruct,25,12
mock/llama-instruct,25,20
mock/llama-instruct,25,12
mock/llama-instruct,25,12
mock/llama-instruct,25,20
mock/llama-instruct,25,12
mock/llama-instruct,25,20
mock/llama-instruct,25,12
mock/llama-instruct,25,12
mock/llama-instruct,25,12
mock/llama-instruct,25,20
mock/llama-instruct,25,20
mock/llama-instruct,25,12
mock/llama-instruct,25,20
mock/llama-instruct,25,12
mock/llama-instruct,25,20
mock/llama-instruct,25,20
mock/llama-instruct,25,20
mock/llama-instruct,25,12
mock/llama-instruct,25,12
mock/llama-instruct,25,20
mock/llama-instruct,25,20
mock/llama-instruct,25,20
mock/llama-instruct,25,20
mock/llama-instruct,25,20
mock/llama-instruct,25,20
mock/llama-instruct,25,20
mock/llama-instruct,25,20
mock/llama-instruct,25,20
mock/llama-instruct,25,20
mock/llama-instruct,25,20
mock/llama-instruct,25,20
mock/llama-instruct,25,20
mock/llama-instruct,25,12
mock/llama-instruct,25,20
mock/llama-instruct,25,20
mock/llama-instruct,25,12
mock/llama-instruct,25,12
mock/llama-instruct,25,20
mock/llama-instruct,25,20
mock/llama-instruct,25,20
mock/llama-instruct,25,20
mock/llama-instruct,25,12
mock/llama-instruct,25,20
mock/llama-instruct,25,20
mock/llama-instruct,25,20
mock/llama-instruct,25,12
mock/llama-instruct,25,12
mock/llama-instruct,25,20
mock/llama-instruct,25,20
mock/llama-instruct,25,20
mock/llama-instruct,25,12
mock/llama-instruct,25,20
mock/llama-instruct,25,20
mock/llama-instruct,25,20
mock/llama-instruct,25,20
mock/llama-instruct,25,20
mock/llama-instruct,25,20
mock/llama-instruct,25,20
mock/llama-instruct,25,12
mock/llama-instruct,25,12
mock/llama-instruct,25,20
mock/llama-instruct,25,20
mock/llama-instruct,25,20
mock/llama-instruct,25,12
mock/llama-instruct,25,12
mock/llama-instruct,25,20
mock/llama-instruct,25,20
mock/llama-instruct,25,12
mock/llama-instruct,25,20
mock/llama-instruct,25,12
mock/llama-instruct,25,20
mock/llama-instruct,20,1
mock/llama-instruct,20,1
mock/llama-instruct,20,1
mock/llama-instruct,20,1
mock/llama-instruct,20,1
mock/llama-instruct,20,1
mock/llama-instruct,20,1
mock/llama-instruct,20,1
mock/llama-instruct,20,1
mock/llama-instruct,20,1
mock/llama-instruct,20,1
mock/llama-instruct,20,1
mock/llama-instruct,20,1
mock/llama-instruct,20,1
mock/llama-instruct,20,1
mock/llama-instruct,20,1
mock/llama-instruct,20,1
mock/llama-instruct,20,1
mock/llama-instruct,20,1
mock/llama-instruct,20,1
mock/llama-instruct,20,1
mock/llama-instruct,20,1
mock/llama-instruct,20,1
mock/llama-instruct,20,1
mock/llama-instruct,20,1
mock/llama-instruct,20,1
mock/llama-instruct,20,1
mock/llama-instruct,20,1
mock/llama-instruct,20,1
mock/llama-instruct,20,1
mock/llama-instruct,20,1
mock/llama-instruct,20,1
mock/llama-instruct,20,1
mock/llama-instruct,20,1
mock/llama-instruct,20,1
mock/llama-instruct,20,1
mock/llama-instruct,20,1
mock/llama-instruct,20,1
mock/llama-instruct,20,1
mock/llama-instruct,20,1
mock/llama-instruct,20,1
mock/llama-instruct,20,1
mock/llama-instruct,20,1
mock/llama-instruct,20,1
mock/llama-instruct,20,1
mock/llama-instruct,20,1
mock/llama-instruct,20,1
mock/llama-instruct,20,1
mock/llama-instruct,20,1
mock/llama-instruct,20,1
mock/llama-instruct,20,1
mock/llama-instruct,20,1
mock/llama-instruct,20,1
mock/llama-instruct,20,1
mock/llama-instruct,20,1
mock/llama-instruct,20,1
mock/llama-instruct,20,1
mock/llama-instruct,20,1
mock/llama-instruct,20,1
mock/llama-instruct,20,1
mock/llama-instruct,20,1
mock/llama-instruct,20,1
mock/llama-instruct,20,1
mock/llama-instruct,20,1
mock/llama-instruct,25,20
mock/llama-instruct,25,20
mock/llama-instruct,25,20
mock/llama-instruct,25,20
mock/llama-instruct,25,20
mock/llama-instruct,25,20
mock/llama-instruct,25,20
mock/llama-instruct,25,12
mock/llama-instruct,25,12
mock/llama-instruct,25,20
mock/llama-instruct,25,12
mock/llama-instruct,25,12
mock/llama-instruct,25,20
mock/llama-instruct,25,12
mock/llama-instruct,25,20
mock/llama-instruct,25,20
mock/llama-instruct,25,20
mock/llama-instruct,25,20
mock/llama-instruct,25,12
mock/llama-instruct,25,20
mock/llama-instruct,25,20
mock/llama-instruct,25,20
mock/llama-instruct,25,20
mock/llama-instruct,25,20
mock/llama-instruct,25,12
mock/llama-instruct,25,12
mock/llama-instruct,25,20
mock/llama-instruct,25,20
mock/llama-instruct,25,20
mock/llama-instruct,25,12
mock/llama-instruct,25,20
mock/llama-instruct,25,12
mock/llama-instruct,25,12
mock/llama-instruct,25,20
mock/llama-instruct,25,20
mock/llama-instruct,25,20
mock/llama-instruct,25,20
mock/llama-instruct,25,12
mock/llama-instruct,25,20
mock/llama-instruct,25,12
mock/llama-instruct,25,12
mock/llama-instruct,25,20
mock/llama-instruct,25,20
mock/llama-instruct,25,20
mock/llama-instruct,25,12
mock/llama-instruct,25,20
mock/llama-instruct,25,20
mock/llama-instruct,25,12
mock/llama-instruct,25,20
mock/llama-instruct,25,20
mock/llama-instruct,25,20
mock/llama-instruct,25,20
mock/llama-instruct,25,20
mock/llama-instruct,25,12
mock/llama-instruct,25,12
mock/llama-instruct,25,12
mock/llama-instruct,25,12
mock/llama-instruct,25,20
mock/llama-instruct,25,20
mock/llama-instruct,25,20
mock/llama-instruct,25,20
mock/llama-instruct,25,12
mock/llama-instruct,25,12
mock/llama-instruct,25,20
mock/llama-instruct,25,20
mock/llama-instruct,25,20
mock/llama-instruct,25,20
mock/llama-instruct,25,20
mock/llama-instruct,25,20
mock/llama-instruct,25,20
mock/llama-instruct,25,20
mock/llama-instruct,25,20
mock/llama-instruct,25,20
mock/llama-instruct,25,20
mock/llama-instruct,25,20
mock/llama-instruct,25,20
mock/llama-instruct,25,20
mock/llama-instruct,25,20
mock/llama-instruct,25,12
mock/llama-instruct,25,12
mock/llama-instruct,20,1
mock/llama-instruct,20,1
mock/llama-instruct,20,1
mock/llama-instruct,20,1
mock/llama-instruct,20,1
mock/llama-instruct,20,1
mock/llama-instruct,20,1
mock/llama-instruct,20,1
mock/llama-instruct,20,1
mock/llama-instruct,20,1
mock/llama-instruct,20,1
mock/llama-instruct,20,1
mock/llama-instruct,20,1
mock/llama-instruct,20,1
mock/llama-instruct,20,1
mock/llama-instruct,20,1
mock/llama-instruct,20,1
mock/llama-instruct,20,1
mock/llama-instruct,20,1
mock/llama-instruct,20,1
mock/llama-instruct,20,1
mock/llama-instruct,20,1
mock/llama-instruct,20,1
mock/llama-instruct,20,1
mock/llama-instruct,20,1
mock/llama-instruct,20,1
mock/llama-instruct,20,1
mock/llama-instruct,20,1
mock/llama-instruct,20,1
mock/llama-instruct,20,1
mock/llama-instruct,20,1
mock/llama-instruct,20,1
mock/llama-instruct,20,1
mock/llama-instruct,20,1
mock/llama-instruct,20,1
mock/llama-instruct,20,1
mock/llama-instruct,20,1
mock/llama-instruct,20,1
mock/llama-instruct,20,1
mock/llama-instruct,20,1
mock/llama-instruct,20,1
mock/llama-instruct,20,1
mock/llama-instruct,20,1
mock/llama-instruct,20,1
mock/llama-instruct,20,1
mock/llama-instruct,20,1
mock/llama-instruct,20,1
mock/llama-instruct,20,1
mock/llama-instruct,20,1
mock/llama-instruct,20,1
mock/llama-instruct,20,1
mock/llama-instruct,20,1
mock/llama-instruct,20,1
mock/llama-instruct,20,1
mock/llama-instruct,20,1
mock/llama-instruct,20,1
mock/llama-instruct,20,1
mock/llama-instruct,20,1
mock/llama-instruct,20,1
mock/llama-instruct,20,1
mock/llama-instruct,20,1
mock/llama-instruct,20,1
mock/llama-instruct,20,1
mock/llama-instruct,20,1
mock/llama-instruct,25,20
mock/llama-instruct,25,20
mock/llama-instruct,25,20
mock/llama-instruct,25,12
mock/llama-instruct,25,20
mock/llama-instruct,25,20
mock/llama-instruct,25,20
mock/llama-instruct,25,20
mock/llama-instruct,25,20
mock/llama-instruct,25,20
mock/llama-instruct,25,20
mock/llama-instruct,25,12
mock/llama-instruct,25,20
mock/llama-instruct,25,20
mock/llama-instruct,25,20
mock/llama-instruct,25,12
mock/llama-instruct,25,20
mock/llama-instruct,25,12
mock/llama-instruct,25,20
mock/llama-instruct,25,20
mock/llama-instruct,25,12
mock/llama-instruct,25,12
mock/llama-instruct,25,20
mock/llama-instruct,25,20
mock/llama-instruct,25,20
mock/llama-instruct,25,20
mock/llama-instruct,25,20
mock/llama-instruct,25,20
mock/llama-instruct,25,20
mock/llama-instruct,25,12
mock/llama-instruct,25,20
mock/llama-instruct,25,12
mock/llama-instruct,25,20
mock/llama-instruct,25,12
mock/llama-instruct,25,20
mock/llama-instruct,25,20
mock/llama-instruct,25,12
mock/llama-instruct,25,12
mock/llama-instruct,25,20
mock/llama-instruct,25,20
mock/llama-instruct,25,20
mock/llama-instruct,25,20
mock/llama-instruct,25,20
mock/llama-instruct,25,20
mock/llama-instruct,25,20
mock/llama-instruct,25,20
mock/llama-instruct,25,12
mock/llama-instruct,25,20
mock/llama-instruct,25,12
mock/llama-instruct,25,20
mock/llama-instruct,25,20
mock/llama-instruct,25,12
mock/llama-instruct,25,20
mock/llama-instruct,25,12
mock/llama-instruct,25,20
mock/llama-instruct,25,20
mock/llama-instruct,25,20
mock/llama-instruct,25,20
mock/llama-instruct,25,12
mock/llama-instruct,25,12
mock/llama-instruct,25,20
mock/llama-instruct,25,12
mock/llama-instruct,25,20
mock/llama-instruct,25,20
mock/llama-instruct,25,12
mock/llama-instruct,25,20
mock/llama-instruct,25,20
mock/llama-instruct,25,12
mock/llama-instruct,25,12
mock/llama-instruct,25,20
mock/llama-instruct,25,20
mock/llama-instruct,25,20
mock/llama-instruct,25,20
mock/llama-instruct,25,12
mock/llama-instruct,25,12
mock/llama-instruct,25,20
mock/llama-instruct,25,20
mock/llama-instruct,25,20
mock/llama-instruct,25,20
mock/llama-instruct,25,12
mock/llama-instruct,20,1
mock/llama-instruct,20,1
mock/llama-instruct,20,1
mock/llama-instruct,20,1
mock/llama-instruct,20,1
mock/llama-instruct,20,1
mock/llama-instruct,20,1
mock/llama-instruct,20,1
mock/llama-instruct,20,1
mock/llama-instruct,20,1
mock/llama-instruct,20,1
mock/llama-instruct,20,1
mock/llama-instruct,20,1
mock/llama-instruct,20,1
mock/llama-instruct,20,1
mock/llama-instruct,20,1
mock/llama-instruct,20,1
mock/llama-instruct,20,1
mock/llama-instruct,20,1
mock/llama-instruct,20,1
mock/llama-instruct,20,1
mock/llama-instruct,20,1
mock/llama-instruct,20,1
mock/llama-instruct,20,1
mock/llama-instruct,20,1
mock/llama-instruct,20,1
mock/llama-instruct,20,1
mock/llama-instruct,20,1
mock/llama-instruct,20,1
mock/llama-instruct,20,1
mock/llama-instruct,20,1
mock/llama-instruct,20,1
mock/llama-instruct,20,1
mock/llama-instruct,20,1
mock/llama-instruct,20,1
mock/llama-instruct,20,1
mock/llama-instruct,20,1
mock/llama-instruct,20,1
mock/llama-instruct,20,1
mock/llama-instruct,20,1
mock/llama-instruct,20,1
mock/llama-instruct,20,1
mock/llama-instruct,20,1
mock/llama-instruct,20,1
mock/llama-instruct,20,1
mock/llama-instruct,20,1
mock/llama-instruct,20,1
mock/llama-instruct,20,1
mock/llama-instruct,20,1
mock/llama-instruct,20,1
mock/llama-instruct,20,1
mock/llama-instruct,20,1
mock/llama-instruct,20,1
mock/llama-instruct,20,1
mock/llama-instruct,20,1
mock/llama-instruct,20,1
mock/llama-instruct,20,1
mock/llama-instruct,20,1
mock/llama-instruct,20,1
mock/llama-instruct,20,1
mock/llama-instruct,20,1
mock/llama-instruct,20,1
mock/llama-instruct,20,1
mock/llama-instruct,20,1
mock/llama-instruct,25,20
mock/llama-instruct,25,20
mock/llama-instruct,25,20
mock/llama-instruct,25,20
mock/llama-instruct,25,12
mock/llama-instruct,25,20
mock/llama-instruct,25,20
mock/llama-instruct,25,20
mock/llama-instruct,25,20
mock/llama-instruct,25,20
mock/llama-instruct,25,12
mock/llama-instruct,25,20
mock/llama-instruct,25,20
mock/llama-instruct,25,20
mock/llama-instruct,25,12
mock/llama-instruct,25,12
mock/llama-instruct,25,20
mock/llama-instruct,25,20
mock/llama-instruct,25,20
mock/llama-instruct,25,12
mock/llama-instruct,25,20
mock/llama-instruct,25,12
mock/llama-instruct,25,20
mock/llama-instruct,25,12
mock/llama-instruct,25,20
mock/llama-instruct,25,12
mock/llama-instruct,25,12
mock/llama-instruct,25,20
mock/llama-instruct,25,12
mock/llama-instruct,25,20
mock/llama-instruct,25,20
mock/llama-instruct,25,20
mock/llama-instruct,25,12
mock/llama-instruct,25,20
mock/llama-instruct,25,12
mock/llama-instruct,25,20
mock/llama-instruct,25,20
mock/llama-instruct,25,20
mock/llama-instruct,25,20
mock/llama-instruct,25,20
mock/llama-instruct,25,20
mock/llama-instruct,25,20
mock/llama-instruct,25,12
mock/llama-instruct,25,20
mock/llama-instruct,25,12
mock/llama-instruct,25,20
mock/llama-instruct,25,20
mock/llama-instruct,25,20
mock/llama-instruct,25,20
mock/llama-instruct,25,20
mock/llama-instruct,25,20
mock/llama-instruct,25,20
mock/llama-instruct,25,12
mock/llama-instruct,25,12
mock/llama-instruct,25,12
mock/llama-instruct,25,20
mock/llama-instruct,25,20
mock/llama-instruct,25,20
mock/llama-instruct,25,12
mock/llama-instruct,25,20
mock/llama-instruct,25,20
mock/llama-instruct,25,20
mock/llama-instruct,25,20
mock/llama-instruct,25,12
mock/llama-instruct,25,20
mock/llama-instruct,25,20
mock/llama-instruct,25,12
mock/llama-instruct,25,20
mock/llama-instruct,25,20
mock/llama-instruct,25,20
mock/llama-instruct,25,20
mock/llama-instruct,25,12
mock/llama-instruct,25,20
mock/llama-instruct,25,20
mock/llama-instruct,25,20
mock/llama-instruct,25,12
mock/llama-instruct,25,20
mock/llama-instruct,25,20
mock/llama-instruct,25,20
mock/llama-instruct,25,12
mock/llama-instruct,20,1
mock/llama-instruct,20,1
mock/llama-instruct,20,1
mock/llama-instruct,20,1
mock/llama-instruct,20,1
mock/llama-instruct,20,1
mock/llama-instruct,20,1
mock/llama-instruct,20,1
mock/llama-instruct,20,1
mock/llama-instruct,20,1
mock/llama-instruct,20,1
mock/llama-instruct,20,1
mock/llama-instruct,20,1
mock/llama-instruct,20,1
mock/llama-instruct,20,1
mock/llama-instruct,20,1
mock/llama-instruct,20,1
mock/llama-instruct,20,1
mock/llama-instruct,20,1
mock/llama-instruct,20,1
mock/llama-instruct,20,1
mock/llama-instruct,20,1
mock/llama-instruct,20,1
mock/llama-instruct,20,1
mock/llama-instruct,20,1
mock/llama-instruct,20,1
mock/llama-instruct,20,1
mock/llama-instruct,20,1
mock/llama-instruct,20,1
mock/llama-instruct,20,1
mock/llama-instruct,20,1
mock/llama-instruct,20,1
mock/llama-instruct,20,1
mock/llama-instruct,20,1
mock/llama-instruct,20,1
mock/llama-instruct,20,1
mock/llama-instruct,20,1
mock/llama-instruct,20,1
mock/llama-instruct,20,1
mock/llama-instruct,20,1
mock/llama-instruct,20,1
mock/llama-instruct,20,1
mock/llama-instruct,20,1
mock/llama-instruct,20,1
mock/llama-instruct,20,1
mock/llama-instruct,20,1
mock/llama-instruct,20,1
mock/llama-instruct,20,1
mock/llama-instruct,20,1
mock/llama-instruct,20,1
mock/llama-instruct,20,1
mock/llama-instruct,20,1
mock/llama-instruct,20,1
mock/llama-instruct,20,1
mock/llama-instruct,20,1
mock/llama-instruct,20,1
mock/llama-instruct,20,1
mock/llama-instruct,20,1
mock/llama-instruct,20,1
mock/llama-instruct,20,1
mock/llama-instruct,20,1
mock/llama-instruct,20,1
mock/llama-instruct,20,1
mock/llama-instruct,20,1
mock/llama-instruct,25,20
mock/llama-instruct,25,12
mock/llama-instruct,25,20
mock/llama-instruct,25,12
mock/llama-instruct,25,20
mock/llama-instruct,25,20
mock/llama-instruct,25,20
mock/llama-instruct,25,20
mock/llama-instruct,25,20
mock/llama-instruct,25,20
mock/llama-instruct,25,20
mock/llama-instruct,25,12
mock/llama-instruct,25,12
mock/llama-instruct,25,12
mock/llama-instruct,25,20
mock/llama-instruct,25,20
mock/llama-instruct,25,20
mock/llama-instruct,25,20
mock/llama-instruct,25,12
mock/llama-instruct,25,20
mock/llama-instruct,25,20
mock/llama-instruct,25,20
mock/llama-instruct,25,20
mock/llama-instruct,25,20
mock/llama-instruct,25,20
mock/llama-instruct,25,20
mock/llama-instruct,25,20
mock/llama-instruct,25,20
mock/llama-instruct,25,20
mock/llama-instruct,25,20
mock/llama-instruct,25,20
mock/llama-instruct,25,20
mock/llama-instruct,25,12
mock/llama-instruct,25,20
mock/llama-instruct,25,12
mock/llama-instruct,25,20
mock/llama-instruct,25,20
mock/llama-instruct,25,20
mock/llama-instruct,25,20
mock/llama-instruct,25,12
mock/llama-instruct,25,20
mock/llama-instruct,25,20
mock/llama-instruct,25,12
mock/llama-instruct,25,20
mock/llama-instruct,25,20
mock/llama-instruct,25,20
mock/llama-instruct,25,12
mock/llama-instruct,25,20
mock/llama-instruct,25,20
mock/llama-instruct,25,20
mock/llama-instruct,25,20
mock/llama-instruct,25,12
mock/llama-instruct,25,20
mock/llama-instruct,25,12
mock/llama-instruct,25,20
mock/llama-instruct,25,12
mock/llama-instruct,25,12
mock/llama-instruct,25,20
mock/llama-instruct,25,20
mock/llama-instruct,25,12
mock/llama-instruct,25,20
mock/llama-instruct,25,20
mock/llama-instruct,25,20
mock/llama-instruct,25,20
mock/llama-instruct,25,20
mock/llama-instruct,25,20
mock/llama-instruct,25,20
mock/llama-instruct,25,20
mock/llama-instruct,25,20
mock/llama-instruct,25,20
mock/llama-instruct,25,20
mock/llama-instruct,25,20
mock/llama-instruct,25,20
mock/llama-instruct,25,20
mock/llama-instruct,25,12
mock/llama-instruct,25,20
mock/llama-instruct,25,12
mock/llama-instruct,25,20
mock/llama-instruct,25,12
mock/llama-instruct,25,20
nvidia/nemotron-mini-4b-instruct,40,2
nvidia/nemotron-mini-4b-instruct,40,2
nvidia/nemotron-mini-4b-instruct,40,2
nvidia/nemotron-mini-4b-instruct,40,2
nvidia/nemotron-mini-4b-instruct,40,2
nvidia/nemotron-mini-4b-instruct,41,2
nvidia/nemotron-mini-4b-instruct,41,2
nvidia/nemotron-mini-4b-instruct,41,2
nvidia/nemotron-mini-4b-instruct,41,2
nvidia/nemotron-mini-4b-instruct,41,2
nvidia/nemotron-mini-4b-instruct,38,2
nvidia/nemotron-mini-4b-instruct,38,2
nvidia/nemotron-mini-4b-instruct,38,2
nvidia/nemotron-mini-4b-instruct,38,2
nvidia/nemotron-mini-4b-instruct,38,2
nvidia/nemotron-mini-4b-instruct,39,2
nvidia/nemotron-mini-4b-instruct,39,2
nvidia/nemotron-mini-4b-instruct,39,2
nvidia/nemotron-mini-4b-instruct,39,2
nvidia/nemotron-mini-4b-instruct,39,2
nvidia/nemotron-mini-4b-instruct,35,2
nvidia/nemotron-mini-4b-instruct,35,2
nvidia/nemotron-mini-4b-instruct,35,2
nvidia/nemotron-mini-4b-instruct,35,2
nvidia/nemotron-mini-4b-instruct,35,2
nvidia/nemotron-mini-4b-instruct,36,2
nvidia/nemotron-mini-4b-instruct,36,2
nvidia/nemotron-mini-4b-instruct,36,2
nvidia/nemotron-mini-4b-instruct,36,2
nvidia/nemotron-mini-4b-instruct,36,2
nvidia/nemotron-mini-4b-instruct,35,2
nvidia/nemotron-mini-4b-instruct,35,2
nvidia/nemotron-mini-4b-instruct,35,2
nvidia/nemotron-mini-4b-instruct,35,2
nvidia/nemotron-mini-4b-instruct,35,2
nvidia/nemotron-mini-4b-instruct,36,2
nvidia/nemotron-mini-4b-instruct,36,2
nvidia/nemotron-mini-4b-instruct,36,2
nvidia/nemotron-mini-4b-instruct,36,2
nvidia/nemotron-mini-4b-instruct,36,2
nvidia/nemotron-mini-4b-instruct,34,48
nvidia/nemotron-mini-4b-instruct,34,51
nvidia/nemotron-mini-4b-instruct,34,48
nvidia/nemotron-mini-4b-instruct,34,51
nvidia/nemotron-mini-4b-instruct,34,51
nvidia/nemotron-mini-4b-instruct,34,256
nvidia/nemotron-mini-4b-instruct,34,256
nvidia/nemotron-mini-4b-instruct,34,256
nvidia/nemotron-mini-4b-instruct,34,256
nvidia/nemotron-mini-4b-instruct,34,256
nvidia/nemotron-mini-4b-instruct,33,256
nvidia/nemotron-mini-4b-instruct,33,256
nvidia/nemotron-mini-4b-instruct,33,256
nvidia/nemotron-mini-4b-instruct,33,256
nvidia/nemotron-mini-4b-instruct,33,256
nvidia/nemotron-mini-4b-instruct,23,256
nvidia/nemotron-mini-4b-instruct,23,256
nvidia/nemotron-mini-4b-instruct,23,256
nvidia/nemotron-mini-4b-instruct,23,256
nvidia/nemotron-mini-4b-instruct,23,256
nvidia/nemotron-mini-4b-instruct,27,80
nvidia/nemotron-mini-4b-instruct,27,80
nvidia/nemotron-mini-4b-instruct,27,80
nvidia/nemotron-mini-4b-instruct,27,80
nvidia/nemotron-mini-4b-instruct,27,93
nvidia/nemotron-mini-4b-instruct,28,256
nvidia/nemotron-mini-4b-instruct,28,256
nvidia/nemotron-mini-4b-instruct,28,256
nvidia/nemotron-mini-4b-instruct,28,256
nvidia/nemotron-mini-4b-instruct,28,256
nvidia/nemotron-mini-4b-instruct,33,74
nvidia/nemotron-mini-4b-instruct,33,66
nvidia/nemotron-mini-4b-instruct,33,85
nvidia/nemotron-mini-4b-instruct,33,84
nvidia/nemotron-mini-4b-instruct,33,78
nvidia/nemotron-mini-4b-instruct,29,256
nvidia/nemotron-mini-4b-instruct,29,256
nvidia/nemotron-mini-4b-instruct,29,256
nvidia/nemotron-mini-4b-instruct,29,256
nvidia/nemotron-mini-4b-instruct,29,256
nvidia/nemotron-mini-4b-instruct,36,256
nvidia/nemotron-mini-4b-instruct,36,256
nvidia/nemotron-mini-4b-instruct,36,256
nvidia/nemotron-mini-4b-instruct,36,256
nvidia/nemotron-mini-4b-instruct,36,256
nvidia/nemotron-mini-4b-instruct,35,256
nvidia/nemotron-mini-4b-instruct,35,256
nvidia/nemotron-mini-4b-instruct,35,256
nvidia/nemotron-mini-4b-instruct,35,256
nvidia/nemotron-mini-4b-instruct,35,256
nvidia/nemotron-mini-4b-instruct,33,2
nvidia/nemotron-mini-4b-instruct,33,2
nvidia/nemotron-mini-4b-instruct,33,2
nvidia/nemotron-mini-4b-instruct,33,2
nvidia/nemotron-mini-4b-instruct,33,2
nvidia/nemotron-mini-4b-instruct,34,12
nvidia/nemotron-mini-4b-instruct,34,12
nvidia/nemotron-mini-4b-instruct,34,12
nvidia/nemotron-mini-4b-instruct,34,12
nvidia/nemotron-mini-4b-instruct,34,12
nvidia/nemotron-mini-4b-instruct,42,2
nvidia/nemotron-mini-4b-instruct,42,2
nvidia/nemotron-mini-4b-instruct,42,2
nvidia/nemotron-mini-4b-instruct,42,2
nvidia/nemotron-mini-4b-instruct,42,2
nvidia/nemotron-mini-4b-instruct,42,2
nvidia/nemotron-mini-4b-instruct,42,2
nvidia/nemotron-mini-4b-instruct,42,2
nvidia/nemotron-mini-4b-instruct,42,2
nvidia/nemotron-mini-4b-instruct,42,2
nvidia/nemotron-mini-4b-instruct,35,2
nvidia/nemotron-mini-4b-instruct,35,2
nvidia/nemotron-mini-4b-instruct,35,2
nvidia/nemotron-mini-4b-instruct,35,2
nvidia/nemotron-mini-4b-instruct,35,2
nvidia/nemotron-mini-4b-instruct,36,2
nvidia/nemotron-mini-4b-instruct,36,2
nvidia/nemotron-mini-4b-instruct,36,2
nvidia/nemotron-mini-4b-instruct,36,2
nvidia/nemotron-mini-4b-instruct,36,2
nvidia/nemotron-mini-4b-instruct,33,12
nvidia/nemotron-mini-4b-instruct,33,12
nvidia/nemotron-mini-4b-instruct,33,12
nvidia/nemotron-mini-4b-instruct,33,12
nvidia/nemotron-mini-4b-instruct,33,12
nvidia/nemotron-mini-4b-instruct,34,2
nvidia/nemotron-mini-4b-instruct,34,2
nvidia/nemotron-mini-4b-instruct,34,2
nvidia/nemotron-mini-4b-instruct,34,2
nvidia/nemotron-mini-4b-instruct,34,2
nvidia/nemotron-mini-4b-instruct,34,84
nvidia/nemotron-mini-4b-instruct,34,99
nvidia/nemotron-mini-4b-instruct,34,91
nvidia/nemotron-mini-4b-instruct,34,99
nvidia/nemotron-mini-4b-instruct,34,62
nvidia/nemotron-mini-4b-instruct,36,256
nvidia/nemotron-mini-4b-instruct,36,256
nvidia/nemotron-mini-4b-instruct,36,256
nvidia/nemotron-mini-4b-instruct,36,256
nvidia/nemotron-mini-4b-instruct,36,256
nvidia/nemotron-mini-4b-instruct,39,256
nvidia/nemotron-mini-4b-instruct,39,256
nvidia/nemotron-mini-4b-instruct,39,256
nvidia/nemotron-mini-4b-instruct,39,256
nvidia/nemotron-mini-4b-instruct,39,256
nvidia/nemotron-mini-4b-instruct,26,256
nvidia/nemotron-mini-4b-instruct,26,256
nvidia/nemotron-mini-4b-instruct,26,256
nvidia/nemotron-mini-4b-instruct,26,256
nvidia/nemotron-mini-4b-instruct,26,256
nvidia/nemotron-mini-4b-instruct,27,48
nvidia/nemotron-mini-4b-instruct,27,48
nvidia/nemotron-mini-4b-instruct,27,48
nvidia/nemotron-mini-4b-instruct,27,48
nvidia/nemotron-mini-4b-instruct,27,47
nvidia/nemotron-mini-4b-instruct,28,256
nvidia/nemotron-mini-4b-instruct,28,256
nvidia/nemotron-mini-4b-instruct,28,256
nvidia/nemotron-mini-4b-instruct,28,256
nvidia/nemotron-mini-4b-instruct,28,256
nvidia/nemotron-mini-4b-instruct,35,46
nvidia/nemotron-mini-4b-instruct,35,36
nvidia/nemotron-mini-4b-instruct,35,49
nvidia/nemotron-mini-4b-instruct,35,49
nvidia/nemotron-mini-4b-instruct,35,36
nvidia/nemotron-mini-4b-instruct,34,256
nvidia/nemotron-mini-4b-instruct,34,256
nvidia/nemotron-mini-4b-instruct,34,256
nvidia/nemotron-mini-4b-instruct,34,256
nvidia/nemotron-mini-4b-instruct,34,256
nvidia/nemotron-mini-4b-instruct,36,256
nvidia/nemotron-mini-4b-instruct,36,256
nvidia/nemotron-mini-4b-instruct,36,256
nvidia/nemotron-mini-4b-instruct,36,256
nvidia/nemotron-mini-4b-instruct,36,256
nvidia/nemotron-mini-4b-instruct,36,256
nvidia/nemotron-mini-4b-instruct,36,256
nvidia/nemotron-mini-4b-instruct,36,256
nvidia/nemotron-mini-4b-instruct,36,256
nvidia/nemotron-mini-4b-instruct,36,256
nvidia/nemotron-mini-4b-instruct,41,12
nvidia/nemotron-mini-4b-instruct,41,12
nvidia/nemotron-mini-4b-instruct,41,12
nvidia/nemotron-mini-4b-instruct,41,12
nvidia/nemotron-mini-4b-instruct,41,12
nvidia/nemotron-mini-4b-instruct,42,2
nvidia/nemotron-mini-4b-instruct,42,2
nvidia/nemotron-mini-4b-instruct,42,2
nvidia/nemotron-mini-4b-instruct,42,2
nvidia/nemotron-mini-4b-instruct,42,2
nvidia/nemotron-mini-4b-instruct,39,2
nvidia/nemotron-mini-4b-instruct,39,2
nvidia/nemotron-mini-4b-instruct,39,2
nvidia/nemotron-mini-4b-instruct,39,2
nvidia/nemotron-mini-4b-instruct,39,2
nvidia/nemotron-mini-4b-instruct,40,2
nvidia/nemotron-mini-4b-instruct,40,2
nvidia/nemotron-mini-4b-instruct,40,2
nvidia/nemotron-mini-4b-instruct,40,2
nvidia/nemotron-mini-4b-instruct,40,2
nvidia/nemotron-mini-4b-instruct,36,12
nvidia/nemotron-mini-4b-instruct,36,12
nvidia/nemotron-mini-4b-instruct,36,12
nvidia/nemotron-mini-4b-instruct,36,12
nvidia/nemotron-mini-4b-instruct,36,12
nvidia/nemotron-mini-4b-instruct,37,2
nvidia/nemotron-mini-4b-instruct,37,2
nvidia/nemotron-mini-4b-instruct,37,2
nvidia/nemotron-mini-4b-instruct,37,2
nvidia/nemotron-mini-4b-instruct,37,2
nvidia/nemotron-mini-4b-instruct,36,2
nvidia/nemotron-mini-4b-instruct,36,2
nvidia/nemotron-mini-4b-instruct,36,2
nvidia/nemotron-mini-4b-instruct,36,2
nvidia/nemotron-mini-4b-instruct,36,2
nvidia/nemotron-mini-4b-instruct,37,2
nvidia/nemotron-mini-4b-instruct,37,2
nvidia/nemotron-mini-4b-instruct,37,2
nvidia/nemotron-mini-4b-instruct,37,2
nvidia/nemotron-mini-4b-instruct,37,2
nvidia/nemotron-mini-4b-instruct,35,63
nvidia/nemotron-mini-4b-instruct,35,65
nvidia/nemotron-mini-4b-instruct,35,64
nvidia/nemotron-mini-4b-instruct,35,64
nvidia/nemotron-mini-4b-instruct,35,48
nvidia/nemotron-mini-4b-instruct,35,256
nvidia/nemotron-mini-4b-instruct,35,256
nvidia/nemotron-mini-4b-instruct,35,256
nvidia/nemotron-mini-4b-instruct,35,256
nvidia/nemotron-mini-4b-instruct,35,256
nvidia/nemotron-mini-4b-instruct,34,256
nvidia/nemotron-mini-4b-instruct,34,256
nvidia/nemotron-mini-4b-instruct,34,256
nvidia/nemotron-mini-4b-instruct,34,256
nvidia/nemotron-mini-4b-instruct,34,256
nvidia/nemotron-mini-4b-instruct,24,256
nvidia/nemotron-mini-4b-instruct,24,256
nvidia/nemotron-mini-4b-instruct,24,256
nvidia/nemotron-mini-4b-instruct,24,256
nvidia/nemotron-mini-4b-instruct,24,256
nvidia/nemotron-mini-4b-instruct,28,56
nvidia/nemotron-mini-4b-instruct,28,59
nvidia/nemotron-mini-4b-instruct,28,74
nvidia/nemotron-mini-4b-instruct,28,90
nvidia/nemotron-mini-4b-instruct,28,90
nvidia/nemotron-mini-4b-instruct,29,256
nvidia/nemotron-mini-4b-instruct,29,256
nvidia/nemotron-mini-4b-instruct,29,256
nvidia/nemotron-mini-4b-instruct,29,256
nvidia/nemotron-mini-4b-instruct,29,256
nvidia/nemotron-mini-4b-instruct,34,87
nvidia/nemotron-mini-4b-instruct,34,90
nvidia/nemotron-mini-4b-instruct,34,84
nvidia/nemotron-mini-4b-instruct,34,65
nvidia/nemotron-mini-4b-instruct,34,65
nvidia/nemotron-mini-4b-instruct,30,256
nvidia/nemotron-mini-4b-instruct,30,256
nvidia/nemotron-mini-4b-instruct,30,256
nvidia/nemotron-mini-4b-instruct,30,256
nvidia/nemotron-mini-4b-instruct,30,256
nvidia/nemotron-mini-4b-instruct,37,256
nvidia/nemotron-mini-4b-instruct,37,256
nvidia/nemotron-mini-4b-instruct,37,256
nvidia/nemotron-mini-4b-instruct,37,256
nvidia/nemotron-mini-4b-instruct,37,256
nvidia/nemotron-mini-4b-instruct,36,256
nvidia/nemotron-mini-4b-instruct,36,256
nvidia/nemotron-mini-4b-instruct,36,256
nvidia/nemotron-mini-4b-instruct,36,256
nvidia/nemotron-mini-4b-instruct,36,256
nvidia/nemotron-mini-4b-instruct,32,12
nvidia/nemotron-mini-4b-instruct,32,12
nvidia/nemotron-mini-4b-instruct,32,12
nvidia/nemotron-mini-4b-instruct,32,12
nvidia/nemotron-mini-4b-instruct,32,12
nvidia/nemotron-mini-4b-instruct,33,12
nvidia/nemotron-mini-4b-instruct,33,12
nvidia/nemotron-mini-4b-instruct,33,12
nvidia/nemotron-mini-4b-instruct,33,12
nvidia/nemotron-mini-4b-instruct,33,12
nvidia/nemotron-mini-4b-instruct,41,2
nvidia/nemotron-mini-4b-instruct,41,2
nvidia/nemotron-mini-4b-instruct,41,2
nvidia/nemotron-mini-4b-instruct,41,2
nvidia/nemotron-mini-4b-instruct,41,2
nvidia/nemotron-mini-4b-instruct,41,2
nvidia/nemotron-mini-4b-instruct,41,2
nvidia/nemotron-mini-4b-instruct,41,2
nvidia/nemotron-mini-4b-instruct,41,2
nvidia/nemotron-mini-4b-instruct,41,2
nvidia/nemotron-mini-4b-instruct,34,2
nvidia/nemotron-mini-4b-instruct,34,2
nvidia/nemotron-mini-4b-instruct,34,2
nvidia/nemotron-mini-4b-instruct,34,2
nvidia/nemotron-mini-4b-instruct,34,2
nvidia/nemotron-mini-4b-instruct,35,2
nvidia/nemotron-mini-4b-instruct,35,2
nvidia/nemotron-mini-4b-instruct,35,2
nvidia/nemotron-mini-4b-instruct,35,2
nvidia/nemotron-mini-4b-instruct,35,2
nvidia/nemotron-mini-4b-instruct,32,12
nvidia/nemotron-mini-4b-instruct,32,12
nvidia/nemotron-mini-4b-instruct,32,12
nvidia/nemotron-mini-4b-instruct,32,12
nvidia/nemotron-mini-4b-instruct,32,12
nvidia/nemotron-mini-4b-instruct,33,12
nvidia/nemotron-mini-4b-instruct,33,12
nvidia/nemotron-mini-4b-instruct,33,12
nvidia/nemotron-mini-4b-instruct,33,12
nvidia/nemotron-mini-4b-instruct,33,12
nvidia/nemotron-mini-4b-instruct,34,94
nvidia/nemotron-mini-4b-instruct,34,94
nvidia/nemotron-mini-4b-instruct,34,94
nvidia/nemotron-mini-4b-instruct,34,94
nvidia/nemotron-mini-4b-instruct,34,94
nvidia/nemotron-mini-4b-instruct,36,256
nvidia/nemotron-mini-4b-instruct,36,256
nvidia/nemotron-mini-4b-instruct,36,256
nvidia/nemotron-mini-4b-instruct,36,256
nvidia/nemotron-mini-4b-instruct,36,256
nvidia/nemotron-mini-4b-instruct,39,256
nvidia/nemotron-mini-4b-instruct,39,256
nvidia/nemotron-mini-4b-instruct,39,256
nvidia/nemotron-mini-4b-instruct,39,256
nvidia/nemotron-mini-4b-instruct,39,256
nvidia/nemotron-mini-4b-instruct,26,256
nvidia/nemotron-mini-4b-instruct,26,256
nvidia/nemotron-mini-4b-instruct,26,256
nvidia/nemotron-mini-4b-instruct,26,256
nvidia/nemotron-mini-4b-instruct,26,256
nvidia/nemotron-mini-4b-instruct,27,41
nvidia/nemotron-mini-4b-instruct,27,41
nvidia/nemotron-mini-4b-instruct,27,41
nvidia/nemotron-mini-4b-instruct,27,41
nvidia/nemotron-mini-4b-instruct,27,41
nvidia/nemotron-mini-4b-instruct,28,256
nvidia/nemotron-mini-4b-instruct,28,256
nvidia/nemotron-mini-4b-instruct,28,256
nvidia/nemotron-mini-4b-instruct,28,256
nvidia/nemotron-mini-4b-instruct,28,256
nvidia/nemotron-mini-4b-instruct,35,98
nvidia/nemotron-mini-4b-instruct,35,88
nvidia/nemotron-mini-4b-instruct,35,100
nvidia/nemotron-mini-4b-instruct,35,120
nvidia/nemotron-mini-4b-instruct,35,120
nvidia/nemotron-mini-4b-instruct,34,256
nvidia/nemotron-mini-4b-instruct,34,256
nvidia/nemotron-mini-4b-instruct,34,256
nvidia/nemotron-mini-4b-instruct,34,256
nvidia/nemotron-mini-4b-instruct,34,256
nvidia/nemotron-mini-4b-instruct,36,256
nvidia/nemotron-mini-4b-instruct,36,256
nvidia/nemotron-mini-4b-instruct,36,256
nvidia/nemotron-mini-4b-instruct,36,256
nvidia/nemotron-mini-4b-instruct,36,256
nvidia/nemotron-mini-4b-instruct,36,256
nvidia/nemotron-mini-4b-instruct,36,256
nvidia/nemotron-mini-4b-instruct,36,256
nvidia/nemotron-mini-4b-instruct,36,256
nvidia/nemotron-mini-4b-instruct,36,256
nvidia/nemotron-mini-4b-instruct,40,2
nvidia/nemotron-mini-4b-instruct,40,2
nvidia/nemotron-mini-4b-instruct,40,2
nvidia/nemotron-mini-4b-instruct,40,2
nvidia/nemotron-mini-4b-instruct,40,2
nvidia/nemotron-mini-4b-instruct,41,2
nvidia/nemotron-mini-4b-instruct,41,2
nvidia/nemotron-mini-4b-instruct,41,2
nvidia/nemotron-mini-4b-instruct,41,2
nvidia/nemotron-mini-4b-instruct,41,2
nvidia/nemotron-mini-4b-instruct,38,2
nvidia/nemotron-mini-4b-instruct,38,2
nvidia/nemotron-mini-4b-instruct,38,2
nvidia/nemotron-mini-4b-instruct,38,2
nvidia/nemotron-mini-4b-instruct,38,2
nvidia/nemotron-mini-4b-instruct,39,2
nvidia/nemotron-mini-4b-instruct,39,2
nvidia/nemotron-mini-4b-instruct,39,2
nvidia/nemotron-mini-4b-instruct,39,2
nvidia/nemotron-mini-4b-instruct,39,2
nvidia/nemotron-mini-4b-instruct,35,2
nvidia/nemotron-mini-4b-instruct,35,2
nvidia/nemotron-mini-4b-instruct,35,2
nvidia/nemotron-mini-4b-instruct,35,2
nvidia/nemotron-mini-4b-instruct,35,2
nvidia/nemotron-mini-4b-instruct,36,2
nvidia/nemotron-mini-4b-instruct,36,2
nvidia/nemotron-mini-4b-instruct,36,2
nvidia/nemotron-mini-4b-instruct,36,2
nvidia/nemotron-mini-4b-instruct,36,2
nvidia/nemotron-mini-4b-instruct,35,2
nvidia/nemotron-mini-4b-instruct,35,2
nvidia/nemotron-mini-4b-instruct,35,2
nvidia/nemotron-mini-4b-instruct,35,2
nvidia/nemotron-mini-4b-instruct,35,2
nvidia/nemotron-mini-4b-instruct,36,2
nvidia/nemotron-mini-4b-instruct,36,2
nvidia/nemotron-mini-4b-instruct,36,2
nvidia/nemotron-mini-4b-instruct,36,2
nvidia/nemotron-mini-4b-instruct,36,2
nvidia/nemotron-mini-4b-instruct,37,56
nvidia/nemotron-mini-4b-instruct,37,56
nvidia/nemotron-mini-4b-instruct,37,69
nvidia/nemotron-mini-4b-instruct,37,56
nvidia/nemotron-mini-4b-instruct,37,44
nvidia/nemotron-mini-4b-instruct,37,256
nvidia/nemotron-mini-4b-instruct,37,256
nvidia/nemotron-mini-4b-instruct,37,256
nvidia/nemotron-mini-4b-instruct,37,256
nvidia/nemotron-mini-4b-instruct,37,256
nvidia/nemotron-mini-4b-instruct,36,256
nvidia/nemotron-mini-4b-instruct,36,256
nvidia/nemotron-mini-4b-instruct,36,256
nvidia/nemotron-mini-4b-instruct,36,256
nvidia/nemotron-mini-4b-instruct,36,256
nvidia/nemotron-mini-4b-instruct,26,256
nvidia/nemotron-mini-4b-instruct,26,256
nvidia/nemotron-mini-4b-instruct,26,256
nvidia/nemotron-mini-4b-instruct,26,256
nvidia/nemotron-mini-4b-instruct,26,256
nvidia/nemotron-mini-4b-instruct,30,65
nvidia/nemotron-mini-4b-instruct,30,63
nvidia/nemotron-mini-4b-instruct,30,73
nvidia/nemotron-mini-4b-instruct,30,44
nvidia/nemotron-mini-4b-instruct,30,63
nvidia/nemotron-mini-4b-instruct,31,256
nvidia/nemotron-mini-4b-instruct,31,256
nvidia/nemotron-mini-4b-instruct,31,256
nvidia/nemotron-mini-4b-instruct,31,256
nvidia/nemotron-mini-4b-instruct,31,256
nvidia/nemotron-mini-4b-instruct,36,60
nvidia/nemotron-mini-4b-instruct,36,73
nvidia/nemotron-mini-4b-instruct,36,67
nvidia/nemotron-mini-4b-instruct,36,60
nvidia/nemotron-mini-4b-instruct,36,73
nvidia/nemotron-mini-4b-instruct,32,256
nvidia/nemotron-mini-4b-instruct,32,256
nvidia/nemotron-mini-4b-instruct,32,256
nvidia/nemotron-mini-4b-instruct,32,256
nvidia/nemotron-mini-4b-instruct,32,256
nvidia/nemotron-mini-4b-instruct,39,256
nvidia/nemotron-mini-4b-instruct,39,256
nvidia/nemotron-mini-4b-instruct,39,256
nvidia/nemotron-mini-4b-instruct,39,256
nvidia/nemotron-mini-4b-instruct,39,256
nvidia/nemotron-mini-4b-instruct,38,256
nvidia/nemotron-mini-4b-instruct,38,256
nvidia/nemotron-mini-4b-instruct,38,256
nvidia/nemotron-mini-4b-instruct,38,256
nvidia/nemotron-mini-4b-instruct,38,256
nvidia/nemotron-mini-4b-instruct,31,12
nvidia/nemotron-mini-4b-instruct,31,12
nvidia/nemotron-mini-4b-instruct,31,12
nvidia/nemotron-mini-4b-instruct,31,12
nvidia/nemotron-mini-4b-instruct,31,12
nvidia/nemotron-mini-4b-instruct,32,2
nvidia/nemotron-mini-4b-instruct,32,2
nvidia/nemotron-mini-4b-instruct,32,2
nvidia/nemotron-mini-4b-instruct,32,2
nvidia/nemotron-mini-4b-instruct,32,2
nvidia/nemotron-mini-4b-instruct,40,2
nvidia/nemotron-mini-4b-instruct,40,2
nvidia/nemotron-mini-4b-instruct,40,2
nvidia/nemotron-mini-4b-instruct,40,2
nvidia/nemotron-mini-4b-instruct,40,2
nvidia/nemotron-mini-4b-instruct,40,2
nvidia/nemotron-mini-4b-instruct,40,2
nvidia/nemotron-mini-4b-instruct,40,2
nvidia/nemotron-mini-4b-instruct,40,2
nvidia/nemotron-mini-4b-instruct,40,2
nvidia/nemotron-mini-4b-instruct,33,2
nvidia/nemotron-mini-4b-instruct,33,2
nvidia/nemotron-mini-4b-instruct,33,2
nvidia/nemotron-mini-4b-instruct,33,2
nvidia/nemotron-mini-4b-instruct,33,2
nvidia/nemotron-mini-4b-instruct,34,12
nvidia/nemotron-mini-4b-instruct,34,12
nvidia/nemotron-mini-4b-instruct,34,12
nvidia/nemotron-mini-4b-instruct,34,12
nvidia/nemotron-mini-4b-instruct,34,12
nvidia/nemotron-mini-4b-instruct,32,2
nvidia/nemotron-mini-4b-instruct,32,2
nvidia/nemotron-mini-4b-instruct,32,2
nvidia/nemotron-mini-4b-instruct,32,2
nvidia/nemotron-mini-4b-instruct,32,2
nvidia/nemotron-mini-4b-instruct,32,12
nvidia/nemotron-mini-4b-instruct,32,12
nvidia/nemotron-mini-4b-instruct,32,12
nvidia/nemotron-mini-4b-instruct,32,12
nvidia/nemotron-mini-4b-instruct,32,12
nvidia/nemotron-mini-4b-instruct,37,104
nvidia/nemotron-mini-4b-instruct,37,92
nvidia/nemotron-mini-4b-instruct,37,133
nvidia/nemotron-mini-4b-instruct,37,157
nvidia/nemotron-mini-4b-instruct,37,114
nvidia/nemotron-mini-4b-instruct,39,256
nvidia/nemotron-mini-4b-instruct,39,256
nvidia/nemotron-mini-4b-instruct,39,256
nvidia/nemotron-mini-4b-instruct,39,256
nvidia/nemotron-mini-4b-instruct,39,256
nvidia/nemotron-mini-4b-instruct,42,256
nvidia/nemotron-mini-4b-instruct,42,256
nvidia/nemotron-mini-4b-instruct,42,226
nvidia/nemotron-mini-4b-instruct,42,256
nvidia/nemotron-mini-4b-instruct,42,237
nvidia/nemotron-mini-4b-instruct,29,256
nvidia/nemotron-mini-4b-instruct,29,256
nvidia/nemotron-mini-4b-instruct,29,256
nvidia/nemotron-mini-4b-instruct,29,256
nvidia/nemotron-mini-4b-instruct,29,256
nvidia/nemotron-mini-4b-instruct,30,62
nvidia/nemotron-mini-4b-instruct,30,52
nvidia/nemotron-mini-4b-instruct,30,62
nvidia/nemotron-mini-4b-instruct,30,61
nvidia/nemotron-mini-4b-instruct,30,52
nvidia/nemotron-mini-4b-instruct,31,256
nvidia/nemotron-mini-4b-instruct,31,256
nvidia/nemotron-mini-4b-instruct,31,256
nvidia/nemotron-mini-4b-instruct,31,256
nvidia/nemotron-mini-4b-instruct,31,256
nvidia/nemotron-mini-4b-instruct,38,68
nvidia/nemotron-mini-4b-instruct,38,45
nvidia/nemotron-mini-4b-instruct,38,62
nvidia/nemotron-mini-4b-instruct,38,45
nvidia/nemotron-mini-4b-instruct,38,62
nvidia/nemotron-mini-4b-instruct,37,256
nvidia/nemotron-mini-4b-instruct,37,256
nvidia/nemotron-mini-4b-instruct,37,256
nvidia/nemotron-mini-4b-instruct,37,256
nvidia/nemotron-mini-4b-instruct,37,256
nvidia/nemotron-mini-4b-instruct,39,256
nvidia/nemotron-mini-4b-instruct,39,256
nvidia/nemotron-mini-4b-instruct,39,256
nvidia/nemotron-mini-4b-instruct,39,256
nvidia/nemotron-mini-4b-instruct,39,256
nvidia/nemotron-mini-4b-instruct,39,256
nvidia/nemotron-mini-4b-instruct,39,256
nvidia/nemotron-mini-4b-instruct,39,256
nvidia/nemotron-mini-4b-instruct,39,256
nvidia/nemotron-mini-4b-instruct,39,256
nvidia/nemotron-mini-4b-instruct,40,2
nvidia/nemotron-mini-4b-instruct,40,2
nvidia/nemotron-mini-4b-instruct,40,2
nvidia/nemotron-mini-4b-instruct,40,2
nvidia/nemotron-mini-4b-instruct,40,2
nvidia/nemotron-mini-4b-instruct,41,2
nvidia/nemotron-mini-4b-instruct,41,2
nvidia/nemotron-mini-4b-instruct,41,2
nvidia/nemotron-mini-4b-instruct,41,2
nvidia/nemotron-mini-4b-instruct,41,2
nvidia/nemotron-mini-4b-instruct,38,2
nvidia/nemotron-mini-4b-instruct,38,2
nvidia/nemotron-mini-4b-instruct,38,2
nvidia/nemotron-mini-4b-instruct,38,2
nvidia/nemotron-mini-4b-instruct,38,2
nvidia/nemotron-mini-4b-instruct,39,2
nvidia/nemotron-mini-4b-instruct,39,2
nvidia/nemotron-mini-4b-instruct,39,2
nvidia/nemotron-mini-4b-instruct,39,2
nvidia/nemotron-mini-4b-instruct,39,2
nvidia/nemotron-mini-4b-instruct,35,12
nvidia/nemotron-mini-4b-instruct,35,12
nvidia/nemotron-mini-4b-instruct,35,12
nvidia/nemotron-mini-4b-instruct,35,12
nvidia/nemotron-mini-4b-instruct,35,12
nvidia/nemotron-mini-4b-instruct,36,12
nvidia/nemotron-mini-4b-instruct,36,12
nvidia/nemotron-mini-4b-instruct,36,12
nvidia/nemotron-mini-4b-instruct,36,12
nvidia/nemotron-mini-4b-instruct,36,12
nvidia/nemotron-mini-4b-instruct,35,12
nvidia/nemotron-mini-4b-instruct,35,12
nvidia/nemotron-mini-4b-instruct,35,12
nvidia/nemotron-mini-4b-instruct,35,12
nvidia/nemotron-mini-4b-instruct,35,12
nvidia/nemotron-mini-4b-instruct,36,2
nvidia/nemotron-mini-4b-instruct,36,2
nvidia/nemotron-mini-4b-instruct,36,2
nvidia/nemotron-mini-4b-instruct,36,2
nvidia/nemotron-mini-4b-instruct,36,2
nvidia/nemotron-mini-4b-instruct,36,46
nvidia/nemotron-mini-4b-instruct,36,46
nvidia/nemotron-mini-4b-instruct,36,47
nvidia/nemotron-mini-4b-instruct,36,46
nvidia/nemotron-mini-4b-instruct,36,46
nvidia/nemotron-mini-4b-instruct,36,256
nvidia/nemotron-mini-4b-instruct,36,256
nvidia/nemotron-mini-4b-instruct,36,256
nvidia/nemotron-mini-4b-instruct,36,256
nvidia/nemotron-mini-4b-instruct,36,256
nvidia/nemotron-mini-4b-instruct,35,241
nvidia/nemotron-mini-4b-instruct,35,242
nvidia/nemotron-mini-4b-instruct,35,256
nvidia/nemotron-mini-4b-instruct,35,256
nvidia/nemotron-mini-4b-instruct,35,256
nvidia/nemotron-mini-4b-instruct,25,256
nvidia/nemotron-mini-4b-instruct,25,256
nvidia/nemotron-mini-4b-instruct,25,256
nvidia/nemotron-mini-4b-instruct,25,256
nvidia/nemotron-mini-4b-instruct,25,256
nvidia/nemotron-mini-4b-instruct,29,64
nvidia/nemotron-mini-4b-instruct,29,60
nvidia/nemotron-mini-4b-instruct,29,72
nvidia/nemotron-mini-4b-instruct,29,60
nvidia/nemotron-mini-4b-instruct,29,65
nvidia/nemotron-mini-4b-instruct,30,256
nvidia/nemotron-mini-4b-instruct,30,256
nvidia/nemotron-mini-4b-instruct,30,256
nvidia/nemotron-mini-4b-instruct,30,256
nvidia/nemotron-mini-4b-instruct,30,256
nvidia/nemotron-mini-4b-instruct,35,83
nvidia/nemotron-mini-4b-instruct,35,83
nvidia/nemotron-mini-4b-instruct,35,78
nvidia/nemotron-mini-4b-instruct,35,83
nvidia/nemotron-mini-4b-instruct,35,73
nvidia/nemotron-mini-4b-instruct,31,256
nvidia/nemotron-mini-4b-instruct,31,256
nvidia/nemotron-mini-4b-instruct,31,256
nvidia/nemotron-mini-4b-instruct,31,256
nvidia/nemotron-mini-4b-instruct,31,256
nvidia/nemotron-mini-4b-instruct,38,256
nvidia/nemotron-mini-4b-instruct,38,256
nvidia/nemotron-mini-4b-instruct,38,256
nvidia/nemotron-mini-4b-instruct,38,256
nvidia/nemotron-mini-4b-instruct,38,256
nvidia/nemotron-mini-4b-instruct,37,256
nvidia/nemotron-mini-4b-instruct,37,256
nvidia/nemotron-mini-4b-instruct,37,256
nvidia/nemotron-mini-4b-instruct,37,256
nvidia/nemotron-mini-4b-instruct,37,256
nvidia/nemotron-mini-4b-instruct,31,12
nvidia/nemotron-mini-4b-instruct,31,12
nvidia/nemotron-mini-4b-instruct,31,12
nvidia/nemotron-mini-4b-instruct,31,12
nvidia/nemotron-mini-4b-instruct,31,12
nvidia/nemotron-mini-4b-instruct,32,12
nvidia/nemotron-mini-4b-instruct,32,12
nvidia/nemotron-mini-4b-instruct,32,12
nvidia/nemotron-mini-4b-instruct,32,12
nvidia/nemotron-mini-4b-instruct,32,12
nvidia/nemotron-mini-4b-instruct,40,2
nvidia/nemotron-mini-4b-instruct,40,2
nvidia/nemotron-mini-4b-instruct,40,2
nvidia/nemotron-mini-4b-instruct,40,2
nvidia/nemotron-mini-4b-instruct,40,2
nvidia/nemotron-mini-4b-instruct,40,2
nvidia/nemotron-mini-4b-instruct,40,2
nvidia/nemotron-mini-4b-instruct,40,2
nvidia/nemotron-mini-4b-instruct,40,2
nvidia/nemotron-mini-4b-instruct,40,2
nvidia/nemotron-mini-4b-instruct,33,2
nvidia/nemotron-mini-4b-instruct,33,2
nvidia/nemotron-mini-4b-instruct,33,2
nvidia/nemotron-mini-4b-instruct,33,2
nvidia/nemotron-mini-4b-instruct,33,2
nvidia/nemotron-mini-4b-instruct,34,2
nvidia/nemotron-mini-4b-instruct,34,2
nvidia/nemotron-mini-4b-instruct,34,2
nvidia/nemotron-mini-4b-instruct,34,2
nvidia/nemotron-mini-4b-instruct,34,2
nvidia/nemotron-mini-4b-instruct,32,2
nvidia/nemotron-mini-4b-instruct,32,2
nvidia/nemotron-mini-4b-instruct,32,2
nvidia/nemotron-mini-4b-instruct,32,2
nvidia/nemotron-mini-4b-instruct,32,2
nvidia/nemotron-mini-4b-instruct,33,12
nvidia/nemotron-mini-4b-instruct,33,12
nvidia/nemotron-mini-4b-instruct,33,12
nvidia/nemotron-mini-4b-instruct,33,12
nvidia/nemotron-mini-4b-instruct,33,12
nvidia/nemotron-mini-4b-instruct,35,70
nvidia/nemotron-mini-4b-instruct,35,70
nvidia/nemotron-mini-4b-instruct,35,70
nvidia/nemotron-mini-4b-instruct,35,70
nvidia/nemotron-mini-4b-instruct,35,70
nvidia/nemotron-mini-4b-instruct,37,256
nvidia/nemotron-mini-4b-instruct,37,256
nvidia/nemotron-mini-4b-instruct,37,256
nvidia/nemotron-mini-4b-instruct,37,256
nvidia/nemotron-mini-4b-instruct,37,256
nvidia/nemotron-mini-4b-instruct,40,256
nvidia/nemotron-mini-4b-instruct,40,256
nvidia/nemotron-mini-4b-instruct,40,256
nvidia/nemotron-mini-4b-instruct,40,256
nvidia/nemotron-mini-4b-instruct,40,256
nvidia/nemotron-mini-4b-instruct,27,256
nvidia/nemotron-mini-4b-instruct,27,256
nvidia/nemotron-mini-4b-instruct,27,256
nvidia/nemotron-mini-4b-instruct,27,256
nvidia/nemotron-mini-4b-instruct,27,256
nvidia/nemotron-mini-4b-instruct,28,52
nvidia/nemotron-mini-4b-instruct,28,52
nvidia/nemotron-mini-4b-instruct,28,52
nvidia/nemotron-mini-4b-instruct,28,52
nvidia/nemotron-mini-4b-instruct,28,52
nvidia/nemotron-mini-4b-instruct,29,256
nvidia/nemotron-mini-4b-instruct,29,256
nvidia/nemotron-mini-4b-instruct,29,256
nvidia/nemotron-mini-4b-instruct,29,256
nvidia/nemotron-mini-4b-instruct,29,256
nvidia/nemotron-mini-4b-instruct,36,63
nvidia/nemotron-mini-4b-instruct,36,63
nvidia/nemotron-mini-4b-instruct,36,63
nvidia/nemotron-mini-4b-instruct,36,63
nvidia/nemotron-mini-4b-instruct,36,63
nvidia/nemotron-mini-4b-instruct,35,256
nvidia/nemotron-mini-4b-instruct,35,256
nvidia/nemotron-mini-4b-instruct,35,256
nvidia/nemotron-mini-4b-instruct,35,256
nvidia/nemotron-mini-4b-instruct,35,256
nvidia/nemotron-mini-4b-instruct,37,256
nvidia/nemotron-mini-4b-instruct,37,256
nvidia/nemotron-mini-4b-instruct,37,256
nvidia/nemotron-mini-4b-instruct,37,256
nvidia/nemotron-mini-4b-instruct,37,256
nvidia/nemotron-mini-4b-instruct,37,256
nvidia/nemotron-mini-4b-instruct,37,256
nvidia/nemotron-mini-4b-instruct,37,256
nvidia/nemotron-mini-4b-instruct,37,256
nvidia/nemotron-mini-4b-instruct,37,256
nvidia/nemotron-mini-4b-instruct,41,12
nvidia/nemotron-mini-4b-instruct,41,12
nvidia/nemotron-mini-4b-instruct,41,12
nvidia/nemotron-mini-4b-instruct,41,12
nvidia/nemotron-mini-4b-instruct,41,12
nvidia/nemotron-mini-4b-instruct,42,2
nvidia/nemotron-mini-4b-instruct,42,2
nvidia/nemotron-mini-4b-instruct,42,2
nvidia/nemotron-mini-4b-instruct,42,2
nvidia/nemotron-mini-4b-instruct,42,2
nvidia/nemotron-mini-4b-instruct,39,2
nvidia/nemotron-mini-4b-instruct,39,2
nvidia/nemotron-mini-4b-instruct,39,2
nvidia/nemotron-mini-4b-instruct,39,2
nvidia/nemotron-mini-4b-instruct,39,2
nvidia/nemotron-mini-4b-instruct,40,2
nvidia/nemotron-mini-4b-instruct,40,2
nvidia/nemotron-mini-4b-instruct,40,2
nvidia/nemotron-mini-4b-instruct,40,2
nvidia/nemotron-mini-4b-instruct,40,2
nvidia/nemotron-mini-4b-instruct,36,12
nvidia/nemotron-mini-4b-instruct,36,12
nvidia/nemotron-mini-4b-instruct,36,12
nvidia/nemotron-mini-4b-instruct,36,12
nvidia/nemotron-mini-4b-instruct,36,12
nvidia/nemotron-mini-4b-instruct,37,2
nvidia/nemotron-mini-4b-instruct,37,2
nvidia/nemotron-mini-4b-instruct,37,2
nvidia/nemotron-mini-4b-instruct,37,2
nvidia/nemotron-mini-4b-instruct,37,2
nvidia/nemotron-mini-4b-instruct,36,2
nvidia/nemotron-mini-4b-instruct,36,2
nvidia/nemotron-mini-4b-instruct,36,2
nvidia/nemotron-mini-4b-instruct,36,2
nvidia/nemotron-mini-4b-instruct,36,2
nvidia/nemotron-mini-4b-instruct,37,2
nvidia/nemotron-mini-4b-instruct,37,2
nvidia/nemotron-mini-4b-instruct,37,2
nvidia/nemotron-mini-4b-instruct,37,2
nvidia/nemotron-mini-4b-instruct,37,2
nvidia/nemotron-mini-4b-instruct,34,37
nvidia/nemotron-mini-4b-instruct,34,37
nvidia/nemotron-mini-4b-instruct,34,37
nvidia/nemotron-mini-4b-instruct,34,37
nvidia/nemotron-mini-4b-instruct,34,37
nvidia/nemotron-mini-4b-instruct,34,256
nvidia/nemotron-mini-4b-instruct,34,256
nvidia/nemotron-mini-4b-instruct,34,256
nvidia/nemotron-mini-4b-instruct,34,256
nvidia/nemotron-mini-4b-instruct,34,256
nvidia/nemotron-mini-4b-instruct,33,256
nvidia/nemotron-mini-4b-instruct,33,256
nvidia/nemotron-mini-4b-instruct,33,256
nvidia/nemotron-mini-4b-instruct,33,256
nvidia/nemotron-mini-4b-instruct,33,256
nvidia/nemotron-mini-4b-instruct,23,256
nvidia/nemotron-mini-4b-instruct,23,256
nvidia/nemotron-mini-4b-instruct,23,256
nvidia/nemotron-mini-4b-instruct,23,256
nvidia/nemotron-mini-4b-instruct,23,256
nvidia/nemotron-mini-4b-instruct,27,78
nvidia/nemotron-mini-4b-instruct,27,78
nvidia/nemotron-mini-4b-instruct,27,78
nvidia/nemotron-mini-4b-instruct,27,78
nvidia/nemotron-mini-4b-instruct,27,78
nvidia/nemotron-mini-4b-instruct,28,256
nvidia/nemotron-mini-4b-instruct,28,256
nvidia/nemotron-mini-4b-instruct,28,256
nvidia/nemotron-mini-4b-instruct,28,256
nvidia/nemotron-mini-4b-instruct,28,256
nvidia/nemotron-mini-4b-instruct,33,71
nvidia/nemotron-mini-4b-instruct,33,71
nvidia/nemotron-mini-4b-instruct,33,63
nvidia/nemotron-mini-4b-instruct,33,71
nvidia/nemotron-mini-4b-instruct,33,71
nvidia/nemotron-mini-4b-instruct,29,256
nvidia/nemotron-mini-4b-instruct,29,256
nvidia/nemotron-mini-4b-instruct,29,256
nvidia/nemotron-mini-4b-instruct,29,256
nvidia/nemotron-mini-4b-instruct,29,256
nvidia/nemotron-mini-4b-instruct,36,256
nvidia/nemotron-mini-4b-instruct,36,256
nvidia/nemotron-mini-4b-instruct,36,256
nvidia/nemotron-mini-4b-instruct,36,256
nvidia/nemotron-mini-4b-instruct,36,256
nvidia/nemotron-mini-4b-instruct,35,256
nvidia/nemotron-mini-4b-instruct,35,256
nvidia/nemotron-mini-4b-instruct,35,256
nvidia/nemotron-mini-4b-instruct,35,256
nvidia/nemotron-mini-4b-instruct,35,256
nvidia/nemotron-mini-4b-instruct,34,2
nvidia/nemotron-mini-4b-instruct,34,2
nvidia/nemotron-mini-4b-instruct,34,2
nvidia/nemotron-mini-4b-instruct,34,2
nvidia/nemotron-mini-4b-instruct,34,2
nvidia/nemotron-mini-4b-instruct,35,2
nvidia/nemotron-mini-4b-instruct,35,2
nvidia/nemotron-mini-4b-instruct,35,2
nvidia/nemotron-mini-4b-instruct,35,2
nvidia/nemotron-mini-4b-instruct,35,2
nvidia/nemotron-mini-4b-instruct,43,2
nvidia/nemotron-mini-4b-instruct,43,2
nvidia/nemotron-mini-4b-instruct,43,2
nvidia/nemotron-mini-4b-instruct,43,2
nvidia/nemotron-mini-4b-instruct,43,2
nvidia/nemotron-mini-4b-instruct,43,2
nvidia/nemotron-mini-4b-instruct,43,2
nvidia/nemotron-mini-4b-instruct,43,2
nvidia/nemotron-mini-4b-instruct,43,2
nvidia/nemotron-mini-4b-instruct,43,2
nvidia/nemotron-mini-4b-instruct,36,2
nvidia/nemotron-mini-4b-instruct,36,2
nvidia/nemotron-mini-4b-instruct,36,2
nvidia/nemotron-mini-4b-instruct,36,2
nvidia/nemotron-mini-4b-instruct,36,2
nvidia/nemotron-mini-4b-instruct,37,2
nvidia/nemotron-mini-4b-instruct,37,2
nvidia/nemotron-mini-4b-instruct,37,2
nvidia/nemotron-mini-4b-instruct,37,2
nvidia/nemotron-mini-4b-instruct,37,2
nvidia/nemotron-mini-4b-instruct,35,2
nvidia/nemotron-mini-4b-instruct,35,2
nvidia/nemotron-mini-4b-instruct,35,2
nvidia/nemotron-mini-4b-instruct,35,2
nvidia/nemotron-mini-4b-instruct,35,2
nvidia/nemotron-mini-4b-instruct,35,12
nvidia/nemotron-mini-4b-instruct,35,12
nvidia/nemotron-mini-4b-instruct,35,12
nvidia/nemotron-mini-4b-instruct,35,12
nvidia/nemotron-mini-4b-instruct,35,12
nvidia/nemotron-mini-4b-instruct,33,88
nvidia/nemotron-mini-4b-instruct,33,88
nvidia/nemotron-mini-4b-instruct,33,88
nvidia/nemotron-mini-4b-instruct,33,88
nvidia/nemotron-mini-4b-instruct,33,88
nvidia/nemotron-mini-4b-instruct,35,256
nvidia/nemotron-mini-4b-instruct,35,256
nvidia/nemotron-mini-4b-instruct,35,256
nvidia/nemotron-mini-4b-instruct,35,256
nvidia/nemotron-mini-4b-instruct,35,256
nvidia/nemotron-mini-4b-instruct,38,256
nvidia/nemotron-mini-4b-instruct,38,256
nvidia/nemotron-mini-4b-instruct,38,256
nvidia/nemotron-mini-4b-instruct,38,256
nvidia/nemotron-mini-4b-instruct,38,256
nvidia/nemotron-mini-4b-instruct,25,256
nvidia/nemotron-mini-4b-instruct,25,256
nvidia/nemotron-mini-4b-instruct,25,256
nvidia/nemotron-mini-4b-instruct,25,256
nvidia/nemotron-mini-4b-instruct,25,256
nvidia/nemotron-mini-4b-instruct,26,68
nvidia/nemotron-mini-4b-instruct,26,68
nvidia/nemotron-mini-4b-instruct,26,68
nvidia/nemotron-mini-4b-instruct,26,46
nvidia/nemotron-mini-4b-instruct,26,52
nvidia/nemotron-mini-4b-instruct,27,256
nvidia/nemotron-mini-4b-instruct,27,256
nvidia/nemotron-mini-4b-instruct,27,256
nvidia/nemotron-mini-4b-instruct,27,256
nvidia/nemotron-mini-4b-instruct,27,256
nvidia/nemotron-mini-4b-instruct,34,74
nvidia/nemotron-mini-4b-instruct,34,74
nvidia/nemotron-mini-4b-instruct,34,74
nvidia/nemotron-mini-4b-instruct,34,74
nvidia/nemotron-mini-4b-instruct,34,74
nvidia/nemotron-mini-4b-instruct,33,256
nvidia/nemotron-mini-4b-instruct,33,256
nvidia/nemotron-mini-4b-instruct,33,256
nvidia/nemotron-mini-4b-instruct,33,256
nvidia/nemotron-mini-4b-instruct,33,256
nvidia/nemotron-mini-4b-instruct,35,256
nvidia/nemotron-mini-4b-instruct,35,256
nvidia/nemotron-mini-4b-instruct,35,256
nvidia/nemotron-mini-4b-instruct,35,256
nvidia/nemotron-mini-4b-instruct,35,256
nvidia/nemotron-mini-4b-instruct,35,256
nvidia/nemotron-mini-4b-instruct,35,256
nvidia/nemotron-mini-4b-instruct,35,256
nvidia/nemotron-mini-4b-instruct,35,256
nvidia/nemotron-mini-4b-instruct,35,256
nvidia/nemotron-mini-4b-instruct,40,12
nvidia/nemotron-mini-4b-instruct,40,12
nvidia/nemotron-mini-4b-instruct,40,12
nvidia/nemotron-mini-4b-instruct,40,12
nvidia/nemotron-mini-4b-instruct,40,12
nvidia/nemotron-mini-4b-instruct,41,12
nvidia/nemotron-mini-4b-instruct,41,12
nvidia/nemotron-mini-4b-instruct,41,12
nvidia/nemotron-mini-4b-instruct,41,12
nvidia/nemotron-mini-4b-instruct,41,12
nvidia/nemotron-mini-4b-instruct,38,2
nvidia/nemotron-mini-4b-instruct,38,2
nvidia/nemotron-mini-4b-instruct,38,2
nvidia/nemotron-mini-4b-instruct,38,2
nvidia/nemotron-mini-4b-instruct,38,2
nvidia/nemotron-mini-4b-instruct,39,2
nvidia/nemotron-mini-4b-instruct,39,2
nvidia/nemotron-mini-4b-instruct,39,2
nvidia/nemotron-mini-4b-instruct,39,2
nvidia/nemotron-mini-4b-instruct,39,2
nvidia/nemotron-mini-4b-instruct,35,12
nvidia/nemotron-mini-4b-instruct,35,12
nvidia/nemotron-mini-4b-instruct,35,12
nvidia/nemotron-mini-4b-instruct,35,12
nvidia/nemotron-mini-4b-instruct,35,12
nvidia/nemotron-mini-4b-instruct,36,2
nvidia/nemotron-mini-4b-instruct,36,2
nvidia/nemotron-mini-4b-instruct,36,2
nvidia/nemotron-mini-4b-instruct,36,2
nvidia/nemotron-mini-4b-instruct,36,2
nvidia/nemotron-mini-4b-instruct,35,12
nvidia/nemotron-mini-4b-instruct,35,12
nvidia/nemotron-mini-4b-instruct,35,12
nvidia/nemotron-mini-4b-instruct,35,12
nvidia/nemotron-mini-4b-instruct,35,12
nvidia/nemotron-mini-4b-instruct,36,2
nvidia/nemotron-mini-4b-instruct,36,2
nvidia/nemotron-mini-4b-instruct,36,2
nvidia/nemotron-mini-4b-instruct,36,2
nvidia/nemotron-mini-4b-instruct,36,2
nvidia/nemotron-mini-4b-instruct,37,51
nvidia/nemotron-mini-4b-instruct,37,51
nvidia/nemotron-mini-4b-instruct,37,51
nvidia/nemotron-mini-4b-instruct,37,51
nvidia/nemotron-mini-4b-instruct,37,51
nvidia/nemotron-mini-4b-instruct,37,256
nvidia/nemotron-mini-4b-instruct,37,256
nvidia/nemotron-mini-4b-instruct,37,256
nvidia/nemotron-mini-4b-instruct,37,256
nvidia/nemotron-mini-4b-instruct,37,256
nvidia/nemotron-mini-4b-instruct,36,256
nvidia/nemotron-mini-4b-instruct,36,256
nvidia/nemotron-mini-4b-instruct,36,256
nvidia/nemotron-mini-4b-instruct,36,256
nvidia/nemotron-mini-4b-instruct,36,256
nvidia/nemotron-mini-4b-instruct,26,256
nvidia/nemotron-mini-4b-instruct,26,256
nvidia/nemotron-mini-4b-instruct,26,256
nvidia/nemotron-mini-4b-instruct,26,256
nvidia/nemotron-mini-4b-instruct,26,256
nvidia/nemotron-mini-4b-instruct,30,90
nvidia/nemotron-mini-4b-instruct,30,81
nvidia/nemotron-mini-4b-instruct,30,85
nvidia/nemotron-mini-4b-instruct,30,85
nvidia/nemotron-mini-4b-instruct,30,85
nvidia/nemotron-mini-4b-instruct,31,256
nvidia/nemotron-mini-4b-instruct,31,256
nvidia/nemotron-mini-4b-instruct,31,256
nvidia/nemotron-mini-4b-instruct,31,256
nvidia/nemotron-mini-4b-instruct,31,256
nvidia/nemotron-mini-4b-instruct,36,80
nvidia/nemotron-mini-4b-instruct,36,80
nvidia/nemotron-mini-4b-instruct,36,80
nvidia/nemotron-mini-4b-instruct,36,80
nvidia/nemotron-mini-4b-instruct,36,80
nvidia/nemotron-mini-4b-instruct,32,256
nvidia/nemotron-mini-4b-instruct,32,256
nvidia/nemotron-mini-4b-instruct,32,256
nvidia/nemotron-mini-4b-instruct,32,256
nvidia/nemotron-mini-4b-instruct,32,256
nvidia/nemotron-mini-4b-instruct,39,256
nvidia/nemotron-mini-4b-instruct,39,256
nvidia/nemotron-mini-4b-instruct,39,256
nvidia/nemotron-mini-4b-instruct,39,256
nvidia/nemotron-mini-4b-instruct,39,256
nvidia/nemotron-mini-4b-instruct,38,256
nvidia/nemotron-mini-4b-instruct,38,256
nvidia/nemotron-mini-4b-instruct,38,256
nvidia/nemotron-mini-4b-instruct,38,256
nvidia/nemotron-mini-4b-instruct,38,256
nvidia/nemotron-mini-4b-instruct,32,2
nvidia/nemotron-mini-4b-instruct,32,2
nvidia/nemotron-mini-4b-instruct,32,2
nvidia/nemotron-mini-4b-instruct,32,2
nvidia/nemotron-mini-4b-instruct,32,2
nvidia/nemotron-mini-4b-instruct,33,12
nvidia/nemotron-mini-4b-instruct,33,12
nvidia/nemotron-mini-4b-instruct,33,12
nvidia/nemotron-mini-4b-instruct,33,12
nvidia/nemotron-mini-4b-instruct,33,12
nvidia/nemotron-mini-4b-instruct,41,2
nvidia/nemotron-mini-4b-instruct,41,2
nvidia/nemotron-mini-4b-instruct,41,2
nvidia/nemotron-mini-4b-instruct,41,2
nvidia/nemotron-mini-4b-instruct,41,2
nvidia/nemotron-mini-4b-instruct,41,2
nvidia/nemotron-mini-4b-instruct,41,2
nvidia/nemotron-mini-4b-instruct,41,2
nvidia/nemotron-mini-4b-instruct,41,2
nvidia/nemotron-mini-4b-instruct,41,2
nvidia/nemotron-mini-4b-instruct,34,12
nvidia/nemotron-mini-4b-instruct,34,12
nvidia/nemotron-mini-4b-instruct,34,12
nvidia/nemotron-mini-4b-instruct,34,12
nvidia/nemotron-mini-4b-instruct,34,12
nvidia/nemotron-mini-4b-instruct,35,2
nvidia/nemotron-mini-4b-instruct,35,2
nvidia/nemotron-mini-4b-instruct,35,2
nvidia/nemotron-mini-4b-instruct,35,2
nvidia/nemotron-mini-4b-instruct,35,2
nvidia/nemotron-mini-4b-instruct,33,12
nvidia/nemotron-mini-4b-instruct,33,12
nvidia/nemotron-mini-4b-instruct,33,12
nvidia/nemotron-mini-4b-instruct,33,12
nvidia/nemotron-mini-4b-instruct,33,12
nvidia/nemotron-mini-4b-instruct,33,12
nvidia/nemotron-mini-4b-instruct,33,12
nvidia/nemotron-mini-4b-instruct,33,12
nvidia/nemotron-mini-4b-instruct,33,12
nvidia/nemotron-mini-4b-instruct,33,12
nvidia/nemotron-mini-4b-instruct,36,77
nvidia/nemotron-mini-4b-instruct,36,73
nvidia/nemotron-mini-4b-instruct,36,73
nvidia/nemotron-mini-4b-instruct,36,98
nvidia/nemotron-mini-4b-instruct,36,73
nvidia/nemotron-mini-4b-instruct,38,256
nvidia/nemotron-mini-4b-instruct,38,256
nvidia/nemotron-mini-4b-instruct,38,256
nvidia/nemotron-mini-4b-instruct,38,256
nvidia/nemotron-mini-4b-instruct,38,256
nvidia/nemotron-mini-4b-instruct,41,256
nvidia/nemotron-mini-4b-instruct,41,256
nvidia/nemotron-mini-4b-instruct,41,256
nvidia/nemotron-mini-4b-instruct,41,256
nvidia/nemotron-mini-4b-instruct,41,256
nvidia/nemotron-mini-4b-instruct,28,256
nvidia/nemotron-mini-4b-instruct,28,256
nvidia/nemotron-mini-4b-instruct,28,256
nvidia/nemotron-mini-4b-instruct,28,256
nvidia/nemotron-mini-4b-instruct,28,256
nvidia/nemotron-mini-4b-instruct,29,41
nvidia/nemotron-mini-4b-instruct,29,44
nvidia/nemotron-mini-4b-instruct,29,60
nvidia/nemotron-mini-4b-instruct,29,62
nvidia/nemotron-mini-4b-instruct,29,50
nvidia/nemotron-mini-4b-instruct,30,256
nvidia/nemotron-mini-4b-instruct,30,256
nvidia/nemotron-mini-4b-instruct,30,256
nvidia/nemotron-mini-4b-instruct,30,256
nvidia/nemotron-mini-4b-instruct,30,256
nvidia/nemotron-mini-4b-instruct,37,70
nvidia/nemotron-mini-4b-instruct,37,42
nvidia/nemotron-mini-4b-instruct,37,49
nvidia/nemotron-mini-4b-instruct,37,89
nvidia/nemotron-mini-4b-instruct,37,49
nvidia/nemotron-mini-4b-instruct,36,256
nvidia/nemotron-mini-4b-instruct,36,256
nvidia/nemotron-mini-4b-instruct,36,256
nvidia/nemotron-mini-4b-instruct,36,256
nvidia/nemotron-mini-4b-instruct,36,256
nvidia/nemotron-mini-4b-instruct,38,256
nvidia/nemotron-mini-4b-instruct,38,256
nvidia/nemotron-mini-4b-instruct,38,256
nvidia/nemotron-mini-4b-instruct,38,256
nvidia/nemotron-mini-4b-instruct,38,256
nvidia/nemotron-mini-4b-instruct,38,256
nvidia/nemotron-mini-4b-instruct,38,256
nvidia/nemotron-mini-4b-instruct,38,256
nvidia/nemotron-mini-4b-instruct,38,256
nvidia/nemotron-mini-4b-instruct,38,256
nvidia/nemotron-mini-4b-instruct,41,2
nvidia/nemotron-mini-4b-instruct,41,2
nvidia/nemotron-mini-4b-instruct,41,2
nvidia/nemotron-mini-4b-instruct,41,2
nvidia/nemotron-mini-4b-instruct,41,2
nvidia/nemotron-mini-4b-instruct,42,2
nvidia/nemotron-mini-4b-instruct,42,2
nvidia/nemotron-mini-4b-instruct,42,2
nvidia/nemotron-mini-4b-instruct,42,2
nvidia/nemotron-mini-4b-instruct,42,2
nvidia/nemotron-mini-4b-instruct,39,2
nvidia/nemotron-mini-4b-instruct,39,2
nvidia/nemotron-mini-4b-instruct,39,2
nvidia/nemotron-mini-4b-instruct,39,2
nvidia/nemotron-mini-4b-instruct,39,2
nvidia/nemotron-mini-4b-instruct,40,2
nvidia/nemotron-mini-4b-instruct,40,2
nvidia/nemotron-mini-4b-instruct,40,2
nvidia/nemotron-mini-4b-instruct,40,2
nvidia/nemotron-mini-4b-instruct,40,2
nvidia/nemotron-mini-4b-instruct,36,3
nvidia/nemotron-mini-4b-instruct,36,3
nvidia/nemotron-mini-4b-instruct,36,3
nvidia/nemotron-mini-4b-instruct,36,3
nvidia/nemotron-mini-4b-instruct,36,3
nvidia/nemotron-mini-4b-instruct,37,12
nvidia/nemotron-mini-4b-instruct,37,12
nvidia/nemotron-mini-4b-instruct,37,12
nvidia/nemotron-mini-4b-instruct,37,12
nvidia/nemotron-mini-4b-instruct,37,12
nvidia/nemotron-mini-4b-instruct,36,2
nvidia/nemotron-mini-4b-instruct,36,2
nvidia/nemotron-mini-4b-instruct,36,2
nvidia/nemotron-mini-4b-instruct,36,2
nvidia/nemotron-mini-4b-instruct,36,2
nvidia/nemotron-mini-4b-instruct,37,2
nvidia/nemotron-mini-4b-instruct,37,2
nvidia/nemotron-mini-4b-instruct,37,2
nvidia/nemotron-mini-4b-instruct,37,2
nvidia/nemotron-mini-4b-instruct,37,2
nvidia/nemotron-mini-4b-instruct,35,47
nvidia/nemotron-mini-4b-instruct,35,47
nvidia/nemotron-mini-4b-instruct,35,47
nvidia/nemotron-mini-4b-instruct,35,47
nvidia/nemotron-mini-4b-instruct,35,58
nvidia/nemotron-mini-4b-instruct,35,256
nvidia/nemotron-mini-4b-instruct,35,256
nvidia/nemotron-mini-4b-instruct,35,256
nvidia/nemotron-mini-4b-instruct,35,256
nvidia/nemotron-mini-4b-instruct,35,256
nvidia/nemotron-mini-4b-instruct,34,256
nvidia/nemotron-mini-4b-instruct,34,225
nvidia/nemotron-mini-4b-instruct,34,256
nvidia/nemotron-mini-4b-instruct,34,256
nvidia/nemotron-mini-4b-instruct,34,256
nvidia/nemotron-mini-4b-instruct,24,256
nvidia/nemotron-mini-4b-instruct,24,256
nvidia/nemotron-mini-4b-instruct,24,256
nvidia/nemotron-mini-4b-instruct,24,256
nvidia/nemotron-mini-4b-instruct,24,256
nvidia/nemotron-mini-4b-instruct,28,77
nvidia/nemotron-mini-4b-instruct,28,72
nvidia/nemotron-mini-4b-instruct,28,72
nvidia/nemotron-mini-4b-instruct,28,72
nvidia/nemotron-mini-4b-instruct,28,79
nvidia/nemotron-mini-4b-instruct,29,256
nvidia/nemotron-mini-4b-instruct,29,256
nvidia/nemotron-mini-4b-instruct,29,256
nvidia/nemotron-mini-4b-instruct,29,256
nvidia/nemotron-mini-4b-instruct,29,256
nvidia/nemotron-mini-4b-instruct,34,80
nvidia/nemotron-mini-4b-instruct,34,78
nvidia/nemotron-mini-4b-instruct,34,76
nvidia/nemotron-mini-4b-instruct,34,69
nvidia/nemotron-mini-4b-instruct,34,69
nvidia/nemotron-mini-4b-instruct,30,256
nvidia/nemotron-mini-4b-instruct,30,256
nvidia/nemotron-mini-4b-instruct,30,256
nvidia/nemotron-mini-4b-instruct,30,256
nvidia/nemotron-mini-4b-instruct,30,256
nvidia/nemotron-mini-4b-instruct,37,256
nvidia/nemotron-mini-4b-instruct,37,234
nvidia/nemotron-mini-4b-instruct,37,256
nvidia/nemotron-mini-4b-instruct,37,256
nvidia/nemotron-mini-4b-instruct,37,256
nvidia/nemotron-mini-4b-instruct,36,256
nvidia/nemotron-mini-4b-instruct,36,256
nvidia/nemotron-mini-4b-instruct,36,256
nvidia/nemotron-mini-4b-instruct,36,256
nvidia/nemotron-mini-4b-instruct,36,256
nvidia/nemotron-mini-4b-instruct,34,12
nvidia/nemotron-mini-4b-instruct,34,12
nvidia/nemotron-mini-4b-instruct,34,12
nvidia/nemotron-mini-4b-instruct,34,12
nvidia/nemotron-mini-4b-instruct,34,12
nvidia/nemotron-mini-4b-instruct,35,2
nvidia/nemotron-mini-4b-instruct,35,2
nvidia/nemotron-mini-4b-instruct,35,2
nvidia/nemotron-mini-4b-instruct,35,2
nvidia/nemotron-mini-4b-instruct,35,2
nvidia/nemotron-mini-4b-instruct,43,12
nvidia/nemotron-mini-4b-instruct,43,12
nvidia/nemotron-mini-4b-instruct,43,12
nvidia/nemotron-mini-4b-instruct,43,12
nvidia/nemotron-mini-4b-instruct,43,12
nvidia/nemotron-mini-4b-instruct,43,2
nvidia/nemotron-mini-4b-instruct,43,2
nvidia/nemotron-mini-4b-instruct,43,2
nvidia/nemotron-mini-4b-instruct,43,2
nvidia/nemotron-mini-4b-instruct,43,2
nvidia/nemotron-mini-4b-instruct,36,2
nvidia/nemotron-mini-4b-instruct,36,2
nvidia/nemotron-mini-4b-instruct,36,2
nvidia/nemotron-mini-4b-instruct,36,2
nvidia/nemotron-mini-4b-instruct,36,2
nvidia/nemotron-mini-4b-instruct,37,2
nvidia/nemotron-mini-4b-instruct,37,2
nvidia/nemotron-mini-4b-instruct,37,2
nvidia/nemotron-mini-4b-instruct,37,2
nvidia/nemotron-mini-4b-instruct,37,2
nvidia/nemotron-mini-4b-instruct,34,12
nvidia/nemotron-mini-4b-instruct,34,12
nvidia/nemotron-mini-4b-instruct,34,12
nvidia/nemotron-mini-4b-instruct,34,12
nvidia/nemotron-mini-4b-instruct,34,12
nvidia/nemotron-mini-4b-instruct,35,12
nvidia/nemotron-mini-4b-instruct,35,12
nvidia/nemotron-mini-4b-instruct,35,12
nvidia/nemotron-mini-4b-instruct,35,12
nvidia/nemotron-mini-4b-instruct,35,12
nvidia/nemotron-mini-4b-instruct,35,90
nvidia/nemotron-mini-4b-instruct,35,99
nvidia/nemotron-mini-4b-instruct,35,163
nvidia/nemotron-mini-4b-instruct,35,178
nvidia/nemotron-mini-4b-instruct,35,100
nvidia/nemotron-mini-4b-instruct,37,256
nvidia/nemotron-mini-4b-instruct,37,256
nvidia/nemotron-mini-4b-instruct,37,256
nvidia/nemotron-mini-4b-instruct,37,256
nvidia/nemotron-mini-4b-instruct,37,256
nvidia/nemotron-mini-4b-instruct,40,256
nvidia/nemotron-mini-4b-instruct,40,256
nvidia/nemotron-mini-4b-instruct,40,256
nvidia/nemotron-mini-4b-instruct,40,256
nvidia/nemotron-mini-4b-instruct,40,256
nvidia/nemotron-mini-4b-instruct,27,256
nvidia/nemotron-mini-4b-instruct,27,256
nvidia/nemotron-mini-4b-instruct,27,256
nvidia/nemotron-mini-4b-instruct,27,256
nvidia/nemotron-mini-4b-instruct,27,256
nvidia/nemotron-mini-4b-instruct,28,56
nvidia/nemotron-mini-4b-instruct,28,55
nvidia/nemotron-mini-4b-instruct,28,60
nvidia/nemotron-mini-4b-instruct,28,45
nvidia/nemotron-mini-4b-instruct,28,45
nvidia/nemotron-mini-4b-instruct,29,256
nvidia/nemotron-mini-4b-instruct,29,256
nvidia/nemotron-mini-4b-instruct,29,256
nvidia/nemotron-mini-4b-instruct,29,256
nvidia/nemotron-mini-4b-instruct,29,256
nvidia/nemotron-mini-4b-instruct,36,89
nvidia/nemotron-mini-4b-instruct,36,56
nvidia/nemotron-mini-4b-instruct,36,62
nvidia/nemotron-mini-4b-instruct,36,89
nvidia/nemotron-mini-4b-instruct,36,89
nvidia/nemotron-mini-4b-instruct,35,256
nvidia/nemotron-mini-4b-instruct,35,256
nvidia/nemotron-mini-4b-instruct,35,256
nvidia/nemotron-mini-4b-instruct,35,256
nvidia/nemotron-mini-4b-instruct,35,256
nvidia/nemotron-mini-4b-instruct,37,256
nvidia/nemotron-mini-4b-instruct,37,256
nvidia/nemotron-mini-4b-instruct,37,256
nvidia/nemotron-mini-4b-instruct,37,256
nvidia/nemotron-mini-4b-instruct,37,256
nvidia/nemotron-mini-4b-instruct,37,256
nvidia/nemotron-mini-4b-instruct,37,256
nvidia/nemotron-mini-4b-instruct,37,256
nvidia/nemotron-mini-4b-instruct,37,256
nvidia/nemotron-mini-4b-instruct,37,256
nvidia/nemotron-mini-4b-instruct,43,12
nvidia/nemotron-mini-4b-instruct,43,12
nvidia/nemotron-mini-4b-instruct,43,12
nvidia/nemotron-mini-4b-instruct,43,12
nvidia/nemotron-mini-4b-instruct,43,12
nvidia/nemotron-mini-4b-instruct,44,12
nvidia/nemotron-mini-4b-instruct,44,12
nvidia/nemotron-mini-4b-instruct,44,12
nvidia/nemotron-mini-4b-instruct,44,12
nvidia/nemotron-mini-4b-instruct,44,12
nvidia/nemotron-mini-4b-instruct,41,2
nvidia/nemotron-mini-4b-instruct,41,2
nvidia/nemotron-mini-4b-instruct,41,2
nvidia/nemotron-mini-4b-instruct,41,2
nvidia/nemotron-mini-4b-instruct,41,2
nvidia/nemotron-mini-4b-instruct,42,2
nvidia/nemotron-mini-4b-instruct,42,2
nvidia/nemotron-mini-4b-instruct,42,2
nvidia/nemotron-mini-4b-instruct,42,2
nvidia/nemotron-mini-4b-instruct,42,2
nvidia/nemotron-mini-4b-instruct,38,2
nvidia/nemotron-mini-4b-instruct,38,2
nvidia/nemotron-mini-4b-instruct,38,2
nvidia/nemotron-mini-4b-instruct,38,2
nvidia/nemotron-mini-4b-instruct,38,2
nvidia/nemotron-mini-4b-instruct,39,12
nvidia/nemotron-mini-4b-instruct,39,12
nvidia/nemotron-mini-4b-instruct,39,12
nvidia/nemotron-mini-4b-instruct,39,12
nvidia/nemotron-mini-4b-instruct,39,12
nvidia/nemotron-mini-4b-instruct,38,12
nvidia/nemotron-mini-4b-instruct,38,12
nvidia/nemotron-mini-4b-instruct,38,12
nvidia/nemotron-mini-4b-instruct,38,12
nvidia/nemotron-mini-4b-instruct,38,12
nvidia/nemotron-mini-4b-instruct,39,12
nvidia/nemotron-mini-4b-instruct,39,12
nvidia/nemotron-mini-4b-instruct,39,12
nvidia/nemotron-mini-4b-instruct,39,12
nvidia/nemotron-mini-4b-instruct,39,12
nvidia/nemotron-mini-4b-instruct,35,67
nvidia/nemotron-mini-4b-instruct,35,41
nvidia/nemotron-mini-4b-instruct,35,67
nvidia/nemotron-mini-4b-instruct,35,41
nvidia/nemotron-mini-4b-instruct,35,41
nvidia/nemotron-mini-4b-instruct,35,256
nvidia/nemotron-mini-4b-instruct,35,256
nvidia/nemotron-mini-4b-instruct,35,256
nvidia/nemotron-mini-4b-instruct,35,256
nvidia/nemotron-mini-4b-instruct,35,245
nvidia/nemotron-mini-4b-instruct,34,256
nvidia/nemotron-mini-4b-instruct,34,256
nvidia/nemotron-mini-4b-instruct,34,256
nvidia/nemotron-mini-4b-instruct,34,256
nvidia/nemotron-mini-4b-instruct,34,256
nvidia/nemotron-mini-4b-instruct,24,256
nvidia/nemotron-mini-4b-instruct,24,256
nvidia/nemotron-mini-4b-instruct,24,256
nvidia/nemotron-mini-4b-instruct,24,256
nvidia/nemotron-mini-4b-instruct,24,256
nvidia/nemotron-mini-4b-instruct,28,76
nvidia/nemotron-mini-4b-instruct,28,76
nvidia/nemotron-mini-4b-instruct,28,75
nvidia/nemotron-mini-4b-instruct,28,75
nvidia/nemotron-mini-4b-instruct,28,75
nvidia/nemotron-mini-4b-instruct,29,256
nvidia/nemotron-mini-4b-instruct,29,256
nvidia/nemotron-mini-4b-instruct,29,256
nvidia/nemotron-mini-4b-instruct,29,256
nvidia/nemotron-mini-4b-instruct,29,256
nvidia/nemotron-mini-4b-instruct,34,67
nvidia/nemotron-mini-4b-instruct,34,55
nvidia/nemotron-mini-4b-instruct,34,53
nvidia/nemotron-mini-4b-instruct,34,53
nvidia/nemotron-mini-4b-instruct,34,69
nvidia/nemotron-mini-4b-instruct,30,256
nvidia/nemotron-mini-4b-instruct,30,256
nvidia/nemotron-mini-4b-instruct,30,256
nvidia/nemotron-mini-4b-instruct,30,256
nvidia/nemotron-mini-4b-instruct,30,256
nvidia/nemotron-mini-4b-instruct,37,256
nvidia/nemotron-mini-4b-instruct,37,256
nvidia/nemotron-mini-4b-instruct,37,256
nvidia/nemotron-mini-4b-instruct,37,256
nvidia/nemotron-mini-4b-instruct,37,256
nvidia/nemotron-mini-4b-instruct,36,256
nvidia/nemotron-mini-4b-instruct,36,256
nvidia/nemotron-mini-4b-instruct,36,256
nvidia/nemotron-mini-4b-instruct,36,256
nvidia/nemotron-mini-4b-instruct,36,256
nvidia/nemotron-mini-4b-instruct,35,12
nvidia/nemotron-mini-4b-instruct,35,12
nvidia/nemotron-mini-4b-instruct,35,12
nvidia/nemotron-mini-4b-instruct,35,12
nvidia/nemotron-mini-4b-instruct,35,12
nvidia/nemotron-mini-4b-instruct,36,2
nvidia/nemotron-mini-4b-instruct,36,2
nvidia/nemotron-mini-4b-instruct,36,2
nvidia/nemotron-mini-4b-instruct,36,2
nvidia/nemotron-mini-4b-instruct,36,2
nvidia/nemotron-mini-4b-instruct,44,2
nvidia/nemotron-mini-4b-instruct,44,2
nvidia/nemotron-mini-4b-instruct,44,2
nvidia/nemotron-mini-4b-instruct,44,2
nvidia/nemotron-mini-4b-instruct,44,2
nvidia/nemotron-mini-4b-instruct,44,2
nvidia/nemotron-mini-4b-instruct,44,2
nvidia/nemotron-mini-4b-instruct,44,2
nvidia/nemotron-mini-4b-instruct,44,2
nvidia/nemotron-mini-4b-instruct,44,2
nvidia/nemotron-mini-4b-instruct,37,2
nvidia/nemotron-mini-4b-instruct,37,2
nvidia/nemotron-mini-4b-instruct,37,2
nvidia/nemotron-mini-4b-instruct,37,2
nvidia/nemotron-mini-4b-instruct,37,2
nvidia/nemotron-mini-4b-instruct,38,2
nvidia/nemotron-mini-4b-instruct,38,2
nvidia/nemotron-mini-4b-instruct,38,2
nvidia/nemotron-mini-4b-instruct,38,2
nvidia/nemotron-mini-4b-instruct,38,2
nvidia/nemotron-mini-4b-instruct,36,12
nvidia/nemotron-mini-4b-instruct,36,12
nvidia/nemotron-mini-4b-instruct,36,12
nvidia/nemotron-mini-4b-instruct,36,12
nvidia/nemotron-mini-4b-instruct,36,12
nvidia/nemotron-mini-4b-instruct,36,12
nvidia/nemotron-mini-4b-instruct,36,12
nvidia/nemotron-mini-4b-instruct,36,12
nvidia/nemotron-mini-4b-instruct,36,12
nvidia/nemotron-mini-4b-instruct,36,12
nvidia/nemotron-mini-4b-instruct,34,118
nvidia/nemotron-mini-4b-instruct,34,127
nvidia/nemotron-mini-4b-instruct,34,108
nvidia/nemotron-mini-4b-instruct,34,100
nvidia/nemotron-mini-4b-instruct,34,108
nvidia/nemotron-mini-4b-instruct,36,256
nvidia/nemotron-mini-4b-instruct,36,256
nvidia/nemotron-mini-4b-instruct,36,256
nvidia/nemotron-mini-4b-instruct,36,256
nvidia/nemotron-mini-4b-instruct,36,256
nvidia/nemotron-mini-4b-instruct,39,256
nvidia/nemotron-mini-4b-instruct,39,256
nvidia/nemotron-mini-4b-instruct,39,256
nvidia/nemotron-mini-4b-instruct,39,256
nvidia/nemotron-mini-4b-instruct,39,256
nvidia/nemotron-mini-4b-instruct,26,256
nvidia/nemotron-mini-4b-instruct,26,256
nvidia/nemotron-mini-4b-instruct,26,256
nvidia/nemotron-mini-4b-instruct,26,256
nvidia/nemotron-mini-4b-instruct,26,256
nvidia/nemotron-mini-4b-instruct,27,30
nvidia/nemotron-mini-4b-instruct,27,42
nvidia/nemotron-mini-4b-instruct,27,30
nvidia/nemotron-mini-4b-instruct,27,43
nvidia/nemotron-mini-4b-instruct,27,30
nvidia/nemotron-mini-4b-instruct,28,256
nvidia/nemotron-mini-4b-instruct,28,256
nvidia/nemotron-mini-4b-instruct,28,256
nvidia/nemotron-mini-4b-instruct,28,256
nvidia/nemotron-mini-4b-instruct,28,256
nvidia/nemotron-mini-4b-instruct,35,75
nvidia/nemotron-mini-4b-instruct,35,99
nvidia/nemotron-mini-4b-instruct,35,76
nvidia/nemotron-mini-4b-instruct,35,75
nvidia/nemotron-mini-4b-instruct,35,75
nvidia/nemotron-mini-4b-instruct,34,256
nvidia/nemotron-mini-4b-instruct,34,256
nvidia/nemotron-mini-4b-instruct,34,256
nvidia/nemotron-mini-4b-instruct,34,256
nvidia/nemotron-mini-4b-instruct,34,256
nvidia/nemotron-mini-4b-instruct,36,256
nvidia/nemotron-mini-4b-instruct,36,256
nvidia/nemotron-mini-4b-instruct,36,256
nvidia/nemotron-mini-4b-instruct,36,256
nvidia/nemotron-mini-4b-instruct,36,256
nvidia/nemotron-mini-4b-instruct,36,256
nvidia/nemotron-mini-4b-instruct,36,256
nvidia/nemotron-mini-4b-instruct,36,256
nvidia/nemotron-mini-4b-instruct,36,256
nvidia/nemotron-mini-4b-instruct,36,256
openai/gpt-oss-20b,93,12
openai/gpt-oss-20b,93,12
openai/gpt-oss-20b,93,12
openai/gpt-oss-20b,93,12
openai/gpt-oss-20b,93,12
openai/gpt-oss-20b,93,12
openai/gpt-oss-20b,93,12
openai/gpt-oss-20b,93,12
openai/gpt-oss-20b,94,12
openai/gpt-oss-20b,94,12
openai/gpt-oss-20b,94,12
openai/gpt-oss-20b,94,12
openai/gpt-oss-20b,94,12
openai/gpt-oss-20b,94,12
openai/gpt-oss-20b,94,12
openai/gpt-oss-20b,94,12
openai/gpt-oss-20b,92,12
openai/gpt-oss-20b,92,12
openai/gpt-oss-20b,92,12
openai/gpt-oss-20b,92,12
openai/gpt-oss-20b,92,12
openai/gpt-oss-20b,92,12
openai/gpt-oss-20b,92,12
openai/gpt-oss-20b,92,12
openai/gpt-oss-20b,93,12
openai/gpt-oss-20b,93,12
openai/gpt-oss-20b,93,12
openai/gpt-oss-20b,93,12
openai/gpt-oss-20b,93,12
openai/gpt-oss-20b,93,12
openai/gpt-oss-20b,93,12
openai/gpt-oss-20b,93,12
openai/gpt-oss-20b,88,12
openai/gpt-oss-20b,88,12
openai/gpt-oss-20b,88,12
openai/gpt-oss-20b,88,12
openai/gpt-oss-20b,88,12
openai/gpt-oss-20b,88,12
openai/gpt-oss-20b,88,12
openai/gpt-oss-20b,88,12
openai/gpt-oss-20b,89,12
openai/gpt-oss-20b,89,12
openai/gpt-oss-20b,89,12
openai/gpt-oss-20b,89,12
openai/gpt-oss-20b,89,12
openai/gpt-oss-20b,89,12
openai/gpt-oss-20b,89,12
openai/gpt-oss-20b,89,12
openai/gpt-oss-20b,88,12
openai/gpt-oss-20b,88,12
openai/gpt-oss-20b,88,12
openai/gpt-oss-20b,88,12
openai/gpt-oss-20b,88,12
openai/gpt-oss-20b,88,12
openai/gpt-oss-20b,88,12
openai/gpt-oss-20b,88,12
openai/gpt-oss-20b,89,12
openai/gpt-oss-20b,89,12
openai/gpt-oss-20b,89,12
openai/gpt-oss-20b,89,12
openai/gpt-oss-20b,89,12
openai/gpt-oss-20b,89,12
openai/gpt-oss-20b,89,12
openai/gpt-oss-20b,89,12
openai/gpt-oss-20b,76,256
openai/gpt-oss-20b,80,227
openai/gpt-oss-20b,80,256
openai/gpt-oss-20b,80,256
openai/gpt-oss-20b,80,256
openai/gpt-oss-20b,80,256
openai/gpt-oss-20b,80,256
openai/gpt-oss-20b,80,256
openai/gpt-oss-20b,80,256
openai/gpt-oss-20b,80,256
openai/gpt-oss-20b,86,152
openai/gpt-oss-20b,82,256
openai/gpt-oss-20b,82,256
openai/gpt-oss-20b,82,256
openai/gpt-oss-20b,82,256
openai/gpt-oss-20b,82,256
openai/gpt-oss-20b,82,256
openai/gpt-oss-20b,82,256
openai/gpt-oss-20b,88,256
openai/gpt-oss-20b,88,256
openai/gpt-oss-20b,88,256
openai/gpt-oss-20b,88,256
openai/gpt-oss-20b,88,256
openai/gpt-oss-20b,88,12
openai/gpt-oss-20b,88,12
openai/gpt-oss-20b,88,12
openai/gpt-oss-20b,88,12
openai/gpt-oss-20b,88,12
openai/gpt-oss-20b,88,12
openai/gpt-oss-20b,88,12
openai/gpt-oss-20b,88,12
openai/gpt-oss-20b,89,12
openai/gpt-oss-20b,89,12
openai/gpt-oss-20b,89,12
openai/gpt-oss-20b,89,12
openai/gpt-oss-20b,89,12
openai/gpt-oss-20b,89,12
openai/gpt-oss-20b,89,12
openai/gpt-oss-20b,89,12
openai/gpt-oss-20b,96,12
openai/gpt-oss-20b,96,12
openai/gpt-oss-20b,96,12
openai/gpt-oss-20b,96,12
openai/gpt-oss-20b,96,12
openai/gpt-oss-20b,96,12
openai/gpt-oss-20b,96,12
openai/gpt-oss-20b,96,12
openai/gpt-oss-20b,96,12
openai/gpt-oss-20b,96,12
openai/gpt-oss-20b,96,12
openai/gpt-oss-20b,96,12
openai/gpt-oss-20b,96,12
openai/gpt-oss-20b,96,12
openai/gpt-oss-20b,96,12
openai/gpt-oss-20b,96,12
openai/gpt-oss-20b,90,12
openai/gpt-oss-20b,90,12
openai/gpt-oss-20b,90,12
openai/gpt-oss-20b,90,12
openai/gpt-oss-20b,90,12
openai/gpt-oss-20b,90,12
openai/gpt-oss-20b,90,12
openai/gpt-oss-20b,90,12
openai/gpt-oss-20b,91,12
openai/gpt-oss-20b,91,12
openai/gpt-oss-20b,91,12
openai/gpt-oss-20b,91,12
openai/gpt-oss-20b,91,12
openai/gpt-oss-20b,91,12
openai/gpt-oss-20b,91,12
openai/gpt-oss-20b,91,12
openai/gpt-oss-20b,87,12
openai/gpt-oss-20b,87,12
openai/gpt-oss-20b,87,12
openai/gpt-oss-20b,87,12
openai/gpt-oss-20b,87,12
openai/gpt-oss-20b,87,12
openai/gpt-oss-20b,87,12
openai/gpt-oss-20b,87,12
openai/gpt-oss-20b,87,12
openai/gpt-oss-20b,87,12
openai/gpt-oss-20b,87,12
openai/gpt-oss-20b,87,12
openai/gpt-oss-20b,87,12
openai/gpt-oss-20b,87,12
openai/gpt-oss-20b,87,12
openai/gpt-oss-20b,87,12
openai/gpt-oss-20b,92,256
openai/gpt-oss-20b,81,256
openai/gpt-oss-20b,82,212
openai/gpt-oss-20b,82,256
openai/gpt-oss-20b,82,256
openai/gpt-oss-20b,82,256
openai/gpt-oss-20b,82,256
openai/gpt-oss-20b,82,256
openai/gpt-oss-20b,82,256
openai/gpt-oss-20b,82,256
openai/gpt-oss-20b,91,256
openai/gpt-oss-20b,91,256
openai/gpt-oss-20b,91,256
openai/gpt-oss-20b,91,256
openai/gpt-oss-20b,91,256
openai/gpt-oss-20b,91,256
openai/gpt-oss-20b,91,256
openai/gpt-oss-20b,91,256
openai/gpt-oss-20b,91,256
openai/gpt-oss-20b,88,256
openai/gpt-oss-20b,88,256
openai/gpt-oss-20b,88,256
openai/gpt-oss-20b,88,256
openai/gpt-oss-20b,88,256
openai/gpt-oss-20b,88,256
openai/gpt-oss-20b,88,256
openai/gpt-oss-20b,88,256
openai/gpt-oss-20b,94,12
openai/gpt-oss-20b,94,12
openai/gpt-oss-20b,94,12
openai/gpt-oss-20b,94,12
openai/gpt-oss-20b,94,12
openai/gpt-oss-20b,94,12
openai/gpt-oss-20b,94,12
openai/gpt-oss-20b,94,12
openai/gpt-oss-20b,95,12
openai/gpt-oss-20b,95,12
openai/gpt-oss-20b,95,12
openai/gpt-oss-20b,95,12
openai/gpt-oss-20b,95,12
openai/gpt-oss-20b,95,12
openai/gpt-oss-20b,95,12
openai/gpt-oss-20b,95,12
openai/gpt-oss-20b,93,12
openai/gpt-oss-20b,93,12
openai/gpt-oss-20b,93,12
openai/gpt-oss-20b,93,12
openai/gpt-oss-20b,93,12
openai/gpt-oss-20b,93,12
openai/gpt-oss-20b,93,12
openai/gpt-oss-20b,93,12
openai/gpt-oss-20b,94,12
openai/gpt-oss-20b,94,12
openai/gpt-oss-20b,94,12
openai/gpt-oss-20b,94,12
openai/gpt-oss-20b,94,12
openai/gpt-oss-20b,94,12
openai/gpt-oss-20b,94,12
openai/gpt-oss-20b,94,12
openai/gpt-oss-20b,89,12
openai/gpt-oss-20b,89,12
openai/gpt-oss-20b,89,12
openai/gpt-oss-20b,89,12
openai/gpt-oss-20b,89,12
openai/gpt-oss-20b,89,12
openai/gpt-oss-20b,89,12
openai/gpt-oss-20b,89,12
openai/gpt-oss-20b,90,12
openai/gpt-oss-20b,90,12
openai/gpt-oss-20b,90,12
openai/gpt-oss-20b,90,12
openai/gpt-oss-20b,90,12
openai/gpt-oss-20b,90,12
openai/gpt-oss-20b,90,12
openai/gpt-oss-20b,90,12
openai/gpt-oss-20b,89,12
openai/gpt-oss-20b,89,12
openai/gpt-oss-20b,89,12
openai/gpt-oss-20b,89,12
openai/gpt-oss-20b,89,12
openai/gpt-oss-20b,89,12
openai/gpt-oss-20b,89,12
openai/gpt-oss-20b,89,12
openai/gpt-oss-20b,90,12
openai/gpt-oss-20b,90,12
openai/gpt-oss-20b,90,12
openai/gpt-oss-20b,90,12
openai/gpt-oss-20b,90,12
openai/gpt-oss-20b,90,12
openai/gpt-oss-20b,90,12
openai/gpt-oss-20b,90,12
openai/gpt-oss-20b,81,256
openai/gpt-oss-20b,81,256
openai/gpt-oss-20b,81,256
openai/gpt-oss-20b,81,256
openai/gpt-oss-20b,81,256
openai/gpt-oss-20b,81,256
openai/gpt-oss-20b,81,256
openai/gpt-oss-20b,81,256
openai/gpt-oss-20b,83,256
openai/gpt-oss-20b,83,256
openai/gpt-oss-20b,83,256
openai/gpt-oss-20b,83,256
openai/gpt-oss-20b,83,256
openai/gpt-oss-20b,83,256
openai/gpt-oss-20b,83,256
openai/gpt-oss-20b,83,256
openai/gpt-oss-20b,89,256
openai/gpt-oss-20b,89,256
openai/gpt-oss-20b,89,256
openai/gpt-oss-20b,89,256
openai/gpt-oss-20b,89,256
openai/gpt-oss-20b,89,256
openai/gpt-oss-20b,88,12
openai/gpt-oss-20b,88,12
openai/gpt-oss-20b,88,12
openai/gpt-oss-20b,88,12
openai/gpt-oss-20b,88,12
openai/gpt-oss-20b,88,12
openai/gpt-oss-20b,88,12
openai/gpt-oss-20b,88,12
openai/gpt-oss-20b,89,12
openai/gpt-oss-20b,89,12
openai/gpt-oss-20b,89,12
openai/gpt-oss-20b,89,12
openai/gpt-oss-20b,89,12
openai/gpt-oss-20b,89,12
openai/gpt-oss-20b,89,12
openai/gpt-oss-20b,89,12
openai/gpt-oss-20b,96,12
openai/gpt-oss-20b,96,12
openai/gpt-oss-20b,96,12
openai/gpt-oss-20b,96,12
openai/gpt-oss-20b,96,12
openai/gpt-oss-20b,96,12
openai/gpt-oss-20b,96,12
openai/gpt-oss-20b,96,12
openai/gpt-oss-20b,96,12
openai/gpt-oss-20b,96,12
openai/gpt-oss-20b,96,12
openai/gpt-oss-20b,96,12
openai/gpt-oss-20b,96,12
openai/gpt-oss-20b,96,12
openai/gpt-oss-20b,96,12
openai/gpt-oss-20b,96,12
openai/gpt-oss-20b,90,12
openai/gpt-oss-20b,90,12
openai/gpt-oss-20b,90,12
openai/gpt-oss-20b,90,12
openai/gpt-oss-20b,90,12
openai/gpt-oss-20b,90,12
openai/gpt-oss-20b,90,12
openai/gpt-oss-20b,90,12
openai/gpt-oss-20b,91,12
openai/gpt-oss-20b,91,12
openai/gpt-oss-20b,91,12
openai/gpt-oss-20b,91,12
openai/gpt-oss-20b,91,12
openai/gpt-oss-20b,91,12
openai/gpt-oss-20b,91,12
openai/gpt-oss-20b,91,12
openai/gpt-oss-20b,87,12
openai/gpt-oss-20b,87,12
openai/gpt-oss-20b,87,12
openai/gpt-oss-20b,87,12
openai/gpt-oss-20b,87,12
openai/gpt-oss-20b,87,12
openai/gpt-oss-20b,87,12
openai/gpt-oss-20b,87,12
openai/gpt-oss-20b,87,12
openai/gpt-oss-20b,87,12
openai/gpt-oss-20b,87,12
openai/gpt-oss-20b,87,12
openai/gpt-oss-20b,87,12
openai/gpt-oss-20b,87,12
openai/gpt-oss-20b,87,12
openai/gpt-oss-20b,87,12
openai/gpt-oss-20b,89,235
openai/gpt-oss-20b,94,256
openai/gpt-oss-20b,94,256
openai/gpt-oss-20b,94,256
openai/gpt-oss-20b,94,256
openai/gpt-oss-20b,83,256
openai/gpt-oss-20b,84,256
openai/gpt-oss-20b,84,256
openai/gpt-oss-20b,84,256
openai/gpt-oss-20b,84,256
openai/gpt-oss-20b,84,256
openai/gpt-oss-20b,84,256
openai/gpt-oss-20b,84,256
openai/gpt-oss-20b,91,256
openai/gpt-oss-20b,93,256
openai/gpt-oss-20b,93,256
openai/gpt-oss-20b,93,256
openai/gpt-oss-20b,93,256
openai/gpt-oss-20b,93,256
openai/gpt-oss-20b,93,256
openai/gpt-oss-20b,90,256
openai/gpt-oss-20b,90,256
openai/gpt-oss-20b,90,256
openai/gpt-oss-20b,90,256
openai/gpt-oss-20b,90,256
openai/gpt-oss-20b,90,256
openai/gpt-oss-20b,90,256
openai/gpt-oss-20b,93,12
openai/gpt-oss-20b,93,12
openai/gpt-oss-20b,93,12
openai/gpt-oss-20b,93,12
openai/gpt-oss-20b,93,12
openai/gpt-oss-20b,93,12
openai/gpt-oss-20b,93,12
openai/gpt-oss-20b,93,12
openai/gpt-oss-20b,94,12
openai/gpt-oss-20b,94,12
openai/gpt-oss-20b,94,12
openai/gpt-oss-20b,94,12
openai/gpt-oss-20b,94,12
openai/gpt-oss-20b,94,12
openai/gpt-oss-20b,94,12
openai/gpt-oss-20b,94,12
openai/gpt-oss-20b,92,12
openai/gpt-oss-20b,92,12
openai/gpt-oss-20b,92,12
openai/gpt-oss-20b,92,12
openai/gpt-oss-20b,92,12
openai/gpt-oss-20b,92,12
openai/gpt-oss-20b,92,12
openai/gpt-oss-20b,92,12
openai/gpt-oss-20b,93,12
openai/gpt-oss-20b,93,12
openai/gpt-oss-20b,93,12
openai/gpt-oss-20b,93,12
openai/gpt-oss-20b,93,12
openai/gpt-oss-20b,93,12
openai/gpt-oss-20b,93,12
openai/gpt-oss-20b,93,12
openai/gpt-oss-20b,88,12
openai/gpt-oss-20b,88,12
openai/gpt-oss-20b,88,12
openai/gpt-oss-20b,88,12
openai/gpt-oss-20b,88,12
openai/gpt-oss-20b,88,12
openai/gpt-oss-20b,88,12
openai/gpt-oss-20b,88,12
openai/gpt-oss-20b,89,12
openai/gpt-oss-20b,89,12
openai/gpt-oss-20b,89,12
openai/gpt-oss-20b,89,12
openai/gpt-oss-20b,89,12
openai/gpt-oss-20b,89,12
openai/gpt-oss-20b,89,12
openai/gpt-oss-20b,89,12
openai/gpt-oss-20b,88,12
openai/gpt-oss-20b,88,12
openai/gpt-oss-20b,88,12
openai/gpt-oss-20b,88,12
openai/gpt-oss-20b,88,12
openai/gpt-oss-20b,88,12
openai/gpt-oss-20b,88,12
openai/gpt-oss-20b,88,12
openai/gpt-oss-20b,89,12
openai/gpt-oss-20b,89,12
openai/gpt-oss-20b,89,12
openai/gpt-oss-20b,89,12
openai/gpt-oss-20b,89,12
openai/gpt-oss-20b,89,12
openai/gpt-oss-20b,89,12
openai/gpt-oss-20b,89,12
openai/gpt-oss-20b,90,237
openai/gpt-oss-20b,90,256
openai/gpt-oss-20b,90,256
openai/gpt-oss-20b,90,256
openai/gpt-oss-20b,90,237
openai/gpt-oss-20b,90,256
openai/gpt-oss-20b,89,256
openai/gpt-oss-20b,83,256
openai/gpt-oss-20b,83,256
openai/gpt-oss-20b,83,256
openai/gpt-oss-20b,83,256
openai/gpt-oss-20b,83,256
openai/gpt-oss-20b,83,256
openai/gpt-oss-20b,85,256
openai/gpt-oss-20b,85,256
openai/gpt-oss-20b,85,256
openai/gpt-oss-20b,85,256
openai/gpt-oss-20b,85,256
openai/gpt-oss-20b,85,256
openai/gpt-oss-20b,85,256
openai/gpt-oss-20b,92,253
openai/gpt-oss-20b,92,256
openai/gpt-oss-20b,91,256
openai/gpt-oss-20b,91,256
openai/gpt-oss-20b,91,256
openai/gpt-oss-20b,91,256
openai/gpt-oss-20b,91,256
openai/gpt-oss-20b,91,256
openai/gpt-oss-20b,91,256
openai/gpt-oss-20b,86,12
openai/gpt-oss-20b,86,12
openai/gpt-oss-20b,86,12
openai/gpt-oss-20b,86,12
openai/gpt-oss-20b,86,12
openai/gpt-oss-20b,86,12
openai/gpt-oss-20b,86,12
openai/gpt-oss-20b,86,12
openai/gpt-oss-20b,87,12
openai/gpt-oss-20b,87,12
openai/gpt-oss-20b,87,12
openai/gpt-oss-20b,87,12
openai/gpt-oss-20b,87,12
openai/gpt-oss-20b,87,12
openai/gpt-oss-20b,87,12
openai/gpt-oss-20b,87,12
openai/gpt-oss-20b,94,12
openai/gpt-oss-20b,94,12
openai/gpt-oss-20b,94,12
openai/gpt-oss-20b,94,12
openai/gpt-oss-20b,94,12
openai/gpt-oss-20b,94,12
openai/gpt-oss-20b,94,12
openai/gpt-oss-20b,94,12
openai/gpt-oss-20b,94,12
openai/gpt-oss-20b,94,12
openai/gpt-oss-20b,94,12
openai/gpt-oss-20b,94,12
openai/gpt-oss-20b,94,12
openai/gpt-oss-20b,94,12
openai/gpt-oss-20b,94,12
openai/gpt-oss-20b,94,12
openai/gpt-oss-20b,88,12
openai/gpt-oss-20b,88,12
openai/gpt-oss-20b,88,12
openai/gpt-oss-20b,88,12
openai/gpt-oss-20b,88,12
openai/gpt-oss-20b,88,12
openai/gpt-oss-20b,88,12
openai/gpt-oss-20b,88,12
openai/gpt-oss-20b,89,12
openai/gpt-oss-20b,89,12
openai/gpt-oss-20b,89,12
openai/gpt-oss-20b,89,12
openai/gpt-oss-20b,89,12
openai/gpt-oss-20b,89,12
openai/gpt-oss-20b,89,12
openai/gpt-oss-20b,89,12
openai/gpt-oss-20b,85,12
openai/gpt-oss-20b,85,12
openai/gpt-oss-20b,85,12
openai/gpt-oss-20b,85,12
openai/gpt-oss-20b,85,12
openai/gpt-oss-20b,85,12
openai/gpt-oss-20b,85,12
openai/gpt-oss-20b,85,12
openai/gpt-oss-20b,85,12
openai/gpt-oss-20b,85,12
openai/gpt-oss-20b,85,12
openai/gpt-oss-20b,85,12
openai/gpt-oss-20b,85,12
openai/gpt-oss-20b,85,12
openai/gpt-oss-20b,85,12
openai/gpt-oss-20b,85,12
openai/gpt-oss-20b,91,256
openai/gpt-oss-20b,95,256
openai/gpt-oss-20b,95,256
openai/gpt-oss-20b,95,256
openai/gpt-oss-20b,95,256
openai/gpt-oss-20b,95,256
openai/gpt-oss-20b,95,256
openai/gpt-oss-20b,96,256
openai/gpt-oss-20b,96,256
openai/gpt-oss-20b,85,256
openai/gpt-oss-20b,85,256
openai/gpt-oss-20b,85,256
openai/gpt-oss-20b,86,256
openai/gpt-oss-20b,86,256
openai/gpt-oss-20b,86,256
openai/gpt-oss-20b,86,256
openai/gpt-oss-20b,86,256
openai/gpt-oss-20b,93,187
openai/gpt-oss-20b,93,256
openai/gpt-oss-20b,95,256
openai/gpt-oss-20b,95,256
openai/gpt-oss-20b,95,256
openai/gpt-oss-20b,95,256
openai/gpt-oss-20b,95,256
openai/gpt-oss-20b,95,256
openai/gpt-oss-20b,95,256
openai/gpt-oss-20b,95,256
openai/gpt-oss-20b,95,256
openai/gpt-oss-20b,95,256
openai/gpt-oss-20b,92,256
openai/gpt-oss-20b,92,256
openai/gpt-oss-20b,92,256
openai/gpt-oss-20b,92,256
openai/gpt-oss-20b,92,256
openai/gpt-oss-20b,92,256
openai/gpt-oss-20b,92,256
openai/gpt-oss-20b,93,12
openai/gpt-oss-20b,93,12
openai/gpt-oss-20b,93,12
openai/gpt-oss-20b,93,12
openai/gpt-oss-20b,93,12
openai/gpt-oss-20b,93,12
openai/gpt-oss-20b,93,12
openai/gpt-oss-20b,93,12
openai/gpt-oss-20b,94,12
openai/gpt-oss-20b,94,12
openai/gpt-oss-20b,94,12
openai/gpt-oss-20b,94,12
openai/gpt-oss-20b,94,12
openai/gpt-oss-20b,94,12
openai/gpt-oss-20b,94,12
openai/gpt-oss-20b,94,12
openai/gpt-oss-20b,92,12
openai/gpt-oss-20b,92,12
openai/gpt-oss-20b,92,12
openai/gpt-oss-20b,92,12
openai/gpt-oss-20b,92,12
openai/gpt-oss-20b,92,12
openai/gpt-oss-20b,92,12
openai/gpt-oss-20b,92,12
openai/gpt-oss-20b,93,12
openai/gpt-oss-20b,93,12
openai/gpt-oss-20b,93,12
openai/gpt-oss-20b,93,12
openai/gpt-oss-20b,93,12
openai/gpt-oss-20b,93,12
openai/gpt-oss-20b,93,12
openai/gpt-oss-20b,93,12
openai/gpt-oss-20b,88,12
openai/gpt-oss-20b,88,12
openai/gpt-oss-20b,88,12
openai/gpt-oss-20b,88,12
openai/gpt-oss-20b,88,12
openai/gpt-oss-20b,88,12
openai/gpt-oss-20b,88,12
openai/gpt-oss-20b,88,12
openai/gpt-oss-20b,89,12
openai/gpt-oss-20b,89,12
openai/gpt-oss-20b,89,12
openai/gpt-oss-20b,89,12
openai/gpt-oss-20b,89,12
openai/gpt-oss-20b,89,12
openai/gpt-oss-20b,89,12
openai/gpt-oss-20b,89,12
openai/gpt-oss-20b,88,12
openai/gpt-oss-20b,88,12
openai/gpt-oss-20b,88,12
openai/gpt-oss-20b,88,12
openai/gpt-oss-20b,88,12
openai/gpt-oss-20b,88,12
openai/gpt-oss-20b,88,12
openai/gpt-oss-20b,88,12
openai/gpt-oss-20b,89,12
openai/gpt-oss-20b,89,12
openai/gpt-oss-20b,89,12
openai/gpt-oss-20b,89,12
openai/gpt-oss-20b,89,12
openai/gpt-oss-20b,89,12
openai/gpt-oss-20b,89,12
openai/gpt-oss-20b,89,12
openai/gpt-oss-20b,90,256
openai/gpt-oss-20b,90,236
openai/gpt-oss-20b,90,256
openai/gpt-oss-20b,90,217
openai/gpt-oss-20b,90,256
openai/gpt-oss-20b,90,256
openai/gpt-oss-20b,83,230
openai/gpt-oss-20b,83,256
openai/gpt-oss-20b,83,256
openai/gpt-oss-20b,83,256
openai/gpt-oss-20b,83,256
openai/gpt-oss-20b,83,256
openai/gpt-oss-20b,83,256
openai/gpt-oss-20b,83,256
openai/gpt-oss-20b,89,248
openai/gpt-oss-20b,89,216
openai/gpt-oss-20b,85,256
openai/gpt-oss-20b,85,256
openai/gpt-oss-20b,85,256
openai/gpt-oss-20b,85,256
openai/gpt-oss-20b,92,255
openai/gpt-oss-20b,91,256
openai/gpt-oss-20b,91,256
openai/gpt-oss-20b,91,256
openai/gpt-oss-20b,91,256
openai/gpt-oss-20b,91,256
openai/gpt-oss-20b,91,256
openai/gpt-oss-20b,87,12
openai/gpt-oss-20b,87,12
openai/gpt-oss-20b,87,12
openai/gpt-oss-20b,87,12
openai/gpt-oss-20b,87,12
openai/gpt-oss-20b,87,12
openai/gpt-oss-20b,87,12
openai/gpt-oss-20b,87,12
openai/gpt-oss-20b,88,12
openai/gpt-oss-20b,88,12
openai/gpt-oss-20b,88,12
openai/gpt-oss-20b,88,12
openai/gpt-oss-20b,88,12
openai/gpt-oss-20b,88,12
openai/gpt-oss-20b,88,12
openai/gpt-oss-20b,88,12
openai/gpt-oss-20b,95,12
openai/gpt-oss-20b,95,12
openai/gpt-oss-20b,95,12
openai/gpt-oss-20b,95,12
openai/gpt-oss-20b,95,12
openai/gpt-oss-20b,95,12
openai/gpt-oss-20b,95,12
openai/gpt-oss-20b,95,12
openai/gpt-oss-20b,95,12
openai/gpt-oss-20b,95,12
openai/gpt-oss-20b,95,12
openai/gpt-oss-20b,95,12
openai/gpt-oss-20b,95,12
openai/gpt-oss-20b,95,12
openai/gpt-oss-20b,95,12
openai/gpt-oss-20b,95,12
openai/gpt-oss-20b,89,12
openai/gpt-oss-20b,89,12
openai/gpt-oss-20b,89,12
openai/gpt-oss-20b,89,12
openai/gpt-oss-20b,89,12
openai/gpt-oss-20b,89,12
openai/gpt-oss-20b,89,12
openai/gpt-oss-20b,89,12
openai/gpt-oss-20b,90,12
openai/gpt-oss-20b,90,12
openai/gpt-oss-20b,90,12
openai/gpt-oss-20b,90,12
openai/gpt-oss-20b,90,12
openai/gpt-oss-20b,90,12
openai/gpt-oss-20b,90,12
openai/gpt-oss-20b,90,12
openai/gpt-oss-20b,86,12
openai/gpt-oss-20b,86,12
openai/gpt-oss-20b,86,12
openai/gpt-oss-20b,86,12
openai/gpt-oss-20b,86,12
openai/gpt-oss-20b,86,12
openai/gpt-oss-20b,86,12
openai/gpt-oss-20b,86,12
openai/gpt-oss-20b,86,12
openai/gpt-oss-20b,86,12
openai/gpt-oss-20b,86,12
openai/gpt-oss-20b,86,12
openai/gpt-oss-20b,86,12
openai/gpt-oss-20b,86,12
openai/gpt-oss-20b,86,12
openai/gpt-oss-20b,86,12
openai/gpt-oss-20b,93,256
openai/gpt-oss-20b,94,256
openai/gpt-oss-20b,94,256
openai/gpt-oss-20b,84,256
openai/gpt-oss-20b,84,161
openai/gpt-oss-20b,84,256
openai/gpt-oss-20b,84,256
openai/gpt-oss-20b,84,256
openai/gpt-oss-20b,84,256
openai/gpt-oss-20b,84,256
openai/gpt-oss-20b,84,256
openai/gpt-oss-20b,91,211
openai/gpt-oss-20b,91,256
openai/gpt-oss-20b,93,256
openai/gpt-oss-20b,93,256
openai/gpt-oss-20b,93,256
openai/gpt-oss-20b,93,256
openai/gpt-oss-20b,93,256
openai/gpt-oss-20b,93,256
openai/gpt-oss-20b,93,256
openai/gpt-oss-20b,93,256
openai/gpt-oss-20b,93,256
openai/gpt-oss-20b,93,256
openai/gpt-oss-20b,93,256
openai/gpt-oss-20b,90,256
openai/gpt-oss-20b,90,256
openai/gpt-oss-20b,90,256
openai/gpt-oss-20b,90,256
openai/gpt-oss-20b,90,256
openai/gpt-oss-20b,95,12
openai/gpt-oss-20b,95,12
openai/gpt-oss-20b,95,12
openai/gpt-oss-20b,95,12
openai/gpt-oss-20b,95,12
openai/gpt-oss-20b,95,12
openai/gpt-oss-20b,95,12
openai/gpt-oss-20b,95,12
openai/gpt-oss-20b,96,12
openai/gpt-oss-20b,96,12
openai/gpt-oss-20b,96,12
openai/gpt-oss-20b,96,12
openai/gpt-oss-20b,96,12
openai/gpt-oss-20b,96,12
openai/gpt-oss-20b,96,12
openai/gpt-oss-20b,96,12
openai/gpt-oss-20b,94,12
openai/gpt-oss-20b,94,12
openai/gpt-oss-20b,94,12
openai/gpt-oss-20b,94,12
openai/gpt-oss-20b,94,12
openai/gpt-oss-20b,94,12
openai/gpt-oss-20b,94,12
openai/gpt-oss-20b,94,12
openai/gpt-oss-20b,95,12
openai/gpt-oss-20b,95,12
openai/gpt-oss-20b,95,12
openai/gpt-oss-20b,95,12
openai/gpt-oss-20b,95,12
openai/gpt-oss-20b,95,12
openai/gpt-oss-20b,95,12
openai/gpt-oss-20b,95,12
openai/gpt-oss-20b,90,12
openai/gpt-oss-20b,90,12
openai/gpt-oss-20b,90,12
openai/gpt-oss-20b,90,12
openai/gpt-oss-20b,90,12
openai/gpt-oss-20b,90,12
openai/gpt-oss-20b,90,12
openai/gpt-oss-20b,90,12
openai/gpt-oss-20b,91,12
openai/gpt-oss-20b,91,12
openai/gpt-oss-20b,91,12
openai/gpt-oss-20b,91,12
openai/gpt-oss-20b,91,12
openai/gpt-oss-20b,91,12
openai/gpt-oss-20b,91,12
openai/gpt-oss-20b,91,12
openai/gpt-oss-20b,90,12
openai/gpt-oss-20b,90,12
openai/gpt-oss-20b,90,12
openai/gpt-oss-20b,90,12
openai/gpt-oss-20b,90,12
openai/gpt-oss-20b,90,12
openai/gpt-oss-20b,90,12
openai/gpt-oss-20b,90,12
openai/gpt-oss-20b,91,12
openai/gpt-oss-20b,91,12
openai/gpt-oss-20b,91,12
openai/gpt-oss-20b,91,12
openai/gpt-oss-20b,91,12
openai/gpt-oss-20b,91,12
openai/gpt-oss-20b,91,12
openai/gpt-oss-20b,91,12
openai/gpt-oss-20b,80,256
openai/gpt-oss-20b,80,256
openai/gpt-oss-20b,80,256
openai/gpt-oss-20b,80,256
openai/gpt-oss-20b,80,256
openai/gpt-oss-20b,80,256
openai/gpt-oss-20b,80,256
openai/gpt-oss-20b,86,256
openai/gpt-oss-20b,82,256
openai/gpt-oss-20b,82,256
openai/gpt-oss-20b,82,256
openai/gpt-oss-20b,88,256
openai/gpt-oss-20b,88,256
openai/gpt-oss-20b,88,256
openai/gpt-oss-20b,89,12
openai/gpt-oss-20b,89,12
openai/gpt-oss-20b,89,12
openai/gpt-oss-20b,89,12
openai/gpt-oss-20b,89,12
openai/gpt-oss-20b,89,12
openai/gpt-oss-20b,89,12
openai/gpt-oss-20b,89,12
openai/gpt-oss-20b,90,12
openai/gpt-oss-20b,90,12
openai/gpt-oss-20b,90,12
openai/gpt-oss-20b,90,12
openai/gpt-oss-20b,90,12
openai/gpt-oss-20b,90,12
openai/gpt-oss-20b,90,12
openai/gpt-oss-20b,90,12
openai/gpt-oss-20b,97,12
openai/gpt-oss-20b,97,12
openai/gpt-oss-20b,97,12
openai/gpt-oss-20b,97,12
openai/gpt-oss-20b,97,12
openai/gpt-oss-20b,97,12
openai/gpt-oss-20b,97,12
openai/gpt-oss-20b,97,12
openai/gpt-oss-20b,97,12
openai/gpt-oss-20b,97,12
openai/gpt-oss-20b,97,12
openai/gpt-oss-20b,97,12
openai/gpt-oss-20b,97,12
openai/gpt-oss-20b,97,12
openai/gpt-oss-20b,97,12
openai/gpt-oss-20b,97,12
openai/gpt-oss-20b,91,12
openai/gpt-oss-20b,91,12
openai/gpt-oss-20b,91,12
openai/gpt-oss-20b,91,12
openai/gpt-oss-20b,91,12
openai/gpt-oss-20b,91,12
openai/gpt-oss-20b,91,12
openai/gpt-oss-20b,91,12
openai/gpt-oss-20b,92,12
openai/gpt-oss-20b,92,12
openai/gpt-oss-20b,92,12
openai/gpt-oss-20b,92,12
openai/gpt-oss-20b,92,12
openai/gpt-oss-20b,92,12
openai/gpt-oss-20b,92,12
openai/gpt-oss-20b,92,12
openai/gpt-oss-20b,88,12
openai/gpt-oss-20b,88,12
openai/gpt-oss-20b,88,12
openai/gpt-oss-20b,88,12
openai/gpt-oss-20b,88,12
openai/gpt-oss-20b,88,12
openai/gpt-oss-20b,88,12
openai/gpt-oss-20b,88,12
openai/gpt-oss-20b,88,12
openai/gpt-oss-20b,88,12
openai/gpt-oss-20b,88,12
openai/gpt-oss-20b,88,12
openai/gpt-oss-20b,88,12
openai/gpt-oss-20b,88,12
openai/gpt-oss-20b,88,12
openai/gpt-oss-20b,88,12
openai/gpt-oss-20b,81,256
openai/gpt-oss-20b,81,256
openai/gpt-oss-20b,82,226
openai/gpt-oss-20b,82,256
openai/gpt-oss-20b,82,256
openai/gpt-oss-20b,82,256
openai/gpt-oss-20b,82,256
openai/gpt-oss-20b,91,256
openai/gpt-oss-20b,91,256
openai/gpt-oss-20b,91,256
openai/gpt-oss-20b,91,256
openai/gpt-oss-20b,91,256
openai/gpt-oss-20b,91,256
openai/gpt-oss-20b,88,256
openai/gpt-oss-20b,88,256
openai/gpt-oss-20b,88,256
openai/gpt-oss-20b,88,256
openai/gpt-oss-20b,88,256
openai/gpt-oss-20b,88,256
openai/gpt-oss-20b,93,12
openai/gpt-oss-20b,93,12
openai/gpt-oss-20b,93,12
openai/gpt-oss-20b,93,12
openai/gpt-oss-20b,93,12
openai/gpt-oss-20b,93,12
openai/gpt-oss-20b,93,12
openai/gpt-oss-20b,93,12
openai/gpt-oss-20b,94,12
openai/gpt-oss-20b,94,12
openai/gpt-oss-20b,94,12
openai/gpt-oss-20b,94,12
openai/gpt-oss-20b,94,12
openai/gpt-oss-20b,94,12
openai/gpt-oss-20b,94,12
openai/gpt-oss-20b,94,12
openai/gpt-oss-20b,92,12
openai/gpt-oss-20b,92,12
openai/gpt-oss-20b,92,12
openai/gpt-oss-20b,92,12
openai/gpt-oss-20b,92,12
openai/gpt-oss-20b,92,12
openai/gpt-oss-20b,92,12
openai/gpt-oss-20b,92,12
openai/gpt-oss-20b,93,12
openai/gpt-oss-20b,93,12
openai/gpt-oss-20b,93,12
openai/gpt-oss-20b,93,12
openai/gpt-oss-20b,93,12
openai/gpt-oss-20b,93,12
openai/gpt-oss-20b,93,12
openai/gpt-oss-20b,93,12
openai/gpt-oss-20b,88,12
openai/gpt-oss-20b,88,12
openai/gpt-oss-20b,88,12
openai/gpt-oss-20b,88,12
openai/gpt-oss-20b,88,12
openai/gpt-oss-20b,88,12
openai/gpt-oss-20b,88,12
openai/gpt-oss-20b,88,12
openai/gpt-oss-20b,89,12
openai/gpt-oss-20b,89,12
openai/gpt-oss-20b,89,12
openai/gpt-oss-20b,89,12
openai/gpt-oss-20b,89,12
openai/gpt-oss-20b,89,12
openai/gpt-oss-20b,89,12
openai/gpt-oss-20b,89,12
openai/gpt-oss-20b,88,12
openai/gpt-oss-20b,88,12
openai/gpt-oss-20b,88,12
openai/gpt-oss-20b,88,12
openai/gpt-oss-20b,88,12
openai/gpt-oss-20b,88,12
openai/gpt-oss-20b,88,12
openai/gpt-oss-20b,88,12
openai/gpt-oss-20b,89,12
openai/gpt-oss-20b,89,12
openai/gpt-oss-20b,89,12
openai/gpt-oss-20b,89,12
openai/gpt-oss-20b,89,12
openai/gpt-oss-20b,89,12
openai/gpt-oss-20b,89,12
openai/gpt-oss-20b,89,12
openai/gpt-oss-20b,90,256
openai/gpt-oss-20b,90,248
openai/gpt-oss-20b,90,256
openai/gpt-oss-20b,90,220
openai/gpt-oss-20b,90,256
openai/gpt-oss-20b,90,256
openai/gpt-oss-20b,90,256
openai/gpt-oss-20b,89,256
openai/gpt-oss-20b,89,256
openai/gpt-oss-20b,83,180
openai/gpt-oss-20b,83,256
openai/gpt-oss-20b,83,256
openai/gpt-oss-20b,83,256
openai/gpt-oss-20b,83,256
openai/gpt-oss-20b,83,256
openai/gpt-oss-20b,83,256
openai/gpt-oss-20b,83,256
openai/gpt-oss-20b,89,186
openai/gpt-oss-20b,89,211
openai/gpt-oss-20b,85,256
openai/gpt-oss-20b,85,256
openai/gpt-oss-20b,85,256
openai/gpt-oss-20b,85,256
openai/gpt-oss-20b,85,256
openai/gpt-oss-20b,91,256
openai/gpt-oss-20b,91,256
openai/gpt-oss-20b,91,256
openai/gpt-oss-20b,91,256
openai/gpt-oss-20b,91,256
openai/gpt-oss-20b,88,12
openai/gpt-oss-20b,88,12
openai/gpt-oss-20b,88,12
openai/gpt-oss-20b,88,12
openai/gpt-oss-20b,88,12
openai/gpt-oss-20b,88,12
openai/gpt-oss-20b,88,12
openai/gpt-oss-20b,88,12
openai/gpt-oss-20b,89,12
openai/gpt-oss-20b,89,12
openai/gpt-oss-20b,89,12
openai/gpt-oss-20b,89,12
openai/gpt-oss-20b,89,12
openai/gpt-oss-20b,89,12
openai/gpt-oss-20b,89,12
openai/gpt-oss-20b,89,12
openai/gpt-oss-20b,96,12
openai/gpt-oss-20b,96,12
openai/gpt-oss-20b,96,12
openai/gpt-oss-20b,96,12
openai/gpt-oss-20b,96,12
openai/gpt-oss-20b,96,12
openai/gpt-oss-20b,96,12
openai/gpt-oss-20b,96,12
openai/gpt-oss-20b,96,12
openai/gpt-oss-20b,96,12
openai/gpt-oss-20b,96,12
openai/gpt-oss-20b,96,12
openai/gpt-oss-20b,96,12
openai/gpt-oss-20b,96,12
openai/gpt-oss-20b,96,12
openai/gpt-oss-20b,96,12
openai/gpt-oss-20b,90,12
openai/gpt-oss-20b,90,12
openai/gpt-oss-20b,90,12
openai/gpt-oss-20b,90,12
openai/gpt-oss-20b,90,12
openai/gpt-oss-20b,90,12
openai/gpt-oss-20b,90,12
openai/gpt-oss-20b,90,12
openai/gpt-oss-20b,91,12
openai/gpt-oss-20b,91,12
openai/gpt-oss-20b,91,12
openai/gpt-oss-20b,91,12
openai/gpt-oss-20b,91,12
openai/gpt-oss-20b,91,12
openai/gpt-oss-20b,91,12
openai/gpt-oss-20b,91,12
openai/gpt-oss-20b,87,12
openai/gpt-oss-20b,87,12
openai/gpt-oss-20b,87,12
openai/gpt-oss-20b,87,12
openai/gpt-oss-20b,87,12
openai/gpt-oss-20b,87,12
openai/gpt-oss-20b,87,12
openai/gpt-oss-20b,87,12
openai/gpt-oss-20b,87,12
openai/gpt-oss-20b,87,12
openai/gpt-oss-20b,87,12
openai/gpt-oss-20b,87,12
openai/gpt-oss-20b,87,12
openai/gpt-oss-20b,87,12
openai/gpt-oss-20b,87,12
openai/gpt-oss-20b,87,12
openai/gpt-oss-20b,90,173
openai/gpt-oss-20b,90,256
openai/gpt-oss-20b,90,256
openai/gpt-oss-20b,94,256
openai/gpt-oss-20b,94,256
openai/gpt-oss-20b,94,256
openai/gpt-oss-20b,95,256
openai/gpt-oss-20b,95,256
openai/gpt-oss-20b,95,256
openai/gpt-oss-20b,95,256
openai/gpt-oss-20b,95,256
openai/gpt-oss-20b,85,256
openai/gpt-oss-20b,85,256
openai/gpt-oss-20b,85,256
openai/gpt-oss-20b,85,256
openai/gpt-oss-20b,85,256
openai/gpt-oss-20b,85,256
openai/gpt-oss-20b,85,256
openai/gpt-oss-20b,85,256
openai/gpt-oss-20b,85,256
openai/gpt-oss-20b,85,256
openai/gpt-oss-20b,92,256
openai/gpt-oss-20b,92,150
openai/gpt-oss-20b,92,256
openai/gpt-oss-20b,94,256
openai/gpt-oss-20b,94,256
openai/gpt-oss-20b,94,256
openai/gpt-oss-20b,94,256
openai/gpt-oss-20b,94,256
openai/gpt-oss-20b,94,256
openai/gpt-oss-20b,94,256
openai/gpt-oss-20b,94,256
openai/gpt-oss-20b,94,256
openai/gpt-oss-20b,91,256
openai/gpt-oss-20b,91,256
openai/gpt-oss-20b,91,256
openai/gpt-oss-20b,91,256
openai/gpt-oss-20b,91,256
openai/gpt-oss-20b,91,256
openai/gpt-oss-20b,95,12
openai/gpt-oss-20b,95,12
openai/gpt-oss-20b,95,12
openai/gpt-oss-20b,95,12
openai/gpt-oss-20b,95,12
openai/gpt-oss-20b,95,12
openai/gpt-oss-20b,95,12
openai/gpt-oss-20b,95,12
openai/gpt-oss-20b,96,12
openai/gpt-oss-20b,96,12
openai/gpt-oss-20b,96,12
openai/gpt-oss-20b,96,12
openai/gpt-oss-20b,96,12
openai/gpt-oss-20b,96,12
openai/gpt-oss-20b,96,12
openai/gpt-oss-20b,96,12
openai/gpt-oss-20b,94,12
openai/gpt-oss-20b,94,12
openai/gpt-oss-20b,94,12
openai/gpt-oss-20b,94,12
openai/gpt-oss-20b,94,12
openai/gpt-oss-20b,94,12
openai/gpt-oss-20b,94,12
openai/gpt-oss-20b,94,12
openai/gpt-oss-20b,95,12
openai/gpt-oss-20b,95,12
openai/gpt-oss-20b,95,12
openai/gpt-oss-20b,95,12
openai/gpt-oss-20b,95,12
openai/gpt-oss-20b,95,12
openai/gpt-oss-20b,95,12
openai/gpt-oss-20b,95,12
openai/gpt-oss-20b,90,12
openai/gpt-oss-20b,90,12
openai/gpt-oss-20b,90,12
openai/gpt-oss-20b,90,12
openai/gpt-oss-20b,90,12
openai/gpt-oss-20b,90,12
openai/gpt-oss-20b,90,12
openai/gpt-oss-20b,90,12
openai/gpt-oss-20b,91,12
openai/gpt-oss-20b,91,12
openai/gpt-oss-20b,91,12
openai/gpt-oss-20b,91,12
openai/gpt-oss-20b,91,12
openai/gpt-oss-20b,91,12
openai/gpt-oss-20b,91,12
openai/gpt-oss-20b,91,12
openai/gpt-oss-20b,90,12
openai/gpt-oss-20b,90,12
openai/gpt-oss-20b,90,12
openai/gpt-oss-20b,90,12
openai/gpt-oss-20b,90,12
openai/gpt-oss-20b,90,12
openai/gpt-oss-20b,90,12
openai/gpt-oss-20b,90,12
openai/gpt-oss-20b,91,12
openai/gpt-oss-20b,91,12
openai/gpt-oss-20b,91,12
openai/gpt-oss-20b,91,12
openai/gpt-oss-20b,91,12
openai/gpt-oss-20b,91,12
openai/gpt-oss-20b,91,12
openai/gpt-oss-20b,91,12
openai/gpt-oss-20b,88,201
openai/gpt-oss-20b,77,256
openai/gpt-oss-20b,81,230
openai/gpt-oss-20b,81,206
openai/gpt-oss-20b,81,256
openai/gpt-oss-20b,81,256
openai/gpt-oss-20b,81,256
openai/gpt-oss-20b,81,256
openai/gpt-oss-20b,81,256
openai/gpt-oss-20b,81,256
openai/gpt-oss-20b,81,256
openai/gpt-oss-20b,81,256
openai/gpt-oss-20b,87,255
openai/gpt-oss-20b,87,243
openai/gpt-oss-20b,87,184
openai/gpt-oss-20b,83,256
openai/gpt-oss-20b,83,256
openai/gpt-oss-20b,83,256
openai/gpt-oss-20b,83,256
openai/gpt-oss-20b,83,256
openai/gpt-oss-20b,83,256
openai/gpt-oss-20b,89,256
openai/gpt-oss-20b,89,256
openai/gpt-oss-20b,89,256
openai/gpt-oss-20b,89,256
openai/gpt-oss-20b,89,256
openai/gpt-oss-20b,89,12
openai/gpt-oss-20b,89,12
openai/gpt-oss-20b,89,12
openai/gpt-oss-20b,89,12
openai/gpt-oss-20b,89,12
openai/gpt-oss-20b,89,12
openai/gpt-oss-20b,89,12
openai/gpt-oss-20b,89,12
openai/gpt-oss-20b,90,12
openai/gpt-oss-20b,90,12
openai/gpt-oss-20b,90,12
openai/gpt-oss-20b,90,12
openai/gpt-oss-20b,90,12
openai/gpt-oss-20b,90,12
openai/gpt-oss-20b,90,12
openai/gpt-oss-20b,90,12
openai/gpt-oss-20b,97,12
openai/gpt-oss-20b,97,12
openai/gpt-oss-20b,97,12
openai/gpt-oss-20b,97,12
openai/gpt-oss-20b,97,12
openai/gpt-oss-20b,97,12
openai/gpt-oss-20b,97,12
openai/gpt-oss-20b,97,12
openai/gpt-oss-20b,97,12
openai/gpt-oss-20b,97,12
openai/gpt-oss-20b,97,12
openai/gpt-oss-20b,97,12
openai/gpt-oss-20b,97,12
openai/gpt-oss-20b,97,12
openai/gpt-oss-20b,97,12
openai/gpt-oss-20b,97,12
openai/gpt-oss-20b,91,12
openai/gpt-oss-20b,91,12
openai/gpt-oss-20b,91,12
openai/gpt-oss-20b,91,12
openai/gpt-oss-20b,91,12
openai/gpt-oss-20b,91,12
openai/gpt-oss-20b,91,12
openai/gpt-oss-20b,91,12
openai/gpt-oss-20b,92,12
openai/gpt-oss-20b,92,12
openai/gpt-oss-20b,92,12
openai/gpt-oss-20b,92,12
openai/gpt-oss-20b,92,12
openai/gpt-oss-20b,92,12
openai/gpt-oss-20b,92,12
openai/gpt-oss-20b,92,12
openai/gpt-oss-20b,88,12
openai/gpt-oss-20b,88,12
openai/gpt-oss-20b,88,12
openai/gpt-oss-20b,88,12
openai/gpt-oss-20b,88,12
openai/gpt-oss-20b,88,12
openai/gpt-oss-20b,88,12
openai/gpt-oss-20b,88,12
openai/gpt-oss-20b,88,12
openai/gpt-oss-20b,88,12
openai/gpt-oss-20b,88,12
openai/gpt-oss-20b,88,12
openai/gpt-oss-20b,88,12
openai/gpt-oss-20b,88,12
openai/gpt-oss-20b,88,12
openai/gpt-oss-20b,88,12
openai/gpt-oss-20b,92,256
openai/gpt-oss-20b,92,235
openai/gpt-oss-20b,92,233
openai/gpt-oss-20b,92,256
openai/gpt-oss-20b,93,242
openai/gpt-oss-20b,82,256
openai/gpt-oss-20b,82,256
openai/gpt-oss-20b,82,256
openai/gpt-oss-20b,82,256
openai/gpt-oss-20b,82,256
openai/gpt-oss-20b,83,256
openai/gpt-oss-20b,83,256
openai/gpt-oss-20b,83,235
openai/gpt-oss-20b,83,216
openai/gpt-oss-20b,83,256
openai/gpt-oss-20b,83,256
openai/gpt-oss-20b,83,256
openai/gpt-oss-20b,83,256
openai/gpt-oss-20b,83,256
openai/gpt-oss-20b,83,256
openai/gpt-oss-20b,83,256
openai/gpt-oss-20b,83,256
openai/gpt-oss-20b,90,202
openai/gpt-oss-20b,90,224
openai/gpt-oss-20b,92,256
openai/gpt-oss-20b,92,256
openai/gpt-oss-20b,92,256
openai/gpt-oss-20b,92,256
openai/gpt-oss-20b,92,256
openai/gpt-oss-20b,92,256
openai/gpt-oss-20b,92,256
openai/gpt-oss-20b,92,256
openai/gpt-oss-20b,92,256
openai/gpt-oss-20b,89,256
openai/gpt-oss-20b,89,256
openai/gpt-oss-20b,89,256
openai/gpt-oss-20b,89,256
openai/gpt-oss-20b,89,256
openai/gpt-oss-20b,89,256
openai/gpt-oss-20b,89,256
openai/gpt-oss-20b,96,12
openai/gpt-oss-20b,96,12
openai/gpt-oss-20b,96,12
openai/gpt-oss-20b,96,12
openai/gpt-oss-20b,96,12
openai/gpt-oss-20b,96,12
openai/gpt-oss-20b,96,12
openai/gpt-oss-20b,96,12
openai/gpt-oss-20b,97,12
openai/gpt-oss-20b,97,12
openai/gpt-oss-20b,97,12
openai/gpt-oss-20b,97,12
openai/gpt-oss-20b,97,12
openai/gpt-oss-20b,97,12
openai/gpt-oss-20b,97,12
openai/gpt-oss-20b,97,12
openai/gpt-oss-20b,95,12
openai/gpt-oss-20b,95,12
openai/gpt-oss-20b,95,12
openai/gpt-oss-20b,95,12
openai/gpt-oss-20b,95,12
openai/gpt-oss-20b,95,12
openai/gpt-oss-20b,95,12
openai/gpt-oss-20b,95,12
openai/gpt-oss-20b,96,12
openai/gpt-oss-20b,96,12
openai/gpt-oss-20b,96,12
openai/gpt-oss-20b,96,12
openai/gpt-oss-20b,96,12
openai/gpt-oss-20b,96,12
openai/gpt-oss-20b,96,12
openai/gpt-oss-20b,96,12
openai/gpt-oss-20b,91,12
openai/gpt-oss-20b,91,12
openai/gpt-oss-20b,91,12
openai/gpt-oss-20b,91,12
openai/gpt-oss-20b,91,12
openai/gpt-oss-20b,91,12
openai/gpt-oss-20b,91,12
openai/gpt-oss-20b,91,12
openai/gpt-oss-20b,92,12
openai/gpt-oss-20b,92,12
openai/gpt-oss-20b,92,12
openai/gpt-oss-20b,92,12
openai/gpt-oss-20b,92,12
openai/gpt-oss-20b,92,12
openai/gpt-oss-20b,92,12
openai/gpt-oss-20b,92,12
openai/gpt-oss-20b,91,12
openai/gpt-oss-20b,91,12
openai/gpt-oss-20b,91,12
openai/gpt-oss-20b,91,12
openai/gpt-oss-20b,91,12
openai/gpt-oss-20b,91,12
openai/gpt-oss-20b,91,12
openai/gpt-oss-20b,91,12
openai/gpt-oss-20b,92,12
openai/gpt-oss-20b,92,12
openai/gpt-oss-20b,92,12
openai/gpt-oss-20b,92,12
openai/gpt-oss-20b,92,12
openai/gpt-oss-20b,92,12
openai/gpt-oss-20b,92,12
openai/gpt-oss-20b,92,12
openai/gpt-oss-20b,88,256
openai/gpt-oss-20b,88,256
openai/gpt-oss-20b,88,256
openai/gpt-oss-20b,88,256
openai/gpt-oss-20b,87,123
openai/gpt-oss-20b,77,256
openai/gpt-oss-20b,81,152
openai/gpt-oss-20b,81,256
openai/gpt-oss-20b,81,256
openai/gpt-oss-20b,81,256
openai/gpt-oss-20b,81,256
openai/gpt-oss-20b,81,256
openai/gpt-oss-20b,81,256
openai/gpt-oss-20b,81,256
openai/gpt-oss-20b,83,256
openai/gpt-oss-20b,83,256
openai/gpt-oss-20b,83,256
openai/gpt-oss-20b,83,256
openai/gpt-oss-20b,83,256
openai/gpt-oss-20b,89,256
openai/gpt-oss-20b,89,256
openai/gpt-oss-20b,89,256
openai/gpt-oss-20b,89,256
openai/gpt-oss-20b,89,256
openai/gpt-oss-20b,89,256
openai/gpt-oss-20b,90,12
openai/gpt-oss-20b,90,12
openai/gpt-oss-20b,90,12
openai/gpt-oss-20b,90,12
openai/gpt-oss-20b,90,12
openai/gpt-oss-20b,90,12
openai/gpt-oss-20b,90,12
openai/gpt-oss-20b,90,12
openai/gpt-oss-20b,91,12
openai/gpt-oss-20b,91,12
openai/gpt-oss-20b,91,12
openai/gpt-oss-20b,91,12
openai/gpt-oss-20b,91,12
openai/gpt-oss-20b,91,12
openai/gpt-oss-20b,91,12
openai/gpt-oss-20b,91,12
openai/gpt-oss-20b,98,12
openai/gpt-oss-20b,98,12
openai/gpt-oss-20b,98,12
openai/gpt-oss-20b,98,12
openai/gpt-oss-20b,98,12
openai/gpt-oss-20b,98,12
openai/gpt-oss-20b,98,12
openai/gpt-oss-20b,98,12
openai/gpt-oss-20b,98,12
openai/gpt-oss-20b,98,12
openai/gpt-oss-20b,98,12
openai/gpt-oss-20b,98,12
openai/gpt-oss-20b,98,12
openai/gpt-oss-20b,98,12
openai/gpt-oss-20b,98,12
openai/gpt-oss-20b,98,12
openai/gpt-oss-20b,92,12
openai/gpt-oss-20b,92,12
openai/gpt-oss-20b,92,12
openai/gpt-oss-20b,92,12
openai/gpt-oss-20b,92,12
openai/gpt-oss-20b,92,12
openai/gpt-oss-20b,92,12
openai/gpt-oss-20b,92,12
openai/gpt-oss-20b,93,12
openai/gpt-oss-20b,93,12
openai/gpt-oss-20b,93,12
openai/gpt-oss-20b,93,12
openai/gpt-oss-20b,93,12
openai/gpt-oss-20b,93,12
openai/gpt-oss-20b,93,12
openai/gpt-oss-20b,93,12
openai/gpt-oss-20b,89,12
openai/gpt-oss-20b,89,12
openai/gpt-oss-20b,89,12
openai/gpt-oss-20b,89,12
openai/gpt-oss-20b,89,12
openai/gpt-oss-20b,89,12
openai/gpt-oss-20b,89,12
openai/gpt-oss-20b,89,12
openai/gpt-oss-20b,89,12
openai/gpt-oss-20b,89,12
openai/gpt-oss-20b,89,12
openai/gpt-oss-20b,89,12
openai/gpt-oss-20b,89,12
openai/gpt-oss-20b,89,12
openai/gpt-oss-20b,89,12
openai/gpt-oss-20b,89,12
openai/gpt-oss-20b,93,256
openai/gpt-oss-20b,93,256
openai/gpt-oss-20b,93,256
openai/gpt-oss-20b,94,256
openai/gpt-oss-20b,94,256
openai/gpt-oss-20b,83,256
openai/gpt-oss-20b,84,256
openai/gpt-oss-20b,84,256
openai/gpt-oss-20b,84,223
openai/gpt-oss-20b,84,256
openai/gpt-oss-20b,84,170
openai/gpt-oss-20b,84,256
openai/gpt-oss-20b,84,256
openai/gpt-oss-20b,84,256
openai/gpt-oss-20b,84,256
openai/gpt-oss-20b,84,256
openai/gpt-oss-20b,84,256
openai/gpt-oss-20b,91,222
openai/gpt-oss-20b,93,256
openai/gpt-oss-20b,93,256
openai/gpt-oss-20b,93,256
openai/gpt-oss-20b,93,256
openai/gpt-oss-20b,93,256
openai/gpt-oss-20b,93,256
openai/gpt-oss-20b,93,256
openai/gpt-oss-20b,90,256
openai/gpt-oss-20b,90,256
openai/gpt-oss-20b,90,256
openai/gpt-oss-20b,90,256
openai/gpt-oss-20b,90,256
openai/gpt-oss-20b,90,256
nvidia/llama-3.3-nemotron-super-49b-v1.5,43,12
nvidia/llama-3.3-nemotron-super-49b-v1.5,43,12
nvidia/llama-3.3-nemotron-super-49b-v1.5,43,12
nvidia/llama-3.3-nemotron-super-49b-v1.5,43,12
nvidia/llama-3.3-nemotron-super-49b-v1.5,43,12
nvidia/llama-3.3-nemotron-super-49b-v1.5,44,12
nvidia/llama-3.3-nemotron-super-49b-v1.5,44,12
nvidia/llama-3.3-nemotron-super-49b-v1.5,44,12
nvidia/llama-3.3-nemotron-super-49b-v1.5,44,12
nvidia/llama-3.3-nemotron-super-49b-v1.5,44,12
nvidia/llama-3.3-nemotron-super-49b-v1.5,42,12
nvidia/llama-3.3-nemotron-super-49b-v1.5,42,12
nvidia/llama-3.3-nemotron-super-49b-v1.5,42,12
nvidia/llama-3.3-nemotron-super-49b-v1.5,42,12
nvidia/llama-3.3-nemotron-super-49b-v1.5,42,12
nvidia/llama-3.3-nemotron-super-49b-v1.5,43,12
nvidia/llama-3.3-nemotron-super-49b-v1.5,43,12
nvidia/llama-3.3-nemotron-super-49b-v1.5,43,12
nvidia/llama-3.3-nemotron-super-49b-v1.5,43,12
nvidia/llama-3.3-nemotron-super-49b-v1.5,43,12
nvidia/llama-3.3-nemotron-super-49b-v1.5,38,12
nvidia/llama-3.3-nemotron-super-49b-v1.5,38,12
nvidia/llama-3.3-nemotron-super-49b-v1.5,38,12
nvidia/llama-3.3-nemotron-super-49b-v1.5,38,12
nvidia/llama-3.3-nemotron-super-49b-v1.5,38,12
nvidia/llama-3.3-nemotron-super-49b-v1.5,39,12
nvidia/llama-3.3-nemotron-super-49b-v1.5,39,12
nvidia/llama-3.3-nemotron-super-49b-v1.5,39,12
nvidia/llama-3.3-nemotron-super-49b-v1.5,39,12
nvidia/llama-3.3-nemotron-super-49b-v1.5,39,12
nvidia/llama-3.3-nemotron-super-49b-v1.5,38,12
nvidia/llama-3.3-nemotron-super-49b-v1.5,38,12
nvidia/llama-3.3-nemotron-super-49b-v1.5,38,12
nvidia/llama-3.3-nemotron-super-49b-v1.5,38,12
nvidia/llama-3.3-nemotron-super-49b-v1.5,38,12
nvidia/llama-3.3-nemotron-super-49b-v1.5,39,12
nvidia/llama-3.3-nemotron-super-49b-v1.5,39,12
nvidia/llama-3.3-nemotron-super-49b-v1.5,39,12
nvidia/llama-3.3-nemotron-super-49b-v1.5,39,12
nvidia/llama-3.3-nemotron-super-49b-v1.5,39,12
nvidia/llama-3.3-nemotron-super-49b-v1.5,37,256
nvidia/llama-3.3-nemotron-super-49b-v1.5,37,256
nvidia/llama-3.3-nemotron-super-49b-v1.5,37,256
nvidia/llama-3.3-nemotron-super-49b-v1.5,37,256
nvidia/llama-3.3-nemotron-super-49b-v1.5,37,256
nvidia/llama-3.3-nemotron-super-49b-v1.5,37,256
nvidia/llama-3.3-nemotron-super-49b-v1.5,37,256
nvidia/llama-3.3-nemotron-super-49b-v1.5,37,256
nvidia/llama-3.3-nemotron-super-49b-v1.5,37,256
nvidia/llama-3.3-nemotron-super-49b-v1.5,37,256
nvidia/llama-3.3-nemotron-super-49b-v1.5,36,256
nvidia/llama-3.3-nemotron-super-49b-v1.5,36,256
nvidia/llama-3.3-nemotron-super-49b-v1.5,36,256
nvidia/llama-3.3-nemotron-super-49b-v1.5,36,256
nvidia/llama-3.3-nemotron-super-49b-v1.5,36,256
nvidia/llama-3.3-nemotron-super-49b-v1.5,26,256
nvidia/llama-3.3-nemotron-super-49b-v1.5,26,256
nvidia/llama-3.3-nemotron-super-49b-v1.5,26,256
nvidia/llama-3.3-nemotron-super-49b-v1.5,26,256
nvidia/llama-3.3-nemotron-super-49b-v1.5,26,256
nvidia/llama-3.3-nemotron-super-49b-v1.5,30,256
nvidia/llama-3.3-nemotron-super-49b-v1.5,30,256
nvidia/llama-3.3-nemotron-super-49b-v1.5,30,256
nvidia/llama-3.3-nemotron-super-49b-v1.5,30,256
nvidia/llama-3.3-nemotron-super-49b-v1.5,30,256
nvidia/llama-3.3-nemotron-super-49b-v1.5,30,256
nvidia/llama-3.3-nemotron-super-49b-v1.5,30,256
nvidia/llama-3.3-nemotron-super-49b-v1.5,36,256
nvidia/llama-3.3-nemotron-super-49b-v1.5,36,256
nvidia/llama-3.3-nemotron-super-49b-v1.5,36,256
nvidia/llama-3.3-nemotron-super-49b-v1.5,32,256
nvidia/llama-3.3-nemotron-super-49b-v1.5,32,256
nvidia/llama-3.3-nemotron-super-49b-v1.5,32,256
nvidia/llama-3.3-nemotron-super-49b-v1.5,32,256
nvidia/llama-3.3-nemotron-super-49b-v1.5,32,256
nvidia/llama-3.3-nemotron-super-49b-v1.5,39,256
nvidia/llama-3.3-nemotron-super-49b-v1.5,39,256
nvidia/llama-3.3-nemotron-super-49b-v1.5,39,256
nvidia/llama-3.3-nemotron-super-49b-v1.5,39,256
nvidia/llama-3.3-nemotron-super-49b-v1.5,39,256
nvidia/llama-3.3-nemotron-super-49b-v1.5,38,256
nvidia/llama-3.3-nemotron-super-49b-v1.5,38,256
nvidia/llama-3.3-nemotron-super-49b-v1.5,38,256
nvidia/llama-3.3-nemotron-super-49b-v1.5,38,256
nvidia/llama-3.3-nemotron-super-49b-v1.5,38,256
nvidia/llama-3.3-nemotron-super-49b-v1.5,39,12
nvidia/llama-3.3-nemotron-super-49b-v1.5,39,12
nvidia/llama-3.3-nemotron-super-49b-v1.5,39,12
nvidia/llama-3.3-nemotron-super-49b-v1.5,39,12
nvidia/llama-3.3-nemotron-super-49b-v1.5,39,12
nvidia/llama-3.3-nemotron-super-49b-v1.5,40,12
nvidia/llama-3.3-nemotron-super-49b-v1.5,40,12
nvidia/llama-3.3-nemotron-super-49b-v1.5,40,12
nvidia/llama-3.3-nemotron-super-49b-v1.5,40,12
nvidia/llama-3.3-nemotron-super-49b-v1.5,40,12
nvidia/llama-3.3-nemotron-super-49b-v1.5,46,12
nvidia/llama-3.3-nemotron-super-49b-v1.5,46,12
nvidia/llama-3.3-nemotron-super-49b-v1.5,46,12
nvidia/llama-3.3-nemotron-super-49b-v1.5,46,12
nvidia/llama-3.3-nemotron-super-49b-v1.5,46,12
nvidia/llama-3.3-nemotron-super-49b-v1.5,47,12
nvidia/llama-3.3-nemotron-super-49b-v1.5,47,12
nvidia/llama-3.3-nemotron-super-49b-v1.5,47,12
nvidia/llama-3.3-nemotron-super-49b-v1.5,47,12
nvidia/llama-3.3-nemotron-super-49b-v1.5,47,12
nvidia/llama-3.3-nemotron-super-49b-v1.5,42,12
nvidia/llama-3.3-nemotron-super-49b-v1.5,42,12
nvidia/llama-3.3-nemotron-super-49b-v1.5,42,12
nvidia/llama-3.3-nemotron-super-49b-v1.5,42,12
nvidia/llama-3.3-nemotron-super-49b-v1.5,42,12
nvidia/llama-3.3-nemotron-super-49b-v1.5,43,12
nvidia/llama-3.3-nemotron-super-49b-v1.5,43,12
nvidia/llama-3.3-nemotron-super-49b-v1.5,43,12
nvidia/llama-3.3-nemotron-super-49b-v1.5,43,12
nvidia/llama-3.3-nemotron-super-49b-v1.5,43,12
nvidia/llama-3.3-nemotron-super-49b-v1.5,39,12
nvidia/llama-3.3-nemotron-super-49b-v1.5,39,12
nvidia/llama-3.3-nemotron-super-49b-v1.5,39,12
nvidia/llama-3.3-nemotron-super-49b-v1.5,39,12
nvidia/llama-3.3-nemotron-super-49b-v1.5,39,12
nvidia/llama-3.3-nemotron-super-49b-v1.5,40,12
nvidia/llama-3.3-nemotron-super-49b-v1.5,40,12
nvidia/llama-3.3-nemotron-super-49b-v1.5,40,12
nvidia/llama-3.3-nemotron-super-49b-v1.5,40,12
nvidia/llama-3.3-nemotron-super-49b-v1.5,40,12
nvidia/llama-3.3-nemotron-super-49b-v1.5,39,256
nvidia/llama-3.3-nemotron-super-49b-v1.5,39,256
nvidia/llama-3.3-nemotron-super-49b-v1.5,39,256
nvidia/llama-3.3-nemotron-super-49b-v1.5,39,256
nvidia/llama-3.3-nemotron-super-49b-v1.5,39,256
nvidia/llama-3.3-nemotron-super-49b-v1.5,42,256
nvidia/llama-3.3-nemotron-super-49b-v1.5,42,256
nvidia/llama-3.3-nemotron-super-49b-v1.5,42,256
nvidia/llama-3.3-nemotron-super-49b-v1.5,42,256
nvidia/llama-3.3-nemotron-super-49b-v1.5,42,256
nvidia/llama-3.3-nemotron-super-49b-v1.5,44,256
nvidia/llama-3.3-nemotron-super-49b-v1.5,44,256
nvidia/llama-3.3-nemotron-super-49b-v1.5,44,256
nvidia/llama-3.3-nemotron-super-49b-v1.5,44,256
nvidia/llama-3.3-nemotron-super-49b-v1.5,44,256
nvidia/llama-3.3-nemotron-super-49b-v1.5,31,256
nvidia/llama-3.3-nemotron-super-49b-v1.5,31,256
nvidia/llama-3.3-nemotron-super-49b-v1.5,31,256
nvidia/llama-3.3-nemotron-super-49b-v1.5,31,256
nvidia/llama-3.3-nemotron-super-49b-v1.5,31,256
nvidia/llama-3.3-nemotron-super-49b-v1.5,32,256
nvidia/llama-3.3-nemotron-super-49b-v1.5,32,256
nvidia/llama-3.3-nemotron-super-49b-v1.5,32,256
nvidia/llama-3.3-nemotron-super-49b-v1.5,32,256
nvidia/llama-3.3-nemotron-super-49b-v1.5,32,256
nvidia/llama-3.3-nemotron-super-49b-v1.5,32,256
nvidia/llama-3.3-nemotron-super-49b-v1.5,32,256
nvidia/llama-3.3-nemotron-super-49b-v1.5,32,256
nvidia/llama-3.3-nemotron-super-49b-v1.5,32,256
nvidia/llama-3.3-nemotron-super-49b-v1.5,32,256
nvidia/llama-3.3-nemotron-super-49b-v1.5,39,256
nvidia/llama-3.3-nemotron-super-49b-v1.5,39,256
nvidia/llama-3.3-nemotron-super-49b-v1.5,39,256
nvidia/llama-3.3-nemotron-super-49b-v1.5,39,256
nvidia/llama-3.3-nemotron-super-49b-v1.5,39,256
nvidia/llama-3.3-nemotron-super-49b-v1.5,42,256
nvidia/llama-3.3-nemotron-super-49b-v1.5,42,256
nvidia/llama-3.3-nemotron-super-49b-v1.5,42,256
nvidia/llama-3.3-nemotron-super-49b-v1.5,42,256
nvidia/llama-3.3-nemotron-super-49b-v1.5,42,256
nvidia/llama-3.3-nemotron-super-49b-v1.5,41,256
nvidia/llama-3.3-nemotron-super-49b-v1.5,41,256
nvidia/llama-3.3-nemotron-super-49b-v1.5,41,256
nvidia/llama-3.3-nemotron-super-49b-v1.5,41,256
nvidia/llama-3.3-nemotron-super-49b-v1.5,41,256
nvidia/llama-3.3-nemotron-super-49b-v1.5,39,256
nvidia/llama-3.3-nemotron-super-49b-v1.5,39,256
nvidia/llama-3.3-nemotron-super-49b-v1.5,39,256
nvidia/llama-3.3-nemotron-super-49b-v1.5,39,256
nvidia/llama-3.3-nemotron-super-49b-v1.5,39,256
nvidia/llama-3.3-nemotron-super-49b-v1.5,44,12
nvidia/llama-3.3-nemotron-super-49b-v1.5,44,12
nvidia/llama-3.3-nemotron-super-49b-v1.5,44,12
nvidia/llama-3.3-nemotron-super-49b-v1.5,44,12
nvidia/llama-3.3-nemotron-super-49b-v1.5,44,12
nvidia/llama-3.3-nemotron-super-49b-v1.5,45,12
nvidia/llama-3.3-nemotron-super-49b-v1.5,45,12
nvidia/llama-3.3-nemotron-super-49b-v1.5,45,12
nvidia/llama-3.3-nemotron-super-49b-v1.5,45,12
nvidia/llama-3.3-nemotron-super-49b-v1.5,45,12
nvidia/llama-3.3-nemotron-super-49b-v1.5,43,12
nvidia/llama-3.3-nemotron-super-49b-v1.5,43,12
nvidia/llama-3.3-nemotron-super-49b-v1.5,43,12
nvidia/llama-3.3-nemotron-super-49b-v1.5,43,12
nvidia/llama-3.3-nemotron-super-49b-v1.5,43,12
nvidia/llama-3.3-nemotron-super-49b-v1.5,44,12
nvidia/llama-3.3-nemotron-super-49b-v1.5,44,12
nvidia/llama-3.3-nemotron-super-49b-v1.5,44,12
nvidia/llama-3.3-nemotron-super-49b-v1.5,44,12
nvidia/llama-3.3-nemotron-super-49b-v1.5,44,12
nvidia/llama-3.3-nemotron-super-49b-v1.5,39,12
nvidia/llama-3.3-nemotron-super-49b-v1.5,39,12
nvidia/llama-3.3-nemotron-super-49b-v1.5,39,12
nvidia/llama-3.3-nemotron-super-49b-v1.5,39,12
nvidia/llama-3.3-nemotron-super-49b-v1.5,39,12
nvidia/llama-3.3-nemotron-super-49b-v1.5,40,12
nvidia/llama-3.3-nemotron-super-49b-v1.5,40,12
nvidia/llama-3.3-nemotron-super-49b-v1.5,40,12
nvidia/llama-3.3-nemotron-super-49b-v1.5,40,8
nvidia/llama-3.3-nemotron-super-49b-v1.5,39,12
nvidia/llama-3.3-nemotron-super-49b-v1.5,39,12
nvidia/llama-3.3-nemotron-super-49b-v1.5,39,12
nvidia/llama-3.3-nemotron-super-49b-v1.5,39,12
nvidia/llama-3.3-nemotron-super-49b-v1.5,39,12
nvidia/llama-3.3-nemotron-super-49b-v1.5,40,12
nvidia/llama-3.3-nemotron-super-49b-v1.5,40,12
nvidia/llama-3.3-nemotron-super-49b-v1.5,40,12
nvidia/llama-3.3-nemotron-super-49b-v1.5,40,12
nvidia/llama-3.3-nemotron-super-49b-v1.5,40,12
nvidia/llama-3.3-nemotron-super-49b-v1.5,38,256
nvidia/llama-3.3-nemotron-super-49b-v1.5,38,256
nvidia/llama-3.3-nemotron-super-49b-v1.5,38,256
nvidia/llama-3.3-nemotron-super-49b-v1.5,38,256
nvidia/llama-3.3-nemotron-super-49b-v1.5,38,256
nvidia/llama-3.3-nemotron-super-49b-v1.5,38,256
nvidia/llama-3.3-nemotron-super-49b-v1.5,38,256
nvidia/llama-3.3-nemotron-super-49b-v1.5,38,256
nvidia/llama-3.3-nemotron-super-49b-v1.5,38,256
nvidia/llama-3.3-nemotron-super-49b-v1.5,38,256
nvidia/llama-3.3-nemotron-super-49b-v1.5,37,256
nvidia/llama-3.3-nemotron-super-49b-v1.5,37,256
nvidia/llama-3.3-nemotron-super-49b-v1.5,37,256
nvidia/llama-3.3-nemotron-super-49b-v1.5,37,256
nvidia/llama-3.3-nemotron-super-49b-v1.5,37,256
nvidia/llama-3.3-nemotron-super-49b-v1.5,27,256
nvidia/llama-3.3-nemotron-super-49b-v1.5,27,256
nvidia/llama-3.3-nemotron-super-49b-v1.5,27,256
nvidia/llama-3.3-nemotron-super-49b-v1.5,27,256
nvidia/llama-3.3-nemotron-super-49b-v1.5,27,256
nvidia/llama-3.3-nemotron-super-49b-v1.5,31,256
nvidia/llama-3.3-nemotron-super-49b-v1.5,31,256
nvidia/llama-3.3-nemotron-super-49b-v1.5,31,256
nvidia/llama-3.3-nemotron-super-49b-v1.5,31,256
nvidia/llama-3.3-nemotron-super-49b-v1.5,31,256
nvidia/llama-3.3-nemotron-super-49b-v1.5,31,256
nvidia/llama-3.3-nemotron-super-49b-v1.5,31,256
nvidia/llama-3.3-nemotron-super-49b-v1.5,31,256
nvidia/llama-3.3-nemotron-super-49b-v1.5,31,256
nvidia/llama-3.3-nemotron-super-49b-v1.5,37,256
nvidia/llama-3.3-nemotron-super-49b-v1.5,37,256
nvidia/llama-3.3-nemotron-super-49b-v1.5,37,256
nvidia/llama-3.3-nemotron-super-49b-v1.5,33,256
nvidia/llama-3.3-nemotron-super-49b-v1.5,33,256
nvidia/llama-3.3-nemotron-super-49b-v1.5,33,256
nvidia/llama-3.3-nemotron-super-49b-v1.5,33,256
nvidia/llama-3.3-nemotron-super-49b-v1.5,33,256
nvidia/llama-3.3-nemotron-super-49b-v1.5,40,256
nvidia/llama-3.3-nemotron-super-49b-v1.5,40,256
nvidia/llama-3.3-nemotron-super-49b-v1.5,40,256
nvidia/llama-3.3-nemotron-super-49b-v1.5,40,256
nvidia/llama-3.3-nemotron-super-49b-v1.5,40,256
nvidia/llama-3.3-nemotron-super-49b-v1.5,39,256
nvidia/llama-3.3-nemotron-super-49b-v1.5,39,256
nvidia/llama-3.3-nemotron-super-49b-v1.5,39,256
nvidia/llama-3.3-nemotron-super-49b-v1.5,39,256
nvidia/llama-3.3-nemotron-super-49b-v1.5,39,256
nvidia/llama-3.3-nemotron-super-49b-v1.5,38,12
nvidia/llama-3.3-nemotron-super-49b-v1.5,38,12
nvidia/llama-3.3-nemotron-super-49b-v1.5,38,12
nvidia/llama-3.3-nemotron-super-49b-v1.5,38,12
nvidia/llama-3.3-nemotron-super-49b-v1.5,38,12
nvidia/llama-3.3-nemotron-super-49b-v1.5,39,12
nvidia/llama-3.3-nemotron-super-49b-v1.5,39,12
nvidia/llama-3.3-nemotron-super-49b-v1.5,39,12
nvidia/llama-3.3-nemotron-super-49b-v1.5,39,12
nvidia/llama-3.3-nemotron-super-49b-v1.5,39,12
nvidia/llama-3.3-nemotron-super-49b-v1.5,45,12
nvidia/llama-3.3-nemotron-super-49b-v1.5,45,12
nvidia/llama-3.3-nemotron-super-49b-v1.5,45,12
nvidia/llama-3.3-nemotron-super-49b-v1.5,45,12
nvidia/llama-3.3-nemotron-super-49b-v1.5,45,12
nvidia/llama-3.3-nemotron-super-49b-v1.5,46,12
nvidia/llama-3.3-nemotron-super-49b-v1.5,46,12
nvidia/llama-3.3-nemotron-super-49b-v1.5,46,12
nvidia/llama-3.3-nemotron-super-49b-v1.5,46,12
nvidia/llama-3.3-nemotron-super-49b-v1.5,46,12
nvidia/llama-3.3-nemotron-super-49b-v1.5,41,12
nvidia/llama-3.3-nemotron-super-49b-v1.5,41,12
nvidia/llama-3.3-nemotron-super-49b-v1.5,41,12
nvidia/llama-3.3-nemotron-super-49b-v1.5,41,12
nvidia/llama-3.3-nemotron-super-49b-v1.5,41,12
nvidia/llama-3.3-nemotron-super-49b-v1.5,42,12
nvidia/llama-3.3-nemotron-super-49b-v1.5,42,12
nvidia/llama-3.3-nemotron-super-49b-v1.5,42,12
nvidia/llama-3.3-nemotron-super-49b-v1.5,42,12
nvidia/llama-3.3-nemotron-super-49b-v1.5,42,12
nvidia/llama-3.3-nemotron-super-49b-v1.5,38,12
nvidia/llama-3.3-nemotron-super-49b-v1.5,38,12
nvidia/llama-3.3-nemotron-super-49b-v1.5,38,12
nvidia/llama-3.3-nemotron-super-49b-v1.5,38,12
nvidia/llama-3.3-nemotron-super-49b-v1.5,38,12
nvidia/llama-3.3-nemotron-super-49b-v1.5,39,12
nvidia/llama-3.3-nemotron-super-49b-v1.5,39,12
nvidia/llama-3.3-nemotron-super-49b-v1.5,39,12
nvidia/llama-3.3-nemotron-super-49b-v1.5,39,12
nvidia/llama-3.3-nemotron-super-49b-v1.5,39,12
nvidia/llama-3.3-nemotron-super-49b-v1.5,40,256
nvidia/llama-3.3-nemotron-super-49b-v1.5,40,256
nvidia/llama-3.3-nemotron-super-49b-v1.5,40,256
nvidia/llama-3.3-nemotron-super-49b-v1.5,40,256
nvidia/llama-3.3-nemotron-super-49b-v1.5,40,256
nvidia/llama-3.3-nemotron-super-49b-v1.5,43,256
nvidia/llama-3.3-nemotron-super-49b-v1.5,43,256
nvidia/llama-3.3-nemotron-super-49b-v1.5,43,256
nvidia/llama-3.3-nemotron-super-49b-v1.5,43,256
nvidia/llama-3.3-nemotron-super-49b-v1.5,43,256
nvidia/llama-3.3-nemotron-super-49b-v1.5,45,256
nvidia/llama-3.3-nemotron-super-49b-v1.5,45,256
nvidia/llama-3.3-nemotron-super-49b-v1.5,45,256
nvidia/llama-3.3-nemotron-super-49b-v1.5,45,256
nvidia/llama-3.3-nemotron-super-49b-v1.5,45,256
nvidia/llama-3.3-nemotron-super-49b-v1.5,32,256
nvidia/llama-3.3-nemotron-super-49b-v1.5,32,256
nvidia/llama-3.3-nemotron-super-49b-v1.5,32,256
nvidia/llama-3.3-nemotron-super-49b-v1.5,32,256
nvidia/llama-3.3-nemotron-super-49b-v1.5,32,256
nvidia/llama-3.3-nemotron-super-49b-v1.5,33,256
nvidia/llama-3.3-nemotron-super-49b-v1.5,33,256
nvidia/llama-3.3-nemotron-super-49b-v1.5,33,256
nvidia/llama-3.3-nemotron-super-49b-v1.5,33,256
nvidia/llama-3.3-nemotron-super-49b-v1.5,33,256
nvidia/llama-3.3-nemotron-super-49b-v1.5,33,256
nvidia/llama-3.3-nemotron-super-49b-v1.5,33,256
nvidia/llama-3.3-nemotron-super-49b-v1.5,33,256
nvidia/llama-3.3-nemotron-super-49b-v1.5,33,256
nvidia/llama-3.3-nemotron-super-49b-v1.5,33,256
nvidia/llama-3.3-nemotron-super-49b-v1.5,40,256
nvidia/llama-3.3-nemotron-super-49b-v1.5,40,256
nvidia/llama-3.3-nemotron-super-49b-v1.5,40,177
nvidia/llama-3.3-nemotron-super-49b-v1.5,40,256
nvidia/llama-3.3-nemotron-super-49b-v1.5,43,256
nvidia/llama-3.3-nemotron-super-49b-v1.5,43,256
nvidia/llama-3.3-nemotron-super-49b-v1.5,43,256
nvidia/llama-3.3-nemotron-super-49b-v1.5,43,256
nvidia/llama-3.3-nemotron-super-49b-v1.5,43,256
nvidia/llama-3.3-nemotron-super-49b-v1.5,42,256
nvidia/llama-3.3-nemotron-super-49b-v1.5,42,256
nvidia/llama-3.3-nemotron-super-49b-v1.5,42,256
nvidia/llama-3.3-nemotron-super-49b-v1.5,42,256
nvidia/llama-3.3-nemotron-super-49b-v1.5,42,256
nvidia/llama-3.3-nemotron-super-49b-v1.5,40,256
nvidia/llama-3.3-nemotron-super-49b-v1.5,40,256
nvidia/llama-3.3-nemotron-super-49b-v1.5,40,256
nvidia/llama-3.3-nemotron-super-49b-v1.5,40,256
nvidia/llama-3.3-nemotron-super-49b-v1.5,40,256
nvidia/llama-3.3-nemotron-super-49b-v1.5,43,12
nvidia/llama-3.3-nemotron-super-49b-v1.5,43,12
nvidia/llama-3.3-nemotron-super-49b-v1.5,43,12
nvidia/llama-3.3-nemotron-super-49b-v1.5,43,12
nvidia/llama-3.3-nemotron-super-49b-v1.5,43,12
nvidia/llama-3.3-nemotron-super-49b-v1.5,44,12
nvidia/llama-3.3-nemotron-super-49b-v1.5,44,12
nvidia/llama-3.3-nemotron-super-49b-v1.5,44,12
nvidia/llama-3.3-nemotron-super-49b-v1.5,44,12
nvidia/llama-3.3-nemotron-super-49b-v1.5,44,12
nvidia/llama-3.3-nemotron-super-49b-v1.5,42,12
nvidia/llama-3.3-nemotron-super-49b-v1.5,42,12
nvidia/llama-3.3-nemotron-super-49b-v1.5,42,12
nvidia/llama-3.3-nemotron-super-49b-v1.5,42,12
nvidia/llama-3.3-nemotron-super-49b-v1.5,42,12
nvidia/llama-3.3-nemotron-super-49b-v1.5,43,12
nvidia/llama-3.3-nemotron-super-49b-v1.5,43,12
nvidia/llama-3.3-nemotron-super-49b-v1.5,43,12
nvidia/llama-3.3-nemotron-super-49b-v1.5,43,12
nvidia/llama-3.3-nemotron-super-49b-v1.5,43,12
nvidia/llama-3.3-nemotron-super-49b-v1.5,38,12
nvidia/llama-3.3-nemotron-super-49b-v1.5,38,12
nvidia/llama-3.3-nemotron-super-49b-v1.5,38,12
nvidia/llama-3.3-nemotron-super-49b-v1.5,38,12
nvidia/llama-3.3-nemotron-super-49b-v1.5,38,12
nvidia/llama-3.3-nemotron-super-49b-v1.5,39,12
nvidia/llama-3.3-nemotron-super-49b-v1.5,39,12
nvidia/llama-3.3-nemotron-super-49b-v1.5,39,12
nvidia/llama-3.3-nemotron-super-49b-v1.5,39,12
nvidia/llama-3.3-nemotron-super-49b-v1.5,38,12
nvidia/llama-3.3-nemotron-super-49b-v1.5,38,12
nvidia/llama-3.3-nemotron-super-49b-v1.5,38,12
nvidia/llama-3.3-nemotron-super-49b-v1.5,38,12
nvidia/llama-3.3-nemotron-super-49b-v1.5,38,12
nvidia/llama-3.3-nemotron-super-49b-v1.5,39,12
nvidia/llama-3.3-nemotron-super-49b-v1.5,39,12
nvidia/llama-3.3-nemotron-super-49b-v1.5,39,12
nvidia/llama-3.3-nemotron-super-49b-v1.5,39,12
nvidia/llama-3.3-nemotron-super-49b-v1.5,39,12
nvidia/llama-3.3-nemotron-super-49b-v1.5,40,256
nvidia/llama-3.3-nemotron-super-49b-v1.5,40,256
nvidia/llama-3.3-nemotron-super-49b-v1.5,40,256
nvidia/llama-3.3-nemotron-super-49b-v1.5,40,256
nvidia/llama-3.3-nemotron-super-49b-v1.5,40,256
nvidia/llama-3.3-nemotron-super-49b-v1.5,40,256
nvidia/llama-3.3-nemotron-super-49b-v1.5,40,256
nvidia/llama-3.3-nemotron-super-49b-v1.5,40,256
nvidia/llama-3.3-nemotron-super-49b-v1.5,40,256
nvidia/llama-3.3-nemotron-super-49b-v1.5,40,256
nvidia/llama-3.3-nemotron-super-49b-v1.5,39,256
nvidia/llama-3.3-nemotron-super-49b-v1.5,39,256
nvidia/llama-3.3-nemotron-super-49b-v1.5,39,256
nvidia/llama-3.3-nemotron-super-49b-v1.5,39,256
nvidia/llama-3.3-nemotron-super-49b-v1.5,39,256
nvidia/llama-3.3-nemotron-super-49b-v1.5,29,256
nvidia/llama-3.3-nemotron-super-49b-v1.5,29,256
nvidia/llama-3.3-nemotron-super-49b-v1.5,29,256
nvidia/llama-3.3-nemotron-super-49b-v1.5,29,256
nvidia/llama-3.3-nemotron-super-49b-v1.5,29,256
nvidia/llama-3.3-nemotron-super-49b-v1.5,33,256
nvidia/llama-3.3-nemotron-super-49b-v1.5,33,256
nvidia/llama-3.3-nemotron-super-49b-v1.5,33,256
nvidia/llama-3.3-nemotron-super-49b-v1.5,33,256
nvidia/llama-3.3-nemotron-super-49b-v1.5,33,256
nvidia/llama-3.3-nemotron-super-49b-v1.5,33,256
nvidia/llama-3.3-nemotron-super-49b-v1.5,33,256
nvidia/llama-3.3-nemotron-super-49b-v1.5,33,256
nvidia/llama-3.3-nemotron-super-49b-v1.5,33,256
nvidia/llama-3.3-nemotron-super-49b-v1.5,39,256
nvidia/llama-3.3-nemotron-super-49b-v1.5,39,256
nvidia/llama-3.3-nemotron-super-49b-v1.5,39,256
nvidia/llama-3.3-nemotron-super-49b-v1.5,35,256
nvidia/llama-3.3-nemotron-super-49b-v1.5,35,256
nvidia/llama-3.3-nemotron-super-49b-v1.5,35,256
nvidia/llama-3.3-nemotron-super-49b-v1.5,35,256
nvidia/llama-3.3-nemotron-super-49b-v1.5,35,256
nvidia/llama-3.3-nemotron-super-49b-v1.5,42,256
nvidia/llama-3.3-nemotron-super-49b-v1.5,42,256
nvidia/llama-3.3-nemotron-super-49b-v1.5,42,256
nvidia/llama-3.3-nemotron-super-49b-v1.5,42,256
nvidia/llama-3.3-nemotron-super-49b-v1.5,42,256
nvidia/llama-3.3-nemotron-super-49b-v1.5,41,256
nvidia/llama-3.3-nemotron-super-49b-v1.5,41,256
nvidia/llama-3.3-nemotron-super-49b-v1.5,41,256
nvidia/llama-3.3-nemotron-super-49b-v1.5,41,256
nvidia/llama-3.3-nemotron-super-49b-v1.5,41,256
nvidia/llama-3.3-nemotron-super-49b-v1.5,37,12
nvidia/llama-3.3-nemotron-super-49b-v1.5,37,12
nvidia/llama-3.3-nemotron-super-49b-v1.5,37,12
nvidia/llama-3.3-nemotron-super-49b-v1.5,37,12
nvidia/llama-3.3-nemotron-super-49b-v1.5,37,12
nvidia/llama-3.3-nemotron-super-49b-v1.5,38,12
nvidia/llama-3.3-nemotron-super-49b-v1.5,38,12
nvidia/llama-3.3-nemotron-super-49b-v1.5,38,12
nvidia/llama-3.3-nemotron-super-49b-v1.5,38,12
nvidia/llama-3.3-nemotron-super-49b-v1.5,44,12
nvidia/llama-3.3-nemotron-super-49b-v1.5,44,12
nvidia/llama-3.3-nemotron-super-49b-v1.5,44,12
nvidia/llama-3.3-nemotron-super-49b-v1.5,44,12
nvidia/llama-3.3-nemotron-super-49b-v1.5,44,12
nvidia/llama-3.3-nemotron-super-49b-v1.5,45,12
nvidia/llama-3.3-nemotron-super-49b-v1.5,45,12
nvidia/llama-3.3-nemotron-super-49b-v1.5,45,12
nvidia/llama-3.3-nemotron-super-49b-v1.5,45,12
nvidia/llama-3.3-nemotron-super-49b-v1.5,45,12
nvidia/llama-3.3-nemotron-super-49b-v1.5,40,12
nvidia/llama-3.3-nemotron-super-49b-v1.5,40,12
nvidia/llama-3.3-nemotron-super-49b-v1.5,40,12
nvidia/llama-3.3-nemotron-super-49b-v1.5,40,12
nvidia/llama-3.3-nemotron-super-49b-v1.5,40,12
nvidia/llama-3.3-nemotron-super-49b-v1.5,41,12
nvidia/llama-3.3-nemotron-super-49b-v1.5,41,12
nvidia/llama-3.3-nemotron-super-49b-v1.5,41,12
nvidia/llama-3.3-nemotron-super-49b-v1.5,41,12
nvidia/llama-3.3-nemotron-super-49b-v1.5,41,12
nvidia/llama-3.3-nemotron-super-49b-v1.5,37,12
nvidia/llama-3.3-nemotron-super-49b-v1.5,37,12
nvidia/llama-3.3-nemotron-super-49b-v1.5,37,12
nvidia/llama-3.3-nemotron-super-49b-v1.5,37,12
nvidia/llama-3.3-nemotron-super-49b-v1.5,37,12
nvidia/llama-3.3-nemotron-super-49b-v1.5,38,12
nvidia/llama-3.3-nemotron-super-49b-v1.5,38,12
nvidia/llama-3.3-nemotron-super-49b-v1.5,38,12
nvidia/llama-3.3-nemotron-super-49b-v1.5,38,12
nvidia/llama-3.3-nemotron-super-49b-v1.5,38,12
nvidia/llama-3.3-nemotron-super-49b-v1.5,44,256
nvidia/llama-3.3-nemotron-super-49b-v1.5,44,256
nvidia/llama-3.3-nemotron-super-49b-v1.5,44,256
nvidia/llama-3.3-nemotron-super-49b-v1.5,44,256
nvidia/llama-3.3-nemotron-super-49b-v1.5,44,256
nvidia/llama-3.3-nemotron-super-49b-v1.5,47,256
nvidia/llama-3.3-nemotron-super-49b-v1.5,47,256
nvidia/llama-3.3-nemotron-super-49b-v1.5,47,256
nvidia/llama-3.3-nemotron-super-49b-v1.5,47,256
nvidia/llama-3.3-nemotron-super-49b-v1.5,47,256
nvidia/llama-3.3-nemotron-super-49b-v1.5,49,256
nvidia/llama-3.3-nemotron-super-49b-v1.5,49,256
nvidia/llama-3.3-nemotron-super-49b-v1.5,49,256
nvidia/llama-3.3-nemotron-super-49b-v1.5,49,256
nvidia/llama-3.3-nemotron-super-49b-v1.5,49,256
nvidia/llama-3.3-nemotron-super-49b-v1.5,36,256
nvidia/llama-3.3-nemotron-super-49b-v1.5,36,256
nvidia/llama-3.3-nemotron-super-49b-v1.5,36,256
nvidia/llama-3.3-nemotron-super-49b-v1.5,36,256
nvidia/llama-3.3-nemotron-super-49b-v1.5,36,256
nvidia/llama-3.3-nemotron-super-49b-v1.5,37,256
nvidia/llama-3.3-nemotron-super-49b-v1.5,37,256
nvidia/llama-3.3-nemotron-super-49b-v1.5,37,256
nvidia/llama-3.3-nemotron-super-49b-v1.5,37,256
nvidia/llama-3.3-nemotron-super-49b-v1.5,37,256
nvidia/llama-3.3-nemotron-super-49b-v1.5,37,256
nvidia/llama-3.3-nemotron-super-49b-v1.5,37,256
nvidia/llama-3.3-nemotron-super-49b-v1.5,37,256
nvidia/llama-3.3-nemotron-super-49b-v1.5,37,256
nvidia/llama-3.3-nemotron-super-49b-v1.5,37,256
nvidia/llama-3.3-nemotron-super-49b-v1.5,44,256
nvidia/llama-3.3-nemotron-super-49b-v1.5,44,256
nvidia/llama-3.3-nemotron-super-49b-v1.5,44,256
nvidia/llama-3.3-nemotron-super-49b-v1.5,44,256
nvidia/llama-3.3-nemotron-super-49b-v1.5,44,256
nvidia/llama-3.3-nemotron-super-49b-v1.5,47,256
nvidia/llama-3.3-nemotron-super-49b-v1.5,47,256
nvidia/llama-3.3-nemotron-super-49b-v1.5,47,256
nvidia/llama-3.3-nemotron-super-49b-v1.5,47,256
nvidia/llama-3.3-nemotron-super-49b-v1.5,47,256
nvidia/llama-3.3-nemotron-super-49b-v1.5,46,256
nvidia/llama-3.3-nemotron-super-49b-v1.5,46,256
nvidia/llama-3.3-nemotron-super-49b-v1.5,46,256
nvidia/llama-3.3-nemotron-super-49b-v1.5,46,256
nvidia/llama-3.3-nemotron-super-49b-v1.5,46,256
nvidia/llama-3.3-nemotron-super-49b-v1.5,44,256
nvidia/llama-3.3-nemotron-super-49b-v1.5,44,256
nvidia/llama-3.3-nemotron-super-49b-v1.5,44,256
nvidia/llama-3.3-nemotron-super-49b-v1.5,44,256
nvidia/llama-3.3-nemotron-super-49b-v1.5,44,256
nvidia/llama-3.3-nemotron-super-49b-v1.5,43,12
nvidia/llama-3.3-nemotron-super-49b-v1.5,43,12
nvidia/llama-3.3-nemotron-super-49b-v1.5,43,12
nvidia/llama-3.3-nemotron-super-49b-v1.5,43,12
nvidia/llama-3.3-nemotron-super-49b-v1.5,43,12
nvidia/llama-3.3-nemotron-super-49b-v1.5,44,12
nvidia/llama-3.3-nemotron-super-49b-v1.5,44,12
nvidia/llama-3.3-nemotron-super-49b-v1.5,44,12
nvidia/llama-3.3-nemotron-super-49b-v1.5,44,12
nvidia/llama-3.3-nemotron-super-49b-v1.5,44,12
nvidia/llama-3.3-nemotron-super-49b-v1.5,42,12
nvidia/llama-3.3-nemotron-super-49b-v1.5,42,12
nvidia/llama-3.3-nemotron-super-49b-v1.5,42,12
nvidia/llama-3.3-nemotron-super-49b-v1.5,42,12
nvidia/llama-3.3-nemotron-super-49b-v1.5,42,12
nvidia/llama-3.3-nemotron-super-49b-v1.5,43,12
nvidia/llama-3.3-nemotron-super-49b-v1.5,43,12
nvidia/llama-3.3-nemotron-super-49b-v1.5,43,12
nvidia/llama-3.3-nemotron-super-49b-v1.5,43,12
nvidia/llama-3.3-nemotron-super-49b-v1.5,38,12
nvidia/llama-3.3-nemotron-super-49b-v1.5,38,12
nvidia/llama-3.3-nemotron-super-49b-v1.5,38,12
nvidia/llama-3.3-nemotron-super-49b-v1.5,38,12
nvidia/llama-3.3-nemotron-super-49b-v1.5,39,8
nvidia/llama-3.3-nemotron-super-49b-v1.5,39,12
nvidia/llama-3.3-nemotron-super-49b-v1.5,39,12
nvidia/llama-3.3-nemotron-super-49b-v1.5,39,8
nvidia/llama-3.3-nemotron-super-49b-v1.5,39,12
nvidia/llama-3.3-nemotron-super-49b-v1.5,38,12
nvidia/llama-3.3-nemotron-super-49b-v1.5,38,12
nvidia/llama-3.3-nemotron-super-49b-v1.5,38,12
nvidia/llama-3.3-nemotron-super-49b-v1.5,38,12
nvidia/llama-3.3-nemotron-super-49b-v1.5,38,12
nvidia/llama-3.3-nemotron-super-49b-v1.5,39,12
nvidia/llama-3.3-nemotron-super-49b-v1.5,39,12
nvidia/llama-3.3-nemotron-super-49b-v1.5,39,12
nvidia/llama-3.3-nemotron-super-49b-v1.5,39,12
nvidia/llama-3.3-nemotron-super-49b-v1.5,39,12
nvidia/llama-3.3-nemotron-super-49b-v1.5,40,256
nvidia/llama-3.3-nemotron-super-49b-v1.5,40,256
nvidia/llama-3.3-nemotron-super-49b-v1.5,40,256
nvidia/llama-3.3-nemotron-super-49b-v1.5,40,256
nvidia/llama-3.3-nemotron-super-49b-v1.5,40,256
nvidia/llama-3.3-nemotron-super-49b-v1.5,40,256
nvidia/llama-3.3-nemotron-super-49b-v1.5,40,256
nvidia/llama-3.3-nemotron-super-49b-v1.5,40,256
nvidia/llama-3.3-nemotron-super-49b-v1.5,40,256
nvidia/llama-3.3-nemotron-super-49b-v1.5,40,256
nvidia/llama-3.3-nemotron-super-49b-v1.5,39,256
nvidia/llama-3.3-nemotron-super-49b-v1.5,39,256
nvidia/llama-3.3-nemotron-super-49b-v1.5,39,256
nvidia/llama-3.3-nemotron-super-49b-v1.5,39,256
nvidia/llama-3.3-nemotron-super-49b-v1.5,39,256
nvidia/llama-3.3-nemotron-super-49b-v1.5,29,256
nvidia/llama-3.3-nemotron-super-49b-v1.5,29,256
nvidia/llama-3.3-nemotron-super-49b-v1.5,29,256
nvidia/llama-3.3-nemotron-super-49b-v1.5,29,256
nvidia/llama-3.3-nemotron-super-49b-v1.5,29,256
nvidia/llama-3.3-nemotron-super-49b-v1.5,33,256
nvidia/llama-3.3-nemotron-super-49b-v1.5,33,256
nvidia/llama-3.3-nemotron-super-49b-v1.5,33,256
nvidia/llama-3.3-nemotron-super-49b-v1.5,33,256
nvidia/llama-3.3-nemotron-super-49b-v1.5,33,256
nvidia/llama-3.3-nemotron-super-49b-v1.5,33,256
nvidia/llama-3.3-nemotron-super-49b-v1.5,33,256
nvidia/llama-3.3-nemotron-super-49b-v1.5,33,256
nvidia/llama-3.3-nemotron-super-49b-v1.5,33,256
nvidia/llama-3.3-nemotron-super-49b-v1.5,33,256
nvidia/llama-3.3-nemotron-super-49b-v1.5,35,256
nvidia/llama-3.3-nemotron-super-49b-v1.5,35,256
nvidia/llama-3.3-nemotron-super-49b-v1.5,35,256
nvidia/llama-3.3-nemotron-super-49b-v1.5,35,256
nvidia/llama-3.3-nemotron-super-49b-v1.5,35,256
nvidia/llama-3.3-nemotron-super-49b-v1.5,42,256
nvidia/llama-3.3-nemotron-super-49b-v1.5,42,256
nvidia/llama-3.3-nemotron-super-49b-v1.5,42,256
nvidia/llama-3.3-nemotron-super-49b-v1.5,42,256
nvidia/llama-3.3-nemotron-super-49b-v1.5,42,256
nvidia/llama-3.3-nemotron-super-49b-v1.5,41,256
nvidia/llama-3.3-nemotron-super-49b-v1.5,41,256
nvidia/llama-3.3-nemotron-super-49b-v1.5,41,256
nvidia/llama-3.3-nemotron-super-49b-v1.5,41,256
nvidia/llama-3.3-nemotron-super-49b-v1.5,41,256
nvidia/llama-3.3-nemotron-super-49b-v1.5,37,12
nvidia/llama-3.3-nemotron-super-49b-v1.5,37,12
nvidia/llama-3.3-nemotron-super-49b-v1.5,37,12
nvidia/llama-3.3-nemotron-super-49b-v1.5,37,12
nvidia/llama-3.3-nemotron-super-49b-v1.5,37,12
nvidia/llama-3.3-nemotron-super-49b-v1.5,38,12
nvidia/llama-3.3-nemotron-super-49b-v1.5,38,12
nvidia/llama-3.3-nemotron-super-49b-v1.5,38,12
nvidia/llama-3.3-nemotron-super-49b-v1.5,38,12
nvidia/llama-3.3-nemotron-super-49b-v1.5,38,12
nvidia/llama-3.3-nemotron-super-49b-v1.5,44,12
nvidia/llama-3.3-nemotron-super-49b-v1.5,44,12
nvidia/llama-3.3-nemotron-super-49b-v1.5,44,12
nvidia/llama-3.3-nemotron-super-49b-v1.5,44,12
nvidia/llama-3.3-nemotron-super-49b-v1.5,44,12
nvidia/llama-3.3-nemotron-super-49b-v1.5,45,12
nvidia/llama-3.3-nemotron-super-49b-v1.5,45,12
nvidia/llama-3.3-nemotron-super-49b-v1.5,45,12
nvidia/llama-3.3-nemotron-super-49b-v1.5,45,12
nvidia/llama-3.3-nemotron-super-49b-v1.5,45,12
nvidia/llama-3.3-nemotron-super-49b-v1.5,40,12
nvidia/llama-3.3-nemotron-super-49b-v1.5,40,12
nvidia/llama-3.3-nemotron-super-49b-v1.5,40,12
nvidia/llama-3.3-nemotron-super-49b-v1.5,40,12
nvidia/llama-3.3-nemotron-super-49b-v1.5,40,12
nvidia/llama-3.3-nemotron-super-49b-v1.5,41,12
nvidia/llama-3.3-nemotron-super-49b-v1.5,41,12
nvidia/llama-3.3-nemotron-super-49b-v1.5,41,12
nvidia/llama-3.3-nemotron-super-49b-v1.5,41,12
nvidia/llama-3.3-nemotron-super-49b-v1.5,41,12
nvidia/llama-3.3-nemotron-super-49b-v1.5,37,12
nvidia/llama-3.3-nemotron-super-49b-v1.5,37,12
nvidia/llama-3.3-nemotron-super-49b-v1.5,37,12
nvidia/llama-3.3-nemotron-super-49b-v1.5,37,12
nvidia/llama-3.3-nemotron-super-49b-v1.5,37,12
nvidia/llama-3.3-nemotron-super-49b-v1.5,38,12
nvidia/llama-3.3-nemotron-super-49b-v1.5,38,12
nvidia/llama-3.3-nemotron-super-49b-v1.5,38,12
nvidia/llama-3.3-nemotron-super-49b-v1.5,38,12
nvidia/llama-3.3-nemotron-super-49b-v1.5,38,12
nvidia/llama-3.3-nemotron-super-49b-v1.5,40,256
nvidia/llama-3.3-nemotron-super-49b-v1.5,40,256
nvidia/llama-3.3-nemotron-super-49b-v1.5,40,256
nvidia/llama-3.3-nemotron-super-49b-v1.5,40,256
nvidia/llama-3.3-nemotron-super-49b-v1.5,40,256
nvidia/llama-3.3-nemotron-super-49b-v1.5,43,256
nvidia/llama-3.3-nemotron-super-49b-v1.5,43,256
nvidia/llama-3.3-nemotron-super-49b-v1.5,43,256
nvidia/llama-3.3-nemotron-super-49b-v1.5,43,256
nvidia/llama-3.3-nemotron-super-49b-v1.5,43,256
nvidia/llama-3.3-nemotron-super-49b-v1.5,45,256
nvidia/llama-3.3-nemotron-super-49b-v1.5,45,256
nvidia/llama-3.3-nemotron-super-49b-v1.5,45,256
nvidia/llama-3.3-nemotron-super-49b-v1.5,45,256
nvidia/llama-3.3-nemotron-super-49b-v1.5,45,256
nvidia/llama-3.3-nemotron-super-49b-v1.5,32,256
nvidia/llama-3.3-nemotron-super-49b-v1.5,32,256
nvidia/llama-3.3-nemotron-super-49b-v1.5,32,256
nvidia/llama-3.3-nemotron-super-49b-v1.5,32,256
nvidia/llama-3.3-nemotron-super-49b-v1.5,32,256
nvidia/llama-3.3-nemotron-super-49b-v1.5,33,256
nvidia/llama-3.3-nemotron-super-49b-v1.5,33,256
nvidia/llama-3.3-nemotron-super-49b-v1.5,33,256
nvidia/llama-3.3-nemotron-super-49b-v1.5,33,256
nvidia/llama-3.3-nemotron-super-49b-v1.5,33,256
nvidia/llama-3.3-nemotron-super-49b-v1.5,33,256
nvidia/llama-3.3-nemotron-super-49b-v1.5,33,256
nvidia/llama-3.3-nemotron-super-49b-v1.5,33,256
nvidia/llama-3.3-nemotron-super-49b-v1.5,33,256
nvidia/llama-3.3-nemotron-super-49b-v1.5,40,256
nvidia/llama-3.3-nemotron-super-49b-v1.5,40,256
nvidia/llama-3.3-nemotron-super-49b-v1.5,40,256
nvidia/llama-3.3-nemotron-super-49b-v1.5,40,256
nvidia/llama-3.3-nemotron-super-49b-v1.5,40,256
nvidia/llama-3.3-nemotron-super-49b-v1.5,43,256
nvidia/llama-3.3-nemotron-super-49b-v1.5,43,256
nvidia/llama-3.3-nemotron-super-49b-v1.5,43,256
nvidia/llama-3.3-nemotron-super-49b-v1.5,43,256
nvidia/llama-3.3-nemotron-super-49b-v1.5,43,256
nvidia/llama-3.3-nemotron-super-49b-v1.5,42,256
nvidia/llama-3.3-nemotron-super-49b-v1.5,42,256
nvidia/llama-3.3-nemotron-super-49b-v1.5,42,256
nvidia/llama-3.3-nemotron-super-49b-v1.5,42,256
nvidia/llama-3.3-nemotron-super-49b-v1.5,42,256
nvidia/llama-3.3-nemotron-super-49b-v1.5,40,256
nvidia/llama-3.3-nemotron-super-49b-v1.5,40,256
nvidia/llama-3.3-nemotron-super-49b-v1.5,40,256
nvidia/llama-3.3-nemotron-super-49b-v1.5,40,256
nvidia/llama-3.3-nemotron-super-49b-v1.5,40,256
nvidia/llama-3.3-nemotron-super-49b-v1.5,45,12
nvidia/llama-3.3-nemotron-super-49b-v1.5,45,12
nvidia/llama-3.3-nemotron-super-49b-v1.5,45,12
nvidia/llama-3.3-nemotron-super-49b-v1.5,45,12
nvidia/llama-3.3-nemotron-super-49b-v1.5,45,12
nvidia/llama-3.3-nemotron-super-49b-v1.5,46,8
nvidia/llama-3.3-nemotron-super-49b-v1.5,46,12
nvidia/llama-3.3-nemotron-super-49b-v1.5,46,12
nvidia/llama-3.3-nemotron-super-49b-v1.5,46,12
nvidia/llama-3.3-nemotron-super-49b-v1.5,44,12
nvidia/llama-3.3-nemotron-super-49b-v1.5,44,12
nvidia/llama-3.3-nemotron-super-49b-v1.5,44,12
nvidia/llama-3.3-nemotron-super-49b-v1.5,44,12
nvidia/llama-3.3-nemotron-super-49b-v1.5,44,12
nvidia/llama-3.3-nemotron-super-49b-v1.5,45,12
nvidia/llama-3.3-nemotron-super-49b-v1.5,45,12
nvidia/llama-3.3-nemotron-super-49b-v1.5,45,12
nvidia/llama-3.3-nemotron-super-49b-v1.5,45,12
nvidia/llama-3.3-nemotron-super-49b-v1.5,45,12
nvidia/llama-3.3-nemotron-super-49b-v1.5,40,12
nvidia/llama-3.3-nemotron-super-49b-v1.5,40,12
nvidia/llama-3.3-nemotron-super-49b-v1.5,40,12
nvidia/llama-3.3-nemotron-super-49b-v1.5,40,12
nvidia/llama-3.3-nemotron-super-49b-v1.5,40,12
nvidia/llama-3.3-nemotron-super-49b-v1.5,41,8
nvidia/llama-3.3-nemotron-super-49b-v1.5,41,12
nvidia/llama-3.3-nemotron-super-49b-v1.5,41,12
nvidia/llama-3.3-nemotron-super-49b-v1.5,41,12
nvidia/llama-3.3-nemotron-super-49b-v1.5,41,12
nvidia/llama-3.3-nemotron-super-49b-v1.5,40,12
nvidia/llama-3.3-nemotron-super-49b-v1.5,40,12
nvidia/llama-3.3-nemotron-super-49b-v1.5,40,12
nvidia/llama-3.3-nemotron-super-49b-v1.5,40,12
nvidia/llama-3.3-nemotron-super-49b-v1.5,40,12
nvidia/llama-3.3-nemotron-super-49b-v1.5,41,12
nvidia/llama-3.3-nemotron-super-49b-v1.5,41,12
nvidia/llama-3.3-nemotron-super-49b-v1.5,41,12
nvidia/llama-3.3-nemotron-super-49b-v1.5,41,12
nvidia/llama-3.3-nemotron-super-49b-v1.5,41,12
nvidia/llama-3.3-nemotron-super-49b-v1.5,37,256
nvidia/llama-3.3-nemotron-super-49b-v1.5,37,256
nvidia/llama-3.3-nemotron-super-49b-v1.5,37,256
nvidia/llama-3.3-nemotron-super-49b-v1.5,37,256
nvidia/llama-3.3-nemotron-super-49b-v1.5,37,256
nvidia/llama-3.3-nemotron-super-49b-v1.5,37,256
nvidia/llama-3.3-nemotron-super-49b-v1.5,37,256
nvidia/llama-3.3-nemotron-super-49b-v1.5,37,256
nvidia/llama-3.3-nemotron-super-49b-v1.5,37,256
nvidia/llama-3.3-nemotron-super-49b-v1.5,37,256
nvidia/llama-3.3-nemotron-super-49b-v1.5,36,256
nvidia/llama-3.3-nemotron-super-49b-v1.5,36,256
nvidia/llama-3.3-nemotron-super-49b-v1.5,36,256
nvidia/llama-3.3-nemotron-super-49b-v1.5,36,256
nvidia/llama-3.3-nemotron-super-49b-v1.5,36,256
nvidia/llama-3.3-nemotron-super-49b-v1.5,26,256
nvidia/llama-3.3-nemotron-super-49b-v1.5,26,256
nvidia/llama-3.3-nemotron-super-49b-v1.5,26,256
nvidia/llama-3.3-nemotron-super-49b-v1.5,26,256
nvidia/llama-3.3-nemotron-super-49b-v1.5,26,256
nvidia/llama-3.3-nemotron-super-49b-v1.5,30,256
nvidia/llama-3.3-nemotron-super-49b-v1.5,30,256
nvidia/llama-3.3-nemotron-super-49b-v1.5,30,256
nvidia/llama-3.3-nemotron-super-49b-v1.5,30,256
nvidia/llama-3.3-nemotron-super-49b-v1.5,30,256
nvidia/llama-3.3-nemotron-super-49b-v1.5,30,256
nvidia/llama-3.3-nemotron-super-49b-v1.5,30,256
nvidia/llama-3.3-nemotron-super-49b-v1.5,36,256
nvidia/llama-3.3-nemotron-super-49b-v1.5,36,204
nvidia/llama-3.3-nemotron-super-49b-v1.5,32,256
nvidia/llama-3.3-nemotron-super-49b-v1.5,32,256
nvidia/llama-3.3-nemotron-super-49b-v1.5,32,256
nvidia/llama-3.3-nemotron-super-49b-v1.5,32,256
nvidia/llama-3.3-nemotron-super-49b-v1.5,32,256
nvidia/llama-3.3-nemotron-super-49b-v1.5,39,256
nvidia/llama-3.3-nemotron-super-49b-v1.5,39,256
nvidia/llama-3.3-nemotron-super-49b-v1.5,39,256
nvidia/llama-3.3-nemotron-super-49b-v1.5,39,256
nvidia/llama-3.3-nemotron-super-49b-v1.5,39,256
nvidia/llama-3.3-nemotron-super-49b-v1.5,38,256
nvidia/llama-3.3-nemotron-super-49b-v1.5,38,256
nvidia/llama-3.3-nemotron-super-49b-v1.5,38,256
nvidia/llama-3.3-nemotron-super-49b-v1.5,38,256
nvidia/llama-3.3-nemotron-super-49b-v1.5,38,256
nvidia/llama-3.3-nemotron-super-49b-v1.5,39,12
nvidia/llama-3.3-nemotron-super-49b-v1.5,39,12
nvidia/llama-3.3-nemotron-super-49b-v1.5,39,12
nvidia/llama-3.3-nemotron-super-49b-v1.5,39,12
nvidia/llama-3.3-nemotron-super-49b-v1.5,39,12
nvidia/llama-3.3-nemotron-super-49b-v1.5,40,12
nvidia/llama-3.3-nemotron-super-49b-v1.5,40,12
nvidia/llama-3.3-nemotron-super-49b-v1.5,40,12
nvidia/llama-3.3-nemotron-super-49b-v1.5,40,12
nvidia/llama-3.3-nemotron-super-49b-v1.5,40,12
nvidia/llama-3.3-nemotron-super-49b-v1.5,46,12
nvidia/llama-3.3-nemotron-super-49b-v1.5,46,12
nvidia/llama-3.3-nemotron-super-49b-v1.5,46,12
nvidia/llama-3.3-nemotron-super-49b-v1.5,46,12
nvidia/llama-3.3-nemotron-super-49b-v1.5,46,12
nvidia/llama-3.3-nemotron-super-49b-v1.5,47,12
nvidia/llama-3.3-nemotron-super-49b-v1.5,47,12
nvidia/llama-3.3-nemotron-super-49b-v1.5,47,12
nvidia/llama-3.3-nemotron-super-49b-v1.5,47,12
nvidia/llama-3.3-nemotron-super-49b-v1.5,47,12
nvidia/llama-3.3-nemotron-super-49b-v1.5,42,12
nvidia/llama-3.3-nemotron-super-49b-v1.5,42,12
nvidia/llama-3.3-nemotron-super-49b-v1.5,42,12
nvidia/llama-3.3-nemotron-super-49b-v1.5,42,12
nvidia/llama-3.3-nemotron-super-49b-v1.5,42,12
nvidia/llama-3.3-nemotron-super-49b-v1.5,43,12
nvidia/llama-3.3-nemotron-super-49b-v1.5,43,12
nvidia/llama-3.3-nemotron-super-49b-v1.5,43,12
nvidia/llama-3.3-nemotron-super-49b-v1.5,43,12
nvidia/llama-3.3-nemotron-super-49b-v1.5,43,12
nvidia/llama-3.3-nemotron-super-49b-v1.5,39,12
nvidia/llama-3.3-nemotron-super-49b-v1.5,39,12
nvidia/llama-3.3-nemotron-super-49b-v1.5,39,12
nvidia/llama-3.3-nemotron-super-49b-v1.5,39,12
nvidia/llama-3.3-nemotron-super-49b-v1.5,39,12
nvidia/llama-3.3-nemotron-super-49b-v1.5,40,12
nvidia/llama-3.3-nemotron-super-49b-v1.5,40,12
nvidia/llama-3.3-nemotron-super-49b-v1.5,40,12
nvidia/llama-3.3-nemotron-super-49b-v1.5,40,12
nvidia/llama-3.3-nemotron-super-49b-v1.5,40,12
nvidia/llama-3.3-nemotron-super-49b-v1.5,38,256
nvidia/llama-3.3-nemotron-super-49b-v1.5,38,256
nvidia/llama-3.3-nemotron-super-49b-v1.5,38,256
nvidia/llama-3.3-nemotron-super-49b-v1.5,38,256
nvidia/llama-3.3-nemotron-super-49b-v1.5,38,256
nvidia/llama-3.3-nemotron-super-49b-v1.5,41,256
nvidia/llama-3.3-nemotron-super-49b-v1.5,41,256
nvidia/llama-3.3-nemotron-super-49b-v1.5,41,256
nvidia/llama-3.3-nemotron-super-49b-v1.5,41,256
nvidia/llama-3.3-nemotron-super-49b-v1.5,41,256
nvidia/llama-3.3-nemotron-super-49b-v1.5,43,256
nvidia/llama-3.3-nemotron-super-49b-v1.5,43,256
nvidia/llama-3.3-nemotron-super-49b-v1.5,43,256
nvidia/llama-3.3-nemotron-super-49b-v1.5,43,256
nvidia/llama-3.3-nemotron-super-49b-v1.5,43,256
nvidia/llama-3.3-nemotron-super-49b-v1.5,30,256
nvidia/llama-3.3-nemotron-super-49b-v1.5,30,256
nvidia/llama-3.3-nemotron-super-49b-v1.5,30,256
nvidia/llama-3.3-nemotron-super-49b-v1.5,30,256
nvidia/llama-3.3-nemotron-super-49b-v1.5,30,256
nvidia/llama-3.3-nemotron-super-49b-v1.5,31,256
nvidia/llama-3.3-nemotron-super-49b-v1.5,31,256
nvidia/llama-3.3-nemotron-super-49b-v1.5,31,256
nvidia/llama-3.3-nemotron-super-49b-v1.5,31,256
nvidia/llama-3.3-nemotron-super-49b-v1.5,31,256
nvidia/llama-3.3-nemotron-super-49b-v1.5,31,256
nvidia/llama-3.3-nemotron-super-49b-v1.5,31,256
nvidia/llama-3.3-nemotron-super-49b-v1.5,31,256
nvidia/llama-3.3-nemotron-super-49b-v1.5,31,256
nvidia/llama-3.3-nemotron-super-49b-v1.5,31,256
nvidia/llama-3.3-nemotron-super-49b-v1.5,38,256
nvidia/llama-3.3-nemotron-super-49b-v1.5,38,256
nvidia/llama-3.3-nemotron-super-49b-v1.5,38,256
nvidia/llama-3.3-nemotron-super-49b-v1.5,38,256
nvidia/llama-3.3-nemotron-super-49b-v1.5,38,256
nvidia/llama-3.3-nemotron-super-49b-v1.5,41,256
nvidia/llama-3.3-nemotron-super-49b-v1.5,41,256
nvidia/llama-3.3-nemotron-super-49b-v1.5,41,256
nvidia/llama-3.3-nemotron-super-49b-v1.5,41,256
nvidia/llama-3.3-nemotron-super-49b-v1.5,41,256
nvidia/llama-3.3-nemotron-super-49b-v1.5,40,256
nvidia/llama-3.3-nemotron-super-49b-v1.5,40,256
nvidia/llama-3.3-nemotron-super-49b-v1.5,40,256
nvidia/llama-3.3-nemotron-super-49b-v1.5,40,256
nvidia/llama-3.3-nemotron-super-49b-v1.5,40,256
nvidia/llama-3.3-nemotron-super-49b-v1.5,38,256
nvidia/llama-3.3-nemotron-super-49b-v1.5,38,256
nvidia/llama-3.3-nemotron-super-49b-v1.5,38,256
nvidia/llama-3.3-nemotron-super-49b-v1.5,38,256
nvidia/llama-3.3-nemotron-super-49b-v1.5,38,256
nvidia/llama-3.3-nemotron-super-49b-v1.5,43,12
nvidia/llama-3.3-nemotron-super-49b-v1.5,43,12
nvidia/llama-3.3-nemotron-super-49b-v1.5,43,12
nvidia/llama-3.3-nemotron-super-49b-v1.5,43,12
nvidia/llama-3.3-nemotron-super-49b-v1.5,43,12
nvidia/llama-3.3-nemotron-super-49b-v1.5,44,12
nvidia/llama-3.3-nemotron-super-49b-v1.5,44,12
nvidia/llama-3.3-nemotron-super-49b-v1.5,44,12
nvidia/llama-3.3-nemotron-super-49b-v1.5,44,12
nvidia/llama-3.3-nemotron-super-49b-v1.5,44,12
nvidia/llama-3.3-nemotron-super-49b-v1.5,42,12
nvidia/llama-3.3-nemotron-super-49b-v1.5,42,12
nvidia/llama-3.3-nemotron-super-49b-v1.5,42,12
nvidia/llama-3.3-nemotron-super-49b-v1.5,42,12
nvidia/llama-3.3-nemotron-super-49b-v1.5,42,12
nvidia/llama-3.3-nemotron-super-49b-v1.5,43,12
nvidia/llama-3.3-nemotron-super-49b-v1.5,43,12
nvidia/llama-3.3-nemotron-super-49b-v1.5,43,12
nvidia/llama-3.3-nemotron-super-49b-v1.5,43,12
nvidia/llama-3.3-nemotron-super-49b-v1.5,43,12
nvidia/llama-3.3-nemotron-super-49b-v1.5,38,12
nvidia/llama-3.3-nemotron-super-49b-v1.5,38,12
nvidia/llama-3.3-nemotron-super-49b-v1.5,38,12
nvidia/llama-3.3-nemotron-super-49b-v1.5,38,12
nvidia/llama-3.3-nemotron-super-49b-v1.5,38,12
nvidia/llama-3.3-nemotron-super-49b-v1.5,39,12
nvidia/llama-3.3-nemotron-super-49b-v1.5,39,12
nvidia/llama-3.3-nemotron-super-49b-v1.5,39,12
nvidia/llama-3.3-nemotron-super-49b-v1.5,39,12
nvidia/llama-3.3-nemotron-super-49b-v1.5,39,12
nvidia/llama-3.3-nemotron-super-49b-v1.5,38,12
nvidia/llama-3.3-nemotron-super-49b-v1.5,38,12
nvidia/llama-3.3-nemotron-super-49b-v1.5,38,12
nvidia/llama-3.3-nemotron-super-49b-v1.5,38,12
nvidia/llama-3.3-nemotron-super-49b-v1.5,38,12
nvidia/llama-3.3-nemotron-super-49b-v1.5,39,12
nvidia/llama-3.3-nemotron-super-49b-v1.5,39,12
nvidia/llama-3.3-nemotron-super-49b-v1.5,39,12
nvidia/llama-3.3-nemotron-super-49b-v1.5,39,12
nvidia/llama-3.3-nemotron-super-49b-v1.5,39,12
nvidia/llama-3.3-nemotron-super-49b-v1.5,40,256
nvidia/llama-3.3-nemotron-super-49b-v1.5,40,256
nvidia/llama-3.3-nemotron-super-49b-v1.5,40,256
nvidia/llama-3.3-nemotron-super-49b-v1.5,40,256
nvidia/llama-3.3-nemotron-super-49b-v1.5,40,256
nvidia/llama-3.3-nemotron-super-49b-v1.5,40,256
nvidia/llama-3.3-nemotron-super-49b-v1.5,40,256
nvidia/llama-3.3-nemotron-super-49b-v1.5,40,256
nvidia/llama-3.3-nemotron-super-49b-v1.5,40,256
nvidia/llama-3.3-nemotron-super-49b-v1.5,40,256
nvidia/llama-3.3-nemotron-super-49b-v1.5,39,256
nvidia/llama-3.3-nemotron-super-49b-v1.5,39,256
nvidia/llama-3.3-nemotron-super-49b-v1.5,39,256
nvidia/llama-3.3-nemotron-super-49b-v1.5,39,256
nvidia/llama-3.3-nemotron-super-49b-v1.5,39,256
nvidia/llama-3.3-nemotron-super-49b-v1.5,29,256
nvidia/llama-3.3-nemotron-super-49b-v1.5,29,256
nvidia/llama-3.3-nemotron-super-49b-v1.5,29,256
nvidia/llama-3.3-nemotron-super-49b-v1.5,29,256
nvidia/llama-3.3-nemotron-super-49b-v1.5,29,256
nvidia/llama-3.3-nemotron-super-49b-v1.5,33,256
nvidia/llama-3.3-nemotron-super-49b-v1.5,33,256
nvidia/llama-3.3-nemotron-super-49b-v1.5,33,256
nvidia/llama-3.3-nemotron-super-49b-v1.5,33,256
nvidia/llama-3.3-nemotron-super-49b-v1.5,33,256
nvidia/llama-3.3-nemotron-super-49b-v1.5,33,256
nvidia/llama-3.3-nemotron-super-49b-v1.5,33,256
nvidia/llama-3.3-nemotron-super-49b-v1.5,33,256
nvidia/llama-3.3-nemotron-super-49b-v1.5,33,256
nvidia/llama-3.3-nemotron-super-49b-v1.5,33,256
nvidia/llama-3.3-nemotron-super-49b-v1.5,39,250
nvidia/llama-3.3-nemotron-super-49b-v1.5,39,256
nvidia/llama-3.3-nemotron-super-49b-v1.5,39,256
nvidia/llama-3.3-nemotron-super-49b-v1.5,35,256
nvidia/llama-3.3-nemotron-super-49b-v1.5,35,256
nvidia/llama-3.3-nemotron-super-49b-v1.5,35,256
nvidia/llama-3.3-nemotron-super-49b-v1.5,35,256
nvidia/llama-3.3-nemotron-super-49b-v1.5,35,256
nvidia/llama-3.3-nemotron-super-49b-v1.5,42,256
nvidia/llama-3.3-nemotron-super-49b-v1.5,42,256
nvidia/llama-3.3-nemotron-super-49b-v1.5,42,256
nvidia/llama-3.3-nemotron-super-49b-v1.5,42,256
nvidia/llama-3.3-nemotron-super-49b-v1.5,42,256
nvidia/llama-3.3-nemotron-super-49b-v1.5,41,256
nvidia/llama-3.3-nemotron-super-49b-v1.5,41,256
nvidia/llama-3.3-nemotron-super-49b-v1.5,41,256
nvidia/llama-3.3-nemotron-super-49b-v1.5,41,256
nvidia/llama-3.3-nemotron-super-49b-v1.5,41,256
nvidia/llama-3.3-nemotron-super-49b-v1.5,39,12
nvidia/llama-3.3-nemotron-super-49b-v1.5,39,12
nvidia/llama-3.3-nemotron-super-49b-v1.5,39,12
nvidia/llama-3.3-nemotron-super-49b-v1.5,39,12
nvidia/llama-3.3-nemotron-super-49b-v1.5,39,12
nvidia/llama-3.3-nemotron-super-49b-v1.5,40,12
nvidia/llama-3.3-nemotron-super-49b-v1.5,40,12
nvidia/llama-3.3-nemotron-super-49b-v1.5,40,12
nvidia/llama-3.3-nemotron-super-49b-v1.5,40,12
nvidia/llama-3.3-nemotron-super-49b-v1.5,40,12
nvidia/llama-3.3-nemotron-super-49b-v1.5,46,12
nvidia/llama-3.3-nemotron-super-49b-v1.5,46,12
nvidia/llama-3.3-nemotron-super-49b-v1.5,46,12
nvidia/llama-3.3-nemotron-super-49b-v1.5,46,12
nvidia/llama-3.3-nemotron-super-49b-v1.5,46,12
nvidia/llama-3.3-nemotron-super-49b-v1.5,47,12
nvidia/llama-3.3-nemotron-super-49b-v1.5,47,12
nvidia/llama-3.3-nemotron-super-49b-v1.5,47,12
nvidia/llama-3.3-nemotron-super-49b-v1.5,47,12
nvidia/llama-3.3-nemotron-super-49b-v1.5,47,12
nvidia/llama-3.3-nemotron-super-49b-v1.5,42,12
nvidia/llama-3.3-nemotron-super-49b-v1.5,42,12
nvidia/llama-3.3-nemotron-super-49b-v1.5,42,12
nvidia/llama-3.3-nemotron-super-49b-v1.5,42,12
nvidia/llama-3.3-nemotron-super-49b-v1.5,42,12
nvidia/llama-3.3-nemotron-super-49b-v1.5,43,12
nvidia/llama-3.3-nemotron-super-49b-v1.5,43,12
nvidia/llama-3.3-nemotron-super-49b-v1.5,43,12
nvidia/llama-3.3-nemotron-super-49b-v1.5,43,12
nvidia/llama-3.3-nemotron-super-49b-v1.5,43,12
nvidia/llama-3.3-nemotron-super-49b-v1.5,39,12
nvidia/llama-3.3-nemotron-super-49b-v1.5,39,12
nvidia/llama-3.3-nemotron-super-49b-v1.5,39,12
nvidia/llama-3.3-nemotron-super-49b-v1.5,39,12
nvidia/llama-3.3-nemotron-super-49b-v1.5,39,12
nvidia/llama-3.3-nemotron-super-49b-v1.5,40,12
nvidia/llama-3.3-nemotron-super-49b-v1.5,40,12
nvidia/llama-3.3-nemotron-super-49b-v1.5,40,12
nvidia/llama-3.3-nemotron-super-49b-v1.5,40,12
nvidia/llama-3.3-nemotron-super-49b-v1.5,40,12
nvidia/llama-3.3-nemotron-super-49b-v1.5,40,256
nvidia/llama-3.3-nemotron-super-49b-v1.5,40,256
nvidia/llama-3.3-nemotron-super-49b-v1.5,40,256
nvidia/llama-3.3-nemotron-super-49b-v1.5,40,256
nvidia/llama-3.3-nemotron-super-49b-v1.5,40,256
nvidia/llama-3.3-nemotron-super-49b-v1.5,43,256
nvidia/llama-3.3-nemotron-super-49b-v1.5,43,256
nvidia/llama-3.3-nemotron-super-49b-v1.5,43,256
nvidia/llama-3.3-nemotron-super-49b-v1.5,43,256
nvidia/llama-3.3-nemotron-super-49b-v1.5,43,256
nvidia/llama-3.3-nemotron-super-49b-v1.5,45,256
nvidia/llama-3.3-nemotron-super-49b-v1.5,45,256
nvidia/llama-3.3-nemotron-super-49b-v1.5,45,256
nvidia/llama-3.3-nemotron-super-49b-v1.5,45,256
nvidia/llama-3.3-nemotron-super-49b-v1.5,45,256
nvidia/llama-3.3-nemotron-super-49b-v1.5,32,256
nvidia/llama-3.3-nemotron-super-49b-v1.5,32,256
nvidia/llama-3.3-nemotron-super-49b-v1.5,32,256
nvidia/llama-3.3-nemotron-super-49b-v1.5,32,256
nvidia/llama-3.3-nemotron-super-49b-v1.5,32,256
nvidia/llama-3.3-nemotron-super-49b-v1.5,33,256
nvidia/llama-3.3-nemotron-super-49b-v1.5,33,256
nvidia/llama-3.3-nemotron-super-49b-v1.5,33,256
nvidia/llama-3.3-nemotron-super-49b-v1.5,33,256
nvidia/llama-3.3-nemotron-super-49b-v1.5,33,256
nvidia/llama-3.3-nemotron-super-49b-v1.5,33,256
nvidia/llama-3.3-nemotron-super-49b-v1.5,33,256
nvidia/llama-3.3-nemotron-super-49b-v1.5,33,256
nvidia/llama-3.3-nemotron-super-49b-v1.5,33,256
nvidia/llama-3.3-nemotron-super-49b-v1.5,33,256
nvidia/llama-3.3-nemotron-super-49b-v1.5,40,256
nvidia/llama-3.3-nemotron-super-49b-v1.5,40,256
nvidia/llama-3.3-nemotron-super-49b-v1.5,40,256
nvidia/llama-3.3-nemotron-super-49b-v1.5,40,256
nvidia/llama-3.3-nemotron-super-49b-v1.5,40,256
nvidia/llama-3.3-nemotron-super-49b-v1.5,43,256
nvidia/llama-3.3-nemotron-super-49b-v1.5,43,256
nvidia/llama-3.3-nemotron-super-49b-v1.5,43,256
nvidia/llama-3.3-nemotron-super-49b-v1.5,43,256
nvidia/llama-3.3-nemotron-super-49b-v1.5,43,256
nvidia/llama-3.3-nemotron-super-49b-v1.5,42,256
nvidia/llama-3.3-nemotron-super-49b-v1.5,42,256
nvidia/llama-3.3-nemotron-super-49b-v1.5,42,256
nvidia/llama-3.3-nemotron-super-49b-v1.5,42,256
nvidia/llama-3.3-nemotron-super-49b-v1.5,42,256
nvidia/llama-3.3-nemotron-super-49b-v1.5,40,256
nvidia/llama-3.3-nemotron-super-49b-v1.5,40,256
nvidia/llama-3.3-nemotron-super-49b-v1.5,40,256
nvidia/llama-3.3-nemotron-super-49b-v1.5,40,256
nvidia/llama-3.3-nemotron-super-49b-v1.5,40,256
nvidia/llama-3.3-nemotron-super-49b-v1.5,46,12
nvidia/llama-3.3-nemotron-super-49b-v1.5,46,12
nvidia/llama-3.3-nemotron-super-49b-v1.5,46,12
nvidia/llama-3.3-nemotron-super-49b-v1.5,46,12
nvidia/llama-3.3-nemotron-super-49b-v1.5,46,12
nvidia/llama-3.3-nemotron-super-49b-v1.5,47,12
nvidia/llama-3.3-nemotron-super-49b-v1.5,47,12
nvidia/llama-3.3-nemotron-super-49b-v1.5,47,12
nvidia/llama-3.3-nemotron-super-49b-v1.5,47,12
nvidia/llama-3.3-nemotron-super-49b-v1.5,47,12
nvidia/llama-3.3-nemotron-super-49b-v1.5,45,12
nvidia/llama-3.3-nemotron-super-49b-v1.5,45,12
nvidia/llama-3.3-nemotron-super-49b-v1.5,45,12
nvidia/llama-3.3-nemotron-super-49b-v1.5,45,12
nvidia/llama-3.3-nemotron-super-49b-v1.5,45,12
nvidia/llama-3.3-nemotron-super-49b-v1.5,46,12
nvidia/llama-3.3-nemotron-super-49b-v1.5,46,12
nvidia/llama-3.3-nemotron-super-49b-v1.5,46,12
nvidia/llama-3.3-nemotron-super-49b-v1.5,46,12
nvidia/llama-3.3-nemotron-super-49b-v1.5,46,12
nvidia/llama-3.3-nemotron-super-49b-v1.5,41,8
nvidia/llama-3.3-nemotron-super-49b-v1.5,41,12
nvidia/llama-3.3-nemotron-super-49b-v1.5,41,12
nvidia/llama-3.3-nemotron-super-49b-v1.5,42,12
nvidia/llama-3.3-nemotron-super-49b-v1.5,42,12
nvidia/llama-3.3-nemotron-super-49b-v1.5,42,12
nvidia/llama-3.3-nemotron-super-49b-v1.5,42,12
nvidia/llama-3.3-nemotron-super-49b-v1.5,42,12
nvidia/llama-3.3-nemotron-super-49b-v1.5,41,12
nvidia/llama-3.3-nemotron-super-49b-v1.5,41,12
nvidia/llama-3.3-nemotron-super-49b-v1.5,41,12
nvidia/llama-3.3-nemotron-super-49b-v1.5,41,12
nvidia/llama-3.3-nemotron-super-49b-v1.5,41,12
nvidia/llama-3.3-nemotron-super-49b-v1.5,42,12
nvidia/llama-3.3-nemotron-super-49b-v1.5,42,12
nvidia/llama-3.3-nemotron-super-49b-v1.5,42,12
nvidia/llama-3.3-nemotron-super-49b-v1.5,42,12
nvidia/llama-3.3-nemotron-super-49b-v1.5,42,12
nvidia/llama-3.3-nemotron-super-49b-v1.5,38,256
nvidia/llama-3.3-nemotron-super-49b-v1.5,38,256
nvidia/llama-3.3-nemotron-super-49b-v1.5,38,256
nvidia/llama-3.3-nemotron-super-49b-v1.5,38,256
nvidia/llama-3.3-nemotron-super-49b-v1.5,38,256
nvidia/llama-3.3-nemotron-super-49b-v1.5,38,256
nvidia/llama-3.3-nemotron-super-49b-v1.5,38,256
nvidia/llama-3.3-nemotron-super-49b-v1.5,37,256
nvidia/llama-3.3-nemotron-super-49b-v1.5,37,256
nvidia/llama-3.3-nemotron-super-49b-v1.5,37,256
nvidia/llama-3.3-nemotron-super-49b-v1.5,37,256
nvidia/llama-3.3-nemotron-super-49b-v1.5,37,256
nvidia/llama-3.3-nemotron-super-49b-v1.5,27,256
nvidia/llama-3.3-nemotron-super-49b-v1.5,27,256
nvidia/llama-3.3-nemotron-super-49b-v1.5,27,256
nvidia/llama-3.3-nemotron-super-49b-v1.5,27,256
nvidia/llama-3.3-nemotron-super-49b-v1.5,27,256
nvidia/llama-3.3-nemotron-super-49b-v1.5,31,256
nvidia/llama-3.3-nemotron-super-49b-v1.5,31,256
nvidia/llama-3.3-nemotron-super-49b-v1.5,31,246
nvidia/llama-3.3-nemotron-super-49b-v1.5,31,256
nvidia/llama-3.3-nemotron-super-49b-v1.5,31,256
nvidia/llama-3.3-nemotron-super-49b-v1.5,31,256
nvidia/llama-3.3-nemotron-super-49b-v1.5,31,256
nvidia/llama-3.3-nemotron-super-49b-v1.5,31,256
nvidia/llama-3.3-nemotron-super-49b-v1.5,31,256
nvidia/llama-3.3-nemotron-super-49b-v1.5,31,256
nvidia/llama-3.3-nemotron-super-49b-v1.5,37,256
nvidia/llama-3.3-nemotron-super-49b-v1.5,37,255
nvidia/llama-3.3-nemotron-super-49b-v1.5,37,256
nvidia/llama-3.3-nemotron-super-49b-v1.5,33,256
nvidia/llama-3.3-nemotron-super-49b-v1.5,33,256
nvidia/llama-3.3-nemotron-super-49b-v1.5,33,256
nvidia/llama-3.3-nemotron-super-49b-v1.5,33,256
nvidia/llama-3.3-nemotron-super-49b-v1.5,33,256
nvidia/llama-3.3-nemotron-super-49b-v1.5,40,256
nvidia/llama-3.3-nemotron-super-49b-v1.5,40,256
nvidia/llama-3.3-nemotron-super-49b-v1.5,40,256
nvidia/llama-3.3-nemotron-super-49b-v1.5,40,256
nvidia/llama-3.3-nemotron-super-49b-v1.5,40,256
nvidia/llama-3.3-nemotron-super-49b-v1.5,39,256
nvidia/llama-3.3-nemotron-super-49b-v1.5,39,256
nvidia/llama-3.3-nemotron-super-49b-v1.5,39,256
nvidia/llama-3.3-nemotron-super-49b-v1.5,39,256
nvidia/llama-3.3-nemotron-super-49b-v1.5,39,256
nvidia/llama-3.3-nemotron-super-49b-v1.5,39,12
nvidia/llama-3.3-nemotron-super-49b-v1.5,39,12
nvidia/llama-3.3-nemotron-super-49b-v1.5,39,12
nvidia/llama-3.3-nemotron-super-49b-v1.5,39,12
nvidia/llama-3.3-nemotron-super-49b-v1.5,39,12
nvidia/llama-3.3-nemotron-super-49b-v1.5,40,12
nvidia/llama-3.3-nemotron-super-49b-v1.5,40,12
nvidia/llama-3.3-nemotron-super-49b-v1.5,40,12
nvidia/llama-3.3-nemotron-super-49b-v1.5,40,12
nvidia/llama-3.3-nemotron-super-49b-v1.5,40,12
nvidia/llama-3.3-nemotron-super-49b-v1.5,46,12
nvidia/llama-3.3-nemotron-super-49b-v1.5,46,12
nvidia/llama-3.3-nemotron-super-49b-v1.5,46,12
nvidia/llama-3.3-nemotron-super-49b-v1.5,46,12
nvidia/llama-3.3-nemotron-super-49b-v1.5,46,12
nvidia/llama-3.3-nemotron-super-49b-v1.5,47,12
nvidia/llama-3.3-nemotron-super-49b-v1.5,47,12
nvidia/llama-3.3-nemotron-super-49b-v1.5,47,12
nvidia/llama-3.3-nemotron-super-49b-v1.5,47,12
nvidia/llama-3.3-nemotron-super-49b-v1.5,47,12
nvidia/llama-3.3-nemotron-super-49b-v1.5,42,12
nvidia/llama-3.3-nemotron-super-49b-v1.5,42,12
nvidia/llama-3.3-nemotron-super-49b-v1.5,42,12
nvidia/llama-3.3-nemotron-super-49b-v1.5,42,12
nvidia/llama-3.3-nemotron-super-49b-v1.5,42,12
nvidia/llama-3.3-nemotron-super-49b-v1.5,43,12
nvidia/llama-3.3-nemotron-super-49b-v1.5,43,12
nvidia/llama-3.3-nemotron-super-49b-v1.5,43,12
nvidia/llama-3.3-nemotron-super-49b-v1.5,43,12
nvidia/llama-3.3-nemotron-super-49b-v1.5,43,12
nvidia/llama-3.3-nemotron-super-49b-v1.5,39,12
nvidia/llama-3.3-nemotron-super-49b-v1.5,39,12
nvidia/llama-3.3-nemotron-super-49b-v1.5,39,12
nvidia/llama-3.3-nemotron-super-49b-v1.5,39,12
nvidia/llama-3.3-nemotron-super-49b-v1.5,39,12
nvidia/llama-3.3-nemotron-super-49b-v1.5,40,12
nvidia/llama-3.3-nemotron-super-49b-v1.5,40,12
nvidia/llama-3.3-nemotron-super-49b-v1.5,40,12
nvidia/llama-3.3-nemotron-super-49b-v1.5,40,12
nvidia/llama-3.3-nemotron-super-49b-v1.5,40,12
nvidia/llama-3.3-nemotron-super-49b-v1.5,39,256
nvidia/llama-3.3-nemotron-super-49b-v1.5,39,256
nvidia/llama-3.3-nemotron-super-49b-v1.5,39,256
nvidia/llama-3.3-nemotron-super-49b-v1.5,39,256
nvidia/llama-3.3-nemotron-super-49b-v1.5,39,256
nvidia/llama-3.3-nemotron-super-49b-v1.5,42,256
nvidia/llama-3.3-nemotron-super-49b-v1.5,42,256
nvidia/llama-3.3-nemotron-super-49b-v1.5,42,256
nvidia/llama-3.3-nemotron-super-49b-v1.5,42,256
nvidia/llama-3.3-nemotron-super-49b-v1.5,42,256
nvidia/llama-3.3-nemotron-super-49b-v1.5,44,256
nvidia/llama-3.3-nemotron-super-49b-v1.5,44,256
nvidia/llama-3.3-nemotron-super-49b-v1.5,44,256
nvidia/llama-3.3-nemotron-super-49b-v1.5,44,256
nvidia/llama-3.3-nemotron-super-49b-v1.5,44,256
nvidia/llama-3.3-nemotron-super-49b-v1.5,31,256
nvidia/llama-3.3-nemotron-super-49b-v1.5,31,256
nvidia/llama-3.3-nemotron-super-49b-v1.5,31,256
nvidia/llama-3.3-nemotron-super-49b-v1.5,31,256
nvidia/llama-3.3-nemotron-super-49b-v1.5,31,256
nvidia/llama-3.3-nemotron-super-49b-v1.5,32,256
nvidia/llama-3.3-nemotron-super-49b-v1.5,32,256
nvidia/llama-3.3-nemotron-super-49b-v1.5,32,256
nvidia/llama-3.3-nemotron-super-49b-v1.5,32,256
nvidia/llama-3.3-nemotron-super-49b-v1.5,32,256
nvidia/llama-3.3-nemotron-super-49b-v1.5,32,256
nvidia/llama-3.3-nemotron-super-49b-v1.5,32,256
nvidia/llama-3.3-nemotron-super-49b-v1.5,32,256
nvidia/llama-3.3-nemotron-super-49b-v1.5,32,256
nvidia/llama-3.3-nemotron-super-49b-v1.5,32,256
nvidia/llama-3.3-nemotron-super-49b-v1.5,39,256
nvidia/llama-3.3-nemotron-super-49b-v1.5,39,256
nvidia/llama-3.3-nemotron-super-49b-v1.5,39,256
nvidia/llama-3.3-nemotron-super-49b-v1.5,39,256
nvidia/llama-3.3-nemotron-super-49b-v1.5,39,256
nvidia/llama-3.3-nemotron-super-49b-v1.5,42,256
nvidia/llama-3.3-nemotron-super-49b-v1.5,42,256
nvidia/llama-3.3-nemotron-super-49b-v1.5,42,256
nvidia/llama-3.3-nemotron-super-49b-v1.5,42,256
nvidia/llama-3.3-nemotron-super-49b-v1.5,42,256
nvidia/llama-3.3-nemotron-super-49b-v1.5,41,256
nvidia/llama-3.3-nemotron-super-49b-v1.5,41,256
nvidia/llama-3.3-nemotron-super-49b-v1.5,41,256
nvidia/llama-3.3-nemotron-super-49b-v1.5,41,256
nvidia/llama-3.3-nemotron-super-49b-v1.5,41,256
nvidia/llama-3.3-nemotron-super-49b-v1.5,39,256
nvidia/llama-3.3-nemotron-super-49b-v1.5,39,256
nvidia/llama-3.3-nemotron-super-49b-v1.5,39,256
nvidia/llama-3.3-nemotron-super-49b-v1.5,39,256
nvidia/llama-3.3-nemotron-super-49b-v1.5,39,256
nvidia/llama-3.3-nemotron-super-49b-v1.5,46,12
nvidia/llama-3.3-nemotron-super-49b-v1.5,46,12
nvidia/llama-3.3-nemotron-super-49b-v1.5,46,12
nvidia/llama-3.3-nemotron-super-49b-v1.5,46,12
nvidia/llama-3.3-nemotron-super-49b-v1.5,46,12
nvidia/llama-3.3-nemotron-super-49b-v1.5,47,12
nvidia/llama-3.3-nemotron-super-49b-v1.5,47,12
nvidia/llama-3.3-nemotron-super-49b-v1.5,47,12
nvidia/llama-3.3-nemotron-super-49b-v1.5,47,12
nvidia/llama-3.3-nemotron-super-49b-v1.5,47,12
nvidia/llama-3.3-nemotron-super-49b-v1.5,45,12
nvidia/llama-3.3-nemotron-super-49b-v1.5,45,12
nvidia/llama-3.3-nemotron-super-49b-v1.5,45,12
nvidia/llama-3.3-nemotron-super-49b-v1.5,45,12
nvidia/llama-3.3-nemotron-super-49b-v1.5,45,12
nvidia/llama-3.3-nemotron-super-49b-v1.5,46,12
nvidia/llama-3.3-nemotron-super-49b-v1.5,46,12
nvidia/llama-3.3-nemotron-super-49b-v1.5,46,12
nvidia/llama-3.3-nemotron-super-49b-v1.5,46,12
nvidia/llama-3.3-nemotron-super-49b-v1.5,46,12
nvidia/llama-3.3-nemotron-super-49b-v1.5,41,12
nvidia/llama-3.3-nemotron-super-49b-v1.5,41,12
nvidia/llama-3.3-nemotron-super-49b-v1.5,41,12
nvidia/llama-3.3-nemotron-super-49b-v1.5,41,12
nvidia/llama-3.3-nemotron-super-49b-v1.5,41,8
nvidia/llama-3.3-nemotron-super-49b-v1.5,42,12
nvidia/llama-3.3-nemotron-super-49b-v1.5,42,12
nvidia/llama-3.3-nemotron-super-49b-v1.5,42,12
nvidia/llama-3.3-nemotron-super-49b-v1.5,42,12
nvidia/llama-3.3-nemotron-super-49b-v1.5,42,12
nvidia/llama-3.3-nemotron-super-49b-v1.5,41,12
nvidia/llama-3.3-nemotron-super-49b-v1.5,41,12
nvidia/llama-3.3-nemotron-super-49b-v1.5,41,12
nvidia/llama-3.3-nemotron-super-49b-v1.5,41,12
nvidia/llama-3.3-nemotron-super-49b-v1.5,41,12
nvidia/llama-3.3-nemotron-super-49b-v1.5,42,12
nvidia/llama-3.3-nemotron-super-49b-v1.5,42,12
nvidia/llama-3.3-nemotron-super-49b-v1.5,42,12
nvidia/llama-3.3-nemotron-super-49b-v1.5,42,12
nvidia/llama-3.3-nemotron-super-49b-v1.5,42,12
nvidia/llama-3.3-nemotron-super-49b-v1.5,38,256
nvidia/llama-3.3-nemotron-super-49b-v1.5,38,256
nvidia/llama-3.3-nemotron-super-49b-v1.5,38,256
nvidia/llama-3.3-nemotron-super-49b-v1.5,38,256
nvidia/llama-3.3-nemotron-super-49b-v1.5,38,256
nvidia/llama-3.3-nemotron-super-49b-v1.5,38,256
nvidia/llama-3.3-nemotron-super-49b-v1.5,38,256
nvidia/llama-3.3-nemotron-super-49b-v1.5,38,256
nvidia/llama-3.3-nemotron-super-49b-v1.5,38,256
nvidia/llama-3.3-nemotron-super-49b-v1.5,37,256
nvidia/llama-3.3-nemotron-super-49b-v1.5,37,256
nvidia/llama-3.3-nemotron-super-49b-v1.5,37,256
nvidia/llama-3.3-nemotron-super-49b-v1.5,37,256
nvidia/llama-3.3-nemotron-super-49b-v1.5,37,256
nvidia/llama-3.3-nemotron-super-49b-v1.5,27,256
nvidia/llama-3.3-nemotron-super-49b-v1.5,27,256
nvidia/llama-3.3-nemotron-super-49b-v1.5,27,256
nvidia/llama-3.3-nemotron-super-49b-v1.5,27,256
nvidia/llama-3.3-nemotron-super-49b-v1.5,27,256
nvidia/llama-3.3-nemotron-super-49b-v1.5,31,256
nvidia/llama-3.3-nemotron-super-49b-v1.5,31,256
nvidia/llama-3.3-nemotron-super-49b-v1.5,31,256
nvidia/llama-3.3-nemotron-super-49b-v1.5,31,256
nvidia/llama-3.3-nemotron-super-49b-v1.5,31,256
nvidia/llama-3.3-nemotron-super-49b-v1.5,31,256
nvidia/llama-3.3-nemotron-super-49b-v1.5,31,256
nvidia/llama-3.3-nemotron-super-49b-v1.5,37,256
nvidia/llama-3.3-nemotron-super-49b-v1.5,33,256
nvidia/llama-3.3-nemotron-super-49b-v1.5,33,256
nvidia/llama-3.3-nemotron-super-49b-v1.5,33,256
nvidia/llama-3.3-nemotron-super-49b-v1.5,33,256
nvidia/llama-3.3-nemotron-super-49b-v1.5,33,256
nvidia/llama-3.3-nemotron-super-49b-v1.5,40,256
nvidia/llama-3.3-nemotron-super-49b-v1.5,40,256
nvidia/llama-3.3-nemotron-super-49b-v1.5,40,256
nvidia/llama-3.3-nemotron-super-49b-v1.5,40,256
nvidia/llama-3.3-nemotron-super-49b-v1.5,40,256
nvidia/llama-3.3-nemotron-super-49b-v1.5,39,256
nvidia/llama-3.3-nemotron-super-49b-v1.5,39,256
nvidia/llama-3.3-nemotron-super-49b-v1.5,39,256
nvidia/llama-3.3-nemotron-super-49b-v1.5,39,256
nvidia/llama-3.3-nemotron-super-49b-v1.5,39,256
nvidia/llama-3.3-nemotron-super-49b-v1.5,40,12
nvidia/llama-3.3-nemotron-super-49b-v1.5,40,12
nvidia/llama-3.3-nemotron-super-49b-v1.5,40,12
nvidia/llama-3.3-nemotron-super-49b-v1.5,40,12
nvidia/llama-3.3-nemotron-super-49b-v1.5,40,12
nvidia/llama-3.3-nemotron-super-49b-v1.5,41,12
nvidia/llama-3.3-nemotron-super-49b-v1.5,41,12
nvidia/llama-3.3-nemotron-super-49b-v1.5,41,12
nvidia/llama-3.3-nemotron-super-49b-v1.5,41,12
nvidia/llama-3.3-nemotron-super-49b-v1.5,41,12
nvidia/llama-3.3-nemotron-super-49b-v1.5,47,12
nvidia/llama-3.3-nemotron-super-49b-v1.5,47,12
nvidia/llama-3.3-nemotron-super-49b-v1.5,47,12
nvidia/llama-3.3-nemotron-super-49b-v1.5,47,12
nvidia/llama-3.3-nemotron-super-49b-v1.5,47,12
nvidia/llama-3.3-nemotron-super-49b-v1.5,48,12
nvidia/llama-3.3-nemotron-super-49b-v1.5,48,12
nvidia/llama-3.3-nemotron-super-49b-v1.5,48,12
nvidia/llama-3.3-nemotron-super-49b-v1.5,48,12
nvidia/llama-3.3-nemotron-super-49b-v1.5,48,12
nvidia/llama-3.3-nemotron-super-49b-v1.5,43,12
nvidia/llama-3.3-nemotron-super-49b-v1.5,43,8
nvidia/llama-3.3-nemotron-super-49b-v1.5,43,8
nvidia/llama-3.3-nemotron-super-49b-v1.5,44,12
nvidia/llama-3.3-nemotron-super-49b-v1.5,44,12
nvidia/llama-3.3-nemotron-super-49b-v1.5,44,12
nvidia/llama-3.3-nemotron-super-49b-v1.5,44,12
nvidia/llama-3.3-nemotron-super-49b-v1.5,44,12
nvidia/llama-3.3-nemotron-super-49b-v1.5,40,12
nvidia/llama-3.3-nemotron-super-49b-v1.5,40,12
nvidia/llama-3.3-nemotron-super-49b-v1.5,40,12
nvidia/llama-3.3-nemotron-super-49b-v1.5,40,12
nvidia/llama-3.3-nemotron-super-49b-v1.5,40,12
nvidia/llama-3.3-nemotron-super-49b-v1.5,41,12
nvidia/llama-3.3-nemotron-super-49b-v1.5,41,12
nvidia/llama-3.3-nemotron-super-49b-v1.5,41,12
nvidia/llama-3.3-nemotron-super-49b-v1.5,41,12
nvidia/llama-3.3-nemotron-super-49b-v1.5,41,12
nvidia/llama-3.3-nemotron-super-49b-v1.5,40,256
nvidia/llama-3.3-nemotron-super-49b-v1.5,40,256
nvidia/llama-3.3-nemotron-super-49b-v1.5,40,256
nvidia/llama-3.3-nemotron-super-49b-v1.5,40,256
nvidia/llama-3.3-nemotron-super-49b-v1.5,40,256
nvidia/llama-3.3-nemotron-super-49b-v1.5,43,256
nvidia/llama-3.3-nemotron-super-49b-v1.5,43,256
nvidia/llama-3.3-nemotron-super-49b-v1.5,43,256
nvidia/llama-3.3-nemotron-super-49b-v1.5,43,256
nvidia/llama-3.3-nemotron-super-49b-v1.5,43,256
nvidia/llama-3.3-nemotron-super-49b-v1.5,45,256
nvidia/llama-3.3-nemotron-super-49b-v1.5,45,256
nvidia/llama-3.3-nemotron-super-49b-v1.5,45,256
nvidia/llama-3.3-nemotron-super-49b-v1.5,45,256
nvidia/llama-3.3-nemotron-super-49b-v1.5,45,256
nvidia/llama-3.3-nemotron-super-49b-v1.5,32,256
nvidia/llama-3.3-nemotron-super-49b-v1.5,32,256
nvidia/llama-3.3-nemotron-super-49b-v1.5,32,256
nvidia/llama-3.3-nemotron-super-49b-v1.5,32,256
nvidia/llama-3.3-nemotron-super-49b-v1.5,32,256
nvidia/llama-3.3-nemotron-super-49b-v1.5,33,256
nvidia/llama-3.3-nemotron-super-49b-v1.5,33,256
nvidia/llama-3.3-nemotron-super-49b-v1.5,33,256
nvidia/llama-3.3-nemotron-super-49b-v1.5,33,256
nvidia/llama-3.3-nemotron-super-49b-v1.5,33,256
nvidia/llama-3.3-nemotron-super-49b-v1.5,33,256
nvidia/llama-3.3-nemotron-super-49b-v1.5,33,256
nvidia/llama-3.3-nemotron-super-49b-v1.5,33,256
nvidia/llama-3.3-nemotron-super-49b-v1.5,33,256
nvidia/llama-3.3-nemotron-super-49b-v1.5,33,256
nvidia/llama-3.3-nemotron-super-49b-v1.5,40,256
nvidia/llama-3.3-nemotron-super-49b-v1.5,40,256
nvidia/llama-3.3-nemotron-super-49b-v1.5,40,256
nvidia/llama-3.3-nemotron-super-49b-v1.5,40,256
nvidia/llama-3.3-nemotron-super-49b-v1.5,40,256
nvidia/llama-3.3-nemotron-super-49b-v1.5,43,256
nvidia/llama-3.3-nemotron-super-49b-v1.5,43,256
nvidia/llama-3.3-nemotron-super-49b-v1.5,43,256
nvidia/llama-3.3-nemotron-super-49b-v1.5,43,256
nvidia/llama-3.3-nemotron-super-49b-v1.5,43,256
nvidia/llama-3.3-nemotron-super-49b-v1.5,42,256
nvidia/llama-3.3-nemotron-super-49b-v1.5,42,256
nvidia/llama-3.3-nemotron-super-49b-v1.5,42,256
nvidia/llama-3.3-nemotron-super-49b-v1.5,42,256
nvidia/llama-3.3-nemotron-super-49b-v1.5,42,256
nvidia/llama-3.3-nemotron-super-49b-v1.5,40,256
nvidia/llama-3.3-nemotron-super-49b-v1.5,40,256
nvidia/llama-3.3-nemotron-super-49b-v1.5,40,256
nvidia/llama-3.3-nemotron-super-49b-v1.5,40,256
nvidia/llama-3.3-nemotron-super-49b-v1.5,40,256
